customer_id,segment,region,acquisition_channel,first_transaction_date,last_transaction_date,transaction_span_days,total_revenue,total_cost,contribution_margin,contribution_margin_pct,transaction_count,avg_revenue_per_transaction,revenue_per_transaction_span_day
C0000015,Startup,LATAM,email,2024-10-21,2025-03-01,132,5568.06,4176.68,1391.38,0.249886,5,1113.61,42.18
C0000022,Mid-Market,APAC,email,2024-08-04,2025-12-29,513,10963.29,6892.8,4070.49,0.371284,20,548.16,21.37
C0000049,Mid-Market,APAC,email,2025-06-18,2025-10-05,110,6317.24,4435.59,1881.65,0.29786,4,1579.31,57.43
C0000058,SMB,North America,email,2025-02-28,2025-11-01,247,2246.86,1418.5,828.36,0.368675,10,224.69,9.1
C0000100,SMB,North America,email,,,0,0.0,0.0,0.0,0.0,0,0.0,0.0
C0000111,Mid-Market,APAC,email,2024-11-27,2025-12-12,381,3447.78,1861.96,1585.82,0.459954,10,344.78,9.05
C0000122,SMB,LATAM,email,2025-05-17,2025-11-19,187,9669.01,6338.74,3330.27,0.344427,9,1074.33,51.71
C0000126,SMB,EMEA,email,2024-12-16,2025-09-12,271,5250.64,3244.92,2005.72,0.381995,13,403.9,19.38
C0000154,SMB,North America,email,2025-03-28,2025-12-28,276,4780.44,3271.2,1509.24,0.315712,12,398.37,17.32
C0000176,Startup,EMEA,email,2023-03-31,2023-04-23,24,151.02,76.07,74.95,0.496292,2,75.51,6.29
C0000184,Mid-Market,APAC,email,2024-05-21,2025-12-27,586,14791.07,8522.46,6268.61,0.42381,18,821.73,25.24
C0000186,Startup,APAC,email,2025-05-19,2025-12-17,213,786.94,453.12,333.82,0.4242,5,157.39,3.69
C0000202,SMB,LATAM,email,2025-12-29,2025-12-29,1,477.88,258.04,219.84,0.460032,1,477.88,477.88
C0000217,Mid-Market,LATAM,email,2023-12-23,2025-02-06,412,9548.14,6197.51,3350.63,0.35092,16,596.76,23.18
C0000218,Startup,LATAM,email,2023-08-24,2023-08-24,1,21.21,13.45,7.76,0.365865,1,21.21,21.21
C0000221,Mid-Market,North America,email,2024-05-05,2024-05-05,1,63.31,30.25,33.06,0.522192,1,63.31,63.31
C0000227,Startup,North America,email,2023-02-25,2023-08-10,167,612.34,336.59,275.75,0.450322,4,153.08,3.67
C0000240,Startup,North America,email,2023-07-27,2023-11-19,116,941.51,539.52,401.99,0.426963,6,156.92,8.12
C0000261,Mid-Market,LATAM,email,2023-12-01,2024-06-08,191,5724.73,3603.1,2121.63,0.370608,8,715.59,29.97
C0000282,SMB,LATAM,email,2023-12-08,2025-03-22,471,3693.13,2222.93,1470.2,0.398091,17,217.24,7.84
C0000357,Startup,LATAM,email,,,0,0.0,0.0,0.0,0.0,0,0.0,0.0
C0000374,SMB,LATAM,email,2024-05-20,2025-01-30,256,1820.35,1122.96,697.39,0.383108,6,303.39,7.11
C0000377,Mid-Market,EMEA,email,,,0,0.0,0.0,0.0,0.0,0,0.0,0.0
C0000414,Startup,EMEA,email,2025-11-26,2025-11-26,1,127.92,75.26,52.66,0.411664,1,127.92,127.92
C0000420,Startup,North America,email,,,0,0.0,0.0,0.0,0.0,0,0.0,0.0
C0000460,SMB,EMEA,email,2025-05-01,2025-10-13,166,1688.12,893.42,794.7,0.47076,8,211.02,10.17
C0000465,Mid-Market,APAC,email,2025-05-20,2025-10-19,153,8118.6,4658.81,3459.79,0.426156,15,541.24,53.06
C0000476,SMB,LATAM,email,2024-05-29,2025-11-20,541,3202.08,2052.67,1149.41,0.358957,13,246.31,5.92
C0000481,Mid-Market,APAC,email,2024-10-14,2025-03-13,151,2072.24,1279.99,792.25,0.382316,3,690.75,13.72
C0000483,SMB,North America,email,2025-03-11,2025-05-04,55,885.18,607.12,278.06,0.314128,3,295.06,16.09
C0000489,SMB,North America,email,2025-02-28,2025-10-29,244,1956.95,1142.73,814.22,0.416066,7,279.56,8.02
C0000499,Mid-Market,LATAM,email,2024-07-15,2024-11-09,118,2444.64,1550.94,893.7,0.365575,7,349.23,20.72
C0000533,Startup,LATAM,email,2024-08-24,2025-03-17,206,608.24,356.87,251.37,0.413274,8,76.03,2.95
C0000541,Mid-Market,APAC,email,2025-12-26,2025-12-31,6,1490.62,1139.7,350.92,0.235419,3,496.87,248.44
C0000542,Mid-Market,North America,email,2025-02-10,2025-11-23,287,27868.86,16915.24,10953.62,0.393042,19,1466.78,97.1
C0000609,Enterprise,North America,email,2025-08-28,2025-12-24,119,18541.51,14195.07,4346.44,0.234417,9,2060.17,155.81
C0000632,Mid-Market,EMEA,email,2025-09-05,2025-12-24,111,9708.02,7203.01,2505.01,0.258035,11,882.55,87.46
C0000667,SMB,EMEA,email,2025-08-25,2025-11-27,95,569.66,301.28,268.38,0.471123,3,189.89,6.0
C0000668,Mid-Market,APAC,email,,,0,0.0,0.0,0.0,0.0,0,0.0,0.0
C0000672,Mid-Market,APAC,email,2025-03-13,2025-08-28,169,4040.61,2511.67,1528.94,0.378393,9,448.96,23.91
C0000683,Startup,APAC,email,,,0,0.0,0.0,0.0,0.0,0,0.0,0.0
C0000703,Enterprise,EMEA,email,2023-10-24,2025-05-03,558,50234.0,37879.8,12354.2,0.245933,29,1732.21,90.03
C0000722,Mid-Market,EMEA,email,2024-10-11,2025-03-03,144,7514.35,5085.79,2428.56,0.32319,9,834.93,52.18
C0000733,Mid-Market,EMEA,email,2023-10-12,2023-11-11,31,3458.82,1862.93,1595.89,0.461397,2,1729.41,111.57
C0000751,SMB,LATAM,email,2024-03-21,2024-04-29,40,456.28,259.84,196.44,0.430525,2,228.14,11.41
C0000815,SMB,North America,email,2023-10-22,2024-04-16,178,2999.58,2040.98,958.6,0.319578,9,333.29,16.85
C0000840,SMB,North America,email,2025-04-10,2025-08-03,116,1622.55,910.65,711.9,0.438754,6,270.42,13.99
C0000926,SMB,North America,email,2024-03-24,2025-06-08,442,4888.19,2708.21,2179.98,0.445969,7,698.31,11.06
C0000952,SMB,North America,email,2024-03-12,2024-04-17,37,1161.58,574.68,586.9,0.50526,3,387.19,31.39
C0000964,Startup,North America,email,2023-09-11,2023-10-10,30,2315.17,1270.9,1044.27,0.451055,3,771.72,77.17
C0000973,Startup,APAC,email,2023-08-24,2023-10-02,40,301.81,173.33,128.48,0.425698,4,75.45,7.55
C0000983,Startup,EMEA,email,2025-06-29,2025-09-02,66,243.22,186.5,56.72,0.233205,2,121.61,3.69
C0000986,SMB,APAC,email,2025-11-20,2025-11-30,11,241.72,149.87,91.85,0.379985,2,120.86,21.97
C0001008,SMB,EMEA,email,2024-05-31,2025-02-08,254,2679.84,1508.99,1170.85,0.43691,6,446.64,10.55
C0001024,SMB,North America,email,2025-01-29,2025-10-29,274,2773.82,1850.95,922.87,0.332707,12,231.15,10.12
C0001035,Enterprise,North America,email,2024-12-25,2025-11-26,337,18306.24,11590.24,6716.0,0.366869,15,1220.42,54.32
C0001049,SMB,EMEA,email,2025-09-28,2025-12-26,90,992.45,747.94,244.51,0.24637,4,248.11,11.03
C0001060,SMB,North America,email,2025-06-05,2025-06-12,8,455.41,239.28,216.13,0.474583,3,151.8,56.93
C0001068,Mid-Market,APAC,email,2025-05-26,2025-12-13,202,8177.07,5312.12,2864.95,0.350364,13,629.01,40.48
C0001084,SMB,EMEA,email,2025-09-20,2025-11-09,51,896.0,514.56,381.44,0.425714,3,298.67,17.57
C0001098,SMB,North America,email,2025-10-13,2025-11-22,41,966.19,522.26,443.93,0.459464,3,322.06,23.57
C0001101,Startup,EMEA,email,2023-02-01,2024-02-22,387,458.15,314.7,143.45,0.313107,4,114.54,1.18
C0001128,SMB,EMEA,email,2025-05-29,2025-12-06,192,1408.52,817.85,590.67,0.419355,7,201.22,7.34
C0001166,SMB,North America,email,,,0,0.0,0.0,0.0,0.0,0,0.0,0.0
C0001252,SMB,APAC,email,2023-07-28,2025-10-01,797,6370.42,3858.77,2511.65,0.394268,25,254.82,7.99
C0001262,SMB,APAC,email,2024-08-30,2025-05-19,263,2148.28,1177.38,970.9,0.451943,8,268.54,8.17
C0001280,SMB,APAC,email,2025-04-23,2025-12-18,240,2500.6,1616.96,883.64,0.353371,7,357.23,10.42
C0001284,SMB,North America,email,2025-04-13,2025-12-13,245,2609.63,1688.53,921.1,0.352962,10,260.96,10.65
C0001300,Mid-Market,EMEA,email,2024-09-03,2024-09-03,1,355.97,256.74,99.23,0.278759,1,355.97,355.97
C0001314,Mid-Market,LATAM,email,2023-01-26,2024-01-16,356,18498.87,11870.18,6628.69,0.358329,19,973.62,51.96
C0001319,SMB,North America,email,2025-07-26,2025-12-09,137,1422.34,784.71,637.63,0.448296,7,203.19,10.38
C0001342,SMB,LATAM,email,2025-11-15,2025-12-08,24,502.53,369.25,133.28,0.265218,2,251.26,20.94
C0001344,Mid-Market,LATAM,email,2025-04-06,2025-12-07,246,9664.57,6657.69,3006.88,0.311124,10,966.46,39.29
C0001370,Mid-Market,North America,email,2024-08-09,2025-12-15,494,16325.04,11550.75,4774.29,0.292452,23,709.78,33.05
C0001416,Mid-Market,North America,email,2025-08-06,2025-12-27,144,5628.3,3653.81,1974.49,0.350815,8,703.54,39.09
C0001436,Mid-Market,EMEA,email,,,0,0.0,0.0,0.0,0.0,0,0.0,0.0
C0001443,SMB,APAC,email,2023-10-27,2024-07-01,249,2457.21,1507.76,949.45,0.386394,7,351.03,9.87
C0001461,Startup,EMEA,email,2025-07-17,2025-10-17,93,103.68,58.16,45.52,0.439043,2,51.84,1.11
C0001481,Mid-Market,North America,email,2025-01-10,2025-12-09,334,12563.07,9270.8,3292.27,0.262059,19,661.21,37.61
C0001489,Startup,EMEA,email,2025-12-24,2025-12-31,8,136.66,77.15,59.51,0.43546,2,68.33,17.08
C0001493,SMB,North America,email,2025-08-24,2025-08-24,1,220.95,184.14,36.81,0.166599,1,220.95,220.95
C0001520,SMB,North America,email,2023-12-30,2025-01-05,373,5455.55,3499.86,1955.69,0.358477,13,419.66,14.63
C0001527,Startup,North America,email,2024-08-08,2025-12-20,500,1799.17,1045.33,753.84,0.418993,17,105.83,3.6
C0001540,SMB,North America,email,,,0,0.0,0.0,0.0,0.0,0,0.0,0.0
C0001588,SMB,North America,email,2025-02-22,2025-12-02,284,1612.69,984.83,627.86,0.389325,5,322.54,5.68
C0001619,SMB,APAC,email,,,0,0.0,0.0,0.0,0.0,0,0.0,0.0
C0001633,SMB,North America,email,2025-05-03,2025-10-19,170,737.8,480.4,257.4,0.348875,5,147.56,4.34
C0001637,Mid-Market,APAC,email,2024-09-11,2024-12-01,82,3484.83,2070.23,1414.6,0.405931,5,696.97,42.5
C0001644,Startup,APAC,email,2024-01-13,2025-05-18,492,706.83,431.34,275.49,0.389754,9,78.54,1.44
C0001663,SMB,EMEA,email,2025-08-06,2025-08-06,1,224.45,92.29,132.16,0.588817,1,224.45,224.45
C0001690,SMB,LATAM,email,2024-08-30,2025-02-13,168,671.45,392.1,279.35,0.41604,5,134.29,4.0
C0001707,Mid-Market,LATAM,email,2023-06-29,2023-09-28,92,5641.25,3401.06,2240.19,0.397109,9,626.81,61.32
C0001725,SMB,North America,email,2024-12-21,2025-10-21,305,2764.53,1545.06,1219.47,0.441113,10,276.45,9.06
C0001726,SMB,EMEA,email,2023-05-17,2024-02-04,264,3481.39,2167.32,1314.07,0.377456,8,435.17,13.19
C0001734,Enterprise,EMEA,email,2024-03-19,2024-07-02,106,27340.31,22371.35,4968.96,0.181745,9,3037.81,257.93
C0001785,Startup,North America,email,2024-03-28,2024-12-09,257,716.83,394.13,322.7,0.450176,4,179.21,2.79
C0001794,Startup,APAC,email,2025-05-22,2025-05-22,1,42.9,23.72,19.18,0.447086,1,42.9,42.9
C0001821,Enterprise,EMEA,email,2025-11-22,2025-12-19,28,20839.29,15467.42,5371.87,0.257776,5,4167.86,744.26
C0001870,SMB,North America,email,,,0,0.0,0.0,0.0,0.0,0,0.0,0.0
C0001875,Startup,North America,email,2025-10-30,2025-12-11,43,333.47,202.19,131.28,0.393679,3,111.16,7.76
C0001896,Mid-Market,EMEA,email,2023-11-29,2025-12-19,752,23176.35,16392.59,6783.76,0.292702,36,643.79,30.82
C0001916,Mid-Market,North America,email,2024-01-26,2024-09-03,222,8125.37,5511.62,2613.75,0.321678,13,625.03,36.6
C0001946,Mid-Market,North America,email,2025-11-18,2025-12-01,14,1016.57,569.36,447.21,0.439921,2,508.28,72.61
C0001947,Mid-Market,North America,email,2024-01-19,2024-05-11,114,4212.85,2317.28,1895.57,0.44995,5,842.57,36.95
C0001956,Enterprise,North America,email,2025-12-15,2025-12-25,11,6212.34,4314.79,1897.55,0.305449,3,2070.78,564.76
C0001960,Mid-Market,EMEA,email,2025-03-26,2025-07-07,104,3069.26,2119.49,949.77,0.309446,3,1023.09,29.51
C0001963,Enterprise,LATAM,email,2025-02-26,2025-12-19,297,47237.37,33569.15,13668.22,0.289352,24,1968.22,159.05
C0001988,Mid-Market,North America,email,2025-05-22,2025-10-11,143,7504.64,5961.49,1543.15,0.205626,7,1072.09,52.48
C0002004,SMB,North America,email,2025-04-22,2025-10-01,163,2502.16,1717.72,784.44,0.313505,4,625.54,15.35
C0002015,Startup,EMEA,email,2024-10-25,2025-05-13,201,750.61,537.93,212.68,0.283343,4,187.65,3.73
C0002023,SMB,EMEA,email,2023-05-12,2024-02-13,278,1675.71,1017.36,658.35,0.392878,8,209.46,6.03
C0002033,Mid-Market,LATAM,email,2024-06-23,2025-12-22,548,20751.38,14123.86,6627.52,0.319377,31,669.4,37.87
C0002041,Mid-Market,APAC,email,2024-05-24,2025-07-14,417,14621.56,9689.4,4932.16,0.337321,15,974.77,35.06
C0002071,SMB,APAC,email,2025-09-24,2025-10-04,11,994.46,756.86,237.6,0.238924,2,497.23,90.41
C0002075,Startup,APAC,email,2025-01-17,2025-02-08,23,142.58,78.55,64.03,0.449081,2,71.29,6.2
C0002086,SMB,APAC,email,2024-05-12,2024-05-12,1,388.36,309.16,79.2,0.203934,1,388.36,388.36
C0002125,Mid-Market,EMEA,email,2024-10-20,2025-11-30,407,10462.77,6614.6,3848.17,0.367796,20,523.14,25.71
C0002134,SMB,LATAM,email,2025-11-27,2025-11-27,1,106.24,59.4,46.84,0.440889,1,106.24,106.24
C0002174,SMB,North America,email,2023-10-27,2023-11-26,31,1277.81,761.41,516.4,0.404129,5,255.56,41.22
C0002232,Mid-Market,EMEA,email,2025-04-25,2025-12-10,230,7921.39,5906.79,2014.6,0.254324,9,880.15,34.44
C0002273,Startup,North America,email,2025-10-11,2025-10-11,1,80.79,41.47,39.32,0.486694,1,80.79,80.79
C0002287,Mid-Market,LATAM,email,2025-12-16,2025-12-16,1,379.2,239.67,139.53,0.367959,1,379.2,379.2
C0002302,Mid-Market,North America,email,2025-08-20,2025-11-22,95,3935.15,2491.26,1443.89,0.366921,4,983.79,41.42
C0002303,SMB,EMEA,email,2024-11-25,2025-05-24,181,1208.73,682.53,526.2,0.435333,4,302.18,6.68
C0002330,Mid-Market,North America,email,2025-02-12,2025-07-21,160,3156.11,2009.09,1147.02,0.363428,10,315.61,19.73
C0002332,SMB,EMEA,email,2024-08-16,2025-03-27,224,3532.48,2394.72,1137.76,0.322085,9,392.5,15.77
C0002350,Startup,North America,email,2023-02-20,2025-07-11,873,4567.83,2777.16,1790.67,0.392018,28,163.14,5.23
C0002374,SMB,EMEA,email,2024-04-15,2025-10-18,552,4542.31,2568.06,1974.25,0.434636,15,302.82,8.23
C0002400,SMB,North America,email,2025-02-25,2025-02-25,1,21.32,11.72,9.6,0.450281,1,21.32,21.32
C0002452,SMB,LATAM,email,2025-09-04,2025-09-29,26,3454.36,2316.16,1138.2,0.329497,3,1151.45,132.86
C0002487,Enterprise,EMEA,email,2025-07-23,2025-12-16,147,20101.75,15484.72,4617.03,0.229683,6,3350.29,136.75
C0002498,Mid-Market,North America,email,2024-02-04,2024-10-06,246,11878.75,8269.03,3609.72,0.30388,15,791.92,48.29
C0002512,Startup,EMEA,email,2024-09-30,2025-01-05,98,337.72,164.16,173.56,0.513917,3,112.57,3.45
C0002517,Startup,EMEA,email,2023-11-09,2024-06-02,207,535.81,323.7,212.11,0.395868,6,89.3,2.59
C0002558,Mid-Market,North America,email,2024-04-21,2024-07-17,88,3800.51,2175.19,1625.32,0.427658,6,633.42,43.19
C0002572,Startup,EMEA,email,2025-02-26,2025-04-10,44,399.8,224.6,175.2,0.438219,3,133.27,9.09
C0002586,Startup,EMEA,email,2024-11-18,2025-12-21,399,316.89,172.28,144.61,0.456341,6,52.82,0.79
C0002604,Mid-Market,EMEA,email,2025-07-04,2025-12-29,179,22192.08,13103.58,9088.5,0.409538,11,2017.46,123.98
C0002628,Enterprise,North America,email,2024-07-13,2025-11-25,501,116234.94,85006.02,31228.92,0.268671,50,2324.7,232.01
C0002640,SMB,North America,email,2024-03-17,2025-12-24,648,3621.96,2515.33,1106.63,0.305533,13,278.61,5.59
C0002660,Mid-Market,LATAM,email,2024-02-07,2025-06-07,487,16115.67,10837.35,5278.32,0.327527,25,644.63,33.09
C0002684,Mid-Market,North America,email,2025-03-14,2025-12-01,263,9732.29,6910.7,2821.59,0.28992,13,748.64,37.0
C0002720,Startup,LATAM,email,2025-03-04,2025-08-22,172,1974.61,1271.28,703.33,0.356187,9,219.4,11.48
C0002733,Mid-Market,EMEA,email,2025-04-03,2025-10-19,200,15198.81,9677.72,5521.09,0.363258,20,759.94,75.99
C0002743,Startup,EMEA,email,2023-12-09,2024-09-11,278,1806.99,1113.84,693.15,0.383594,6,301.17,6.5
C0002757,Mid-Market,North America,email,2025-10-09,2025-10-28,20,2239.07,1640.38,598.69,0.267383,3,746.36,111.95
C0002811,Mid-Market,EMEA,email,2023-05-10,2023-05-28,19,6995.76,5249.96,1745.8,0.249551,6,1165.96,368.2
C0002814,SMB,EMEA,email,2023-03-30,2025-12-28,1005,6220.93,4452.82,1768.11,0.28422,20,311.05,6.19
C0002861,SMB,North America,email,2024-12-06,2024-12-23,18,779.2,418.33,360.87,0.463129,4,194.8,43.29
C0002862,Mid-Market,LATAM,email,2025-02-02,2025-05-19,107,12341.3,8532.7,3808.6,0.308606,8,1542.66,115.34
C0002887,SMB,North America,email,2023-02-25,2023-09-25,213,2919.06,1708.01,1211.05,0.414877,13,224.54,13.7
C0002900,Startup,LATAM,email,2024-10-29,2025-09-05,312,1209.97,642.96,567.01,0.468615,12,100.83,3.88
C0002915,SMB,LATAM,email,2024-12-18,2025-04-10,114,1854.72,1137.62,717.1,0.386635,7,264.96,16.27
C0002919,Startup,EMEA,email,2023-03-16,2025-09-04,904,5679.47,3728.64,1950.83,0.343488,33,172.11,6.28
C0002938,Enterprise,EMEA,email,2023-06-11,2024-09-13,461,63947.11,47512.31,16434.8,0.257006,31,2062.81,138.71
C0002954,Startup,APAC,email,2025-11-30,2025-12-01,2,310.89,156.49,154.4,0.496639,2,155.44,155.44
C0003004,Mid-Market,North America,email,2025-06-28,2025-12-15,171,3430.33,2268.4,1161.93,0.338723,9,381.15,20.06
C0003011,SMB,LATAM,email,2024-04-25,2025-01-07,258,2901.83,1912.48,989.35,0.34094,9,322.43,11.25
C0003017,SMB,North America,email,,,0,0.0,0.0,0.0,0.0,0,0.0,0.0
C0003068,Startup,APAC,email,2023-12-30,2023-12-30,1,79.08,45.31,33.77,0.427036,1,79.08,79.08
C0003076,Startup,APAC,email,,,0,0.0,0.0,0.0,0.0,0,0.0,0.0
C0003078,Startup,APAC,email,2025-10-19,2025-11-24,37,274.77,149.22,125.55,0.456928,2,137.38,7.43
C0003125,Enterprise,APAC,email,2023-12-28,2025-01-15,385,30571.73,21769.13,8802.6,0.287933,17,1798.34,79.41
C0003160,SMB,APAC,email,2024-07-27,2024-12-29,156,1242.34,679.18,563.16,0.453306,7,177.48,7.96
C0003168,Mid-Market,North America,email,2023-12-21,2024-02-02,44,6130.74,4281.0,1849.74,0.301716,5,1226.15,139.34
C0003175,Startup,EMEA,email,2025-05-29,2025-12-01,187,196.05,111.14,84.91,0.433104,4,49.01,1.05
C0003219,Mid-Market,North America,email,2024-04-12,2025-12-21,619,15947.88,10081.85,5866.03,0.367825,28,569.57,25.76
C0003239,SMB,EMEA,email,2024-08-07,2025-11-11,462,5509.63,3303.28,2206.35,0.400453,14,393.54,11.93
C0003282,SMB,EMEA,email,2023-03-11,2023-08-20,163,1810.59,1318.02,492.57,0.272049,7,258.66,11.11
C0003283,Enterprise,APAC,email,2024-04-11,2024-07-30,111,27062.73,20663.09,6399.64,0.236474,10,2706.27,243.81
C0003297,SMB,EMEA,email,2025-08-10,2025-11-23,106,1031.88,548.16,483.72,0.468775,3,343.96,9.73
C0003360,Startup,LATAM,email,2025-06-12,2025-11-05,147,1142.48,608.67,533.81,0.467238,5,228.5,7.77
C0003365,Mid-Market,LATAM,email,2024-06-04,2025-12-30,575,12572.45,7761.69,4810.76,0.382643,16,785.78,21.87
C0003416,SMB,EMEA,email,2024-03-08,2025-10-30,602,6165.9,4331.63,1834.27,0.297486,21,293.61,10.24
C0003429,Enterprise,LATAM,email,2025-11-18,2025-12-31,44,3532.28,2235.11,1297.17,0.367233,3,1177.43,80.28
C0003434,SMB,EMEA,email,2024-07-15,2025-02-27,228,1535.76,834.81,700.95,0.456419,7,219.39,6.74
C0003479,Enterprise,LATAM,email,2025-11-18,2025-11-28,11,5294.34,4315.89,978.45,0.184811,3,1764.78,481.3
C0003536,SMB,North America,email,2025-10-11,2025-12-31,82,533.78,317.93,215.85,0.40438,3,177.93,6.51
C0003569,Mid-Market,LATAM,email,2025-09-24,2025-12-28,96,3471.21,2271.85,1199.36,0.345516,8,433.9,36.16
C0003578,Mid-Market,North America,email,2024-06-10,2025-07-16,402,7765.08,4926.15,2838.93,0.365602,14,554.65,19.32
C0003597,Mid-Market,EMEA,email,2025-10-27,2025-10-27,1,3176.75,2225.41,951.34,0.29947,1,3176.75,3176.75
C0003620,SMB,North America,email,2025-12-15,2025-12-15,1,233.63,179.47,54.16,0.23182,1,233.63,233.63
C0003633,Mid-Market,EMEA,email,2025-03-17,2025-11-02,231,20917.46,13058.59,7858.87,0.375709,10,2091.75,90.55
C0003661,SMB,EMEA,email,2024-01-20,2025-11-19,670,6560.34,4413.25,2147.09,0.327283,21,312.4,9.79
C0003681,SMB,North America,email,2025-07-15,2025-07-15,1,52.41,26.48,25.93,0.494753,1,52.41,52.41
C0003724,Enterprise,LATAM,email,2024-10-13,2025-01-09,89,14093.53,10256.6,3836.93,0.272248,9,1565.95,158.35
C0003736,SMB,EMEA,email,2025-12-26,2025-12-26,1,114.57,94.93,19.64,0.171424,1,114.57,114.57
C0003817,SMB,LATAM,email,2024-10-14,2024-10-14,1,46.48,22.4,24.08,0.518072,1,46.48,46.48
C0003840,Enterprise,APAC,email,2024-06-03,2024-09-30,120,31647.4,22542.94,9104.46,0.287684,10,3164.74,263.73
C0003852,Mid-Market,North America,email,2024-04-19,2025-02-13,301,10295.99,5924.4,4371.59,0.424592,19,541.89,34.21
C0003904,Enterprise,LATAM,email,2025-04-19,2025-09-30,165,44947.78,34190.65,10757.13,0.239325,15,2996.52,272.41
C0003935,SMB,APAC,email,2024-12-26,2025-05-26,152,944.15,513.59,430.56,0.456029,6,157.36,6.21
C0003959,Startup,EMEA,email,2023-07-20,2023-08-05,17,493.94,323.89,170.05,0.344273,3,164.65,29.06
C0004013,Mid-Market,North America,email,2025-11-23,2025-11-28,6,2399.85,1648.86,750.99,0.312932,3,799.95,399.98
C0004040,Enterprise,North America,email,2025-08-26,2025-09-23,29,14537.15,9813.28,4723.87,0.324952,7,2076.74,501.28
C0004041,SMB,EMEA,email,,,0,0.0,0.0,0.0,0.0,0,0.0,0.0
C0004045,Mid-Market,APAC,email,2024-12-03,2025-07-13,223,18841.94,12554.86,6287.08,0.333675,11,1712.9,84.49
C0004049,Mid-Market,APAC,email,2024-09-05,2025-12-28,480,15415.98,10847.85,4568.13,0.296324,25,616.64,32.12
C0004064,Startup,North America,email,2025-04-28,2025-12-24,241,1273.5,743.94,529.56,0.41583,8,159.19,5.28
C0004080,Mid-Market,North America,email,2024-10-30,2025-12-26,423,9387.42,6630.82,2756.6,0.293648,17,552.2,22.19
C0004147,Mid-Market,LATAM,email,2023-09-11,2024-07-10,304,13232.46,8906.97,4325.49,0.326885,17,778.38,43.53
C0004171,Enterprise,EMEA,email,,,0,0.0,0.0,0.0,0.0,0,0.0,0.0
C0004180,SMB,North America,email,2025-11-17,2025-11-22,6,343.64,154.82,188.82,0.54947,2,171.82,57.27
C0004192,SMB,EMEA,email,2025-08-06,2025-11-09,96,376.97,214.66,162.31,0.430565,2,188.48,3.93
C0004243,Startup,North America,email,2024-12-26,2025-02-25,62,679.68,443.21,236.47,0.347914,3,226.56,10.96
C0004247,Startup,EMEA,email,2025-11-08,2025-11-18,11,189.93,97.69,92.24,0.485653,2,94.96,17.27
C0004278,Mid-Market,LATAM,email,2025-09-26,2025-09-26,1,413.71,241.8,171.91,0.415533,1,413.71,413.71
C0004283,SMB,EMEA,email,2025-03-26,2025-09-05,164,4511.99,2912.7,1599.29,0.354453,11,410.18,27.51
C0004285,SMB,APAC,email,2025-12-23,2025-12-25,3,434.72,298.63,136.09,0.313052,2,217.36,144.91
C0004288,Startup,North America,email,2024-01-28,2024-11-13,291,1490.64,1098.3,392.34,0.263202,8,186.33,5.12
C0004290,Mid-Market,APAC,email,2025-03-19,2025-12-23,280,16572.79,10954.74,5618.05,0.338992,16,1035.8,59.19
C0004303,Startup,North America,email,,,0,0.0,0.0,0.0,0.0,0,0.0,0.0
C0004324,Startup,APAC,email,2023-04-24,2025-12-09,961,1941.22,1123.49,817.73,0.421245,22,88.24,2.02
C0004364,Mid-Market,LATAM,email,2025-12-24,2025-12-24,1,641.67,475.82,165.85,0.258466,1,641.67,641.67
C0004390,Mid-Market,EMEA,email,2025-06-02,2025-06-02,1,1192.55,819.46,373.09,0.312851,2,596.28,1192.55
C0004423,SMB,LATAM,email,2025-04-01,2025-06-25,86,1009.91,715.32,294.59,0.291699,4,252.48,11.74
C0004427,Mid-Market,APAC,email,2023-12-26,2024-04-19,116,5192.67,3019.77,2172.9,0.418455,7,741.81,44.76
C0004430,Mid-Market,LATAM,email,2023-04-26,2023-09-07,135,2345.92,1344.47,1001.45,0.42689,6,390.99,17.38
C0004431,SMB,North America,email,2024-07-26,2025-08-29,400,2991.04,1621.46,1369.58,0.457894,8,373.88,7.48
C0004490,Mid-Market,APAC,email,2025-01-26,2025-12-21,330,12326.22,8121.95,4204.27,0.341083,13,948.17,37.35
C0004542,Mid-Market,EMEA,email,2023-04-13,2023-12-28,260,10261.5,6605.63,3655.87,0.356271,10,1026.15,39.47
C0004547,SMB,North America,email,2025-12-22,2025-12-22,1,182.12,83.97,98.15,0.53893,1,182.12,182.12
C0004554,Mid-Market,APAC,email,2025-05-11,2025-06-29,50,6191.39,3095.34,3096.05,0.500057,3,2063.8,123.83
C0004558,Enterprise,North America,email,2025-07-02,2025-11-29,151,10644.44,7043.97,3600.47,0.338249,12,887.04,70.49
C0004573,Startup,EMEA,email,2023-12-11,2024-10-06,301,891.9,537.96,353.94,0.396838,8,111.49,2.96
C0004578,Mid-Market,North America,email,2023-06-02,2024-02-18,262,13584.42,8542.91,5041.51,0.371124,13,1044.96,51.85
C0004586,SMB,North America,email,2025-07-17,2025-09-27,73,1841.05,1246.71,594.34,0.322827,4,460.26,25.22
C0004608,Enterprise,North America,email,2024-02-19,2025-12-08,659,64164.29,46414.08,17750.21,0.276637,39,1645.24,97.37
C0004618,SMB,EMEA,email,2025-03-02,2025-12-21,295,1316.26,867.15,449.11,0.341202,7,188.04,4.46
C0004624,Startup,EMEA,email,,,0,0.0,0.0,0.0,0.0,0,0.0,0.0
C0004657,Startup,North America,email,2025-11-13,2025-11-26,14,189.73,106.69,83.04,0.437675,3,63.24,13.55
C0004676,SMB,EMEA,email,2023-10-01,2023-11-16,47,1283.58,845.24,438.34,0.341498,4,320.9,27.31
C0004713,Startup,APAC,email,2025-09-30,2025-11-01,33,678.2,354.41,323.79,0.477426,2,339.1,20.55
C0004726,SMB,EMEA,email,,,0,0.0,0.0,0.0,0.0,0,0.0,0.0
C0004771,SMB,North America,email,2025-04-30,2025-12-17,232,3857.16,2692.3,1164.86,0.301999,14,275.51,16.63
C0004782,Startup,LATAM,email,2025-12-30,2025-12-30,1,143.0,72.37,70.63,0.493916,1,143.0,143.0
C0004810,SMB,APAC,email,2025-04-25,2025-07-21,88,279.68,163.85,115.83,0.414152,3,93.23,3.18
C0004816,SMB,North America,email,2023-04-17,2023-04-17,1,107.4,73.33,34.07,0.317225,1,107.4,107.4
C0004821,SMB,EMEA,email,2025-08-01,2025-12-14,136,1242.06,930.55,311.51,0.250801,4,310.52,9.13
C0004887,SMB,North America,email,2023-09-03,2024-05-01,242,1813.04,1164.22,648.82,0.357863,10,181.3,7.49
C0004915,Mid-Market,APAC,email,2024-05-30,2024-11-27,182,10987.31,6816.05,4171.26,0.379643,10,1098.73,60.37
C0004920,Startup,APAC,email,2024-09-27,2025-04-21,207,894.32,560.34,333.98,0.373446,6,149.05,4.32
C0004924,Mid-Market,North America,email,2025-12-03,2025-12-20,18,9027.46,6846.07,2181.39,0.241639,4,2256.86,501.53
C0004955,SMB,APAC,email,2024-02-18,2024-03-23,35,1837.08,1014.86,822.22,0.447569,3,612.36,52.49
C0004966,SMB,North America,email,2023-04-09,2023-04-09,1,76.95,44.54,32.41,0.421183,1,76.95,76.95
C0004979,Startup,EMEA,email,2025-08-21,2025-12-19,121,195.43,126.65,68.78,0.351942,2,97.72,1.62
C0004985,Mid-Market,North America,email,2024-05-12,2024-07-03,53,2507.71,1486.56,1021.15,0.407204,5,501.54,47.32
C0004988,Startup,North America,email,,,0,0.0,0.0,0.0,0.0,0,0.0,0.0
C0005008,SMB,LATAM,email,2025-04-25,2025-12-19,239,1504.09,1053.65,450.44,0.299477,6,250.68,6.29
C0005009,Mid-Market,North America,email,2025-05-28,2025-10-29,155,12528.86,7910.63,4618.23,0.368607,14,894.92,80.83
C0005014,Mid-Market,North America,email,2025-06-24,2025-12-27,187,3578.76,2331.37,1247.39,0.348554,7,511.25,19.14
C0005047,SMB,North America,email,2024-02-15,2024-03-27,42,859.96,529.04,330.92,0.384809,6,143.33,20.48
C0005053,Mid-Market,EMEA,email,2025-02-12,2025-12-29,321,12854.15,8045.45,4808.7,0.374097,19,676.53,40.04
C0005067,SMB,LATAM,email,2025-04-13,2025-08-01,111,3237.12,2095.47,1141.65,0.352675,10,323.71,29.16
C0005104,Mid-Market,LATAM,email,2025-03-30,2025-10-09,194,8507.09,5084.46,3422.63,0.402327,12,708.92,43.85
C0005111,SMB,North America,email,2024-02-11,2025-06-17,493,11057.97,6639.62,4418.35,0.399562,10,1105.8,22.43
C0005132,Mid-Market,North America,email,2023-11-27,2024-06-04,191,3694.23,2040.3,1653.93,0.447706,8,461.78,19.34
C0005138,Startup,EMEA,email,2023-03-21,2023-07-10,112,301.73,181.35,120.38,0.398966,3,100.58,2.69
C0005208,Mid-Market,North America,email,2025-11-16,2025-12-13,28,1491.09,830.85,660.24,0.44279,4,372.77,53.25
C0005224,Mid-Market,APAC,email,2023-11-10,2024-06-28,232,9494.89,6445.61,3049.28,0.32115,12,791.24,40.93
C0005226,SMB,North America,email,2024-11-23,2025-12-14,387,2092.68,1307.33,785.35,0.375284,11,190.24,5.41
C0005256,Mid-Market,North America,email,2025-10-31,2025-10-31,1,874.78,721.37,153.41,0.17537,1,874.78,874.78
C0005274,Mid-Market,APAC,email,2025-09-29,2025-12-26,89,2726.5,1937.18,789.32,0.289499,6,454.42,30.63
C0005301,SMB,North America,email,2025-03-30,2025-10-27,212,2291.06,1294.98,996.08,0.434768,10,229.11,10.81
C0005308,SMB,North America,email,2024-04-28,2024-12-07,224,3461.36,2144.62,1316.74,0.380411,14,247.24,15.45
C0005315,Mid-Market,EMEA,email,2024-07-01,2025-11-28,516,17174.28,12065.23,5109.05,0.297483,20,858.71,33.28
C0005329,Startup,LATAM,email,2025-01-16,2025-11-20,309,2176.77,1243.86,932.91,0.428575,8,272.1,7.04
C0005349,Startup,APAC,email,2025-05-10,2025-05-10,1,306.51,200.18,106.33,0.346905,1,306.51,306.51
C0005358,SMB,EMEA,email,2024-12-19,2025-09-26,282,6029.31,3537.52,2491.79,0.413279,11,548.12,21.38
C0005363,Mid-Market,EMEA,email,2023-09-26,2025-12-31,828,20184.38,12303.29,7881.09,0.390455,38,531.17,24.38
C0005497,SMB,LATAM,email,,,0,0.0,0.0,0.0,0.0,0,0.0,0.0
C0005511,Mid-Market,LATAM,email,2023-07-10,2025-11-01,846,13308.2,9033.59,4274.61,0.321201,23,578.62,15.73
C0005512,Mid-Market,APAC,email,2025-01-25,2025-09-20,239,18253.5,12544.58,5708.92,0.312758,13,1404.12,76.37
C0005525,Enterprise,North America,email,2024-11-04,2025-12-10,402,46889.31,33343.46,13545.85,0.28889,19,2467.86,116.64
C0005538,Startup,LATAM,email,2025-08-25,2025-10-08,45,259.81,150.17,109.64,0.422001,2,129.9,5.77
C0005539,Mid-Market,LATAM,email,2024-08-17,2025-06-08,296,14081.03,9372.01,4709.02,0.334423,16,880.06,47.57
C0005542,SMB,North America,email,2025-02-26,2025-10-06,223,1247.18,844.59,402.59,0.3228,5,249.44,5.59
C0005563,SMB,APAC,email,,,0,0.0,0.0,0.0,0.0,0,0.0,0.0
C0005570,Startup,EMEA,email,2025-10-10,2025-11-17,39,58.64,27.59,31.05,0.529502,2,29.32,1.5
C0005571,Enterprise,EMEA,email,2024-05-07,2024-10-07,154,28737.65,21943.05,6794.6,0.236435,11,2612.51,186.61
C0005592,Mid-Market,EMEA,email,2025-09-10,2025-11-14,66,1136.64,683.92,452.72,0.398297,3,378.88,17.22
C0005610,Mid-Market,North America,email,2025-06-15,2025-12-30,199,4494.69,2582.23,1912.46,0.425493,8,561.84,22.59
C0005623,SMB,EMEA,email,2025-04-26,2025-12-27,246,10776.27,8030.01,2746.26,0.254843,9,1197.36,43.81
C0005625,SMB,APAC,email,2023-02-03,2024-04-03,426,2678.28,1682.14,996.14,0.371933,13,206.02,6.29
C0005657,Mid-Market,APAC,email,2025-11-20,2025-12-31,42,2467.31,1638.14,829.17,0.336062,7,352.47,58.75
C0005675,SMB,North America,email,2025-01-15,2025-12-03,323,1821.05,1113.03,708.02,0.388798,11,165.55,5.64
C0005701,SMB,EMEA,email,2025-10-19,2025-10-19,1,128.96,71.96,57.0,0.441998,1,128.96,128.96
C0005749,SMB,APAC,email,,,0,0.0,0.0,0.0,0.0,0,0.0,0.0
C0005891,SMB,North America,email,2025-12-25,2025-12-25,1,163.87,93.79,70.08,0.427656,1,163.87,163.87
C0005964,Mid-Market,APAC,email,2024-06-20,2025-06-26,372,4836.53,2958.27,1878.26,0.388349,13,372.04,13.0
C0005970,SMB,LATAM,email,2025-08-28,2025-12-28,123,181.99,92.4,89.59,0.49228,2,91.0,1.48
C0006008,Mid-Market,North America,email,2025-10-05,2025-10-26,22,5165.3,3679.6,1485.7,0.287631,4,1291.32,234.79
C0006050,SMB,EMEA,email,2024-12-28,2025-11-15,323,2125.86,1191.1,934.76,0.439709,14,151.85,6.58
C0006062,Mid-Market,APAC,email,2024-10-07,2025-03-21,166,4222.33,2677.27,1545.06,0.365926,6,703.72,25.44
C0006096,Enterprise,North America,email,2024-11-03,2025-06-11,221,59713.31,42147.46,17565.85,0.29417,10,5971.33,270.2
C0006113,Mid-Market,EMEA,email,2024-03-23,2024-06-30,100,588.57,329.1,259.47,0.440848,2,294.28,5.89
C0006147,SMB,EMEA,email,2025-07-30,2025-12-27,151,1210.98,621.91,589.07,0.486441,4,302.74,8.02
C0006148,SMB,North America,email,2024-08-25,2024-09-12,19,1550.4,863.02,687.38,0.443357,4,387.6,81.6
C0006152,Startup,LATAM,email,2025-11-15,2025-11-15,1,7.91,4.72,3.19,0.403287,1,7.91,7.91
C0006185,Startup,EMEA,email,2024-03-18,2025-03-02,350,955.34,552.3,403.04,0.421881,5,191.07,2.73
C0006244,Startup,EMEA,email,2025-08-08,2025-10-13,67,299.86,169.58,130.28,0.434469,3,99.95,4.48
C0006246,Mid-Market,LATAM,email,2023-06-20,2023-08-22,64,6410.31,4130.72,2279.59,0.355613,12,534.19,100.16
C0006280,SMB,EMEA,email,2023-04-27,2024-03-13,322,7555.57,4422.92,3132.65,0.414615,15,503.7,23.46
C0006300,Mid-Market,North America,email,2025-12-12,2025-12-15,4,903.69,504.98,398.71,0.441202,2,451.84,225.92
C0006342,Startup,North America,email,2025-11-22,2025-12-29,38,377.43,211.67,165.76,0.439181,2,188.72,9.93
C0006346,SMB,North America,email,2025-04-13,2025-10-23,194,1445.56,966.13,479.43,0.331657,6,240.93,7.45
C0006377,Startup,EMEA,email,2024-05-12,2024-06-01,21,89.34,43.45,45.89,0.513656,2,44.67,4.25
C0006399,Mid-Market,North America,email,2025-02-20,2025-08-18,180,34412.78,23890.4,10522.38,0.30577,5,6882.56,191.18
C0006439,Mid-Market,EMEA,email,2025-09-22,2025-10-07,16,7013.63,3965.43,3048.2,0.434611,6,1168.94,438.35
C0006502,SMB,North America,email,2024-06-26,2025-01-09,198,4024.76,2252.07,1772.69,0.440446,9,447.2,20.33
C0006504,Enterprise,LATAM,email,,,0,0.0,0.0,0.0,0.0,0,0.0,0.0
C0006513,Mid-Market,North America,email,2023-12-13,2024-01-10,29,1412.21,1034.0,378.21,0.267814,2,706.1,48.7
C0006531,SMB,North America,email,2024-04-27,2024-07-18,83,826.51,448.53,377.98,0.457321,5,165.3,9.96
C0006560,SMB,LATAM,email,2024-03-01,2024-09-20,204,1502.6,949.47,553.13,0.368115,9,166.96,7.37
C0006572,Startup,LATAM,email,2025-02-26,2025-02-26,1,43.21,26.13,17.08,0.395279,1,43.21,43.21
C0006577,SMB,North America,email,2024-12-15,2025-01-01,18,1507.85,1022.55,485.3,0.321849,3,502.62,83.77
C0006617,SMB,North America,email,2024-09-13,2024-09-25,13,517.4,287.62,229.78,0.444105,5,103.48,39.8
C0006661,SMB,APAC,email,2024-07-31,2025-08-01,367,5760.64,3484.7,2275.94,0.395085,19,303.19,15.7
C0006668,SMB,LATAM,email,2024-12-27,2025-02-16,52,435.64,251.25,184.39,0.423262,2,217.82,8.38
C0006690,Mid-Market,LATAM,email,2024-12-01,2025-12-10,375,21345.74,12720.47,8625.27,0.404075,23,928.08,56.92
C0006697,Enterprise,North America,email,2024-07-17,2025-10-22,463,79347.11,58295.12,21051.99,0.265315,27,2938.78,171.38
C0006708,SMB,EMEA,email,2025-01-21,2025-12-05,319,2111.9,1158.86,953.04,0.451271,9,234.66,6.62
C0006711,Mid-Market,North America,email,2023-11-05,2025-07-05,609,25712.65,16405.34,9307.31,0.361974,35,734.65,42.22
C0006730,SMB,APAC,email,2025-02-28,2025-11-02,248,2373.66,1315.81,1057.85,0.445662,9,263.74,9.57
C0006738,Startup,LATAM,email,2025-05-16,2025-12-08,207,1000.55,508.99,491.56,0.49129,3,333.52,4.83
C0006762,Enterprise,APAC,email,2025-04-06,2025-04-23,18,2808.73,2006.19,802.54,0.285731,3,936.24,156.04
C0006771,Enterprise,EMEA,email,2024-06-29,2024-11-27,152,27731.78,21064.47,6667.31,0.240421,14,1980.84,182.45
C0006778,Enterprise,LATAM,email,2025-02-06,2025-06-17,132,7047.22,4920.9,2126.32,0.301725,7,1006.75,53.39
C0006787,SMB,EMEA,email,2024-12-01,2025-04-30,151,4295.62,3013.15,1282.47,0.298553,10,429.56,28.45
C0006804,SMB,EMEA,email,2024-08-12,2025-10-13,428,1679.64,903.68,775.96,0.46198,10,167.96,3.92
C0006814,SMB,North America,email,2023-08-31,2023-09-28,29,892.87,488.12,404.75,0.453313,2,446.44,30.79
C0006849,Enterprise,North America,email,2024-01-05,2025-05-27,509,25400.08,16764.09,8635.99,0.339999,18,1411.12,49.9
C0006855,Enterprise,LATAM,email,2023-10-05,2025-10-01,728,43742.67,32734.32,11008.35,0.251662,28,1562.24,60.09
C0006860,SMB,EMEA,email,,,0,0.0,0.0,0.0,0.0,0,0.0,0.0
C0006864,Mid-Market,APAC,email,2024-06-02,2024-08-27,87,14845.67,11094.57,3751.1,0.252673,7,2120.81,170.64
C0006872,Mid-Market,EMEA,email,2025-02-20,2025-04-14,54,3783.75,2793.53,990.22,0.261703,4,945.94,70.07
C0006875,Enterprise,North America,email,2024-02-16,2025-09-10,573,111627.34,80661.68,30965.66,0.277402,61,1829.96,194.81
C0006878,SMB,North America,email,2024-07-05,2025-12-20,534,3281.7,1944.16,1337.54,0.407575,16,205.11,6.15
C0006889,SMB,EMEA,email,2025-04-10,2025-06-22,74,190.61,114.99,75.62,0.396726,2,95.3,2.58
C0006915,SMB,EMEA,email,2025-07-16,2025-07-16,1,57.19,32.15,25.04,0.437839,1,57.19,57.19
C0006934,Mid-Market,North America,email,2025-05-26,2025-10-30,158,3443.75,2250.02,1193.73,0.346637,6,573.96,21.8
C0006964,SMB,LATAM,email,2024-09-22,2024-12-10,80,151.71,85.44,66.27,0.43682,2,75.85,1.9
C0006980,Mid-Market,LATAM,email,2025-05-30,2025-11-24,179,1741.36,1106.19,635.17,0.364755,5,348.27,9.73
C0006992,Mid-Market,North America,email,2024-03-17,2024-06-22,98,645.64,333.47,312.17,0.483505,5,129.13,6.59
C0006997,SMB,LATAM,email,2025-06-25,2025-09-24,92,614.53,396.76,217.77,0.354368,3,204.84,6.68
C0007006,SMB,EMEA,email,2024-11-13,2025-12-19,402,4186.52,2686.85,1499.67,0.358214,11,380.59,10.41
C0007020,Mid-Market,EMEA,email,2025-02-09,2025-04-11,62,1961.88,1353.56,608.32,0.31007,6,326.98,31.64
C0007025,Mid-Market,North America,email,2023-08-07,2024-01-04,151,6984.04,4914.79,2069.25,0.296283,7,997.72,46.25
C0007026,SMB,North America,email,,,0,0.0,0.0,0.0,0.0,0,0.0,0.0
C0007028,Mid-Market,EMEA,email,2024-03-22,2025-05-10,415,7917.87,4586.78,3331.09,0.420705,17,465.76,19.08
C0007041,Startup,North America,email,2025-10-29,2025-10-29,1,441.7,259.72,181.98,0.411999,1,441.7,441.7
C0007053,SMB,North America,email,2024-10-07,2025-08-21,319,3795.37,2366.8,1428.57,0.376398,12,316.28,11.9
C0007056,Enterprise,LATAM,email,2024-10-04,2025-12-26,449,71323.66,56780.85,14542.81,0.203899,22,3241.98,158.85
C0007092,Startup,LATAM,email,,,0,0.0,0.0,0.0,0.0,0,0.0,0.0
C0007100,Mid-Market,North America,email,2023-05-05,2023-05-24,20,973.93,552.02,421.91,0.433204,3,324.64,48.7
C0007118,SMB,North America,email,2025-06-24,2025-12-31,191,2782.27,1654.08,1128.19,0.405493,8,347.78,14.57
C0007122,Mid-Market,North America,email,2023-01-25,2023-03-16,51,17501.99,11958.95,5543.04,0.316709,9,1944.67,343.18
C0007144,SMB,EMEA,email,2023-06-28,2025-05-11,684,4220.83,2699.05,1521.78,0.36054,20,211.04,6.17
C0007160,Mid-Market,EMEA,email,2023-12-03,2025-12-26,755,91904.07,68101.53,23802.54,0.258993,35,2625.83,121.73
C0007193,Startup,EMEA,email,2025-03-20,2025-08-06,140,693.64,412.43,281.21,0.405412,7,99.09,4.95
C0007207,SMB,EMEA,email,2025-01-30,2025-05-02,93,613.15,329.94,283.21,0.461894,3,204.38,6.59
C0007227,SMB,LATAM,email,2023-02-25,2023-04-10,45,893.49,515.65,377.84,0.422881,2,446.74,19.86
C0007235,SMB,North America,email,2025-06-13,2025-10-29,139,1006.49,524.09,482.4,0.479289,5,201.3,7.24
C0007240,Enterprise,North America,email,2025-10-02,2025-10-26,25,5836.17,4334.07,1502.1,0.257378,3,1945.39,233.45
C0007263,Mid-Market,EMEA,email,2025-02-07,2025-12-08,305,13120.07,8295.38,4824.69,0.367734,19,690.53,43.02
C0007265,SMB,North America,email,2025-02-24,2025-03-16,21,410.19,204.17,206.02,0.502255,3,136.73,19.53
C0007271,Enterprise,EMEA,email,2025-10-16,2025-12-31,77,16502.11,12254.49,4247.62,0.257399,9,1833.57,214.31
C0007272,SMB,LATAM,email,2025-12-04,2025-12-05,2,317.32,188.35,128.97,0.406435,2,158.66,158.66
C0007281,SMB,APAC,email,2025-07-19,2025-09-03,47,174.98,110.68,64.3,0.367471,2,87.49,3.72
C0007298,Startup,APAC,email,2023-05-31,2023-10-14,137,587.03,314.83,272.2,0.46369,8,73.38,4.28
C0007309,Mid-Market,APAC,email,2023-08-28,2025-05-13,625,31708.18,22145.99,9562.19,0.301569,30,1056.94,50.73
C0007310,Enterprise,North America,email,2024-08-22,2025-12-20,486,146957.82,109402.35,37555.47,0.255553,44,3339.95,302.38
C0007314,Startup,North America,email,2025-04-02,2025-11-04,217,471.93,231.06,240.87,0.510393,3,157.31,2.17
C0007316,SMB,North America,email,2023-11-20,2024-03-04,106,1420.16,798.82,621.34,0.437514,6,236.69,13.4
C0007349,SMB,North America,email,2024-03-27,2025-10-02,555,4753.17,2916.13,1837.04,0.386487,15,316.88,8.56
C0007381,Enterprise,North America,email,2024-08-17,2025-11-20,461,25070.14,19044.94,6025.2,0.240334,14,1790.72,54.38
C0007394,SMB,EMEA,email,2025-08-02,2025-08-11,10,723.7,431.71,291.99,0.403468,5,144.74,72.37
C0007421,SMB,EMEA,email,2023-09-17,2025-10-31,776,7256.93,3884.74,3372.19,0.464685,18,403.16,9.35
C0007468,Mid-Market,APAC,email,2024-01-20,2024-06-24,157,4459.83,3254.45,1205.38,0.270275,11,405.44,28.41
C0007485,Startup,North America,email,2024-05-29,2024-07-07,40,2294.44,1651.75,642.69,0.280108,2,1147.22,57.36
C0007488,Startup,EMEA,email,2023-02-23,2023-09-01,191,366.1,186.54,179.56,0.490467,3,122.03,1.92
C0007499,SMB,North America,email,2025-07-10,2025-10-03,86,1606.36,974.2,632.16,0.393536,3,535.45,18.68
C0007541,SMB,North America,email,,,0,0.0,0.0,0.0,0.0,0,0.0,0.0
C0007554,Startup,North America,email,2024-04-10,2025-08-21,499,1311.48,784.37,527.11,0.40192,11,119.23,2.63
C0007565,SMB,North America,email,,,0,0.0,0.0,0.0,0.0,0,0.0,0.0
C0007585,SMB,North America,email,2025-05-06,2025-08-23,110,1111.99,533.98,578.01,0.519798,6,185.33,10.11
C0007588,Mid-Market,North America,email,2025-12-30,2025-12-31,2,2573.64,1685.59,888.05,0.345056,4,643.41,1286.82
C0007607,Mid-Market,EMEA,email,2025-07-31,2025-09-17,49,3983.08,2274.0,1709.08,0.429085,4,995.77,81.29
C0007637,SMB,North America,email,2025-01-09,2025-03-31,82,2865.79,1729.46,1136.33,0.396515,5,573.16,34.95
C0007650,SMB,North America,email,,,0,0.0,0.0,0.0,0.0,0,0.0,0.0
C0007662,Mid-Market,EMEA,email,2025-12-26,2025-12-26,1,1113.93,646.92,467.01,0.419245,1,1113.93,1113.93
C0007671,Startup,EMEA,email,,,0,0.0,0.0,0.0,0.0,0,0.0,0.0
C0007687,Enterprise,EMEA,email,2024-12-19,2025-09-03,259,63913.0,43704.11,20208.89,0.316194,26,2458.19,246.77
C0007738,SMB,EMEA,email,2024-10-20,2025-10-24,370,3561.25,2359.02,1202.23,0.337587,15,237.42,9.62
C0007766,SMB,EMEA,email,2023-02-14,2023-09-11,210,1532.24,885.23,647.01,0.422264,7,218.89,7.3
C0007771,Mid-Market,EMEA,email,2023-04-22,2023-08-05,106,14271.2,9248.9,5022.3,0.351919,11,1297.38,134.63
C0007773,SMB,EMEA,email,2023-07-01,2024-03-24,268,3141.38,2031.7,1109.68,0.353246,17,184.79,11.72
C0007822,SMB,LATAM,email,2025-03-15,2025-06-03,81,897.73,551.62,346.11,0.385539,5,179.55,11.08
C0007874,Enterprise,EMEA,email,2023-07-03,2023-12-15,166,35647.86,27056.86,8591.0,0.240996,19,1876.2,214.75
C0007898,Enterprise,EMEA,email,2023-05-24,2024-04-07,320,86900.99,66497.45,20403.54,0.234791,30,2896.7,271.57
C0007926,Startup,North America,email,2023-12-24,2024-02-07,46,913.86,494.73,419.13,0.458637,2,456.93,19.87
C0007927,Mid-Market,APAC,email,2023-12-12,2024-02-28,79,2574.01,1876.21,697.8,0.271095,4,643.5,32.58
C0007944,Startup,LATAM,email,2025-01-15,2025-08-17,215,888.66,610.08,278.58,0.313483,4,222.16,4.13
C0007953,Mid-Market,EMEA,email,2025-10-23,2025-12-29,68,669.13,470.77,198.36,0.296445,3,223.04,9.84
C0007972,SMB,APAC,email,2023-10-29,2025-11-09,743,6086.81,4075.9,2010.91,0.330372,20,304.34,8.19
C0007975,Startup,EMEA,email,2025-08-01,2025-12-29,151,829.42,510.37,319.05,0.384666,8,103.68,5.49
C0008004,Mid-Market,LATAM,email,2023-02-24,2024-04-10,412,21390.46,13669.12,7721.34,0.360971,19,1125.81,51.92
C0008013,Mid-Market,North America,email,2025-05-14,2025-05-24,11,2339.14,1597.01,742.13,0.317266,3,779.71,212.65
C0008037,SMB,EMEA,email,2024-10-04,2025-12-16,439,4042.9,2518.13,1524.77,0.377148,20,202.14,9.21
C0008046,SMB,APAC,email,2024-01-24,2025-09-03,589,7809.73,5107.31,2702.42,0.346032,33,236.66,13.26
C0008061,SMB,LATAM,email,2025-04-22,2025-12-16,239,2484.76,1540.13,944.63,0.38017,12,207.06,10.4
C0008071,Mid-Market,APAC,email,2024-10-06,2024-12-03,59,7433.22,5104.69,2328.53,0.31326,8,929.15,125.99
C0008100,Startup,EMEA,email,2025-11-20,2025-12-22,33,194.4,105.75,88.65,0.456019,2,97.2,5.89
C0008104,SMB,APAC,email,2025-07-08,2025-10-15,100,1227.35,673.97,553.38,0.450874,4,306.84,12.27
C0008119,Mid-Market,LATAM,email,2024-08-29,2024-10-14,47,2820.44,1631.82,1188.62,0.421431,7,402.92,60.01
C0008124,SMB,North America,email,2023-12-30,2024-03-21,83,503.54,274.4,229.14,0.455058,4,125.88,6.07
C0008155,SMB,North America,email,2025-04-03,2025-10-04,185,2679.58,1695.08,984.5,0.367408,12,223.3,14.48
C0008159,Startup,EMEA,email,2024-02-29,2025-11-19,630,2556.45,1522.88,1033.57,0.404299,14,182.6,4.06
C0008188,Startup,North America,email,2024-09-18,2024-11-02,46,218.68,132.59,86.09,0.39368,2,109.34,4.75
C0008253,SMB,LATAM,email,2025-06-24,2025-09-08,77,584.48,403.8,180.68,0.309129,2,292.24,7.59
C0008283,Mid-Market,EMEA,email,2024-08-20,2025-12-12,480,20563.21,13745.44,6817.77,0.331552,22,934.69,42.84
C0008293,Startup,APAC,email,2024-11-11,2024-12-14,34,301.19,172.15,129.04,0.428434,3,100.4,8.86
C0008308,Mid-Market,North America,email,2025-06-23,2025-12-31,192,10685.41,7302.36,3383.05,0.316605,8,1335.68,55.65
C0008320,Startup,North America,email,2024-12-07,2024-12-25,19,503.56,351.19,152.37,0.302586,3,167.85,26.5
C0008323,SMB,APAC,email,2023-07-03,2023-12-05,156,1746.94,999.06,747.88,0.428109,7,249.56,11.2
C0008356,SMB,North America,email,2025-09-02,2025-12-25,115,680.05,413.05,267.0,0.392618,4,170.01,5.91
C0008390,Enterprise,EMEA,email,2025-03-07,2025-12-25,294,59006.3,41699.4,17306.9,0.293306,16,3687.89,200.7
C0008412,SMB,North America,email,2025-01-20,2025-04-02,73,559.28,316.46,242.82,0.434165,5,111.86,7.66
C0008463,Startup,North America,email,2025-04-30,2025-04-30,1,133.87,84.38,49.49,0.369687,1,133.87,133.87
C0008471,Startup,EMEA,email,2024-11-02,2024-11-02,1,58.49,30.04,28.45,0.486408,1,58.49,58.49
C0008502,SMB,APAC,email,2025-07-22,2025-12-02,134,2704.07,1781.82,922.25,0.34106,6,450.68,20.18
C0008582,SMB,APAC,email,2024-07-14,2024-10-02,81,457.8,223.11,234.69,0.512647,4,114.45,5.65
C0008586,Mid-Market,APAC,email,2024-08-16,2025-11-29,471,13183.21,8200.63,4982.58,0.377949,24,549.3,27.99
C0008625,SMB,North America,email,2024-08-11,2024-12-08,120,1539.32,986.2,553.12,0.359327,4,384.83,12.83
C0008629,Startup,LATAM,email,2024-09-12,2024-10-16,35,622.01,410.26,211.75,0.340429,2,311.0,17.77
C0008635,SMB,APAC,email,2023-07-30,2025-12-05,860,7628.17,4514.54,3113.63,0.408175,34,224.36,8.87
C0008639,Mid-Market,North America,email,2025-02-18,2025-11-17,273,9034.52,5815.54,3218.98,0.356298,16,564.66,33.09
C0008693,Mid-Market,North America,email,2023-01-26,2023-01-30,5,1125.63,650.91,474.72,0.421737,4,281.41,225.13
C0008702,Startup,APAC,email,2025-02-26,2025-06-15,110,793.5,545.72,247.78,0.312262,5,158.7,7.21
C0008711,SMB,APAC,email,,,0,0.0,0.0,0.0,0.0,0,0.0,0.0
C0008713,SMB,North America,email,2025-08-04,2025-08-10,7,291.15,161.46,129.69,0.44544,2,145.57,41.59
C0008728,SMB,North America,email,2024-09-13,2025-03-06,175,1869.44,1132.26,737.18,0.394332,8,233.68,10.68
C0008729,Enterprise,LATAM,email,2023-08-25,2023-12-29,127,55395.4,40584.9,14810.5,0.26736,13,4261.18,436.18
C0008736,Mid-Market,LATAM,email,2024-04-15,2024-06-24,71,6673.75,4334.75,2339.0,0.350478,7,953.39,94.0
C0008784,Mid-Market,EMEA,email,2024-03-24,2024-05-08,46,992.65,559.67,432.98,0.436186,5,198.53,21.58
C0008806,Startup,APAC,email,2025-05-07,2025-12-27,235,524.46,290.54,233.92,0.446021,5,104.89,2.23
C0008893,SMB,EMEA,email,2025-07-12,2025-12-26,168,1646.46,1141.61,504.85,0.306628,9,182.94,9.8
C0008903,Startup,North America,email,2025-10-24,2025-12-24,62,444.66,266.94,177.72,0.399676,4,111.16,7.17
C0008914,SMB,North America,email,2024-09-25,2025-05-06,224,4045.54,2224.9,1820.64,0.450036,10,404.55,18.06
C0008925,Startup,North America,email,2024-10-31,2024-12-02,33,468.83,341.11,127.72,0.272423,2,234.42,14.21
C0008934,Startup,North America,email,2025-12-12,2025-12-12,1,93.19,66.6,26.59,0.285331,2,46.6,93.19
C0008951,Enterprise,North America,email,2024-05-12,2025-04-23,347,97647.97,69928.77,27719.2,0.283869,22,4438.54,281.41
C0008955,SMB,EMEA,email,2024-12-24,2025-09-18,269,1578.27,877.34,700.93,0.444113,7,225.47,5.87
C0008978,Mid-Market,North America,email,2025-12-13,2025-12-13,1,64.44,36.39,28.05,0.435289,1,64.44,64.44
C0008981,Startup,EMEA,email,2025-02-26,2025-06-02,97,223.04,135.71,87.33,0.391544,4,55.76,2.3
C0000006,Mid-Market,North America,organic,2025-12-17,2025-12-19,3,7062.34,3773.2,3289.14,0.465729,2,3531.17,2354.11
C0000009,Startup,EMEA,organic,2023-09-02,2024-01-21,142,1327.48,793.85,533.63,0.401987,7,189.64,9.35
C0000012,Mid-Market,North America,organic,2025-11-29,2025-11-29,1,31.72,15.33,16.39,0.516709,1,31.72,31.72
C0000016,SMB,North America,organic,2024-03-15,2025-10-05,570,3619.88,1899.97,1719.91,0.475129,21,172.38,6.35
C0000019,Mid-Market,APAC,organic,2025-08-31,2025-12-01,93,3191.29,1937.77,1253.52,0.392794,6,531.88,34.31
C0000020,SMB,EMEA,organic,2025-04-20,2025-05-05,16,1884.91,1054.17,830.74,0.440732,5,376.98,117.81
C0000025,Mid-Market,APAC,organic,2025-07-26,2025-09-27,64,892.03,628.7,263.33,0.295203,2,446.02,13.94
C0000027,SMB,LATAM,organic,2024-11-21,2024-11-21,1,99.78,48.31,51.47,0.515835,1,99.78,99.78
C0000028,Startup,North America,organic,2023-03-29,2024-03-10,348,1544.35,823.82,720.53,0.466559,9,171.59,4.44
C0000054,Startup,APAC,organic,2025-04-30,2025-11-23,208,805.96,399.77,406.19,0.503983,5,161.19,3.87
C0000055,Startup,North America,organic,2025-05-30,2025-09-14,108,652.18,396.11,256.07,0.392637,6,108.7,6.04
C0000060,Mid-Market,LATAM,organic,2023-08-06,2025-12-30,878,52968.28,32296.19,20672.09,0.390273,43,1231.82,60.33
C0000064,SMB,APAC,organic,2025-09-27,2025-12-15,80,395.27,272.92,122.35,0.309535,2,197.64,4.94
C0000069,Enterprise,EMEA,organic,2023-03-21,2024-05-01,408,45068.35,30656.46,14411.89,0.319779,22,2048.56,110.46
C0000073,SMB,LATAM,organic,2025-10-12,2025-11-21,41,1660.38,1145.95,514.43,0.309827,4,415.1,40.5
C0000074,SMB,LATAM,organic,2024-02-25,2025-12-13,658,1792.48,904.62,887.86,0.495325,17,105.44,2.72
C0000075,SMB,APAC,organic,2023-04-24,2023-10-15,175,2970.17,1486.79,1483.38,0.499426,11,270.02,16.97
C0000077,SMB,APAC,organic,2024-06-12,2025-12-25,562,4530.75,2403.61,2127.14,0.46949,23,196.99,8.06
C0000078,SMB,EMEA,organic,2025-06-02,2025-08-09,69,1290.05,691.57,598.48,0.46392,2,645.02,18.7
C0000088,Mid-Market,North America,organic,2024-12-31,2025-12-17,352,29594.99,15438.78,14156.21,0.478331,14,2113.93,84.08
C0000091,Mid-Market,LATAM,organic,2023-11-14,2024-06-01,201,11728.76,6082.06,5646.7,0.48144,15,781.92,58.35
C0000104,SMB,APAC,organic,2025-12-17,2025-12-17,1,50.59,27.43,23.16,0.457798,1,50.59,50.59
C0000105,Startup,North America,organic,2025-07-23,2025-12-06,137,625.03,343.37,281.66,0.450634,8,78.13,4.56
C0000106,Mid-Market,EMEA,organic,2025-07-15,2025-11-01,110,3066.22,2094.06,972.16,0.317055,5,613.24,27.87
C0000109,SMB,APAC,organic,2023-08-05,2024-01-29,178,1244.46,713.96,530.5,0.426289,6,207.41,6.99
C0000116,Startup,North America,organic,2025-09-23,2025-12-22,91,963.48,567.3,396.18,0.411197,4,240.87,10.59
C0000132,Startup,North America,organic,2025-11-27,2025-11-27,1,269.06,145.1,123.96,0.460715,1,269.06,269.06
C0000136,Startup,APAC,organic,2023-04-01,2023-12-08,252,957.72,461.5,496.22,0.518126,5,191.54,3.8
C0000144,Startup,EMEA,organic,2025-03-16,2025-09-18,187,704.58,377.5,327.08,0.46422,6,117.43,3.77
C0000146,SMB,EMEA,organic,2024-07-28,2025-08-07,376,2907.54,1695.76,1211.78,0.416772,13,223.66,7.73
C0000163,Enterprise,North America,organic,2024-02-27,2024-04-25,59,13131.75,8015.85,5115.9,0.389583,7,1875.96,222.57
C0000172,Mid-Market,North America,organic,2025-01-26,2025-12-20,329,10280.32,6466.35,3813.97,0.370997,17,604.72,31.25
C0000179,Mid-Market,LATAM,organic,2025-10-20,2025-11-28,40,3194.98,2161.31,1033.67,0.323529,6,532.5,79.87
C0000185,Mid-Market,North America,organic,2025-07-21,2025-12-30,163,6347.9,3491.81,2856.09,0.449927,10,634.79,38.94
C0000187,SMB,LATAM,organic,2024-08-23,2024-10-05,44,893.06,564.3,328.76,0.368128,6,148.84,20.3
C0000189,SMB,North America,organic,2025-08-19,2025-11-21,95,1376.99,713.32,663.67,0.481972,9,153.0,14.49
C0000206,SMB,North America,organic,2024-02-17,2024-08-23,189,1616.13,907.83,708.3,0.438269,7,230.88,8.55
C0000210,Startup,EMEA,organic,2025-03-30,2025-03-30,1,115.09,53.45,61.64,0.535581,1,115.09,115.09
C0000216,Mid-Market,North America,organic,2025-06-25,2025-12-27,186,4680.88,2768.42,1912.46,0.408568,11,425.53,25.17
C0000219,SMB,LATAM,organic,2025-11-22,2025-11-22,1,142.38,73.1,69.28,0.486585,1,142.38,142.38
C0000224,Mid-Market,EMEA,organic,2025-12-16,2025-12-16,1,177.52,100.5,77.02,0.433867,1,177.52,177.52
C0000226,Mid-Market,North America,organic,2025-12-03,2025-12-24,22,1150.64,744.05,406.59,0.35336,2,575.32,52.3
C0000228,SMB,North America,organic,2025-02-24,2025-11-11,261,1732.44,1220.54,511.9,0.295479,8,216.56,6.64
C0000229,Startup,North America,organic,2025-04-13,2025-05-11,29,983.36,537.57,445.79,0.453333,3,327.79,33.91
C0000232,SMB,North America,organic,2024-09-28,2025-12-12,441,2731.7,1536.49,1195.21,0.437533,13,210.13,6.19
C0000238,Mid-Market,North America,organic,2025-07-27,2025-12-09,136,20744.99,14276.69,6468.3,0.311801,9,2305.0,152.54
C0000239,SMB,EMEA,organic,2023-02-21,2023-06-01,101,2191.51,1327.46,864.05,0.394272,10,219.15,21.7
C0000250,SMB,LATAM,organic,2024-09-30,2025-12-29,456,1928.73,1190.66,738.07,0.382671,10,192.87,4.23
C0000253,SMB,EMEA,organic,,,0,0.0,0.0,0.0,0.0,0,0.0,0.0
C0000254,Startup,APAC,organic,2024-03-05,2025-04-18,410,2833.25,1673.65,1159.6,0.409283,14,202.38,6.91
C0000255,Mid-Market,North America,organic,2024-02-20,2024-09-11,205,14255.46,8784.52,5470.94,0.383779,14,1018.25,69.54
C0000263,SMB,EMEA,organic,2024-09-12,2025-03-30,200,2711.5,1541.76,1169.74,0.4314,13,208.58,13.56
C0000266,Mid-Market,EMEA,organic,2023-11-24,2023-11-24,1,252.45,120.37,132.08,0.523193,1,252.45,252.45
C0000272,Enterprise,North America,organic,2023-11-24,2025-05-22,546,74209.85,50732.21,23477.64,0.316368,45,1649.11,135.92
C0000293,Enterprise,North America,organic,2025-12-07,2025-12-07,1,305.54,177.01,128.53,0.420665,1,305.54,305.54
C0000301,Mid-Market,EMEA,organic,2025-09-30,2025-12-21,83,4868.84,3164.93,1703.91,0.349962,10,486.88,58.66
C0000307,SMB,EMEA,organic,2024-08-18,2025-12-31,501,4581.34,2319.38,2261.96,0.493733,16,286.33,9.14
C0000319,SMB,LATAM,organic,2024-04-30,2025-12-18,598,2680.27,1416.92,1263.35,0.471352,15,178.68,4.48
C0000321,Mid-Market,APAC,organic,2025-12-05,2025-12-20,16,2073.89,943.11,1130.78,0.545246,2,1036.94,129.62
C0000324,SMB,APAC,organic,2025-01-28,2025-12-05,312,4765.63,2928.81,1836.82,0.385431,14,340.4,15.27
C0000336,SMB,EMEA,organic,2025-03-25,2025-12-20,271,1195.26,659.67,535.59,0.448095,9,132.81,4.41
C0000343,Startup,EMEA,organic,2025-08-20,2025-12-04,107,1162.85,590.98,571.87,0.491783,5,232.57,10.87
C0000348,Mid-Market,EMEA,organic,2024-03-20,2025-10-21,581,10307.38,5982.62,4324.76,0.419579,18,572.63,17.74
C0000349,Startup,APAC,organic,2025-04-30,2025-11-25,210,232.68,117.58,115.1,0.494671,4,58.17,1.11
C0000351,SMB,EMEA,organic,2025-03-28,2025-11-27,245,2382.46,1342.53,1039.93,0.436494,10,238.25,9.72
C0000354,SMB,EMEA,organic,2025-02-25,2025-12-10,289,3079.09,1989.88,1089.21,0.353744,11,279.92,10.65
C0000355,SMB,LATAM,organic,2024-12-04,2025-12-21,383,2262.44,1101.87,1160.57,0.512973,10,226.24,5.91
C0000365,Startup,EMEA,organic,2025-04-27,2025-05-15,19,160.25,71.7,88.55,0.552574,2,80.12,8.43
C0000367,Enterprise,APAC,organic,2025-09-13,2025-11-26,75,20332.71,14069.49,6263.22,0.308037,10,2033.27,271.1
C0000368,SMB,APAC,organic,2025-05-09,2025-12-08,214,2035.13,1072.16,962.97,0.473174,8,254.39,9.51
C0000369,Startup,EMEA,organic,2024-07-29,2025-02-17,204,2245.59,1569.99,675.6,0.300856,8,280.7,11.01
C0000370,SMB,APAC,organic,,,0,0.0,0.0,0.0,0.0,0,0.0,0.0
C0000373,Enterprise,EMEA,organic,2024-08-23,2025-12-29,494,99487.26,67080.8,32406.46,0.325735,24,4145.3,201.39
C0000388,SMB,EMEA,organic,2025-12-12,2025-12-12,1,106.87,53.26,53.61,0.501638,1,106.87,106.87
C0000392,Startup,North America,organic,2023-08-30,2025-12-02,826,4504.69,2452.11,2052.58,0.455654,29,155.33,5.45
C0000395,SMB,North America,organic,2023-04-08,2024-07-01,451,2884.66,1498.92,1385.74,0.480382,10,288.47,6.4
C0000396,Mid-Market,North America,organic,2024-12-10,2025-09-20,285,8721.91,5764.07,2957.84,0.339128,16,545.12,30.6
C0000399,Enterprise,EMEA,organic,2024-12-19,2025-07-05,199,14336.0,9012.8,5323.2,0.371317,11,1303.27,72.04
C0000400,SMB,APAC,organic,2024-10-27,2025-10-28,367,3873.39,2632.72,1240.67,0.320306,17,227.85,10.55
C0000401,Mid-Market,EMEA,organic,2024-05-12,2024-07-05,55,4794.22,2955.24,1838.98,0.383583,6,799.04,87.17
C0000402,SMB,North America,organic,2025-11-09,2025-12-01,23,436.68,291.05,145.63,0.333494,3,145.56,18.99
C0000405,Startup,North America,organic,,,0,0.0,0.0,0.0,0.0,0,0.0,0.0
C0000409,Startup,North America,organic,2023-07-31,2023-07-31,1,125.87,88.04,37.83,0.300548,1,125.87,125.87
C0000418,Mid-Market,EMEA,organic,2025-07-23,2025-08-07,16,678.14,473.58,204.56,0.301649,3,226.05,42.38
C0000426,Startup,EMEA,organic,2025-08-21,2025-10-02,43,47.75,25.11,22.64,0.474136,2,23.88,1.11
C0000429,SMB,LATAM,organic,2023-09-09,2024-06-22,288,3070.62,1688.32,1382.3,0.45017,14,219.33,10.66
C0000430,SMB,LATAM,organic,2025-08-13,2025-12-25,135,272.91,117.99,154.92,0.56766,3,90.97,2.02
C0000435,Mid-Market,EMEA,organic,2023-03-27,2024-09-02,526,45716.73,24778.56,20938.17,0.457998,24,1904.86,86.91
C0000438,Enterprise,EMEA,organic,2024-12-28,2025-04-11,105,46535.87,37209.82,9326.05,0.200406,8,5816.98,443.2
C0000443,Startup,North America,organic,,,0,0.0,0.0,0.0,0.0,0,0.0,0.0
C0000445,Mid-Market,North America,organic,2024-04-01,2025-11-22,601,16803.4,10913.71,5889.69,0.350506,22,763.79,27.96
C0000453,Mid-Market,EMEA,organic,2025-07-06,2025-12-29,177,2056.75,982.1,1074.65,0.522499,5,411.35,11.62
C0000454,Mid-Market,North America,organic,2023-12-22,2025-12-14,724,29194.8,17130.17,12064.63,0.413246,40,729.87,40.32
C0000471,SMB,North America,organic,2024-10-04,2025-04-13,192,4355.63,2541.22,1814.41,0.416567,8,544.45,22.69
C0000478,SMB,EMEA,organic,2025-09-24,2025-12-14,82,1846.75,985.16,861.59,0.466544,2,923.38,22.52
C0000480,Startup,North America,organic,2024-11-12,2025-11-25,379,4620.42,2441.65,2178.77,0.471552,13,355.42,12.19
C0000485,Mid-Market,North America,organic,2023-03-23,2024-03-18,362,17893.06,10174.75,7718.31,0.431358,25,715.72,49.43
C0000501,SMB,EMEA,organic,2025-06-22,2025-11-14,146,785.33,320.21,465.12,0.592261,4,196.33,5.38
C0000509,SMB,EMEA,organic,2024-12-25,2025-09-05,255,2659.07,1393.41,1265.66,0.475978,14,189.93,10.43
C0000514,Startup,EMEA,organic,2024-06-25,2025-10-31,494,2875.53,1655.04,1220.49,0.42444,21,136.93,5.82
C0000529,Mid-Market,North America,organic,2025-08-11,2025-08-11,1,168.24,96.71,71.53,0.425166,1,168.24,168.24
C0000539,Mid-Market,EMEA,organic,2023-11-14,2023-12-08,25,1762.82,1132.42,630.4,0.357609,4,440.7,70.51
C0000547,Startup,EMEA,organic,2024-08-27,2025-07-24,332,1093.58,691.7,401.88,0.36749,5,218.72,3.29
C0000548,Mid-Market,North America,organic,2023-05-31,2023-08-09,71,15323.68,9378.14,5945.54,0.387997,9,1702.63,215.83
C0000560,Mid-Market,North America,organic,2025-01-10,2025-12-31,356,16708.29,9565.85,7142.44,0.427479,24,696.18,46.93
C0000561,SMB,North America,organic,2023-06-17,2024-06-03,353,3763.77,2389.33,1374.44,0.365176,17,221.4,10.66
C0000568,SMB,North America,organic,2023-04-27,2025-12-24,973,10021.9,6242.15,3779.75,0.377149,29,345.58,10.3
C0000574,Mid-Market,EMEA,organic,2025-08-02,2025-10-21,81,1175.56,602.04,573.52,0.48787,2,587.78,14.51
C0000578,Startup,North America,organic,2025-03-08,2025-11-23,261,517.05,263.49,253.56,0.490397,5,103.41,1.98
C0000581,Startup,APAC,organic,2025-01-03,2025-05-22,140,437.54,209.23,228.31,0.521804,5,87.51,3.13
C0000584,Enterprise,North America,organic,2024-08-28,2025-12-18,478,49217.74,34183.15,15034.59,0.305471,33,1491.45,102.97
C0000585,SMB,APAC,organic,,,0,0.0,0.0,0.0,0.0,0,0.0,0.0
C0000589,Startup,EMEA,organic,2024-02-01,2025-11-06,645,2343.55,1306.1,1037.45,0.442683,15,156.24,3.63
C0000591,SMB,LATAM,organic,2025-11-16,2025-12-15,30,1086.11,644.4,441.71,0.40669,3,362.04,36.2
C0000599,Startup,EMEA,organic,,,0,0.0,0.0,0.0,0.0,0,0.0,0.0
C0000603,Startup,EMEA,organic,2025-12-04,2025-12-04,1,57.8,31.22,26.58,0.459862,1,57.8,57.8
C0000612,Mid-Market,North America,organic,2025-04-29,2025-12-28,244,2263.83,1560.02,703.81,0.310893,4,565.96,9.28
C0000620,Mid-Market,EMEA,organic,2023-08-03,2024-03-25,236,3198.33,1767.15,1431.18,0.447477,11,290.76,13.55
C0000622,Mid-Market,EMEA,organic,2025-03-06,2025-07-11,128,3486.09,1961.37,1524.72,0.437373,6,581.02,27.24
C0000624,SMB,North America,organic,2024-12-01,2025-01-10,41,1355.88,800.3,555.58,0.409756,2,677.94,33.07
C0000625,SMB,North America,organic,2025-12-21,2025-12-30,10,64.52,32.52,32.0,0.49597,2,32.26,6.45
C0000626,SMB,APAC,organic,2024-09-23,2025-08-18,330,6425.66,4131.83,2293.83,0.35698,16,401.6,19.47
C0000630,Mid-Market,North America,organic,2025-09-07,2025-09-15,9,2436.05,1330.37,1105.68,0.453882,3,812.02,270.67
C0000631,Startup,North America,organic,,,0,0.0,0.0,0.0,0.0,0,0.0,0.0
C0000638,Mid-Market,North America,organic,2025-06-24,2025-12-31,191,9137.04,5956.62,3180.42,0.34808,9,1015.23,47.84
C0000641,Startup,EMEA,organic,2025-06-26,2025-09-26,93,347.99,179.91,168.08,0.483002,5,69.6,3.74
C0000651,Mid-Market,North America,organic,2024-08-30,2025-12-30,488,9069.55,5546.36,3523.19,0.388464,18,503.86,18.59
C0000652,Mid-Market,APAC,organic,2025-11-19,2025-12-31,43,6034.54,4324.33,1710.21,0.283404,4,1508.64,140.34
C0000654,Startup,EMEA,organic,2024-02-24,2025-01-28,340,1288.49,782.32,506.17,0.39284,9,143.17,3.79
C0000656,SMB,North America,organic,2024-06-29,2024-12-13,168,2048.35,1069.95,978.4,0.477653,6,341.39,12.19
C0000662,Startup,North America,organic,2025-10-16,2025-12-22,68,541.75,338.19,203.56,0.375745,5,108.35,7.97
C0000664,Mid-Market,North America,organic,2023-06-17,2025-10-08,845,72007.47,46592.22,25415.25,0.352953,40,1800.19,85.22
C0000666,SMB,APAC,organic,2025-09-08,2025-09-09,2,133.61,59.22,74.39,0.55677,2,66.8,66.8
C0000678,Startup,APAC,organic,2024-12-22,2025-12-23,367,833.62,537.13,296.49,0.355666,6,138.94,2.27
C0000693,Mid-Market,North America,organic,2024-03-03,2025-12-29,667,67386.56,43586.7,23799.86,0.353184,40,1684.66,101.03
C0000707,SMB,LATAM,organic,,,0,0.0,0.0,0.0,0.0,0,0.0,0.0
C0000709,Mid-Market,North America,organic,2024-11-21,2025-11-18,363,17594.5,10770.52,6823.98,0.387847,27,651.65,48.47
C0000711,SMB,APAC,organic,,,0,0.0,0.0,0.0,0.0,0,0.0,0.0
C0000714,SMB,APAC,organic,2025-10-29,2025-10-29,1,81.0,37.32,43.68,0.539259,1,81.0,81.0
C0000719,Startup,North America,organic,2025-07-07,2025-11-03,120,1299.69,904.58,395.11,0.304003,3,433.23,10.83
C0000721,Enterprise,LATAM,organic,2025-04-04,2025-12-24,265,35840.8,24507.51,11333.29,0.316212,15,2389.39,135.25
C0000726,Mid-Market,EMEA,organic,2023-03-26,2023-05-30,66,4370.61,3229.93,1140.68,0.260989,2,2185.3,66.22
C0000745,SMB,APAC,organic,2024-12-29,2025-10-02,278,5386.0,3583.09,1802.91,0.33474,10,538.6,19.37
C0000746,Enterprise,North America,organic,2024-12-15,2025-11-27,348,51997.94,34349.55,17648.39,0.339406,24,2166.58,149.42
C0000747,SMB,North America,organic,2024-06-26,2024-09-15,82,1493.44,1003.31,490.13,0.328189,4,373.36,18.21
C0000749,Startup,North America,organic,2025-07-26,2025-12-14,142,2050.1,1226.47,823.63,0.401751,7,292.87,14.44
C0000757,SMB,North America,organic,2024-06-07,2024-06-24,18,1698.16,1129.87,568.29,0.33465,4,424.54,94.34
C0000763,Mid-Market,APAC,organic,2023-06-12,2023-10-09,120,4900.01,2910.44,1989.57,0.406034,9,544.45,40.83
C0000769,Mid-Market,North America,organic,2023-07-27,2023-12-03,130,9306.49,4898.92,4407.57,0.473602,18,517.03,71.59
C0000772,SMB,North America,organic,2025-04-12,2025-10-02,174,2945.38,1577.55,1367.83,0.464398,7,420.77,16.93
C0000773,Startup,North America,organic,2025-03-27,2025-12-25,274,3151.55,2079.97,1071.58,0.340017,8,393.94,11.5
C0000775,SMB,North America,organic,2023-01-14,2024-10-02,628,4174.13,2249.33,1924.8,0.461126,18,231.9,6.65
C0000779,Startup,North America,organic,2025-07-21,2025-07-21,1,55.9,26.88,29.02,0.519141,1,55.9,55.9
C0000780,SMB,APAC,organic,,,0,0.0,0.0,0.0,0.0,0,0.0,0.0
C0000783,Startup,North America,organic,2025-01-01,2025-01-03,3,231.91,115.79,116.12,0.500711,2,115.96,77.3
C0000803,Startup,EMEA,organic,2025-10-23,2025-11-01,10,158.14,69.53,88.61,0.560326,2,79.07,15.81
C0000804,SMB,EMEA,organic,2025-04-07,2025-10-15,192,4520.14,2599.45,1920.69,0.424918,15,301.34,23.54
C0000807,Mid-Market,LATAM,organic,2025-06-18,2025-06-29,12,2046.79,1252.6,794.19,0.388017,2,1023.4,170.57
C0000810,SMB,EMEA,organic,2025-12-28,2025-12-28,1,117.15,78.36,38.79,0.331114,1,117.15,117.15
C0000821,SMB,EMEA,organic,2023-06-16,2023-06-28,13,686.43,323.39,363.04,0.528881,3,228.81,52.8
C0000831,Mid-Market,APAC,organic,2025-04-13,2025-12-27,259,5700.37,3189.92,2510.45,0.440401,10,570.04,22.01
C0000833,Mid-Market,APAC,organic,2024-08-26,2025-03-01,188,13435.86,7851.19,5584.67,0.415654,12,1119.66,71.47
C0000834,SMB,LATAM,organic,2025-05-21,2025-12-17,211,1316.72,837.78,478.94,0.363737,7,188.1,6.24
C0000835,Startup,EMEA,organic,2025-06-17,2025-12-11,178,2241.05,1252.75,988.3,0.440999,8,280.13,12.59
C0000847,Mid-Market,EMEA,organic,2024-08-26,2025-04-19,237,5591.23,3489.53,2101.7,0.375892,5,1118.25,23.59
C0000852,SMB,APAC,organic,2024-01-10,2025-02-11,399,5260.11,3174.89,2085.22,0.396421,20,263.01,13.18
C0000868,Mid-Market,APAC,organic,2025-09-29,2025-12-07,70,3643.98,2081.29,1562.69,0.428842,4,911.0,52.06
C0000872,Startup,EMEA,organic,2023-04-07,2023-05-04,28,271.71,130.05,141.66,0.521365,2,135.85,9.7
C0000877,Startup,North America,organic,2024-08-25,2024-10-25,62,721.64,367.58,354.06,0.490632,5,144.33,11.64
C0000887,SMB,EMEA,organic,2024-09-26,2025-09-03,343,2461.89,1523.28,938.61,0.381256,14,175.85,7.18
C0000888,Startup,North America,organic,2023-09-23,2025-11-27,797,3282.52,1904.12,1378.4,0.419921,15,218.83,4.12
C0000896,SMB,EMEA,organic,,,0,0.0,0.0,0.0,0.0,0,0.0,0.0
C0000898,Mid-Market,North America,organic,2024-01-24,2025-11-09,656,31164.7,19876.11,11288.59,0.362224,38,820.12,47.51
C0000899,Enterprise,EMEA,organic,2023-12-16,2024-03-06,82,12934.58,7708.82,5225.76,0.404015,10,1293.46,157.74
C0000903,SMB,EMEA,organic,2023-03-31,2025-02-02,675,9198.31,5663.25,3535.06,0.384316,21,438.01,13.63
C0000906,Mid-Market,North America,organic,2025-04-26,2025-10-13,171,6634.44,4070.57,2563.87,0.386449,15,442.3,38.8
C0000908,Startup,EMEA,organic,2023-08-28,2025-05-01,613,2330.86,1255.43,1075.43,0.461388,18,129.49,3.8
C0000927,Enterprise,North America,organic,2023-11-06,2024-07-12,250,23172.68,15719.32,7453.36,0.321644,14,1655.19,92.69
C0000929,Mid-Market,EMEA,organic,2025-03-20,2025-03-20,1,12513.96,9315.62,3198.34,0.255582,1,12513.96,12513.96
C0000932,SMB,North America,organic,2024-07-25,2025-12-23,517,7756.69,4617.56,3139.13,0.4047,27,287.28,15.0
C0000939,SMB,North America,organic,2025-12-24,2025-12-24,1,63.74,36.61,27.13,0.425635,1,63.74,63.74
C0000940,Enterprise,EMEA,organic,2023-07-12,2025-12-12,885,82658.04,58126.37,24531.67,0.296785,53,1559.59,93.4
C0000943,SMB,North America,organic,2023-12-02,2023-12-02,1,502.45,252.73,249.72,0.497005,3,167.48,502.45
C0000947,Mid-Market,LATAM,organic,2025-06-15,2025-12-25,194,4337.78,2301.42,2036.36,0.469448,7,619.68,22.36
C0000953,Enterprise,APAC,organic,2024-03-08,2024-03-17,10,4904.21,3119.98,1784.23,0.363816,3,1634.74,490.42
C0000955,Mid-Market,North America,organic,2025-12-01,2025-12-31,31,2198.66,1338.04,860.62,0.391429,6,366.44,70.92
C0000957,SMB,North America,organic,2025-07-30,2025-12-30,154,1890.97,1009.16,881.81,0.466327,7,270.14,12.28
C0000971,SMB,North America,organic,2024-03-12,2025-12-23,652,4007.34,2305.69,1701.65,0.424633,21,190.83,6.15
C0000977,Startup,EMEA,organic,2024-12-01,2025-08-27,270,1809.47,926.32,883.15,0.488071,8,226.18,6.7
C0000978,Mid-Market,LATAM,organic,2024-08-30,2025-09-04,371,20352.3,12868.66,7483.64,0.367705,27,753.79,54.86
C0000987,Startup,EMEA,organic,2024-08-02,2024-09-01,31,826.28,375.25,451.03,0.545856,2,413.14,26.65
C0000988,SMB,LATAM,organic,2023-04-27,2024-06-11,412,4137.72,2406.26,1731.46,0.418458,18,229.87,10.04
C0001001,Startup,LATAM,organic,2023-04-30,2023-05-30,31,116.75,57.32,59.43,0.509036,2,58.38,3.77
C0001002,Enterprise,APAC,organic,2024-11-23,2025-12-16,389,51429.44,36797.56,14631.88,0.284504,24,2142.89,132.21
C0001011,Startup,North America,organic,2025-07-21,2025-09-17,59,988.44,574.66,413.78,0.418619,5,197.69,16.75
C0001018,SMB,North America,organic,,,0,0.0,0.0,0.0,0.0,0,0.0,0.0
C0001020,Startup,EMEA,organic,2024-10-29,2025-07-15,260,1066.79,704.71,362.08,0.339411,9,118.53,4.1
C0001032,Mid-Market,North America,organic,2025-07-04,2025-12-18,168,4134.65,2464.39,1670.26,0.403966,7,590.66,24.61
C0001033,Mid-Market,EMEA,organic,2024-12-30,2025-01-05,7,673.17,426.17,247.0,0.366921,3,224.39,96.17
C0001050,SMB,APAC,organic,2024-03-12,2024-07-17,128,1209.81,767.43,442.38,0.365661,5,241.96,9.45
C0001053,SMB,North America,organic,2024-04-17,2025-11-26,589,5026.57,2787.53,2239.04,0.445441,20,251.33,8.53
C0001055,Startup,LATAM,organic,2024-04-22,2025-08-20,486,2171.0,1145.96,1025.04,0.472151,18,120.61,4.47
C0001059,SMB,LATAM,organic,2025-01-29,2025-11-09,285,562.2,290.47,271.73,0.483333,4,140.55,1.97
C0001063,SMB,North America,organic,2024-03-15,2025-05-12,424,3449.12,2129.49,1319.63,0.382599,16,215.57,8.13
C0001074,Enterprise,North America,organic,2025-11-20,2025-12-23,34,25977.52,17607.01,8370.51,0.322221,12,2164.79,764.04
C0001076,Startup,EMEA,organic,2024-06-29,2025-03-25,270,1438.83,820.79,618.04,0.429543,11,130.8,5.33
C0001079,Startup,APAC,organic,2025-05-12,2025-12-29,232,1616.3,1056.78,559.52,0.346173,6,269.38,6.97
C0001080,SMB,APAC,organic,2024-07-25,2025-07-01,342,8756.84,5020.11,3736.73,0.426721,17,515.11,25.6
C0001086,SMB,EMEA,organic,2025-07-16,2025-12-19,157,890.25,436.12,454.13,0.510115,4,222.56,5.67
C0001087,SMB,North America,organic,2025-07-27,2025-12-19,146,2364.27,1299.06,1065.21,0.450545,9,262.7,16.19
C0001088,SMB,EMEA,organic,2025-07-23,2025-12-11,142,693.08,320.64,372.44,0.537369,7,99.01,4.88
C0001091,Mid-Market,LATAM,organic,2024-02-28,2024-02-28,1,218.16,110.39,107.77,0.493995,1,218.16,218.16
C0001096,SMB,EMEA,organic,2024-09-13,2025-04-04,204,1611.29,807.83,803.46,0.498644,9,179.03,7.9
C0001102,SMB,LATAM,organic,2024-08-25,2025-03-11,199,1952.75,1229.53,723.22,0.37036,10,195.28,9.81
C0001104,Mid-Market,North America,organic,2025-09-17,2025-11-03,48,1878.08,1079.13,798.95,0.425408,4,469.52,39.13
C0001134,SMB,North America,organic,2025-06-19,2025-11-26,161,2633.95,1457.95,1176.0,0.446478,8,329.24,16.36
C0001137,Mid-Market,North America,organic,2024-11-18,2025-07-18,243,9007.86,6512.84,2495.02,0.276983,10,900.79,37.07
C0001138,Mid-Market,North America,organic,2024-12-19,2025-12-07,354,11084.21,6212.23,4871.98,0.439542,17,652.01,31.31
C0001142,Enterprise,North America,organic,2025-08-12,2025-09-24,44,15747.39,11710.56,4036.83,0.256349,5,3149.48,357.9
C0001150,Startup,EMEA,organic,2025-11-13,2025-11-13,1,13.94,8.79,5.15,0.36944,1,13.94,13.94
C0001158,Mid-Market,APAC,organic,2023-02-04,2025-09-02,942,16143.24,9823.76,6319.48,0.391463,31,520.75,17.14
C0001160,SMB,North America,organic,2025-08-17,2025-11-16,92,344.55,200.55,144.0,0.417936,3,114.85,3.75
C0001168,SMB,EMEA,organic,2025-01-27,2025-10-25,272,2297.4,1529.49,767.91,0.334252,7,328.2,8.45
C0001176,Startup,North America,organic,2025-07-22,2025-11-07,109,1594.58,1150.34,444.24,0.278594,3,531.53,14.63
C0001178,Startup,EMEA,organic,2024-07-30,2025-08-21,388,1146.62,603.91,542.71,0.473313,10,114.66,2.96
C0001180,Startup,APAC,organic,2024-01-19,2024-10-16,272,2227.58,1240.9,986.68,0.442938,8,278.45,8.19
C0001198,SMB,APAC,organic,2025-04-27,2025-09-06,133,1100.59,578.17,522.42,0.474673,5,220.12,8.28
C0001200,SMB,EMEA,organic,2025-06-30,2025-12-28,182,1953.33,924.58,1028.75,0.526665,7,279.05,10.73
C0001202,SMB,North America,organic,2025-02-10,2025-09-02,205,5157.51,3254.67,1902.84,0.368945,11,468.86,25.16
C0001205,SMB,North America,organic,2023-06-21,2024-12-10,539,6355.39,4078.39,2277.0,0.358279,12,529.62,11.79
C0001215,SMB,EMEA,organic,2024-03-31,2024-10-03,187,884.43,486.44,397.99,0.449996,8,110.55,4.73
C0001217,Enterprise,APAC,organic,2024-06-01,2025-10-19,506,48261.41,31048.34,17213.07,0.356663,40,1206.54,95.38
C0001220,SMB,LATAM,organic,2023-05-09,2023-11-20,196,3709.04,2225.75,1483.29,0.399912,10,370.9,18.92
C0001221,Startup,EMEA,organic,2023-02-08,2023-03-20,41,645.55,382.64,262.91,0.407265,5,129.11,15.75
C0001222,Startup,North America,organic,2024-01-26,2025-10-11,625,2069.75,1285.44,784.31,0.378939,12,172.48,3.31
C0001223,SMB,LATAM,organic,2025-10-22,2025-11-04,14,326.6,166.9,159.7,0.488977,3,108.87,23.33
C0001224,SMB,EMEA,organic,2025-06-04,2025-12-24,204,1069.73,547.76,521.97,0.487946,4,267.43,5.24
C0001225,SMB,North America,organic,2024-01-19,2025-12-22,704,3417.21,2026.86,1390.35,0.406867,17,201.01,4.85
C0001226,SMB,EMEA,organic,2025-10-24,2025-12-10,48,1177.54,836.29,341.25,0.289799,4,294.38,24.53
C0001227,Startup,APAC,organic,2025-01-24,2025-02-08,16,353.09,198.32,154.77,0.43833,2,176.54,22.07
C0001232,Mid-Market,APAC,organic,2025-04-08,2025-11-04,211,13868.3,7820.29,6048.01,0.436103,17,815.78,65.73
C0001235,Enterprise,APAC,organic,2024-02-20,2024-07-01,133,6992.28,4832.69,2159.59,0.308853,5,1398.46,52.57
C0001237,Mid-Market,LATAM,organic,2024-01-20,2025-02-16,394,19244.59,10767.92,8476.67,0.44047,32,601.39,48.84
C0001246,Startup,LATAM,organic,2024-03-29,2024-03-31,3,351.31,175.36,175.95,0.50084,2,175.66,117.1
C0001251,SMB,North America,organic,2023-07-11,2025-10-30,843,8618.79,5219.57,3399.22,0.394396,31,278.03,10.22
C0001255,Startup,APAC,organic,2023-08-29,2025-12-08,833,3098.67,1530.65,1568.02,0.50603,16,193.67,3.72
C0001261,SMB,North America,organic,2023-03-29,2025-12-26,1004,6425.82,3679.49,2746.33,0.42739,28,229.49,6.4
C0001269,SMB,North America,organic,2025-05-12,2025-12-30,233,1898.69,1065.42,833.27,0.438866,4,474.67,8.15
C0001271,Startup,EMEA,organic,,,0,0.0,0.0,0.0,0.0,0,0.0,0.0
C0001277,Startup,LATAM,organic,2024-01-20,2024-06-19,152,586.9,309.64,277.26,0.472414,7,83.84,3.86
C0001281,SMB,EMEA,organic,2024-08-14,2025-11-06,450,4638.21,2655.49,1982.72,0.427475,9,515.36,10.31
C0001282,SMB,North America,organic,2024-09-12,2025-12-25,470,5881.56,3701.3,2180.26,0.370694,23,255.72,12.51
C0001292,Mid-Market,North America,organic,2025-04-26,2025-07-18,84,4793.2,2448.75,2344.45,0.48912,7,684.74,57.06
C0001293,SMB,EMEA,organic,2025-03-31,2025-10-22,206,3146.52,2052.4,1094.12,0.347724,10,314.65,15.27
C0001296,SMB,APAC,organic,2024-08-19,2025-06-08,294,3214.26,1901.86,1312.4,0.408305,13,247.25,10.93
C0001297,SMB,North America,organic,2023-07-01,2023-07-01,1,304.74,240.15,64.59,0.211951,1,304.74,304.74
C0001309,Mid-Market,North America,organic,2023-05-26,2024-05-04,345,4597.45,2946.73,1650.72,0.359051,14,328.39,13.33
C0001315,SMB,APAC,organic,2023-03-31,2025-11-29,975,8479.02,5206.04,3272.98,0.386009,31,273.52,8.7
C0001316,Startup,North America,organic,2025-05-15,2025-12-17,217,757.89,443.98,313.91,0.414189,9,84.21,3.49
C0001321,SMB,LATAM,organic,2025-02-01,2025-12-03,306,1910.04,1248.95,661.09,0.346113,8,238.76,6.24
C0001332,Mid-Market,North America,organic,2024-12-27,2025-12-15,354,22019.66,13683.92,8335.74,0.378559,23,957.38,62.2
C0001340,Mid-Market,EMEA,organic,2024-08-06,2025-02-11,190,8339.14,5274.96,3064.18,0.367446,11,758.1,43.89
C0001341,Mid-Market,LATAM,organic,2023-07-15,2025-12-30,900,16551.41,10459.65,6091.76,0.368051,37,447.34,18.39
C0001346,SMB,North America,organic,2025-03-20,2025-07-01,104,538.09,280.49,257.6,0.47873,6,89.68,5.17
C0001350,Mid-Market,EMEA,organic,2023-08-15,2025-05-16,641,24537.05,15315.98,9221.07,0.375802,30,817.9,38.28
C0001354,Startup,LATAM,organic,2024-05-28,2025-11-23,545,1339.55,649.42,690.13,0.515195,13,103.04,2.46
C0001356,Startup,North America,organic,2023-07-23,2024-07-02,346,591.0,352.92,238.08,0.402843,8,73.88,1.71
C0001359,Mid-Market,EMEA,organic,2025-05-21,2025-10-25,158,7370.14,4448.68,2921.46,0.396391,5,1474.03,46.65
C0001360,SMB,APAC,organic,2023-12-11,2025-09-08,638,2712.91,1506.71,1206.2,0.444615,14,193.78,4.25
C0001361,Mid-Market,North America,organic,2025-05-16,2025-06-14,30,2854.84,1582.48,1272.36,0.445685,5,570.97,95.16
C0001364,Startup,North America,organic,2023-03-27,2023-11-23,242,720.35,367.15,353.2,0.490317,7,102.91,2.98
C0001367,SMB,LATAM,organic,2024-02-03,2024-09-24,235,3933.12,2116.08,1817.04,0.461984,14,280.94,16.74
C0001375,SMB,EMEA,organic,2025-12-24,2025-12-24,1,203.08,139.94,63.14,0.310912,1,203.08,203.08
C0001376,SMB,North America,organic,2023-06-10,2024-01-03,208,250.59,113.16,137.43,0.548426,5,50.12,1.2
C0001381,Startup,EMEA,organic,,,0,0.0,0.0,0.0,0.0,0,0.0,0.0
C0001384,Mid-Market,LATAM,organic,2025-12-28,2025-12-31,4,1619.55,824.29,795.26,0.491038,3,539.85,404.89
C0001385,Startup,North America,organic,2025-12-26,2025-12-26,1,26.61,10.84,15.77,0.592634,1,26.61,26.61
C0001391,SMB,APAC,organic,2025-11-30,2025-11-30,1,567.58,282.92,284.66,0.501533,1,567.58,567.58
C0001400,SMB,EMEA,organic,2024-10-07,2025-12-16,436,4628.19,2870.6,1757.59,0.379758,12,385.68,10.62
C0001407,Mid-Market,LATAM,organic,,,0,0.0,0.0,0.0,0.0,0,0.0,0.0
C0001408,Startup,APAC,organic,2023-06-27,2024-11-23,516,774.22,433.75,340.47,0.439759,10,77.42,1.5
C0001420,Mid-Market,EMEA,organic,,,0,0.0,0.0,0.0,0.0,0,0.0,0.0
C0001428,Mid-Market,APAC,organic,2023-06-11,2025-12-18,922,26108.61,16295.25,9813.36,0.375867,40,652.72,28.32
C0001447,SMB,North America,organic,2025-11-14,2025-12-02,19,745.14,431.83,313.31,0.420471,2,372.57,39.22
C0001453,Mid-Market,North America,organic,2025-10-06,2025-12-11,67,2194.62,1241.07,953.55,0.434494,2,1097.31,32.76
C0001456,Mid-Market,North America,organic,2023-06-24,2023-12-04,164,3420.24,1630.73,1789.51,0.523212,7,488.61,20.86
C0001462,Mid-Market,North America,organic,2025-01-29,2025-01-29,1,103.03,41.65,61.38,0.595749,1,103.03,103.03
C0001464,Startup,EMEA,organic,2024-06-10,2024-06-23,14,227.89,157.07,70.82,0.310764,2,113.94,16.28
C0001473,SMB,APAC,organic,2023-09-10,2023-11-30,82,933.96,474.97,458.99,0.491445,5,186.79,11.39
C0001474,Startup,North America,organic,2024-12-30,2025-12-30,366,1146.27,565.38,580.89,0.506765,8,143.28,3.13
C0001483,Enterprise,EMEA,organic,2025-03-23,2025-12-12,265,13679.2,8828.61,4850.59,0.354596,13,1052.25,51.62
C0001498,Mid-Market,LATAM,organic,2025-04-26,2025-10-10,168,8681.48,5898.82,2782.66,0.320528,10,868.15,51.68
C0001499,Startup,North America,organic,2024-06-30,2025-06-17,353,1217.05,645.76,571.29,0.469406,10,121.7,3.45
C0001500,Mid-Market,EMEA,organic,2025-04-30,2025-08-29,122,3758.23,2324.58,1433.65,0.381469,7,536.89,30.81
C0001505,Enterprise,North America,organic,2025-09-03,2025-12-17,106,18958.63,13104.08,5854.55,0.308807,10,1895.86,178.86
C0001506,SMB,EMEA,organic,2025-01-24,2025-08-04,193,1582.36,1050.58,531.78,0.336068,5,316.47,8.2
C0001510,Mid-Market,North America,organic,2025-06-28,2025-08-09,43,3860.71,2332.17,1528.54,0.395922,8,482.59,89.78
C0001512,SMB,North America,organic,2024-04-16,2024-04-16,1,297.23,150.57,146.66,0.493423,1,297.23,297.23
C0001522,Enterprise,North America,organic,2025-01-22,2025-01-22,1,1417.86,1109.1,308.76,0.217765,1,1417.86,1417.86
C0001531,SMB,APAC,organic,2024-05-16,2024-10-26,164,2763.51,1471.91,1291.6,0.467377,9,307.06,16.85
C0001534,Mid-Market,LATAM,organic,2025-05-29,2025-12-09,195,15372.54,9932.96,5439.58,0.35385,12,1281.04,78.83
C0001537,Mid-Market,North America,organic,2025-07-26,2025-08-27,33,8512.02,4927.66,3584.36,0.421094,6,1418.67,257.94
C0001538,SMB,APAC,organic,2025-06-29,2025-08-01,34,347.1,167.88,179.22,0.516335,2,173.55,10.21
C0001544,SMB,APAC,organic,2023-11-27,2023-11-27,1,523.11,298.89,224.22,0.428629,1,523.11,523.11
C0001546,Mid-Market,LATAM,organic,2024-08-27,2025-11-21,452,7354.8,4055.14,3299.66,0.44864,20,367.74,16.27
C0001555,Startup,North America,organic,2024-02-24,2025-12-14,660,1892.62,1029.04,863.58,0.456288,17,111.33,2.87
C0001559,Mid-Market,APAC,organic,2025-04-18,2025-06-05,49,1179.38,637.29,542.09,0.45964,6,196.56,24.07
C0001560,Startup,APAC,organic,2025-10-29,2025-12-26,59,337.45,186.2,151.25,0.448215,3,112.48,5.72
C0001563,Startup,EMEA,organic,2025-10-27,2025-11-23,28,553.11,295.26,257.85,0.466182,2,276.56,19.75
C0001568,Startup,APAC,organic,2023-12-22,2025-12-02,712,2791.62,1531.41,1260.21,0.451426,21,132.93,3.92
C0001575,Mid-Market,North America,organic,2023-07-29,2025-08-12,746,34629.42,23070.56,11558.86,0.333787,34,1018.51,46.42
C0001576,Startup,LATAM,organic,2024-02-14,2024-02-14,1,220.21,181.48,38.73,0.175878,1,220.21,220.21
C0001577,Mid-Market,EMEA,organic,2025-09-02,2025-12-14,104,4762.48,2739.75,2022.73,0.424722,10,476.25,45.79
C0001581,Startup,APAC,organic,2025-10-21,2025-12-02,43,1376.3,1019.75,356.55,0.259064,2,688.15,32.01
C0001586,SMB,EMEA,organic,2025-11-29,2025-11-29,1,192.12,100.49,91.63,0.476941,1,192.12,192.12
C0001592,Enterprise,EMEA,organic,2023-04-25,2025-11-29,950,90078.61,61168.29,28910.32,0.320945,46,1958.23,94.82
C0001595,SMB,North America,organic,2025-12-02,2025-12-02,1,179.4,83.28,96.12,0.535786,1,179.4,179.4
C0001601,SMB,North America,organic,,,0,0.0,0.0,0.0,0.0,0,0.0,0.0
C0001602,Enterprise,LATAM,organic,2023-09-24,2025-08-17,694,51742.77,36270.41,15472.36,0.299025,28,1847.96,74.56
C0001604,SMB,North America,organic,2025-09-26,2025-11-13,49,1721.28,953.88,767.4,0.445831,3,573.76,35.13
C0001610,Startup,APAC,organic,2024-10-13,2024-10-13,1,144.52,68.02,76.5,0.529338,1,144.52,144.52
C0001618,SMB,North America,organic,2025-05-06,2025-10-29,177,1477.28,1017.71,459.57,0.311092,4,369.32,8.35
C0001620,Mid-Market,North America,organic,2023-03-29,2025-12-11,989,41976.12,25353.84,16622.28,0.395994,54,777.34,42.44
C0001626,Startup,North America,organic,2025-08-24,2025-09-22,30,677.48,473.25,204.23,0.301455,2,338.74,22.58
C0001641,SMB,LATAM,organic,2025-07-04,2025-12-28,178,3595.39,2230.54,1364.85,0.379611,9,399.49,20.2
C0001642,SMB,North America,organic,2023-07-12,2025-06-12,702,12450.58,7085.83,5364.75,0.430884,29,429.33,17.74
C0001643,SMB,LATAM,organic,2024-12-07,2025-12-30,389,2581.15,1322.13,1259.02,0.487775,14,184.37,6.64
C0001648,SMB,EMEA,organic,2025-09-24,2025-10-12,19,360.36,239.86,120.5,0.334388,3,120.12,18.97
C0001651,SMB,APAC,organic,2024-03-30,2025-09-27,547,6462.75,4154.45,2308.3,0.35717,18,359.04,11.81
C0001653,SMB,North America,organic,2024-03-26,2025-11-22,607,5925.44,3761.55,2163.89,0.365186,20,296.27,9.76
C0001657,Mid-Market,APAC,organic,2024-02-10,2025-12-17,677,35409.78,21227.38,14182.4,0.400522,45,786.88,52.3
C0001658,Startup,EMEA,organic,2025-09-19,2025-09-19,1,91.16,41.63,49.53,0.54333,1,91.16,91.16
C0001662,Mid-Market,LATAM,organic,2025-04-17,2025-11-20,218,4520.69,2572.02,1948.67,0.431056,10,452.07,20.74
C0001664,SMB,North America,organic,,,0,0.0,0.0,0.0,0.0,0,0.0,0.0
C0001672,SMB,EMEA,organic,2025-05-13,2025-12-29,231,5354.31,2870.45,2483.86,0.463899,16,334.64,23.18
C0001674,Startup,APAC,organic,2023-09-10,2025-03-27,565,1630.56,955.07,675.49,0.414269,15,108.7,2.89
C0001678,SMB,North America,organic,2024-12-23,2025-12-01,344,7389.34,4284.68,3104.66,0.420154,13,568.41,21.48
C0001682,Mid-Market,EMEA,organic,2025-08-26,2025-09-01,7,7979.63,4142.49,3837.14,0.480867,3,2659.88,1139.95
C0001683,SMB,North America,organic,2025-07-27,2025-07-27,1,88.93,62.83,26.1,0.293489,1,88.93,88.93
C0001684,Startup,North America,organic,2024-09-01,2024-09-01,1,493.5,262.12,231.38,0.468855,1,493.5,493.5
C0001685,SMB,LATAM,organic,2023-08-25,2024-01-24,153,1718.67,915.63,803.04,0.467245,7,245.52,11.23
C0001687,SMB,EMEA,organic,2024-12-27,2025-11-22,331,5089.22,2682.01,2407.21,0.473002,16,318.08,15.38
C0001695,Mid-Market,APAC,organic,2025-05-12,2025-05-16,5,2649.1,1876.78,772.32,0.291541,2,1324.55,529.82
C0001700,Mid-Market,North America,organic,2025-06-12,2025-06-19,8,2568.91,2167.41,401.5,0.156292,2,1284.46,321.11
C0001701,Startup,North America,organic,2025-11-27,2025-11-27,1,103.3,65.16,38.14,0.369216,1,103.3,103.3
C0001704,Startup,EMEA,organic,2025-05-05,2025-09-09,128,1220.63,759.73,460.9,0.377592,7,174.38,9.54
C0001710,Mid-Market,EMEA,organic,2024-04-26,2024-05-15,20,709.38,400.81,308.57,0.434985,2,354.69,35.47
C0001711,SMB,North America,organic,2025-08-04,2025-11-27,116,1625.01,1056.4,568.61,0.349912,8,203.13,14.01
C0001718,Enterprise,EMEA,organic,2025-03-24,2025-11-29,251,31811.37,21617.67,10193.7,0.320442,20,1590.57,126.74
C0001727,Mid-Market,North America,organic,2024-06-28,2025-06-26,364,8197.21,4827.98,3369.23,0.411022,16,512.33,22.52
C0001729,Startup,LATAM,organic,2023-06-01,2023-06-01,1,74.83,35.5,39.33,0.525591,1,74.83,74.83
C0001733,SMB,North America,organic,2025-07-08,2025-11-05,121,1294.72,654.56,640.16,0.494439,5,258.94,10.7
C0001739,SMB,APAC,organic,2025-04-09,2025-10-13,188,948.4,504.89,443.51,0.46764,6,158.07,5.04
C0001742,Mid-Market,North America,organic,2024-03-25,2025-04-08,380,7248.64,4655.49,2593.15,0.357743,8,906.08,19.08
C0001744,Startup,North America,organic,2025-12-10,2025-12-10,1,180.64,76.75,103.89,0.575122,1,180.64,180.64
C0001745,Startup,LATAM,organic,2025-09-30,2025-09-30,1,177.52,78.16,99.36,0.559712,1,177.52,177.52
C0001748,SMB,EMEA,organic,2025-01-19,2025-01-19,1,32.37,19.16,13.21,0.408094,1,32.37,32.37
C0001753,Startup,EMEA,organic,2025-11-06,2025-11-06,1,115.72,55.21,60.51,0.5229,1,115.72,115.72
C0001757,Startup,APAC,organic,2023-09-23,2024-01-03,103,1247.34,722.0,525.34,0.421168,7,178.19,12.11
C0001762,SMB,EMEA,organic,2024-01-01,2025-10-05,644,15655.76,9960.64,5695.12,0.363772,23,680.69,24.31
C0001764,Mid-Market,APAC,organic,2023-06-21,2025-10-06,839,21173.88,11071.23,10102.65,0.477128,37,572.27,25.24
C0001769,Mid-Market,EMEA,organic,2024-02-09,2025-08-28,567,22160.35,12438.44,9721.91,0.438707,33,671.53,39.08
C0001770,Startup,EMEA,organic,2025-10-01,2025-11-07,38,300.73,195.75,104.98,0.349084,3,100.24,7.91
C0001779,Startup,North America,organic,2024-08-19,2025-12-11,480,827.63,431.68,395.95,0.478414,12,68.97,1.72
C0001787,SMB,North America,organic,2024-07-07,2024-11-18,135,521.5,358.72,162.78,0.312138,3,173.83,3.86
C0001792,Mid-Market,LATAM,organic,2024-07-12,2024-09-20,71,7111.72,3744.25,3367.47,0.47351,4,1777.93,100.17
C0001814,Startup,North America,organic,2024-03-19,2024-04-28,41,571.47,293.4,278.07,0.486587,3,190.49,13.94
C0001817,SMB,North America,organic,2025-08-12,2025-11-19,100,4158.86,2937.61,1221.25,0.29365,3,1386.29,41.59
C0001818,SMB,LATAM,organic,2025-01-08,2025-02-16,40,2596.99,1310.05,1286.94,0.495551,2,1298.49,64.92
C0001827,Enterprise,EMEA,organic,2025-02-09,2025-11-30,295,78699.83,55605.09,23094.74,0.293453,26,3026.92,266.78
C0001831,Mid-Market,APAC,organic,2024-11-24,2025-04-16,144,4949.81,3213.03,1736.78,0.350878,8,618.73,34.37
C0001834,SMB,North America,organic,2023-12-09,2023-12-09,1,331.08,177.13,153.95,0.464993,1,331.08,331.08
C0001838,SMB,North America,organic,,,0,0.0,0.0,0.0,0.0,0,0.0,0.0
C0001840,SMB,LATAM,organic,2025-06-29,2025-11-21,146,1662.04,1003.56,658.48,0.396188,10,166.2,11.38
C0001841,SMB,APAC,organic,2023-03-29,2024-10-12,564,4156.37,2297.22,1859.15,0.447301,18,230.91,7.37
C0001844,SMB,North America,organic,,,0,0.0,0.0,0.0,0.0,0,0.0,0.0
C0001847,Mid-Market,EMEA,organic,2024-10-06,2025-10-30,390,13053.44,7554.34,5499.1,0.421276,29,450.12,33.47
C0001849,Mid-Market,APAC,organic,2024-09-18,2025-12-19,458,15645.44,9848.19,5797.25,0.370539,27,579.46,34.16
C0001854,Mid-Market,APAC,organic,2025-08-01,2025-12-27,149,6060.43,3773.33,2287.1,0.377382,3,2020.14,40.67
C0001858,Mid-Market,North America,organic,2024-06-06,2025-12-22,565,17642.6,11873.83,5768.77,0.32698,20,882.13,31.23
C0001859,Enterprise,LATAM,organic,2024-04-05,2025-11-29,604,88711.52,59400.9,29310.62,0.330404,51,1739.44,146.87
C0001862,SMB,EMEA,organic,,,0,0.0,0.0,0.0,0.0,0,0.0,0.0
C0001869,Enterprise,North America,organic,2025-01-30,2025-10-22,266,76376.28,57234.97,19141.31,0.250619,13,5875.1,287.13
C0001873,Mid-Market,APAC,organic,,,0,0.0,0.0,0.0,0.0,0,0.0,0.0
C0001880,Mid-Market,EMEA,organic,2025-02-14,2025-12-13,303,8908.87,6268.96,2639.91,0.296324,8,1113.61,29.4
C0001883,Startup,North America,organic,2024-09-17,2025-12-09,449,2695.88,1630.24,1065.64,0.395285,20,134.79,6.0
C0001888,Mid-Market,North America,organic,2024-04-09,2024-10-26,201,6584.16,3742.21,2841.95,0.431634,11,598.56,32.76
C0001895,Mid-Market,LATAM,organic,2024-07-01,2025-08-27,423,12035.91,6715.94,5319.97,0.442008,24,501.5,28.45
C0001898,SMB,North America,organic,,,0,0.0,0.0,0.0,0.0,0,0.0,0.0
C0001907,SMB,North America,organic,2025-02-02,2025-07-23,172,3292.59,1903.28,1389.31,0.421951,9,365.84,19.14
C0001909,Enterprise,North America,organic,2025-08-16,2025-12-26,133,34270.06,25820.71,8449.35,0.246552,15,2284.67,257.67
C0001911,Startup,North America,organic,2023-01-30,2024-03-29,425,1943.46,1141.75,801.71,0.412517,9,215.94,4.57
C0001919,Startup,APAC,organic,2025-03-16,2025-12-03,263,951.7,523.59,428.11,0.449837,7,135.96,3.62
C0001923,Mid-Market,EMEA,organic,2024-11-29,2025-05-01,154,8215.57,4839.46,3376.11,0.41094,11,746.87,53.35
C0001932,SMB,APAC,organic,2025-03-31,2025-04-09,10,924.39,601.81,322.58,0.348965,3,308.13,92.44
C0001933,Startup,LATAM,organic,2025-07-22,2025-10-03,74,993.98,581.53,412.45,0.414948,4,248.5,13.43
C0001937,SMB,North America,organic,2024-11-28,2025-10-06,313,3137.31,1881.94,1255.37,0.400142,8,392.16,10.02
C0001948,Startup,EMEA,organic,2025-11-26,2025-11-27,2,594.54,282.0,312.54,0.525684,2,297.27,297.27
C0001954,Enterprise,North America,organic,2025-12-20,2025-12-29,10,13325.78,10669.12,2656.66,0.199362,3,4441.93,1332.58
C0001964,Enterprise,LATAM,organic,2023-10-17,2024-06-06,234,24319.8,17818.73,6501.07,0.267316,15,1621.32,103.93
C0001985,Mid-Market,EMEA,organic,2025-03-28,2025-08-11,137,3500.61,2116.98,1383.63,0.395254,7,500.09,25.55
C0001992,Startup,North America,organic,2025-10-05,2025-12-31,88,325.88,156.99,168.89,0.518258,2,162.94,3.7
C0001995,Mid-Market,North America,organic,2024-12-14,2025-07-08,207,13364.72,8992.12,4372.6,0.327175,11,1214.97,64.56
C0001996,Mid-Market,EMEA,organic,2025-07-15,2025-12-18,157,5442.22,3787.11,1655.11,0.304124,12,453.52,34.66
C0001998,Mid-Market,APAC,organic,2024-07-27,2024-12-16,143,8675.89,5049.9,3625.99,0.417939,9,963.99,60.67
C0002001,Mid-Market,LATAM,organic,2025-09-16,2025-11-26,72,2868.03,1557.31,1310.72,0.457011,7,409.72,39.83
C0002005,SMB,APAC,organic,2023-08-14,2025-02-18,555,9635.41,5216.32,4419.09,0.45863,17,566.79,17.36
C0002007,Mid-Market,APAC,organic,2024-12-14,2025-08-14,244,8855.91,4834.9,4021.01,0.454048,14,632.56,36.29
C0002013,SMB,LATAM,organic,2023-10-16,2025-09-18,704,7018.78,3961.99,3056.79,0.435516,25,280.75,9.97
C0002020,SMB,North America,organic,2024-08-08,2025-09-01,390,2580.7,1457.53,1123.17,0.435219,9,286.74,6.62
C0002024,Startup,EMEA,organic,2024-03-23,2025-10-17,574,4434.64,2377.94,2056.7,0.463781,16,277.17,7.73
C0002026,SMB,EMEA,organic,2024-10-18,2025-09-27,345,3857.67,2386.66,1471.01,0.381321,14,275.55,11.18
C0002028,Startup,EMEA,organic,2024-09-21,2025-10-30,405,2289.64,1265.68,1023.96,0.447214,15,152.64,5.65
C0002040,SMB,EMEA,organic,2025-09-12,2025-11-11,61,921.88,512.48,409.4,0.444093,2,460.94,15.11
C0002043,Enterprise,EMEA,organic,2025-04-07,2025-10-29,206,23902.44,15897.62,8004.82,0.334896,17,1406.03,116.03
C0002046,SMB,APAC,organic,2023-03-31,2024-10-22,572,3861.14,2086.31,1774.83,0.459665,15,257.41,6.75
C0002056,Startup,EMEA,organic,2025-02-06,2025-02-06,1,44.07,23.8,20.27,0.45995,1,44.07,44.07
C0002080,Startup,LATAM,organic,,,0,0.0,0.0,0.0,0.0,0,0.0,0.0
C0002082,Mid-Market,EMEA,organic,2024-02-02,2025-11-30,668,34285.18,23170.33,11114.85,0.324188,34,1008.39,51.33
C0002084,Startup,APAC,organic,2023-12-17,2025-07-15,577,1625.65,929.71,695.94,0.4281,18,90.31,2.82
C0002087,Enterprise,LATAM,organic,2024-08-06,2025-11-24,476,44311.39,31806.16,12505.23,0.282213,22,2014.15,93.09
C0002093,SMB,North America,organic,2025-02-23,2025-09-29,219,3671.37,2192.76,1478.61,0.402741,9,407.93,16.76
C0002096,Startup,North America,organic,2024-09-03,2025-09-02,365,1778.14,899.81,878.33,0.49396,7,254.02,4.87
C0002098,SMB,EMEA,organic,2024-12-25,2025-12-25,366,938.04,524.37,413.67,0.440994,8,117.26,2.56
C0002103,SMB,EMEA,organic,2025-08-14,2025-12-12,121,2283.3,1433.6,849.7,0.372137,5,456.66,18.87
C0002107,SMB,North America,organic,2025-06-16,2025-12-21,189,1705.71,920.08,785.63,0.460588,8,213.21,9.02
C0002120,Startup,APAC,organic,2024-03-26,2024-03-26,1,18.46,8.55,9.91,0.536836,1,18.46,18.46
C0002123,Enterprise,APAC,organic,2024-04-20,2025-08-28,496,71224.03,47035.81,24188.22,0.339608,39,1826.26,143.6
C0002130,Startup,North America,organic,2023-03-04,2023-03-04,1,32.76,13.8,18.96,0.578755,1,32.76,32.76
C0002135,Mid-Market,EMEA,organic,2025-02-01,2025-11-06,279,12926.13,8446.48,4479.65,0.346558,13,994.32,46.33
C0002143,SMB,LATAM,organic,2025-09-06,2025-09-06,1,987.08,574.22,412.86,0.418264,1,987.08,987.08
C0002146,Mid-Market,EMEA,organic,,,0,0.0,0.0,0.0,0.0,0,0.0,0.0
C0002150,Enterprise,EMEA,organic,2023-08-15,2024-02-14,184,40976.1,27802.21,13173.89,0.321502,22,1862.55,222.7
C0002154,Mid-Market,North America,organic,2025-08-10,2025-10-30,82,2743.5,1459.04,1284.46,0.468183,9,304.83,33.46
C0002162,Startup,APAC,organic,2024-04-13,2025-11-27,594,2918.74,1856.72,1062.02,0.363862,18,162.15,4.91
C0002165,SMB,North America,organic,2025-10-10,2025-12-07,59,1327.9,726.44,601.46,0.452941,7,189.7,22.51
C0002169,SMB,EMEA,organic,2025-02-16,2025-09-20,217,1295.99,637.25,658.74,0.508291,3,432.0,5.97
C0002170,SMB,APAC,organic,2025-01-19,2025-02-12,25,1294.83,628.24,666.59,0.514809,2,647.42,51.79
C0002172,Enterprise,North America,organic,2024-03-17,2025-08-10,512,147810.85,102963.85,44847.0,0.303408,43,3437.46,288.69
C0002173,Mid-Market,EMEA,organic,2025-01-14,2025-09-21,251,7029.03,3542.09,3486.94,0.496077,10,702.9,28.0
C0002178,Mid-Market,EMEA,organic,2025-08-31,2025-10-02,33,4220.48,2736.26,1484.22,0.351671,4,1055.12,127.89
C0002193,Mid-Market,LATAM,organic,2025-06-22,2025-12-30,192,4249.09,2331.67,1917.42,0.451254,13,326.85,22.13
C0002201,SMB,EMEA,organic,2023-08-20,2025-12-17,851,12731.68,7188.34,5543.34,0.435397,27,471.54,14.96
C0002203,Enterprise,EMEA,organic,2025-10-25,2025-11-30,37,7043.41,5412.79,1630.62,0.23151,4,1760.85,190.36
C0002209,SMB,LATAM,organic,2023-10-29,2024-10-17,355,6095.22,3437.12,2658.1,0.436096,20,304.76,17.17
C0002212,Mid-Market,LATAM,organic,2024-11-17,2025-09-10,298,8795.94,5584.08,3211.86,0.365153,10,879.59,29.52
C0002220,Enterprise,APAC,organic,2024-06-03,2025-05-25,357,69301.71,47596.88,21704.83,0.313193,29,2389.71,194.12
C0002228,Mid-Market,EMEA,organic,2023-05-09,2023-05-10,2,1160.42,559.4,601.02,0.517933,3,386.81,580.21
C0002229,SMB,APAC,organic,2023-03-24,2023-06-01,70,1522.07,775.95,746.12,0.490201,5,304.41,21.74
C0002230,SMB,LATAM,organic,2025-06-01,2025-06-01,1,238.17,99.85,138.32,0.580762,1,238.17,238.17
C0002234,SMB,North America,organic,,,0,0.0,0.0,0.0,0.0,0,0.0,0.0
C0002235,SMB,North America,organic,2025-09-03,2025-11-26,85,3864.3,1869.84,1994.46,0.516125,9,429.37,45.46
C0002238,Enterprise,APAC,organic,2024-05-26,2025-12-20,574,112339.56,81080.0,31259.56,0.27826,44,2553.17,195.71
C0002239,Mid-Market,EMEA,organic,2024-09-07,2024-10-06,30,1312.13,685.89,626.24,0.47727,4,328.03,43.74
C0002241,Mid-Market,North America,organic,2024-09-02,2024-10-16,45,1549.71,1098.13,451.58,0.291396,3,516.57,34.44
C0002245,Mid-Market,APAC,organic,2024-09-11,2025-04-02,204,15281.36,10217.67,5063.69,0.331364,7,2183.05,74.91
C0002252,Enterprise,EMEA,organic,2025-08-05,2025-10-21,78,17595.52,11719.78,5875.74,0.333934,10,1759.55,225.58
C0002268,Mid-Market,APAC,organic,2025-02-03,2025-02-07,5,1223.84,837.18,386.66,0.31594,2,611.92,244.77
C0002291,Mid-Market,EMEA,organic,2025-12-30,2025-12-30,1,55.05,22.71,32.34,0.587466,1,55.05,55.05
C0002297,SMB,LATAM,organic,2025-07-07,2025-09-28,84,453.39,273.25,180.14,0.397318,3,151.13,5.4
C0002299,Enterprise,APAC,organic,2023-01-20,2024-02-01,378,52354.06,37074.52,15279.54,0.29185,19,2755.48,138.5
C0002304,Enterprise,North America,organic,2024-12-07,2025-12-26,385,34581.39,26278.46,8302.93,0.240098,18,1921.19,89.82
C0002305,Mid-Market,North America,organic,2024-10-16,2024-11-02,18,3087.61,1652.66,1434.95,0.464745,2,1543.8,171.53
C0002319,SMB,APAC,organic,2025-01-13,2025-10-16,277,748.28,367.15,381.13,0.509341,7,106.9,2.7
C0002327,Startup,APAC,organic,2024-01-29,2025-12-07,679,2763.99,1503.07,1260.92,0.456196,13,212.61,4.07
C0002329,Mid-Market,North America,organic,2025-02-23,2025-12-29,310,10729.23,5708.53,5020.7,0.467946,23,466.49,34.61
C0002345,Mid-Market,LATAM,organic,2025-06-14,2025-11-07,147,12107.81,7269.34,4838.47,0.399616,13,931.37,82.37
C0002347,SMB,EMEA,organic,2025-09-27,2025-11-01,36,367.9,176.64,191.26,0.51987,3,122.63,10.22
C0002361,Startup,EMEA,organic,,,0,0.0,0.0,0.0,0.0,0,0.0,0.0
C0002368,Startup,North America,organic,2024-11-17,2025-12-27,406,2519.26,1771.15,748.11,0.296956,10,251.93,6.21
C0002370,SMB,North America,organic,2025-01-28,2025-05-31,124,3169.13,2179.35,989.78,0.312319,9,352.13,25.56
C0002388,Startup,North America,organic,2023-07-10,2024-07-16,373,1143.49,599.12,544.37,0.47606,10,114.35,3.07
C0002393,Startup,APAC,organic,2024-07-12,2025-11-22,499,1619.23,880.69,738.54,0.456106,13,124.56,3.24
C0002396,Enterprise,APAC,organic,2025-12-26,2025-12-28,3,4416.27,2993.98,1422.29,0.322057,3,1472.09,1472.09
C0002397,Startup,APAC,organic,2024-04-04,2024-10-07,187,1080.07,654.63,425.44,0.3939,5,216.01,5.78
C0002398,Enterprise,APAC,organic,2024-01-07,2024-01-07,1,8199.9,5328.17,2871.73,0.350215,1,8199.9,8199.9
C0002401,SMB,North America,organic,2025-03-15,2025-08-31,170,4677.13,2752.81,1924.32,0.411432,7,668.16,27.51
C0002407,SMB,APAC,organic,2025-04-01,2025-11-04,218,2208.26,1092.5,1115.76,0.505267,7,315.47,10.13
C0002413,SMB,EMEA,organic,2024-11-11,2025-05-24,195,2347.54,1249.3,1098.24,0.467826,7,335.36,12.04
C0002416,Mid-Market,EMEA,organic,2023-07-24,2023-10-04,73,1487.98,889.17,598.81,0.402431,4,372.0,20.38
C0002417,Mid-Market,LATAM,organic,2024-02-20,2024-02-20,1,803.12,405.38,397.74,0.495244,1,803.12,803.12
C0002419,SMB,North America,organic,2023-05-18,2023-07-02,46,550.95,300.05,250.9,0.455395,3,183.65,11.98
C0002421,SMB,North America,organic,2023-09-28,2025-12-31,826,3767.14,1986.88,1780.26,0.472576,17,221.6,4.56
C0002426,Mid-Market,North America,organic,2025-06-17,2025-11-22,159,12754.54,6937.26,5817.28,0.456095,12,1062.88,80.22
C0002427,Mid-Market,LATAM,organic,2023-06-09,2025-12-05,911,30579.72,16849.25,13730.47,0.449006,36,849.44,33.57
C0002433,Mid-Market,APAC,organic,2025-03-26,2025-11-29,249,12644.51,7439.14,5205.37,0.41167,10,1264.45,50.78
C0002434,Mid-Market,North America,organic,2024-05-29,2025-01-17,234,17772.72,10814.35,6958.37,0.39152,14,1269.48,75.95
C0002439,SMB,APAC,organic,,,0,0.0,0.0,0.0,0.0,0,0.0,0.0
C0002440,Startup,EMEA,organic,2025-07-09,2025-09-04,58,449.93,266.22,183.71,0.408308,3,149.98,7.76
C0002447,Startup,EMEA,organic,2023-05-11,2025-07-30,812,3256.92,1908.96,1347.96,0.413876,19,171.42,4.01
C0002449,Mid-Market,EMEA,organic,2025-03-23,2025-12-18,271,5232.58,3395.02,1837.56,0.351177,6,872.1,19.31
C0002451,Mid-Market,APAC,organic,2025-06-15,2025-11-30,169,10211.51,6459.57,3751.94,0.367423,15,680.77,60.42
C0002455,Startup,EMEA,organic,2025-05-31,2025-10-27,150,578.63,297.09,281.54,0.486563,5,115.73,3.86
C0002466,Mid-Market,EMEA,organic,2025-08-03,2025-11-30,120,6462.96,3698.01,2764.95,0.427815,10,646.3,53.86
C0002469,Enterprise,LATAM,organic,2025-03-09,2025-11-03,240,23532.02,16275.78,7256.24,0.308356,19,1238.53,98.05
C0002470,Startup,North America,organic,2024-06-27,2025-08-19,419,1131.89,586.23,545.66,0.482079,10,113.19,2.7
C0002479,SMB,North America,organic,2024-07-31,2025-11-29,487,4871.26,2875.37,1995.89,0.409728,14,347.95,10.0
C0002480,Mid-Market,LATAM,organic,2025-11-27,2025-11-28,2,533.89,240.37,293.52,0.549776,2,266.94,266.94
C0002484,SMB,APAC,organic,2024-06-20,2025-11-29,528,4949.17,3112.69,1836.48,0.371068,20,247.46,9.37
C0002490,SMB,North America,organic,2025-05-01,2025-08-06,98,1343.38,757.65,585.73,0.436012,6,223.9,13.71
C0002495,SMB,LATAM,organic,2025-11-07,2025-12-24,48,3690.45,1981.31,1709.14,0.463125,5,738.09,76.88
C0002526,Mid-Market,EMEA,organic,2023-11-19,2025-12-06,749,23282.22,12951.23,10330.99,0.443729,38,612.69,31.08
C0002528,Startup,EMEA,organic,2025-11-20,2025-11-20,1,158.48,121.49,36.99,0.233405,1,158.48,158.48
C0002529,SMB,APAC,organic,2025-11-09,2025-11-09,1,212.73,115.6,97.13,0.456588,1,212.73,212.73
C0002534,SMB,North America,organic,2023-03-17,2023-04-04,19,712.5,349.55,362.95,0.509404,4,178.12,37.5
C0002539,SMB,North America,organic,2023-01-29,2025-12-29,1066,13375.85,7456.39,5919.46,0.442548,31,431.48,12.55
C0002540,Startup,North America,organic,2024-12-30,2025-12-12,348,631.22,361.52,269.7,0.427268,6,105.2,1.81
C0002541,Startup,LATAM,organic,2025-01-08,2025-03-03,55,437.05,222.42,214.63,0.491088,5,87.41,7.95
C0002544,Mid-Market,LATAM,organic,2024-03-14,2025-05-30,443,27885.69,15855.71,12029.98,0.431403,34,820.17,62.95
C0002546,SMB,LATAM,organic,2024-07-30,2025-08-24,391,2632.56,1430.23,1202.33,0.456715,15,175.5,6.73
C0002555,Startup,APAC,organic,2024-05-03,2025-01-25,268,997.43,492.22,505.21,0.506512,10,99.74,3.72
C0002559,Mid-Market,EMEA,organic,2024-12-07,2025-04-25,140,4904.35,2734.87,2169.48,0.442358,7,700.62,35.03
C0002561,Enterprise,EMEA,organic,2025-04-03,2025-05-28,56,21779.18,16099.23,5679.95,0.260797,7,3111.31,388.91
C0002568,SMB,APAC,organic,2023-09-06,2024-04-20,228,2357.9,1335.85,1022.05,0.433458,8,294.74,10.34
C0002571,SMB,EMEA,organic,2023-05-08,2023-09-02,118,1149.39,572.38,577.01,0.502014,5,229.88,9.74
C0002575,SMB,APAC,organic,2025-03-19,2025-11-28,255,6007.06,3815.61,2191.45,0.364812,9,667.45,23.56
C0002579,Startup,North America,organic,2023-10-15,2024-04-06,175,1136.12,636.42,499.7,0.43983,4,284.03,6.49
C0002582,SMB,EMEA,organic,,,0,0.0,0.0,0.0,0.0,0,0.0,0.0
C0002587,Startup,EMEA,organic,2024-07-14,2025-04-24,285,1297.36,812.64,484.72,0.37362,7,185.34,4.55
C0002594,Enterprise,APAC,organic,,,0,0.0,0.0,0.0,0.0,0,0.0,0.0
C0002599,Mid-Market,North America,organic,2025-11-27,2025-11-27,1,617.69,316.35,301.34,0.48785,1,617.69,617.69
C0002601,Mid-Market,EMEA,organic,2024-09-21,2025-07-13,296,2862.69,1608.87,1253.82,0.437987,10,286.27,9.67
C0002614,SMB,EMEA,organic,2025-07-27,2025-12-10,137,1807.24,970.7,836.54,0.462883,12,150.6,13.19
C0002621,SMB,North America,organic,2025-10-25,2025-12-06,43,200.52,105.4,95.12,0.474367,2,100.26,4.66
C0002624,Mid-Market,LATAM,organic,2025-11-20,2025-12-29,40,2915.54,1795.61,1119.93,0.384124,4,728.88,72.89
C0002625,SMB,North America,organic,2025-02-23,2025-12-31,312,3380.02,1960.03,1419.99,0.420113,15,225.33,10.83
C0002630,Enterprise,APAC,organic,2024-02-27,2025-12-14,657,166318.23,121306.22,45012.01,0.270638,34,4891.71,253.15
C0002631,SMB,North America,organic,2023-09-02,2024-07-06,309,801.37,412.68,388.69,0.485032,6,133.56,2.59
C0002637,Startup,EMEA,organic,2025-01-25,2025-05-06,102,372.34,171.01,201.33,0.540715,4,93.08,3.65
C0002638,Startup,EMEA,organic,2024-04-21,2025-12-23,612,1225.82,647.19,578.63,0.472035,12,102.15,2.0
C0002641,Mid-Market,North America,organic,2025-06-20,2025-12-19,183,10552.62,5817.23,4735.39,0.448741,11,959.33,57.66
C0002650,Startup,LATAM,organic,2025-09-19,2025-12-22,95,222.4,129.67,92.73,0.416951,3,74.13,2.34
C0002661,SMB,North America,organic,2025-09-15,2025-12-20,97,1417.68,904.4,513.28,0.362056,5,283.54,14.62
C0002665,Enterprise,LATAM,organic,2024-12-15,2025-12-18,369,75528.72,54505.49,21023.23,0.278347,31,2436.41,204.68
C0002667,Enterprise,APAC,organic,2025-10-26,2025-11-30,36,8703.46,5140.61,3562.85,0.40936,6,1450.58,241.76
C0002670,SMB,APAC,organic,2024-11-17,2025-12-01,380,2052.91,1131.16,921.75,0.448997,9,228.1,5.4
C0002674,Startup,LATAM,organic,2025-01-28,2025-11-09,286,1001.92,609.06,392.86,0.392107,9,111.32,3.5
C0002685,Startup,EMEA,organic,2024-04-20,2025-12-24,614,1344.79,714.07,630.72,0.46901,14,96.06,2.19
C0002686,SMB,North America,organic,2025-06-24,2025-11-26,156,1683.49,962.38,721.11,0.428342,8,210.44,10.79
C0002692,Startup,North America,organic,2024-09-22,2024-09-22,1,1375.8,1122.83,252.97,0.183871,1,1375.8,1375.8
C0002696,SMB,EMEA,organic,2023-11-17,2025-12-26,771,5063.67,3228.76,1834.91,0.362368,22,230.17,6.57
C0002697,SMB,North America,organic,2025-08-28,2025-12-26,121,1061.61,566.6,495.01,0.466282,6,176.93,8.77
C0002699,Enterprise,EMEA,organic,2024-08-20,2025-01-23,157,33891.21,23298.82,10592.39,0.312541,17,1993.6,215.87
C0002700,Mid-Market,North America,organic,2025-10-17,2025-12-29,74,3634.99,1889.49,1745.5,0.480194,10,363.5,49.12
C0002702,Enterprise,EMEA,organic,2025-01-21,2025-12-17,331,47463.0,31902.7,15560.3,0.327841,22,2157.41,143.39
C0002715,Mid-Market,EMEA,organic,2025-09-27,2025-12-24,89,4279.89,2350.92,1928.97,0.450706,8,534.99,48.09
C0002718,Mid-Market,EMEA,organic,,,0,0.0,0.0,0.0,0.0,0,0.0,0.0
C0002728,SMB,EMEA,organic,2023-11-22,2025-12-25,765,6668.18,3602.1,3066.08,0.459808,27,246.97,8.72
C0002729,Enterprise,EMEA,organic,2024-10-02,2024-12-10,70,26231.85,16111.38,10120.47,0.385808,5,5246.37,374.74
C0002735,SMB,North America,organic,2024-04-09,2024-07-29,112,658.29,326.91,331.38,0.503395,4,164.57,5.88
C0002737,Mid-Market,APAC,organic,2024-01-28,2025-09-18,600,31942.95,22297.41,9645.54,0.301961,29,1101.48,53.24
C0002738,SMB,North America,organic,2025-01-26,2025-11-16,295,1992.59,1122.62,869.97,0.436603,13,153.28,6.75
C0002740,SMB,EMEA,organic,2025-04-04,2025-07-28,116,2315.89,1354.98,960.91,0.41492,9,257.32,19.96
C0002750,Mid-Market,APAC,organic,2023-03-14,2025-12-03,996,23208.41,13520.27,9688.14,0.417441,47,493.8,23.3
C0002755,SMB,North America,organic,,,0,0.0,0.0,0.0,0.0,0,0.0,0.0
C0002756,SMB,EMEA,organic,2025-09-07,2025-12-29,114,3265.25,2170.14,1095.11,0.335383,7,466.46,28.64
C0002768,Startup,LATAM,organic,2025-07-20,2025-12-20,154,820.62,422.29,398.33,0.485401,4,205.15,5.33
C0002784,SMB,North America,organic,2024-07-06,2025-01-02,181,7853.3,4580.69,3272.61,0.416718,12,654.44,43.39
C0002789,Enterprise,North America,organic,2025-12-12,2025-12-30,19,2748.41,1445.41,1303.0,0.474092,3,916.14,144.65
C0002791,Mid-Market,EMEA,organic,2025-09-09,2025-12-30,113,3407.37,2071.0,1336.37,0.3922,7,486.77,30.15
C0002795,Startup,EMEA,organic,2025-09-14,2025-10-15,32,184.01,101.98,82.03,0.445791,2,92.0,5.75
C0002796,SMB,APAC,organic,2025-02-27,2025-03-12,14,395.17,258.5,136.67,0.345851,3,131.72,28.23
C0002801,Startup,EMEA,organic,2025-12-31,2025-12-31,1,867.06,449.36,417.7,0.481743,1,867.06,867.06
C0002803,Enterprise,EMEA,organic,2023-04-28,2025-01-10,624,62565.07,42636.68,19928.39,0.318523,41,1525.98,100.26
C0002804,Mid-Market,LATAM,organic,2025-03-23,2025-07-01,101,3934.17,2216.99,1717.18,0.436478,5,786.83,38.95
C0002805,Startup,North America,organic,2023-11-09,2024-10-05,332,868.47,520.75,347.72,0.400382,10,86.85,2.62
C0002806,Enterprise,North America,organic,2024-03-10,2024-06-21,104,12687.83,8000.17,4687.66,0.369461,10,1268.78,122.0
C0002810,Startup,LATAM,organic,2024-01-10,2024-01-10,1,9.85,5.01,4.84,0.491371,1,9.85,9.85
C0002816,Enterprise,APAC,organic,2025-03-02,2025-12-27,301,81666.79,55489.24,26177.55,0.320541,33,2474.75,271.32
C0002821,SMB,North America,organic,2024-05-15,2025-12-18,583,38209.68,28602.55,9607.13,0.251432,15,2547.31,65.54
C0002823,Mid-Market,APAC,organic,2023-04-19,2024-09-18,519,15639.83,9036.57,6603.26,0.422208,29,539.3,30.13
C0002825,SMB,EMEA,organic,,,0,0.0,0.0,0.0,0.0,0,0.0,0.0
C0002847,Mid-Market,EMEA,organic,2024-02-21,2025-09-09,567,13836.37,9667.51,4168.86,0.301297,21,658.87,24.4
C0002863,Startup,EMEA,organic,2024-06-12,2025-12-08,545,3558.16,1850.99,1707.17,0.47979,17,209.3,6.53
C0002864,Startup,EMEA,organic,2023-07-17,2025-10-01,808,3965.81,2259.78,1706.03,0.430185,25,158.63,4.91
C0002868,Startup,North America,organic,2025-03-09,2025-12-03,270,336.11,187.41,148.7,0.442415,5,67.22,1.24
C0002873,SMB,EMEA,organic,2023-02-14,2023-03-06,21,396.82,262.66,134.16,0.338088,2,198.41,18.9
C0002877,Mid-Market,EMEA,organic,2024-04-06,2025-09-30,543,33961.16,23343.69,10617.47,0.312636,30,1132.04,62.54
C0002882,SMB,North America,organic,2023-06-28,2024-07-03,372,1474.14,796.27,677.87,0.459841,10,147.41,3.96
C0002889,SMB,LATAM,organic,2023-08-22,2024-03-21,213,1262.83,698.63,564.2,0.446774,8,157.85,5.93
C0002894,Mid-Market,LATAM,organic,2025-03-26,2025-12-30,280,6874.74,3946.94,2927.8,0.425878,14,491.05,24.55
C0002906,Startup,North America,organic,2025-05-09,2025-11-05,181,1000.07,505.46,494.61,0.494575,5,200.01,5.53
C0002908,Mid-Market,North America,organic,2023-04-22,2025-12-06,960,85801.97,49194.67,36607.3,0.426649,57,1505.3,89.38
C0002916,SMB,EMEA,organic,2023-11-17,2025-11-24,739,4249.98,2308.53,1941.45,0.456814,18,236.11,5.75
C0002917,Mid-Market,EMEA,organic,2024-03-17,2024-12-05,264,9746.21,6086.11,3660.1,0.375541,16,609.14,36.92
C0002918,Startup,North America,organic,2025-09-23,2025-09-23,1,72.06,35.19,36.87,0.511657,1,72.06,72.06
C0002921,SMB,North America,organic,2025-12-31,2025-12-31,1,134.52,65.22,69.3,0.515165,1,134.52,134.52
C0002922,Startup,LATAM,organic,2023-01-17,2024-01-23,372,692.95,381.06,311.89,0.45009,9,76.99,1.86
C0002923,SMB,EMEA,organic,2023-11-06,2025-09-16,681,9580.67,5770.73,3809.94,0.397669,27,354.84,14.07
C0002924,SMB,APAC,organic,2025-05-18,2025-12-21,218,2108.94,1334.38,774.56,0.367275,9,234.33,9.67
C0002928,SMB,LATAM,organic,2025-04-25,2025-12-26,246,4959.21,3074.57,1884.64,0.380028,11,450.84,20.16
C0002929,SMB,EMEA,organic,2025-04-09,2025-04-09,1,299.97,160.99,138.98,0.463313,1,299.97,299.97
C0002930,Startup,APAC,organic,2025-05-24,2025-12-05,196,1831.56,1155.56,676.0,0.369084,8,228.94,9.34
C0002931,Mid-Market,EMEA,organic,2025-04-13,2025-06-02,51,3225.1,2009.19,1215.91,0.377015,3,1075.03,63.24
C0002940,SMB,North America,organic,2023-02-14,2023-06-22,129,1345.75,805.4,540.35,0.401523,6,224.29,10.43
C0002955,SMB,APAC,organic,2025-02-01,2025-02-03,3,605.69,334.52,271.17,0.447704,3,201.9,201.9
C0002956,Enterprise,EMEA,organic,2025-02-01,2025-02-01,1,1211.09,768.7,442.39,0.365283,2,605.54,1211.09
C0002957,Startup,EMEA,organic,2023-10-25,2023-10-25,1,628.78,461.13,167.65,0.266627,1,628.78,628.78
C0002959,SMB,North America,organic,2024-04-01,2024-04-02,2,1231.3,642.29,589.01,0.478364,3,410.43,615.65
C0002963,SMB,North America,organic,2023-08-08,2024-08-04,363,2642.44,1638.69,1003.75,0.379857,8,330.3,7.28
C0002967,SMB,EMEA,organic,2024-05-26,2025-04-30,340,2788.12,1712.28,1075.84,0.385866,8,348.52,8.2
C0002971,Enterprise,EMEA,organic,2024-12-05,2025-11-01,332,41968.5,27943.67,14024.83,0.334175,34,1234.37,126.41
C0002990,Startup,LATAM,organic,2025-03-28,2025-10-03,190,574.99,267.87,307.12,0.534131,5,115.0,3.03
C0002996,Mid-Market,LATAM,organic,2024-11-27,2025-04-15,140,9686.35,5806.95,3879.4,0.400502,8,1210.79,69.19
C0002999,Mid-Market,APAC,organic,2025-12-19,2025-12-29,11,2058.62,1604.31,454.31,0.220687,3,686.21,187.15
C0003009,SMB,EMEA,organic,2023-05-30,2025-12-30,946,8822.59,4955.23,3867.36,0.438347,29,304.23,9.33
C0003033,Startup,LATAM,organic,2024-03-20,2025-11-09,600,1794.93,1027.25,767.68,0.427694,18,99.72,2.99
C0003039,Startup,EMEA,organic,2024-02-25,2024-10-30,249,2832.18,1894.99,937.19,0.330908,8,354.02,11.37
C0003042,SMB,EMEA,organic,2025-12-14,2025-12-28,15,678.34,487.74,190.6,0.28098,2,339.17,45.22
C0003046,Mid-Market,APAC,organic,2025-12-19,2025-12-19,1,1060.11,624.54,435.57,0.410872,1,1060.11,1060.11
C0003050,Startup,APAC,organic,2024-04-11,2024-04-13,3,316.29,147.58,168.71,0.533403,2,158.15,105.43
C0003062,SMB,APAC,organic,2024-11-03,2025-12-22,415,5899.05,3549.58,2349.47,0.398279,15,393.27,14.21
C0003063,SMB,LATAM,organic,,,0,0.0,0.0,0.0,0.0,0,0.0,0.0
C0003064,SMB,North America,organic,2025-10-31,2025-11-29,30,404.73,209.61,195.12,0.482099,3,134.91,13.49
C0003071,Mid-Market,North America,organic,2023-02-11,2024-05-10,455,28204.85,18165.31,10039.54,0.355951,42,671.54,61.99
C0003084,Mid-Market,LATAM,organic,2025-07-31,2025-12-14,137,6789.84,4697.17,2092.67,0.308206,7,969.98,49.56
C0003086,SMB,North America,organic,2024-05-27,2024-12-04,192,690.57,496.63,193.94,0.28084,3,230.19,3.6
C0003107,Enterprise,North America,organic,2024-08-24,2024-09-09,17,7982.61,5778.67,2203.94,0.276093,4,1995.65,469.57
C0003113,SMB,North America,organic,2025-06-16,2025-08-22,68,1294.83,722.78,572.05,0.441795,6,215.81,19.04
C0003118,SMB,North America,organic,2025-06-04,2025-11-18,168,1502.48,727.15,775.33,0.516033,8,187.81,8.94
C0003122,SMB,APAC,organic,2024-06-09,2025-08-05,423,5859.86,3568.51,2291.35,0.391025,20,292.99,13.85
C0003126,Mid-Market,North America,organic,2023-12-26,2025-09-29,644,21100.67,13403.08,7697.59,0.364803,25,844.03,32.77
C0003128,SMB,APAC,organic,2024-02-05,2025-11-19,654,5126.35,2907.12,2219.23,0.432906,21,244.11,7.84
C0003134,SMB,LATAM,organic,2023-03-31,2025-12-23,999,13096.11,8583.78,4512.33,0.344555,25,523.84,13.11
C0003138,Enterprise,EMEA,organic,2023-04-25,2023-09-25,154,19547.42,11790.25,7757.17,0.396839,8,2443.43,126.93
C0003139,Startup,EMEA,organic,2025-09-22,2025-11-19,59,243.71,136.72,106.99,0.439005,2,121.85,4.13
C0003140,Enterprise,LATAM,organic,2024-07-31,2024-11-06,99,30454.99,21627.99,8827.0,0.289838,11,2768.64,307.63
C0003148,SMB,EMEA,organic,2025-06-30,2025-12-21,175,835.56,356.96,478.6,0.57279,10,83.56,4.77
C0003153,Mid-Market,North America,organic,2024-07-04,2024-11-03,123,13845.26,8857.29,4987.97,0.360266,14,988.95,112.56
C0003155,SMB,North America,organic,2023-12-20,2024-10-15,301,9108.05,5180.69,3927.36,0.431197,15,607.2,30.26
C0003157,SMB,North America,organic,2023-07-25,2023-08-26,33,1230.04,666.87,563.17,0.457847,3,410.01,37.27
C0003158,Enterprise,North America,organic,2023-04-21,2024-06-26,433,41674.64,26601.99,15072.65,0.361674,22,1894.3,96.25
C0003164,Startup,EMEA,organic,2025-07-30,2025-08-07,9,1341.27,641.98,699.29,0.521364,2,670.64,149.03
C0003172,Mid-Market,APAC,organic,2025-06-24,2025-12-10,170,4852.15,2947.91,1904.24,0.392453,8,606.52,28.54
C0003182,Startup,EMEA,organic,2024-04-23,2025-12-16,603,1796.32,1030.24,766.08,0.426472,15,119.75,2.98
C0003200,Mid-Market,North America,organic,2025-12-21,2025-12-21,1,1350.49,975.83,374.66,0.277425,1,1350.49,1350.49
C0003202,Startup,EMEA,organic,2025-12-04,2025-12-04,1,149.72,81.23,68.49,0.457454,1,149.72,149.72
C0003211,Mid-Market,EMEA,organic,2024-07-15,2025-12-27,531,13224.36,8010.85,5213.51,0.394235,18,734.69,24.9
C0003213,SMB,EMEA,organic,2025-08-14,2025-12-25,134,328.53,168.92,159.61,0.485831,2,164.26,2.45
C0003220,SMB,North America,organic,2024-06-17,2025-04-28,316,4316.59,2492.76,1823.83,0.422516,16,269.79,13.66
C0003221,Startup,EMEA,organic,,,0,0.0,0.0,0.0,0.0,0,0.0,0.0
C0003223,Startup,APAC,organic,2025-07-10,2025-12-24,168,697.29,375.16,322.13,0.461974,8,87.16,4.15
C0003224,Enterprise,EMEA,organic,2025-05-22,2025-10-12,144,9161.17,6172.12,2989.05,0.326274,5,1832.23,63.62
C0003237,SMB,APAC,organic,2025-12-08,2025-12-31,24,688.47,420.5,267.97,0.389225,3,229.49,28.69
C0003240,Enterprise,North America,organic,2024-05-28,2025-04-01,309,72894.71,52183.43,20711.28,0.284126,29,2513.61,235.91
C0003241,Startup,North America,organic,2025-10-28,2025-11-10,14,70.44,33.66,36.78,0.522147,2,35.22,5.03
C0003244,SMB,LATAM,organic,2024-05-18,2025-03-07,294,3870.32,2379.09,1491.23,0.385299,17,227.67,13.16
C0003248,SMB,EMEA,organic,2025-08-11,2025-12-12,124,3288.27,1886.6,1401.67,0.426264,10,328.83,26.52
C0003253,Mid-Market,North America,organic,2024-05-10,2024-12-13,218,5021.2,2918.4,2102.8,0.418784,11,456.47,23.03
C0003257,Startup,APAC,organic,2023-07-17,2025-12-08,876,2035.94,1171.97,863.97,0.424359,19,107.15,2.32
C0003260,SMB,LATAM,organic,2023-05-05,2024-01-31,272,1762.23,991.87,770.36,0.437151,7,251.75,6.48
C0003265,SMB,EMEA,organic,2024-07-23,2024-11-22,123,1015.55,596.46,419.09,0.412673,5,203.11,8.26
C0003275,SMB,North America,organic,2025-05-28,2025-12-16,203,3862.85,2476.3,1386.55,0.358945,13,297.14,19.03
C0003278,SMB,North America,organic,2025-02-07,2025-03-12,34,1071.46,511.4,560.06,0.522707,6,178.58,31.51
C0003288,SMB,EMEA,organic,2024-11-09,2025-08-10,275,1637.19,919.58,717.61,0.438318,9,181.91,5.95
C0003291,Mid-Market,North America,organic,,,0,0.0,0.0,0.0,0.0,0,0.0,0.0
C0003292,SMB,EMEA,organic,2025-06-30,2025-07-02,3,1003.0,436.35,566.65,0.564955,3,334.33,334.33
C0003296,Mid-Market,North America,organic,2025-12-12,2025-12-27,16,1689.2,871.41,817.79,0.484129,6,281.53,105.58
C0003305,SMB,EMEA,organic,2025-07-24,2025-12-22,152,1820.24,1188.48,631.76,0.347075,7,260.03,11.98
C0003308,SMB,LATAM,organic,2023-02-26,2023-06-01,96,3856.24,2844.31,1011.93,0.262414,4,964.06,40.17
C0003315,Mid-Market,North America,organic,2024-09-03,2025-12-04,458,13836.09,8188.18,5647.91,0.408201,24,576.5,30.21
C0003317,SMB,North America,organic,2025-06-23,2025-08-05,44,418.43,204.27,214.16,0.511818,3,139.48,9.51
C0003333,Enterprise,EMEA,organic,2023-03-01,2025-10-26,971,233739.23,159222.44,74516.79,0.318803,61,3831.79,240.72
C0003339,Mid-Market,LATAM,organic,2024-04-25,2025-11-21,576,23149.18,13859.93,9289.25,0.401278,36,643.03,40.19
C0003345,Mid-Market,APAC,organic,2025-01-06,2025-12-29,358,14923.7,9441.53,5482.17,0.367347,22,678.35,41.69
C0003379,SMB,North America,organic,2024-11-10,2025-12-14,400,2896.26,1622.78,1273.48,0.439698,17,170.37,7.24
C0003381,Mid-Market,North America,organic,2024-04-19,2024-09-07,142,3195.13,1717.57,1477.56,0.462441,9,355.01,22.5
C0003383,SMB,APAC,organic,2025-12-19,2025-12-19,1,70.45,49.3,21.15,0.300213,1,70.45,70.45
C0003389,Mid-Market,EMEA,organic,2024-10-30,2024-11-13,15,4447.26,2651.58,1795.68,0.403772,2,2223.63,296.48
C0003390,Startup,North America,organic,2024-03-31,2025-12-14,624,3770.86,2487.85,1283.01,0.340243,13,290.07,6.04
C0003393,Startup,North America,organic,2025-12-27,2025-12-27,1,28.32,12.34,15.98,0.564266,1,28.32,28.32
C0003401,SMB,North America,organic,2023-05-24,2024-05-07,350,2816.87,1446.01,1370.86,0.486661,9,312.99,8.05
C0003402,SMB,LATAM,organic,2025-09-10,2025-09-30,21,753.29,383.6,369.69,0.490767,3,251.1,35.87
C0003406,Startup,North America,organic,2025-09-04,2025-11-06,64,918.32,398.1,520.22,0.566491,2,459.16,14.35
C0003411,Enterprise,LATAM,organic,2025-04-27,2025-04-27,1,968.8,643.51,325.29,0.335766,1,968.8,968.8
C0003412,Mid-Market,North America,organic,2023-09-18,2023-09-24,7,1356.77,680.51,676.26,0.498434,2,678.38,193.82
C0003435,SMB,North America,organic,2023-05-24,2023-12-22,213,2089.92,1267.98,821.94,0.393288,6,348.32,9.81
C0003441,Startup,EMEA,organic,2024-03-27,2024-10-08,196,1300.73,771.17,529.56,0.407125,4,325.18,6.64
C0003447,Startup,North America,organic,2025-08-06,2025-08-20,15,306.66,180.68,125.98,0.410813,3,102.22,20.44
C0003449,Mid-Market,EMEA,organic,2024-10-05,2025-01-28,116,2294.24,1279.23,1015.01,0.442417,4,573.56,19.78
C0003452,Startup,North America,organic,2025-02-22,2025-12-18,300,641.31,319.95,321.36,0.501099,8,80.16,2.14
C0003453,SMB,EMEA,organic,2023-01-25,2024-10-03,618,4188.27,2433.7,1754.57,0.418925,20,209.41,6.78
C0003454,SMB,EMEA,organic,2023-03-27,2025-12-12,992,10994.48,6381.63,4612.85,0.419561,41,268.16,11.08
C0003459,Mid-Market,North America,organic,2023-02-17,2023-07-02,136,5830.38,3535.57,2294.81,0.393595,9,647.82,42.87
C0003461,Startup,LATAM,organic,2024-10-31,2025-07-21,264,1523.58,823.7,699.88,0.459365,12,126.96,5.77
C0003465,Startup,EMEA,organic,2025-08-15,2025-11-22,100,213.59,127.98,85.61,0.400815,3,71.2,2.14
C0003466,Startup,EMEA,organic,2025-08-08,2025-08-08,1,78.69,35.49,43.2,0.54899,1,78.69,78.69
C0003471,SMB,North America,organic,2024-10-16,2025-02-10,118,590.71,229.89,360.82,0.610824,3,196.9,5.01
C0003476,Startup,EMEA,organic,2024-10-19,2025-12-24,432,1890.43,1037.9,852.53,0.450971,14,135.03,4.38
C0003484,SMB,LATAM,organic,2025-02-14,2025-02-20,7,171.82,78.85,92.97,0.54109,2,85.91,24.55
C0003494,Enterprise,APAC,organic,2025-03-25,2025-12-22,273,33286.63,24224.48,9062.15,0.272246,11,3026.06,121.93
C0003501,SMB,EMEA,organic,2024-09-16,2024-09-16,1,266.0,187.91,78.09,0.293571,1,266.0,266.0
C0003507,SMB,North America,organic,2025-01-28,2025-03-04,36,1080.84,585.37,495.47,0.458412,4,270.21,30.02
C0003510,Mid-Market,LATAM,organic,2024-06-11,2025-12-07,545,14835.28,9061.85,5773.43,0.389169,25,593.41,27.22
C0003514,SMB,APAC,organic,2025-12-20,2025-12-20,1,543.91,308.61,235.3,0.432608,1,543.91,543.91
C0003516,SMB,EMEA,organic,2025-10-03,2025-11-23,52,242.97,150.44,92.53,0.380829,3,80.99,4.67
C0003525,Mid-Market,North America,organic,2024-12-27,2025-12-29,368,9349.59,5833.44,3516.15,0.376075,16,584.35,25.41
C0003527,SMB,LATAM,organic,2023-07-25,2025-10-01,800,7712.39,4490.02,3222.37,0.417817,20,385.62,9.64
C0003540,Startup,APAC,organic,2024-07-25,2024-08-15,22,63.98,28.03,35.95,0.561894,2,31.99,2.91
C0003546,Startup,EMEA,organic,2024-12-01,2024-12-23,23,272.86,148.73,124.13,0.454922,2,136.43,11.86
C0003547,Enterprise,EMEA,organic,2025-05-01,2025-10-08,161,28821.5,21037.41,7784.09,0.270079,15,1921.43,179.02
C0003563,Startup,EMEA,organic,2025-12-09,2025-12-09,1,126.46,53.2,73.26,0.579314,1,126.46,126.46
C0003571,SMB,APAC,organic,2025-08-31,2025-11-05,67,913.73,540.04,373.69,0.408972,4,228.43,13.64
C0003584,SMB,EMEA,organic,2025-07-26,2025-12-31,159,664.36,291.67,372.69,0.560976,5,132.87,4.18
C0003590,SMB,APAC,organic,2024-05-19,2025-12-18,579,4733.31,2829.27,1904.04,0.402264,18,262.96,8.17
C0003593,Startup,North America,organic,2025-09-05,2025-10-05,31,312.24,244.24,68.0,0.217781,2,156.12,10.07
C0003596,SMB,North America,organic,2025-12-31,2025-12-31,1,359.79,224.59,135.2,0.375775,1,359.79,359.79
C0003601,SMB,North America,organic,2024-04-25,2024-09-10,139,2119.25,999.48,1119.77,0.52838,9,235.47,15.25
C0003606,Mid-Market,EMEA,organic,2023-01-15,2024-10-09,634,26511.2,15226.69,11284.51,0.425651,39,679.77,41.82
C0003610,SMB,North America,organic,2024-03-05,2025-11-26,632,2809.99,1447.26,1362.73,0.484959,18,156.11,4.45
C0003611,Startup,EMEA,organic,2025-04-25,2025-09-16,145,637.86,388.94,248.92,0.390242,4,159.46,4.4
C0003614,Startup,EMEA,organic,2025-10-22,2025-10-22,1,115.5,62.03,53.47,0.462944,1,115.5,115.5
C0003616,SMB,North America,organic,2025-05-23,2025-12-07,199,2704.65,1821.57,883.08,0.326504,10,270.47,13.59
C0003621,Mid-Market,North America,organic,2025-03-31,2025-10-02,186,11143.32,6135.92,5007.4,0.449363,15,742.89,59.91
C0003622,Startup,North America,organic,2024-04-10,2025-08-11,489,804.74,380.19,424.55,0.527562,7,114.96,1.65
C0003623,Startup,EMEA,organic,2024-10-31,2025-12-20,416,4292.27,2780.19,1512.08,0.35228,8,536.53,10.32
C0003630,Startup,LATAM,organic,2024-01-10,2024-03-18,69,231.62,132.08,99.54,0.429756,2,115.81,3.36
C0003632,Startup,APAC,organic,,,0,0.0,0.0,0.0,0.0,0,0.0,0.0
C0003636,Startup,EMEA,organic,2023-04-29,2023-12-29,245,2137.35,1166.81,970.54,0.454086,10,213.74,8.72
C0003638,Mid-Market,North America,organic,2024-01-26,2024-07-09,166,8806.42,5129.19,3677.23,0.417562,10,880.64,53.05
C0003652,SMB,LATAM,organic,2024-02-28,2024-06-20,114,4075.14,2186.89,1888.25,0.463358,6,679.19,35.75
C0003654,Mid-Market,North America,organic,2024-01-29,2025-03-14,411,13232.29,7782.85,5449.44,0.411829,14,945.16,32.2
C0003658,SMB,North America,organic,,,0,0.0,0.0,0.0,0.0,0,0.0,0.0
C0003664,SMB,EMEA,organic,2025-06-29,2025-12-06,161,1760.22,775.01,985.21,0.559708,6,293.37,10.93
C0003668,Mid-Market,North America,organic,2023-08-30,2024-01-07,131,4958.83,2979.52,1979.31,0.399149,14,354.2,37.85
C0003687,Mid-Market,North America,organic,2024-06-27,2025-12-06,528,23104.44,14284.77,8819.67,0.381731,35,660.13,43.76
C0003696,Mid-Market,North America,organic,2024-09-29,2025-12-12,440,16458.59,9481.47,6977.12,0.42392,11,1496.24,37.41
C0003697,SMB,APAC,organic,2024-05-15,2024-08-16,94,858.82,699.68,159.14,0.185301,2,429.41,9.14
C0003698,Startup,LATAM,organic,2023-04-21,2023-12-26,250,1049.99,693.04,356.95,0.339956,10,105.0,4.2
C0003699,SMB,North America,organic,2023-02-26,2023-02-26,1,476.91,337.23,139.68,0.292885,1,476.91,476.91
C0003702,Mid-Market,EMEA,organic,2024-03-03,2025-01-20,324,7665.13,4562.76,3102.37,0.404738,12,638.76,23.66
C0003703,SMB,North America,organic,2025-02-25,2025-12-26,305,4320.39,2692.54,1627.85,0.376783,13,332.34,14.17
C0003704,SMB,North America,organic,2025-06-19,2025-11-12,147,954.01,550.38,403.63,0.423088,5,190.8,6.49
C0003706,SMB,APAC,organic,2023-10-18,2025-10-10,724,5423.51,3463.58,1959.93,0.361377,25,216.94,7.49
C0003711,Mid-Market,North America,organic,2025-10-12,2025-10-21,10,4472.58,2105.47,2367.11,0.529249,3,1490.86,447.26
C0003718,SMB,LATAM,organic,2025-08-25,2025-12-23,121,1162.44,645.42,517.02,0.444771,7,166.06,9.61
C0003728,Enterprise,EMEA,organic,2024-03-18,2025-09-13,545,44086.35,32511.31,11575.04,0.262554,25,1763.45,80.89
C0003735,Mid-Market,North America,organic,2024-01-07,2025-12-29,723,24521.17,14146.24,10374.93,0.423101,38,645.29,33.92
C0003740,Enterprise,North America,organic,2024-10-18,2025-12-29,438,32805.48,22818.67,9986.81,0.304425,17,1929.73,74.9
C0003745,SMB,North America,organic,2023-07-30,2025-12-16,871,6393.2,3751.52,2641.68,0.413202,29,220.46,7.34
C0003756,Enterprise,North America,organic,2024-07-01,2025-04-10,284,21773.36,15412.9,6360.46,0.292121,13,1674.87,76.67
C0003761,SMB,North America,organic,,,0,0.0,0.0,0.0,0.0,0,0.0,0.0
C0003764,Startup,North America,organic,2024-03-22,2025-09-27,555,2554.65,1482.64,1072.01,0.419631,19,134.46,4.6
C0003773,SMB,North America,organic,2025-08-06,2025-11-17,104,631.07,356.33,274.74,0.435356,5,126.21,6.07
C0003780,SMB,North America,organic,2025-12-28,2025-12-28,1,45.15,23.95,21.2,0.469546,1,45.15,45.15
C0003782,SMB,EMEA,organic,2025-10-03,2025-12-22,81,1108.68,673.27,435.41,0.392728,6,184.78,13.69
C0003787,Startup,North America,organic,2025-12-27,2025-12-27,1,34.8,18.01,16.79,0.482471,1,34.8,34.8
C0003788,SMB,APAC,organic,2023-09-25,2024-11-14,417,2965.51,1584.38,1381.13,0.465731,15,197.7,7.11
C0003789,Mid-Market,APAC,organic,2024-07-05,2024-12-16,165,7298.03,4471.95,2826.08,0.387239,9,810.89,44.23
C0003811,Mid-Market,LATAM,organic,2025-02-27,2025-08-24,179,9720.84,6032.68,3688.16,0.379408,10,972.08,54.31
C0003812,Startup,EMEA,organic,2023-09-20,2024-11-24,432,477.8,271.81,205.99,0.431122,6,79.63,1.11
C0003818,Mid-Market,North America,organic,2024-04-16,2024-06-04,50,2443.9,1718.45,725.45,0.296841,2,1221.95,48.88
C0003826,Startup,LATAM,organic,2025-01-30,2025-02-11,13,408.57,212.42,196.15,0.480089,2,204.28,31.43
C0003829,Mid-Market,North America,organic,2025-11-26,2025-11-26,1,2996.83,1844.47,1152.36,0.384526,3,998.94,2996.83
C0003848,Startup,North America,organic,2025-11-03,2025-11-07,5,190.18,103.56,86.62,0.455463,2,95.09,38.04
C0003851,Enterprise,LATAM,organic,2024-09-29,2025-09-05,342,57125.08,39384.72,17740.36,0.310553,19,3006.58,167.03
C0003859,SMB,EMEA,organic,2025-05-31,2025-09-24,117,223.37,135.09,88.28,0.395219,2,111.68,1.91
C0003868,Mid-Market,EMEA,organic,2024-03-21,2024-10-21,215,9297.8,5476.19,3821.61,0.411023,14,664.13,43.25
C0003874,Mid-Market,EMEA,organic,2023-09-18,2024-04-05,201,4472.55,2863.43,1609.12,0.359777,8,559.07,22.25
C0003877,Mid-Market,LATAM,organic,2023-01-21,2024-10-09,628,12570.23,7824.65,4745.58,0.377525,23,546.53,20.02
C0003882,SMB,APAC,organic,2025-12-01,2025-12-01,1,700.85,355.41,345.44,0.492887,1,700.85,700.85
C0003886,Startup,EMEA,organic,2023-04-18,2025-11-18,946,12283.05,8021.73,4261.32,0.346927,26,472.42,12.98
C0003891,Startup,LATAM,organic,2023-09-29,2023-11-22,55,239.0,114.83,124.17,0.51954,2,119.5,4.35
C0003892,Mid-Market,EMEA,organic,2025-04-29,2025-12-13,229,10482.65,6106.16,4376.49,0.417498,17,616.63,45.78
C0003899,Enterprise,APAC,organic,2023-09-09,2024-06-05,271,55341.15,37111.02,18230.13,0.329414,25,2213.65,204.21
C0003902,Startup,LATAM,organic,2025-10-23,2025-10-23,1,43.2,23.03,20.17,0.466898,1,43.2,43.2
C0003903,Mid-Market,APAC,organic,2025-06-12,2025-12-25,197,7216.5,3800.31,3416.19,0.473386,12,601.38,36.63
C0003907,Startup,North America,organic,2025-09-20,2025-11-25,67,724.68,353.78,370.9,0.511812,2,362.34,10.82
C0003908,SMB,North America,organic,2025-10-31,2025-12-17,48,1070.7,554.67,516.03,0.481956,3,356.9,22.31
C0003918,SMB,EMEA,organic,2025-02-25,2025-12-09,288,1579.13,772.93,806.2,0.510534,9,175.46,5.48
C0003934,SMB,EMEA,organic,2023-03-25,2025-11-17,969,10073.87,6904.61,3169.26,0.314602,29,347.37,10.4
C0003939,Startup,EMEA,organic,2024-12-27,2025-12-01,340,523.38,307.93,215.45,0.411651,7,74.77,1.54
C0003941,SMB,EMEA,organic,2023-06-24,2023-06-24,1,218.17,112.51,105.66,0.484301,1,218.17,218.17
C0003944,SMB,North America,organic,2025-03-22,2025-12-28,282,5028.97,3115.42,1913.55,0.380505,15,335.26,17.83
C0003950,Mid-Market,EMEA,organic,2024-04-29,2024-11-14,200,3026.91,1717.5,1309.41,0.43259,6,504.48,15.13
C0003960,Mid-Market,LATAM,organic,2024-08-25,2025-12-29,492,14288.76,8861.51,5427.25,0.379827,20,714.44,29.04
C0003963,Startup,EMEA,organic,2025-07-19,2025-10-25,99,529.26,254.74,274.52,0.518686,4,132.32,5.35
C0003964,Startup,EMEA,organic,2024-04-21,2025-08-17,484,1579.3,841.85,737.45,0.466947,13,121.48,3.26
C0003966,Startup,LATAM,organic,2023-07-05,2023-10-07,95,493.35,289.74,203.61,0.412709,4,123.34,5.19
C0003973,SMB,APAC,organic,2025-03-20,2025-10-19,214,2463.37,1345.55,1117.82,0.453777,11,223.94,11.51
C0003974,Startup,EMEA,organic,2024-01-07,2024-04-16,101,163.88,92.49,71.39,0.435624,2,81.94,1.62
C0003977,Startup,North America,organic,2023-06-27,2025-12-30,918,2487.55,1306.8,1180.75,0.474664,19,130.92,2.71
C0003980,Startup,EMEA,organic,2025-09-02,2025-11-13,73,1086.7,590.9,495.8,0.456244,8,135.84,14.89
C0003983,Enterprise,EMEA,organic,2025-06-10,2025-12-31,205,13992.42,9860.56,4131.86,0.295293,9,1554.71,68.26
C0003986,Startup,North America,organic,2023-05-23,2023-11-13,175,520.96,302.5,218.46,0.419341,3,173.65,2.98
C0003995,Enterprise,North America,organic,2024-03-13,2025-08-20,526,93279.54,63616.16,29663.38,0.318005,32,2914.99,177.34
C0003999,SMB,EMEA,organic,2024-06-18,2025-11-04,505,7416.79,4714.49,2702.3,0.364349,14,529.77,14.69
C0004002,SMB,EMEA,organic,2024-08-30,2025-10-27,424,4333.45,2561.93,1771.52,0.408801,19,228.08,10.22
C0004003,SMB,APAC,organic,2025-10-18,2025-12-22,66,216.34,99.49,116.85,0.540122,3,72.11,3.28
C0004009,SMB,APAC,organic,2023-12-16,2024-07-31,229,1758.92,942.2,816.72,0.46433,8,219.86,7.68
C0004017,Startup,North America,organic,2024-03-08,2025-02-08,338,1010.33,561.87,448.46,0.443875,8,126.29,2.99
C0004036,SMB,North America,organic,2024-08-24,2025-11-16,450,2579.45,1508.86,1070.59,0.415046,10,257.94,5.73
C0004044,Startup,LATAM,organic,2025-11-28,2025-11-28,1,84.25,36.6,47.65,0.565579,1,84.25,84.25
C0004046,Startup,North America,organic,2024-03-24,2025-11-15,602,4195.22,2241.91,1953.31,0.465604,20,209.76,6.97
C0004052,SMB,LATAM,organic,2025-08-15,2025-11-28,106,878.34,566.51,311.83,0.355022,5,175.67,8.29
C0004067,Mid-Market,APAC,organic,2024-04-19,2025-04-06,353,18182.87,9654.78,8528.09,0.469018,29,627.0,51.51
C0004068,Mid-Market,APAC,organic,2025-05-28,2025-12-27,214,4062.67,2415.21,1647.46,0.405512,7,580.38,18.98
C0004071,SMB,APAC,organic,2024-09-03,2024-11-19,78,417.57,213.1,204.47,0.489666,3,139.19,5.35
C0004078,SMB,LATAM,organic,2025-02-27,2025-07-09,133,943.09,502.05,441.04,0.467654,6,157.18,7.09
C0004079,Enterprise,LATAM,organic,2023-10-23,2023-10-23,1,3467.97,3181.14,286.83,0.082708,1,3467.97,3467.97
C0004086,SMB,EMEA,organic,,,0,0.0,0.0,0.0,0.0,0,0.0,0.0
C0004090,Mid-Market,EMEA,organic,2023-11-30,2024-04-07,130,4001.07,2307.13,1693.94,0.423372,11,363.73,30.78
C0004092,Enterprise,LATAM,organic,2025-10-12,2025-10-14,3,3288.47,2040.79,1247.68,0.37941,2,1644.24,1096.16
C0004094,SMB,LATAM,organic,2023-12-25,2025-11-16,693,4748.76,2557.36,2191.4,0.461468,21,226.13,6.85
C0004099,Enterprise,North America,organic,2025-05-16,2025-12-23,222,52258.22,35811.9,16446.32,0.314713,22,2375.37,235.4
C0004104,Mid-Market,North America,organic,2024-05-15,2025-12-18,583,45379.71,25438.28,19941.43,0.439435,29,1564.82,77.84
C0004106,Mid-Market,EMEA,organic,2023-06-28,2023-08-20,54,3414.47,2045.92,1368.55,0.400809,5,682.89,63.23
C0004109,Mid-Market,North America,organic,2025-11-11,2025-11-14,4,1630.0,1162.3,467.7,0.286933,2,815.0,407.5
C0004116,Startup,EMEA,organic,,,0,0.0,0.0,0.0,0.0,0,0.0,0.0
C0004132,SMB,North America,organic,2025-07-19,2025-07-19,1,143.04,73.58,69.46,0.485598,1,143.04,143.04
C0004140,SMB,EMEA,organic,2025-09-30,2025-12-01,63,2571.61,1621.71,949.9,0.369379,9,285.73,40.82
C0004141,SMB,North America,organic,2024-10-01,2025-12-05,431,3066.61,1673.08,1393.53,0.45442,15,204.44,7.12
C0004144,SMB,North America,organic,2024-09-25,2025-07-04,283,9960.58,5338.1,4622.48,0.464077,12,830.05,35.2
C0004151,Mid-Market,North America,organic,2024-03-24,2025-10-19,575,22915.35,15166.4,7748.95,0.338155,16,1432.21,39.85
C0004152,Mid-Market,North America,organic,2025-05-02,2025-11-19,202,11947.68,6661.16,5286.52,0.442473,15,796.51,59.15
C0004156,Startup,North America,organic,2023-01-30,2023-01-30,1,84.89,37.84,47.05,0.554247,1,84.89,84.89
C0004163,Startup,APAC,organic,2025-10-30,2025-12-12,44,302.29,163.81,138.48,0.458103,2,151.15,6.87
C0004173,Enterprise,North America,organic,,,0,0.0,0.0,0.0,0.0,0,0.0,0.0
C0004190,Mid-Market,LATAM,organic,2024-12-21,2025-12-30,375,13039.37,7728.02,5311.35,0.407332,25,521.57,34.77
C0004198,Startup,EMEA,organic,2025-10-23,2025-12-05,44,560.76,285.19,275.57,0.491422,3,186.92,12.74
C0004201,Mid-Market,LATAM,organic,2024-03-01,2024-09-11,195,8888.47,6134.72,2753.75,0.309811,8,1111.06,45.58
C0004211,Startup,APAC,organic,2025-05-31,2025-12-29,213,790.84,567.48,223.36,0.282434,6,131.81,3.71
C0004215,Startup,EMEA,organic,2025-02-22,2025-11-22,274,1316.28,841.91,474.37,0.360387,6,219.38,4.8
C0004222,Mid-Market,APAC,organic,2023-01-31,2023-02-21,22,1908.88,1228.86,680.02,0.35624,5,381.78,86.77
C0004230,Enterprise,APAC,organic,2024-03-14,2025-11-27,624,72739.14,48085.58,24653.56,0.338931,45,1616.43,116.57
C0004233,Mid-Market,EMEA,organic,2025-06-28,2025-10-12,107,2968.32,1994.93,973.39,0.327926,3,989.44,27.74
C0004235,SMB,EMEA,organic,2023-08-01,2023-08-01,1,341.12,184.83,156.29,0.458167,1,341.12,341.12
C0004238,Startup,North America,organic,2025-12-19,2025-12-19,1,74.27,27.92,46.35,0.624074,1,74.27,74.27
C0004251,SMB,North America,organic,2024-06-20,2025-09-01,439,8235.84,5056.52,3179.32,0.386035,22,374.36,18.76
C0004255,Mid-Market,APAC,organic,2025-09-19,2025-09-26,8,566.06,283.04,283.02,0.499982,2,283.03,70.76
C0004258,SMB,LATAM,organic,2024-12-17,2025-06-23,189,2003.03,1247.21,755.82,0.377338,4,500.76,10.6
C0004270,SMB,EMEA,organic,2025-07-31,2025-12-28,151,1518.65,901.06,617.59,0.40667,10,151.86,10.06
C0004291,Startup,EMEA,organic,2023-06-23,2024-08-03,408,1432.05,721.12,710.93,0.496442,10,143.2,3.51
C0004312,Enterprise,LATAM,organic,2025-08-23,2025-12-17,117,18170.16,12477.22,5692.94,0.313313,13,1397.7,155.3
C0004314,Mid-Market,EMEA,organic,2025-10-01,2025-12-01,62,2604.79,1520.54,1084.25,0.416252,4,651.2,42.01
C0004319,SMB,EMEA,organic,2025-09-25,2025-09-25,1,709.36,310.26,399.1,0.56262,1,709.36,709.36
C0004323,Mid-Market,EMEA,organic,2025-03-29,2025-03-29,1,887.51,578.68,308.83,0.347974,1,887.51,887.51
C0004339,Startup,EMEA,organic,2025-03-02,2025-11-13,257,911.86,512.92,398.94,0.437501,8,113.98,3.55
C0004346,Mid-Market,North America,organic,2025-12-02,2025-12-02,1,404.6,196.13,208.47,0.51525,1,404.6,404.6
C0004347,Mid-Market,EMEA,organic,2025-08-05,2025-11-22,110,16258.83,10856.51,5402.32,0.33227,12,1354.9,147.81
C0004348,Enterprise,LATAM,organic,2025-10-09,2025-11-29,52,15687.31,9454.84,6232.47,0.397294,7,2241.04,301.68
C0004350,Mid-Market,North America,organic,2025-09-28,2025-12-20,84,7342.5,4871.68,2470.82,0.336509,9,815.83,87.41
C0004351,Startup,APAC,organic,2023-12-19,2024-03-10,83,913.8,619.02,294.78,0.322587,6,152.3,11.01
C0004353,SMB,North America,organic,2025-04-28,2025-12-14,231,4077.71,2490.22,1587.49,0.389309,15,271.85,17.65
C0004354,Mid-Market,LATAM,organic,2023-04-30,2023-07-22,84,563.71,283.99,279.72,0.496213,3,187.9,6.71
C0004355,Mid-Market,APAC,organic,2025-11-10,2025-11-20,11,1393.24,700.25,692.99,0.497395,2,696.62,126.66
C0004369,SMB,EMEA,organic,2023-10-09,2024-03-08,152,6669.47,5016.62,1652.85,0.247823,7,952.78,43.88
C0004374,SMB,North America,organic,2023-11-14,2025-08-05,631,6704.45,3875.11,2829.34,0.422009,22,304.75,10.63
C0004378,Mid-Market,EMEA,organic,2023-12-29,2025-11-27,700,22877.1,14244.68,8632.42,0.377339,35,653.63,32.68
C0004379,SMB,EMEA,organic,2025-10-31,2025-12-24,55,540.33,321.01,219.32,0.4059,4,135.08,9.82
C0004388,Mid-Market,LATAM,organic,2023-10-19,2024-02-06,111,1991.71,991.86,999.85,0.502006,5,398.34,17.94
C0004391,SMB,EMEA,organic,2024-01-05,2024-01-29,25,1395.3,778.06,617.24,0.442371,2,697.65,55.81
C0004393,SMB,EMEA,organic,2025-01-08,2025-10-17,283,938.14,505.33,432.81,0.461349,6,156.36,3.31
C0004404,Mid-Market,North America,organic,2024-06-08,2025-04-14,311,8817.33,5769.09,3048.24,0.34571,12,734.78,28.35
C0004411,SMB,EMEA,organic,2024-07-24,2024-07-24,1,161.89,73.32,88.57,0.5471,1,161.89,161.89
C0004413,Mid-Market,North America,organic,2025-06-29,2025-11-11,136,3852.53,2465.66,1386.87,0.359989,5,770.51,28.33
C0004422,SMB,APAC,organic,2023-12-31,2025-11-25,696,5827.11,3473.98,2353.13,0.403825,22,264.87,8.37
C0004434,Mid-Market,North America,organic,2024-08-01,2025-06-28,332,14654.29,9151.57,5502.72,0.375502,22,666.1,44.14
C0004435,SMB,EMEA,organic,2025-02-24,2025-11-18,268,3007.43,1583.22,1424.21,0.473564,9,334.16,11.22
C0004441,Startup,EMEA,organic,2023-03-27,2023-09-01,159,500.75,273.64,227.11,0.45354,7,71.54,3.15
C0004444,Mid-Market,North America,organic,2025-11-05,2025-12-11,37,2969.05,1930.72,1038.33,0.349718,4,742.26,80.24
C0004458,SMB,APAC,organic,2025-03-15,2025-03-15,1,552.35,310.94,241.41,0.43706,1,552.35,552.35
C0004465,Startup,EMEA,organic,2023-12-05,2025-08-27,632,2275.55,1261.69,1013.86,0.445545,17,133.86,3.6
C0004468,Startup,APAC,organic,2025-04-27,2025-12-18,236,960.27,594.53,365.74,0.380872,6,160.04,4.07
C0004472,SMB,APAC,organic,2024-04-16,2025-03-05,324,4683.68,2756.15,1927.53,0.411542,18,260.2,14.46
C0004479,SMB,APAC,organic,2025-08-31,2025-12-31,123,2681.65,1544.93,1136.72,0.423888,6,446.94,21.8
C0004492,Startup,APAC,organic,2025-12-09,2025-12-09,1,101.37,52.81,48.56,0.479037,1,101.37,101.37
C0004493,Mid-Market,APAC,organic,,,0,0.0,0.0,0.0,0.0,0,0.0,0.0
C0004500,SMB,LATAM,organic,2025-08-08,2025-12-28,143,5161.27,3577.68,1583.59,0.306822,8,645.16,36.09
C0004501,SMB,EMEA,organic,2023-02-10,2023-07-07,148,1501.64,797.56,704.08,0.468874,5,300.33,10.15
C0004506,Mid-Market,LATAM,organic,2024-08-29,2025-09-25,393,4051.63,2521.12,1530.51,0.377752,9,450.18,10.31
C0004508,Mid-Market,EMEA,organic,2024-02-07,2024-12-07,305,5537.65,3169.86,2367.79,0.42758,9,615.29,18.16
C0004510,Mid-Market,EMEA,organic,2024-05-27,2025-11-09,532,18389.6,10065.24,8324.36,0.452667,32,574.67,34.57
C0004513,SMB,EMEA,organic,2025-11-19,2025-12-12,24,419.52,244.86,174.66,0.416333,2,209.76,17.48
C0004522,Enterprise,EMEA,organic,2024-10-15,2025-12-19,431,63748.01,45050.23,18697.78,0.293308,29,2198.21,147.91
C0004527,Mid-Market,EMEA,organic,2025-06-21,2025-12-23,186,5597.49,3110.53,2486.96,0.444299,10,559.75,30.09
C0004531,Mid-Market,EMEA,organic,2025-08-05,2025-12-26,144,5736.22,4164.23,1571.99,0.274046,8,717.03,39.83
C0004537,Mid-Market,APAC,organic,2025-05-21,2025-12-31,225,15237.17,9907.96,5329.21,0.349751,14,1088.37,67.72
C0004546,Mid-Market,North America,organic,2024-04-12,2024-07-27,107,3842.3,2779.05,1063.25,0.276722,5,768.46,35.91
C0004552,SMB,North America,organic,2025-05-26,2025-10-06,134,916.92,555.39,361.53,0.394287,3,305.64,6.84
C0004560,Enterprise,North America,organic,2025-05-28,2025-12-29,216,55458.67,36719.38,18739.29,0.337896,19,2918.88,256.75
C0004563,SMB,EMEA,organic,2024-06-02,2025-10-21,507,3511.94,1958.96,1552.98,0.4422,18,195.11,6.93
C0004565,SMB,EMEA,organic,2023-10-30,2024-04-06,160,3431.07,1999.57,1431.5,0.417217,6,571.84,21.44
C0004566,Startup,APAC,organic,2025-07-06,2025-12-22,170,456.44,241.52,214.92,0.470861,3,152.15,2.68
C0004574,SMB,EMEA,organic,2024-09-21,2025-12-04,440,4770.85,2818.76,1952.09,0.40917,19,251.1,10.84
C0004576,Mid-Market,APAC,organic,2024-04-02,2025-12-18,626,11543.7,6490.93,5052.77,0.437708,31,372.38,18.44
C0004588,SMB,North America,organic,2025-11-04,2025-12-18,45,380.8,206.52,174.28,0.457668,2,190.4,8.46
C0004595,SMB,North America,organic,2024-02-05,2025-12-06,671,10192.66,6574.0,3618.66,0.355026,26,392.03,15.19
C0004598,Enterprise,APAC,organic,2024-01-06,2025-10-08,642,81726.29,53422.34,28303.95,0.346326,54,1513.45,127.3
C0004614,Mid-Market,EMEA,organic,2024-11-20,2025-12-30,406,16406.14,8304.19,8101.95,0.493836,15,1093.74,40.41
C0004620,SMB,LATAM,organic,2025-01-21,2025-12-29,343,4360.73,2860.18,1500.55,0.344105,14,311.48,12.71
C0004623,Startup,North America,organic,2025-04-30,2025-12-29,244,1025.56,634.35,391.21,0.38146,6,170.93,4.2
C0004627,SMB,APAC,organic,2025-10-05,2025-12-09,66,550.32,330.06,220.26,0.40024,3,183.44,8.34
C0004635,SMB,North America,organic,,,0,0.0,0.0,0.0,0.0,0,0.0,0.0
C0004642,SMB,EMEA,organic,2023-01-12,2025-09-20,983,7619.28,4402.69,3216.59,0.422165,27,282.2,7.75
C0004646,Enterprise,North America,organic,2025-12-30,2025-12-30,1,23941.41,12252.47,11688.94,0.488231,2,11970.7,23941.41
C0004648,SMB,APAC,organic,2024-02-16,2025-12-13,667,6559.04,3829.18,2729.86,0.416198,22,298.14,9.83
C0004651,Mid-Market,North America,organic,2025-10-01,2025-12-31,92,8405.69,5450.46,2955.23,0.351575,7,1200.81,91.37
C0004665,Startup,North America,organic,2025-02-27,2025-12-28,305,1947.42,1253.97,693.45,0.356087,7,278.2,6.38
C0004670,SMB,APAC,organic,2024-05-18,2024-11-14,181,1936.59,1228.4,708.19,0.365689,8,242.07,10.7
C0004684,Startup,North America,organic,,,0,0.0,0.0,0.0,0.0,0,0.0,0.0
C0004692,Mid-Market,APAC,organic,2024-03-24,2024-09-25,186,3594.32,1829.79,1764.53,0.490922,9,399.37,19.32
C0004706,Enterprise,North America,organic,2024-05-03,2024-07-13,72,43535.45,30825.75,12709.7,0.291939,13,3348.88,604.66
C0004723,Startup,APAC,organic,2024-04-04,2025-11-26,602,1806.88,1065.57,741.31,0.410271,13,138.99,3.0
C0004724,SMB,North America,organic,2025-05-20,2025-11-03,168,7345.8,4758.5,2587.3,0.352215,9,816.2,43.72
C0004725,Enterprise,EMEA,organic,2023-05-15,2024-12-19,585,77299.45,52983.02,24316.43,0.314574,50,1545.99,132.14
C0004728,Enterprise,LATAM,organic,2024-05-05,2025-12-30,605,82819.43,61388.58,21430.85,0.258766,34,2435.87,136.89
C0004734,SMB,EMEA,organic,2024-02-21,2024-08-08,170,4715.65,3357.56,1358.09,0.287996,8,589.46,27.74
C0004735,Enterprise,North America,organic,2025-11-04,2025-12-07,34,12975.41,9753.2,3222.21,0.248332,6,2162.57,381.63
C0004736,SMB,EMEA,organic,2025-08-15,2025-11-28,106,550.57,354.32,196.25,0.356449,3,183.52,5.19
C0004744,Mid-Market,LATAM,organic,2024-05-07,2025-12-24,597,11613.63,6361.55,5252.08,0.452234,26,446.68,19.45
C0004767,Mid-Market,EMEA,organic,2025-04-26,2025-12-28,247,12747.09,7559.78,5187.31,0.406941,16,796.69,51.61
C0004778,SMB,LATAM,organic,2023-06-04,2025-11-30,911,8240.71,4856.99,3383.72,0.41061,42,196.21,9.05
C0004783,Enterprise,EMEA,organic,2025-11-08,2025-12-31,54,10959.1,7845.31,3113.79,0.284128,8,1369.89,202.95
C0004785,SMB,APAC,organic,2025-12-13,2025-12-13,1,535.58,360.17,175.41,0.327514,1,535.58,535.58
C0004786,Mid-Market,EMEA,organic,2025-10-03,2025-12-09,68,2075.16,1091.47,983.69,0.474031,6,345.86,30.52
C0004802,Mid-Market,EMEA,organic,2024-02-07,2025-12-17,680,21951.4,12867.81,9083.59,0.413805,33,665.19,32.28
C0004812,Mid-Market,LATAM,organic,2025-06-04,2025-12-19,199,10097.82,5464.96,4632.86,0.458798,11,917.98,50.74
C0004813,Mid-Market,LATAM,organic,2025-01-11,2025-11-23,317,6578.76,3525.03,3053.73,0.46418,14,469.91,20.75
C0004814,Mid-Market,APAC,organic,2025-11-26,2025-12-22,27,3027.96,1364.36,1663.6,0.549413,4,756.99,112.15
C0004818,SMB,North America,organic,2024-12-23,2025-02-15,55,3017.4,2011.82,1005.58,0.33326,7,431.06,54.86
C0004820,SMB,EMEA,organic,2025-05-02,2025-12-17,230,2764.28,1551.27,1213.01,0.438816,12,230.36,12.02
C0004824,Enterprise,EMEA,organic,2025-05-28,2025-05-30,3,4748.36,3911.45,836.91,0.176252,2,2374.18,1582.79
C0004826,Mid-Market,EMEA,organic,2024-08-31,2025-12-28,485,21459.69,13324.53,8135.16,0.37909,32,670.62,44.25
C0004834,SMB,EMEA,organic,2025-06-25,2025-12-04,163,1444.53,827.3,617.23,0.427288,7,206.36,8.86
C0004835,Enterprise,EMEA,organic,2024-06-20,2024-11-19,153,10962.58,7728.49,3234.09,0.295012,5,2192.52,71.65
C0004836,SMB,North America,organic,2025-08-31,2025-09-22,23,412.6,189.28,223.32,0.541251,3,137.53,17.94
C0004837,Enterprise,North America,organic,2023-06-12,2025-12-06,909,94140.58,64990.33,29150.25,0.309646,44,2139.56,103.56
C0004843,Mid-Market,EMEA,organic,2024-04-25,2025-12-16,601,18174.44,11050.6,7123.84,0.39197,26,699.02,30.24
C0004845,Mid-Market,North America,organic,2024-08-23,2025-11-13,448,12537.93,7197.77,5340.16,0.42592,21,597.04,27.99
C0004847,Mid-Market,EMEA,organic,2023-09-17,2024-10-03,383,42966.88,25290.81,17676.07,0.411388,32,1342.72,112.19
C0004862,Enterprise,EMEA,organic,2025-10-15,2025-10-20,6,2893.1,1498.3,1394.8,0.482113,3,964.37,482.18
C0004868,Mid-Market,LATAM,organic,2024-02-23,2025-11-24,641,24813.66,16147.26,8666.4,0.349259,31,800.44,38.71
C0004879,Enterprise,LATAM,organic,2024-09-24,2025-12-20,453,96470.82,70737.23,25733.59,0.26675,46,2097.19,212.96
C0004881,SMB,EMEA,organic,2023-11-10,2024-08-24,289,2119.77,1296.42,823.35,0.388415,13,163.06,7.33
C0004889,Mid-Market,LATAM,organic,2024-08-21,2024-09-04,15,3367.66,2189.35,1178.31,0.34989,4,841.92,224.51
C0004896,SMB,North America,organic,2025-04-14,2025-06-02,50,98.7,45.92,52.78,0.534752,2,49.35,1.97
C0004902,Startup,EMEA,organic,2024-04-27,2025-12-29,612,2082.8,1088.08,994.72,0.477588,19,109.62,3.4
C0004911,SMB,North America,organic,2023-10-18,2024-09-14,333,2371.38,1545.46,825.92,0.348287,9,263.49,7.12
C0004921,Enterprise,EMEA,organic,2024-08-22,2025-12-27,493,44794.01,29524.79,15269.22,0.340876,24,1866.42,90.86
C0004925,SMB,EMEA,organic,2024-11-25,2024-11-26,2,369.25,173.82,195.43,0.529262,2,184.62,184.62
C0004929,SMB,North America,organic,2025-07-08,2025-07-08,1,47.17,21.78,25.39,0.538266,1,47.17,47.17
C0004931,Startup,North America,organic,2025-07-16,2025-12-15,153,1490.94,900.37,590.57,0.396106,8,186.37,9.74
C0004935,SMB,EMEA,organic,2025-05-02,2025-12-22,235,6742.78,4084.73,2658.05,0.394207,17,396.63,28.69
C0004939,Mid-Market,APAC,organic,2025-04-11,2025-09-06,149,7046.32,4079.17,2967.15,0.421092,12,587.19,47.29
C0004941,Startup,North America,organic,2025-09-26,2025-12-03,69,649.74,425.98,223.76,0.344384,2,324.87,9.42
C0004943,Startup,North America,organic,2025-07-01,2025-12-03,156,591.23,314.75,276.48,0.467635,8,73.9,3.79
C0004946,SMB,EMEA,organic,2025-09-12,2025-11-29,79,1438.57,955.58,482.99,0.335743,3,479.52,18.21
C0004947,SMB,EMEA,organic,2025-03-19,2025-12-22,279,4982.75,2610.86,2371.89,0.47602,14,355.91,17.86
C0004952,Mid-Market,North America,organic,2025-06-30,2025-10-14,107,7819.77,4782.67,3037.1,0.388387,7,1117.11,73.08
C0004954,Mid-Market,North America,organic,,,0,0.0,0.0,0.0,0.0,0,0.0,0.0
C0004959,SMB,North America,organic,2024-09-07,2025-05-14,250,4616.61,2762.47,1854.14,0.401624,13,355.12,18.47
C0004965,SMB,APAC,organic,2024-02-26,2024-05-16,81,581.12,331.99,249.13,0.428707,3,193.71,7.17
C0004968,SMB,EMEA,organic,2024-05-28,2024-11-30,187,349.54,177.82,171.72,0.491274,2,174.77,1.87
C0004970,SMB,North America,organic,2025-06-12,2025-06-12,1,201.42,110.38,91.04,0.451991,1,201.42,201.42
C0004971,Startup,LATAM,organic,2025-10-17,2025-10-17,1,129.81,83.95,45.86,0.353286,1,129.81,129.81
C0004976,Mid-Market,LATAM,organic,2024-10-17,2025-10-17,366,13165.98,7897.65,5268.33,0.400147,19,692.95,35.97
C0004983,Mid-Market,EMEA,organic,2024-05-21,2025-11-11,540,21842.37,14327.44,7514.93,0.344053,29,753.19,40.45
C0004984,Mid-Market,LATAM,organic,2023-10-30,2025-12-14,777,44693.06,28855.62,15837.44,0.35436,54,827.65,57.52
C0004989,SMB,EMEA,organic,2025-12-05,2025-12-05,1,369.01,164.89,204.12,0.553156,1,369.01,369.01
C0004991,SMB,APAC,organic,2023-02-03,2023-05-05,92,1846.97,1292.46,554.51,0.300227,3,615.66,20.08
C0005002,Startup,EMEA,organic,2025-07-04,2025-07-04,1,76.72,45.66,31.06,0.404849,1,76.72,76.72
C0005003,SMB,North America,organic,2025-08-21,2025-12-24,126,2865.17,1621.89,1243.28,0.433929,10,286.52,22.74
C0005006,Enterprise,North America,organic,2024-11-03,2025-12-16,409,49394.77,36770.03,12624.74,0.255589,23,2147.6,120.77
C0005013,Mid-Market,North America,organic,2024-02-03,2025-02-17,381,15545.16,9226.78,6318.38,0.406453,21,740.25,40.8
C0005015,Startup,North America,organic,2024-01-31,2025-11-01,641,2161.8,1270.85,890.95,0.412133,16,135.11,3.37
C0005020,SMB,APAC,organic,2024-10-26,2025-12-30,431,4558.39,2265.52,2292.87,0.503,17,268.14,10.58
C0005021,Mid-Market,LATAM,organic,2025-11-10,2025-11-25,16,4997.27,3428.06,1569.21,0.314013,3,1665.76,312.33
C0005023,Mid-Market,APAC,organic,2025-10-15,2025-12-30,77,15922.48,10841.45,5081.03,0.31911,11,1447.5,206.79
C0005028,Mid-Market,EMEA,organic,2024-06-07,2025-01-17,225,7285.85,4404.18,2881.67,0.395516,10,728.58,32.38
C0005029,Mid-Market,North America,organic,2025-03-23,2025-06-20,90,4962.44,2979.39,1983.05,0.399612,6,827.07,55.14
C0005030,SMB,North America,organic,2023-03-05,2024-08-21,536,7207.86,4548.48,2659.38,0.368956,15,480.52,13.45
C0005032,Mid-Market,EMEA,organic,2025-12-02,2025-12-30,29,3636.39,2397.32,1239.07,0.340742,4,909.1,125.39
C0005036,Startup,North America,organic,2023-12-31,2024-11-10,316,1551.0,827.84,723.16,0.466254,12,129.25,4.91
C0005039,Startup,LATAM,organic,2025-11-01,2025-12-29,59,165.29,99.59,65.7,0.397483,2,82.65,2.8
C0005042,SMB,APAC,organic,2023-10-13,2025-12-31,811,5804.16,3232.49,2571.67,0.443074,26,223.24,7.16
C0005043,SMB,APAC,organic,2024-05-27,2025-10-09,501,1825.8,977.13,848.67,0.464821,17,107.4,3.64
C0005045,Mid-Market,APAC,organic,2024-04-04,2025-03-20,351,11630.34,7448.17,4182.17,0.359591,15,775.36,33.13
C0005052,Enterprise,North America,organic,2024-11-01,2025-09-20,324,59382.99,39325.11,20057.88,0.337771,37,1604.95,183.28
C0005054,Mid-Market,APAC,organic,2023-09-11,2025-11-11,793,28434.97,17469.66,10965.31,0.385628,46,618.15,35.86
C0005063,Mid-Market,LATAM,organic,2024-06-12,2024-06-12,1,306.1,126.83,179.27,0.585658,1,306.1,306.1
C0005068,SMB,EMEA,organic,2024-09-11,2025-12-12,458,15194.49,8834.55,6359.94,0.418569,18,844.14,33.18
C0005070,Mid-Market,EMEA,organic,2024-12-27,2025-10-05,283,8664.58,5590.72,3073.86,0.354762,14,618.9,30.62
C0005071,Mid-Market,EMEA,organic,2024-04-27,2025-12-27,610,33519.73,21917.63,11602.1,0.346127,23,1457.38,54.95
C0005072,Enterprise,APAC,organic,2024-08-07,2025-11-21,472,66889.25,50969.36,15919.89,0.238004,25,2675.57,141.71
C0005085,Startup,LATAM,organic,2025-11-22,2025-11-29,8,1660.61,820.62,839.99,0.505832,5,332.12,207.58
C0005097,Mid-Market,North America,organic,2025-06-09,2025-11-20,165,5844.71,3445.45,2399.26,0.410501,10,584.47,35.42
C0005107,Startup,North America,organic,2023-11-10,2025-08-11,641,3186.12,2157.54,1028.58,0.322832,17,187.42,4.97
C0005110,Startup,North America,organic,2025-09-20,2025-09-20,1,235.71,115.58,120.13,0.509652,1,235.71,235.71
C0005119,SMB,APAC,organic,2023-04-24,2023-10-07,167,3236.95,2017.59,1219.36,0.3767,11,294.27,19.38
C0005133,Mid-Market,North America,organic,2024-01-30,2024-12-07,313,19775.04,11022.94,8752.1,0.442583,17,1163.24,63.18
C0005135,SMB,North America,organic,2025-10-31,2025-10-31,1,796.16,612.63,183.53,0.230519,1,796.16,796.16
C0005140,Startup,EMEA,organic,2025-10-23,2025-12-13,52,751.57,336.95,414.62,0.551672,2,375.78,14.45
C0005144,SMB,EMEA,organic,2025-12-21,2025-12-29,9,6429.25,4492.8,1936.45,0.301194,3,2143.08,714.36
C0005146,Startup,North America,organic,,,0,0.0,0.0,0.0,0.0,0,0.0,0.0
C0005150,SMB,APAC,organic,2024-04-15,2025-11-09,574,8235.51,4866.94,3368.57,0.40903,21,392.17,14.35
C0005156,Mid-Market,EMEA,organic,2023-04-15,2025-11-20,951,32788.93,20575.97,12212.96,0.372472,43,762.53,34.48
C0005157,Startup,North America,organic,2024-06-05,2024-12-31,210,649.62,391.97,257.65,0.396616,6,108.27,3.09
C0005159,SMB,APAC,organic,2024-12-17,2025-11-08,327,7455.53,4596.57,2858.96,0.383468,22,338.89,22.8
C0005163,SMB,EMEA,organic,2023-08-27,2024-11-19,451,2828.17,1611.41,1216.76,0.430229,13,217.55,6.27
C0005164,Mid-Market,EMEA,organic,2024-09-17,2025-11-23,433,19960.8,13028.72,6932.08,0.347285,33,604.87,46.1
C0005168,Mid-Market,EMEA,organic,2025-07-09,2025-11-02,117,12655.79,7948.6,4707.19,0.37194,8,1581.97,108.17
C0005170,Mid-Market,EMEA,organic,2024-06-23,2025-12-29,555,17621.18,10464.2,7156.98,0.406158,32,550.66,31.75
C0005171,SMB,EMEA,organic,2025-07-02,2025-09-06,67,436.98,232.16,204.82,0.468717,4,109.24,6.52
C0005178,SMB,North America,organic,2023-02-03,2023-11-29,300,2386.9,1298.43,1088.47,0.456018,10,238.69,7.96
C0005182,Startup,EMEA,organic,2024-08-23,2025-11-09,444,931.76,508.79,422.97,0.453947,12,77.65,2.1
C0005189,SMB,North America,organic,2025-11-07,2025-11-07,1,106.21,47.2,59.01,0.555597,1,106.21,106.21
C0005190,Enterprise,North America,organic,2025-03-20,2025-12-14,270,17322.31,12137.01,5185.3,0.299342,12,1443.53,64.16
C0005192,SMB,APAC,organic,2025-06-09,2025-12-27,202,1349.61,663.03,686.58,0.508725,10,134.96,6.68
C0005193,SMB,LATAM,organic,2023-09-19,2025-12-16,820,7922.0,4469.84,3452.16,0.435769,32,247.56,9.66
C0005196,Startup,North America,organic,,,0,0.0,0.0,0.0,0.0,0,0.0,0.0
C0005204,SMB,North America,organic,2024-11-13,2025-09-16,308,5204.9,3529.23,1675.67,0.321941,9,578.32,16.9
C0005207,SMB,North America,organic,2023-04-27,2025-11-16,935,7372.74,3700.05,3672.69,0.498145,26,283.57,7.89
C0005211,SMB,APAC,organic,2024-11-17,2025-12-10,389,1939.02,1139.67,799.35,0.412244,11,176.27,4.98
C0005218,Mid-Market,EMEA,organic,2023-03-31,2025-12-20,996,28783.38,18178.46,10604.92,0.368439,51,564.38,28.9
C0005219,Enterprise,EMEA,organic,2024-04-25,2024-08-11,109,38566.28,29507.18,9059.1,0.234897,9,4285.14,353.82
C0005229,Enterprise,North America,organic,2024-01-16,2024-04-28,104,23816.66,16788.86,7027.8,0.295079,14,1701.19,229.01
C0005233,Enterprise,EMEA,organic,2024-09-17,2025-12-05,445,23429.18,15590.35,7838.83,0.334576,20,1171.46,52.65
C0005243,Mid-Market,EMEA,organic,2024-05-26,2025-11-30,554,20067.05,12635.73,7431.32,0.370324,27,743.22,36.22
C0005251,SMB,North America,organic,2024-11-30,2024-11-30,1,76.19,32.77,43.42,0.569891,1,76.19,76.19
C0005253,Startup,North America,organic,2024-05-25,2025-08-11,444,3257.79,2127.59,1130.2,0.346922,13,250.6,7.34
C0005260,SMB,APAC,organic,2024-02-06,2025-05-16,466,4782.93,2638.26,2144.67,0.448401,20,239.15,10.26
C0005265,Startup,North America,organic,2024-09-16,2024-12-17,93,100.81,49.0,51.81,0.513937,4,25.2,1.08
C0005267,SMB,EMEA,organic,2024-06-19,2025-10-27,496,4085.95,2723.53,1362.42,0.33344,15,272.4,8.24
C0005268,SMB,North America,organic,2025-12-27,2025-12-27,1,61.94,36.47,25.47,0.411204,1,61.94,61.94
C0005272,Mid-Market,LATAM,organic,2025-10-26,2025-11-13,19,1160.81,858.18,302.63,0.260706,3,386.94,61.1
C0005276,Startup,EMEA,organic,2025-07-22,2025-12-18,150,761.51,484.82,276.69,0.363344,6,126.92,5.08
C0005277,Mid-Market,EMEA,organic,2025-04-12,2025-07-29,109,8912.89,5703.99,3208.9,0.360029,8,1114.11,81.77
C0005283,Mid-Market,EMEA,organic,2025-12-25,2025-12-25,1,908.52,695.5,213.02,0.234469,1,908.52,908.52
C0005284,Mid-Market,EMEA,organic,2024-08-10,2025-03-04,207,19550.4,12335.62,7214.78,0.369035,19,1028.97,94.45
C0005313,Startup,North America,organic,2024-09-19,2025-11-03,411,1105.84,617.39,488.45,0.4417,12,92.15,2.69
C0005318,SMB,North America,organic,2025-11-24,2025-12-20,27,265.84,119.19,146.65,0.551648,2,132.92,9.85
C0005322,SMB,North America,organic,2025-06-06,2025-12-27,205,718.16,422.8,295.36,0.411273,5,143.63,3.5
C0005338,Startup,EMEA,organic,2025-07-04,2025-11-29,149,565.72,264.62,301.1,0.532242,3,188.57,3.8
C0005352,Startup,EMEA,organic,2025-07-04,2025-10-11,100,556.58,325.88,230.7,0.414496,7,79.51,5.57
C0005356,Startup,APAC,organic,2025-11-21,2025-11-21,1,477.52,245.85,231.67,0.485152,1,477.52,477.52
C0005366,Mid-Market,North America,organic,2025-12-13,2025-12-13,1,222.99,108.91,114.08,0.511592,1,222.99,222.99
C0005383,SMB,EMEA,organic,2025-07-27,2025-12-29,156,3234.01,1767.07,1466.94,0.453598,5,646.8,20.73
C0005391,SMB,EMEA,organic,2025-02-21,2025-04-01,40,2227.64,1259.01,968.63,0.434823,5,445.53,55.69
C0005395,SMB,APAC,organic,2024-11-30,2025-06-07,190,1428.72,897.27,531.45,0.371976,5,285.74,7.52
C0005400,SMB,North America,organic,2023-03-30,2023-07-10,103,866.0,527.67,338.33,0.390681,4,216.5,8.41
C0005404,Enterprise,North America,organic,2023-10-04,2025-08-29,696,195530.15,135757.83,59772.32,0.305694,46,4250.66,280.93
C0005410,Enterprise,EMEA,organic,2025-08-25,2025-11-21,89,21562.24,14659.75,6902.49,0.320119,5,4312.45,242.27
C0005414,SMB,EMEA,organic,2024-01-21,2025-05-29,495,9140.58,5477.9,3662.68,0.400705,15,609.37,18.47
C0005418,SMB,LATAM,organic,2025-12-16,2025-12-16,1,308.65,160.85,147.8,0.47886,1,308.65,308.65
C0005430,Startup,APAC,organic,2025-03-15,2025-07-12,120,409.6,223.11,186.49,0.455298,3,136.53,3.41
C0005432,Startup,North America,organic,2025-01-10,2025-06-09,151,991.71,544.06,447.65,0.451392,3,330.57,6.57
C0005433,Enterprise,EMEA,organic,2025-04-27,2025-12-07,225,42703.74,31867.43,10836.31,0.253756,18,2372.43,189.79
C0005436,Startup,APAC,organic,,,0,0.0,0.0,0.0,0.0,0,0.0,0.0
C0005438,SMB,APAC,organic,2024-02-09,2025-07-10,518,2254.47,1197.52,1056.95,0.468824,12,187.87,4.35
C0005440,SMB,LATAM,organic,2023-10-22,2024-08-26,310,8271.77,5215.17,3056.6,0.369522,11,751.98,26.68
C0005447,SMB,North America,organic,2025-10-19,2025-12-05,48,273.54,154.35,119.19,0.435732,2,136.77,5.7
C0005448,SMB,North America,organic,2024-08-01,2024-08-13,13,2493.73,1468.54,1025.19,0.411107,4,623.43,191.83
C0005450,SMB,North America,organic,2024-10-25,2025-12-21,423,2471.67,1429.7,1041.97,0.421565,14,176.55,5.84
C0005451,Mid-Market,EMEA,organic,2023-01-27,2024-01-13,352,9179.41,4885.87,4293.54,0.467736,17,539.97,26.08
C0005455,Startup,LATAM,organic,2025-12-29,2025-12-29,1,346.2,212.59,133.61,0.385933,1,346.2,346.2
C0005461,SMB,LATAM,organic,2025-05-22,2025-11-09,172,893.46,434.91,458.55,0.513229,5,178.69,5.19
C0005465,SMB,LATAM,organic,2023-07-08,2024-12-23,535,6155.28,4336.1,1819.18,0.295548,23,267.62,11.51
C0005466,Mid-Market,EMEA,organic,2025-09-06,2025-12-23,109,9965.46,4818.88,5146.58,0.516442,9,1107.27,91.43
C0005476,Startup,APAC,organic,2023-09-23,2024-03-22,182,1389.3,809.92,579.38,0.41703,8,173.66,7.63
C0005478,Startup,North America,organic,2024-11-04,2025-11-20,382,997.55,618.8,378.75,0.37968,11,90.69,2.61
C0005481,Startup,North America,organic,2023-02-24,2024-02-21,363,1498.4,882.32,616.08,0.411159,8,187.3,4.13
C0005482,Mid-Market,LATAM,organic,2023-01-15,2023-01-15,1,188.76,123.07,65.69,0.348008,1,188.76,188.76
C0005486,SMB,LATAM,organic,2025-11-29,2025-11-29,1,220.73,109.84,110.89,0.502378,1,220.73,220.73
C0005488,Mid-Market,APAC,organic,2023-09-27,2024-11-30,431,22039.32,12641.97,9397.35,0.42639,23,958.23,51.14
C0005491,Mid-Market,APAC,organic,2024-05-18,2025-12-25,587,11564.9,6625.04,4939.86,0.427142,16,722.81,19.7
C0005492,SMB,North America,organic,2025-04-29,2025-12-23,239,1629.25,1032.4,596.85,0.366334,9,181.03,6.82
C0005506,Mid-Market,LATAM,organic,2024-08-20,2025-12-23,491,14052.14,8378.11,5674.03,0.403784,24,585.51,28.62
C0005507,Mid-Market,APAC,organic,2023-11-18,2025-02-09,450,25507.87,16319.54,9188.33,0.360215,22,1159.45,56.68
C0005524,SMB,EMEA,organic,2025-08-23,2025-12-30,130,1230.26,664.93,565.33,0.459521,4,307.56,9.46
C0005540,Mid-Market,APAC,organic,2023-01-23,2025-11-22,1035,33869.16,20918.08,12951.08,0.382386,46,736.29,32.72
C0005541,Enterprise,LATAM,organic,2025-12-10,2025-12-31,22,6005.08,4366.49,1638.59,0.272867,5,1201.02,272.96
C0005554,SMB,North America,organic,2023-12-11,2023-12-15,5,449.72,249.65,200.07,0.444877,2,224.86,89.94
C0005556,Enterprise,APAC,organic,2025-10-25,2025-12-06,43,23521.44,17863.65,5657.79,0.240538,6,3920.24,547.01
C0005558,SMB,North America,organic,2024-06-16,2025-12-23,556,6347.86,3847.44,2500.42,0.3939,31,204.77,11.42
C0005564,Startup,North America,organic,2023-12-22,2023-12-22,1,54.89,27.58,27.31,0.497541,1,54.89,54.89
C0005565,Mid-Market,APAC,organic,,,0,0.0,0.0,0.0,0.0,0,0.0,0.0
C0005567,Startup,EMEA,organic,2025-05-24,2025-12-07,198,1495.65,837.76,657.89,0.439869,10,149.56,7.55
C0005581,Startup,LATAM,organic,2025-05-29,2025-11-03,159,639.19,395.15,244.04,0.381796,5,127.84,4.02
C0005585,Startup,North America,organic,2025-06-19,2025-09-11,85,401.39,264.18,137.21,0.341837,2,200.7,4.72
C0005587,Startup,EMEA,organic,2025-02-27,2025-12-13,290,2357.92,1504.14,853.78,0.36209,7,336.85,8.13
C0005593,Startup,EMEA,organic,2025-03-04,2025-12-27,299,1470.52,837.87,632.65,0.430222,5,294.1,4.92
C0005600,SMB,APAC,organic,2024-12-26,2025-11-30,340,3843.17,1962.82,1880.35,0.489271,15,256.21,11.3
C0005601,Enterprise,EMEA,organic,2025-04-11,2025-12-28,262,28200.01,19400.6,8799.41,0.312036,22,1281.82,107.63
C0005606,Startup,North America,organic,2025-04-28,2025-12-28,245,1287.3,701.95,585.35,0.454711,10,128.73,5.25
C0005609,Mid-Market,EMEA,organic,2024-10-06,2025-01-21,108,2418.1,1406.73,1011.37,0.41825,7,345.44,22.39
C0005615,Mid-Market,North America,organic,2025-04-12,2025-11-27,230,3977.85,2344.62,1633.23,0.410581,9,441.98,17.29
C0005618,Mid-Market,North America,organic,2025-10-19,2025-12-29,72,6151.52,3840.13,2311.39,0.375743,10,615.15,85.44
C0005624,SMB,North America,organic,2025-05-16,2025-06-04,20,335.11,162.34,172.77,0.515562,2,167.56,16.76
C0005627,Startup,APAC,organic,2025-06-21,2025-11-20,153,1417.57,897.99,519.58,0.366529,9,157.51,9.27
C0005629,SMB,APAC,organic,2023-05-05,2024-05-04,366,1871.27,1107.39,763.88,0.408215,9,207.92,5.11
C0005633,Enterprise,North America,organic,2024-09-24,2025-12-31,464,70527.09,49266.19,21260.9,0.301457,38,1855.98,152.0
C0005634,Startup,EMEA,organic,2023-06-24,2024-06-05,348,2685.19,1590.48,1094.71,0.407684,14,191.8,7.72
C0005637,SMB,APAC,organic,2024-03-25,2024-05-25,62,2121.66,1241.51,880.15,0.41484,6,353.61,34.22
C0005642,Enterprise,APAC,organic,2025-08-08,2025-12-29,144,50582.97,35231.45,15351.52,0.303492,17,2975.47,351.27
C0005644,Startup,North America,organic,2024-09-03,2025-12-27,481,1702.19,1030.61,671.58,0.394539,11,154.74,3.54
C0005648,Enterprise,APAC,organic,2023-09-09,2025-11-30,814,118425.91,82604.52,35821.39,0.302479,60,1973.77,145.49
C0005663,Mid-Market,APAC,organic,2025-01-29,2025-12-30,336,17832.33,11294.59,6537.74,0.366623,19,938.54,53.07
C0005668,Mid-Market,EMEA,organic,2025-10-19,2025-10-26,8,1940.04,1201.26,738.78,0.380807,3,646.68,242.5
C0005678,Startup,North America,organic,2025-04-27,2025-12-17,235,539.55,245.62,293.93,0.544769,4,134.89,2.3
C0005682,Startup,APAC,organic,2024-09-03,2025-09-28,391,1643.92,829.15,814.77,0.495626,16,102.74,4.2
C0005684,SMB,LATAM,organic,2025-03-05,2025-12-29,300,2659.57,1414.29,1245.28,0.468226,10,265.96,8.87
C0005689,Enterprise,LATAM,organic,2025-07-18,2025-12-30,166,70630.94,49799.67,20831.27,0.294931,30,2354.36,425.49
C0005693,SMB,North America,organic,2025-02-11,2025-09-26,228,2428.09,1602.28,825.81,0.340107,12,202.34,10.65
C0005695,Mid-Market,LATAM,organic,2025-07-25,2025-12-28,157,7504.94,4221.2,3283.74,0.437544,11,682.27,47.8
C0005696,SMB,EMEA,organic,,,0,0.0,0.0,0.0,0.0,0,0.0,0.0
C0005698,Mid-Market,LATAM,organic,2025-12-17,2025-12-17,1,186.17,94.94,91.23,0.490036,1,186.17,186.17
C0005710,Mid-Market,North America,organic,2025-03-28,2025-09-22,179,6410.14,4043.95,2366.19,0.369132,10,641.01,35.81
C0005718,Mid-Market,APAC,organic,2025-12-31,2025-12-31,1,195.83,77.58,118.25,0.60384,1,195.83,195.83
C0005723,SMB,LATAM,organic,2023-05-17,2025-12-31,960,8732.49,4874.69,3857.8,0.441775,29,301.12,9.1
C0005726,Startup,EMEA,organic,2025-10-18,2025-12-22,66,193.49,134.68,58.81,0.303943,3,64.5,2.93
C0005731,SMB,APAC,organic,,,0,0.0,0.0,0.0,0.0,0,0.0,0.0
C0005734,SMB,North America,organic,2025-11-09,2025-12-27,49,183.47,85.23,98.24,0.535455,3,61.16,3.74
C0005735,SMB,EMEA,organic,2023-11-08,2024-05-03,178,2147.75,1438.22,709.53,0.33036,5,429.55,12.07
C0005737,Enterprise,LATAM,organic,2025-03-25,2025-07-12,110,26999.47,18910.44,8089.03,0.2996,14,1928.53,245.45
C0005740,Startup,APAC,organic,,,0,0.0,0.0,0.0,0.0,0,0.0,0.0
C0005743,SMB,North America,organic,2025-07-30,2025-12-30,154,1881.78,1485.18,396.6,0.210758,5,376.36,12.22
C0005746,Mid-Market,EMEA,organic,2023-09-10,2023-12-12,94,3176.65,1469.49,1707.16,0.537409,6,529.44,33.79
C0005756,Mid-Market,APAC,organic,2025-03-31,2025-04-12,13,853.69,474.91,378.78,0.443697,2,426.84,65.67
C0005766,Mid-Market,LATAM,organic,2024-09-25,2025-06-13,262,16794.19,9769.41,7024.78,0.418286,19,883.9,64.1
C0005772,Startup,North America,organic,,,0,0.0,0.0,0.0,0.0,0,0.0,0.0
C0005775,Startup,EMEA,organic,2024-02-14,2025-12-30,686,1750.76,964.5,786.26,0.449096,13,134.67,2.55
C0005777,Startup,LATAM,organic,2025-05-31,2025-11-30,184,3004.1,1860.24,1143.86,0.380766,8,375.51,16.33
C0005784,Enterprise,APAC,organic,2025-10-20,2025-10-30,11,4407.05,3064.57,1342.48,0.304621,3,1469.02,400.64
C0005791,Mid-Market,North America,organic,2025-08-27,2025-11-20,86,6937.78,3818.5,3119.28,0.449608,9,770.86,80.67
C0005792,Startup,North America,organic,2025-05-19,2025-10-12,147,363.68,207.01,156.67,0.430791,4,90.92,2.47
C0005794,Startup,EMEA,organic,2023-09-28,2024-03-06,161,580.12,348.71,231.41,0.3989,6,96.69,3.6
C0005799,Startup,LATAM,organic,2025-04-27,2025-11-23,211,1556.31,993.26,563.05,0.361785,7,222.33,7.38
C0005802,Startup,EMEA,organic,2025-06-02,2025-12-26,208,3249.9,1867.25,1382.65,0.425444,9,361.1,15.62
C0005806,SMB,North America,organic,2025-08-26,2025-12-31,128,3180.78,1552.42,1628.36,0.511937,6,530.13,24.85
C0005817,Mid-Market,North America,organic,2024-06-06,2025-02-05,245,8628.11,4983.56,3644.55,0.422404,14,616.29,35.22
C0005826,SMB,LATAM,organic,2023-10-26,2025-12-25,792,4925.22,2976.09,1949.13,0.395745,28,175.9,6.22
C0005827,Mid-Market,EMEA,organic,2025-06-11,2025-11-25,168,2652.16,1419.77,1232.39,0.464674,8,331.52,15.79
C0005852,SMB,EMEA,organic,2025-09-29,2025-09-29,1,167.46,84.12,83.34,0.497671,2,83.73,167.46
C0005853,SMB,EMEA,organic,2023-02-28,2025-07-09,863,12685.49,7675.75,5009.74,0.394919,16,792.84,14.7
C0005862,SMB,EMEA,organic,2023-04-05,2023-05-17,43,331.59,130.39,201.2,0.606773,3,110.53,7.71
C0005876,Mid-Market,North America,organic,2024-11-29,2025-05-04,157,7045.54,3570.39,3475.15,0.493241,15,469.7,44.88
C0005880,Enterprise,APAC,organic,2024-04-13,2025-02-03,297,32154.84,24832.85,7321.99,0.22771,16,2009.68,108.27
C0005882,Startup,North America,organic,2024-02-04,2025-12-09,675,1830.25,979.02,851.23,0.465089,12,152.52,2.71
C0005885,Mid-Market,EMEA,organic,2025-03-18,2025-12-03,261,2827.62,1492.24,1335.38,0.472263,11,257.06,10.83
C0005886,SMB,North America,organic,2023-04-18,2023-05-03,16,1579.42,735.0,844.42,0.534639,2,789.71,98.71
C0005888,SMB,EMEA,organic,2023-10-27,2025-01-25,457,3415.52,1861.53,1553.99,0.454979,16,213.47,7.47
C0005894,SMB,APAC,organic,2025-11-09,2025-12-14,36,1004.8,608.32,396.48,0.394586,3,334.93,27.91
C0005901,Startup,North America,organic,2025-09-15,2025-12-06,83,388.73,210.23,178.5,0.459188,4,97.18,4.68
C0005917,SMB,APAC,organic,2025-08-19,2025-11-05,79,524.23,377.8,146.43,0.279324,3,174.74,6.64
C0005919,SMB,LATAM,organic,2025-12-26,2025-12-26,1,170.01,69.52,100.49,0.591083,1,170.01,170.01
C0005922,Mid-Market,APAC,organic,2023-02-01,2023-05-06,95,4668.5,2548.88,2119.62,0.454026,9,518.72,49.14
C0005926,SMB,LATAM,organic,2023-11-18,2024-02-02,77,927.79,542.55,385.24,0.415223,4,231.95,12.05
C0005928,Enterprise,North America,organic,2025-08-22,2025-12-17,118,22981.63,15703.02,7278.61,0.316714,12,1915.14,194.76
C0005933,Mid-Market,North America,organic,2024-06-20,2025-12-31,560,18737.39,10500.61,8236.78,0.439591,36,520.48,33.46
C0005939,Mid-Market,EMEA,organic,2025-05-13,2025-12-20,222,3829.46,1822.14,2007.32,0.524178,9,425.5,17.25
C0005945,SMB,LATAM,organic,2023-03-22,2024-05-26,432,3070.95,1699.32,1371.63,0.446647,10,307.09,7.11
C0005949,Startup,APAC,organic,2024-07-29,2025-01-06,162,1135.31,700.85,434.46,0.38268,6,189.22,7.01
C0005951,Startup,North America,organic,2024-06-26,2025-04-02,281,1081.3,599.05,482.25,0.445991,9,120.14,3.85
C0005952,Startup,EMEA,organic,2024-11-19,2025-12-07,384,1072.69,513.61,559.08,0.521194,8,134.09,2.79
C0005955,SMB,LATAM,organic,2024-11-15,2025-12-15,396,8153.46,5168.85,2984.61,0.366054,11,741.22,20.59
C0005966,Mid-Market,North America,organic,2024-04-04,2025-05-19,411,10979.89,6385.89,4594.0,0.418401,16,686.24,26.72
C0005967,SMB,EMEA,organic,2025-07-18,2025-07-18,1,83.1,48.13,34.97,0.420818,1,83.1,83.1
C0005969,Mid-Market,North America,organic,2025-04-05,2025-12-28,268,12252.89,7807.12,4445.77,0.362834,16,765.81,45.72
C0005971,Enterprise,APAC,organic,2024-08-15,2025-12-29,502,77507.0,53981.61,23525.39,0.303526,34,2279.62,154.4
C0005972,SMB,EMEA,organic,2023-07-08,2024-04-12,280,4804.42,3684.21,1120.21,0.233162,7,686.35,17.16
C0005974,SMB,EMEA,organic,2025-12-29,2025-12-31,3,2240.77,1251.75,989.02,0.441375,2,1120.38,746.92
C0005976,Startup,EMEA,organic,2024-03-01,2024-03-02,2,658.0,367.33,290.67,0.441748,2,329.0,329.0
C0005982,SMB,North America,organic,2025-04-12,2025-12-30,263,2132.69,1414.11,718.58,0.336936,6,355.45,8.11
C0005986,SMB,North America,organic,2024-08-27,2025-12-05,466,5031.08,2899.45,2131.63,0.423692,26,193.5,10.8
C0005990,Mid-Market,EMEA,organic,2024-12-16,2025-12-09,359,10189.79,6586.01,3603.78,0.353666,15,679.32,28.38
C0005995,Enterprise,EMEA,organic,2025-04-06,2025-11-15,224,33630.86,23995.27,9635.59,0.28651,16,2101.93,150.14
C0006004,Startup,EMEA,organic,2023-10-28,2025-01-09,440,1823.27,993.53,829.74,0.455083,13,140.25,4.14
C0006013,Enterprise,North America,organic,2023-01-30,2024-06-26,514,65552.07,44874.86,20677.21,0.315432,43,1524.47,127.53
C0006014,Startup,EMEA,organic,2025-04-28,2025-12-01,218,973.05,646.82,326.23,0.335265,6,162.18,4.46
C0006023,SMB,EMEA,organic,2023-09-21,2025-08-15,695,3367.98,1943.27,1424.71,0.423016,11,306.18,4.85
C0006024,SMB,EMEA,organic,2025-10-13,2025-12-16,65,346.22,197.84,148.38,0.428571,4,86.56,5.33
C0006025,SMB,APAC,organic,2025-09-14,2025-12-31,109,1115.42,572.76,542.66,0.486507,4,278.86,10.23
C0006026,SMB,North America,organic,2025-12-15,2025-12-15,1,275.32,126.4,148.92,0.540898,1,275.32,275.32
C0006029,SMB,APAC,organic,2025-11-14,2025-11-19,6,566.1,321.85,244.25,0.431461,2,283.05,94.35
C0006035,SMB,North America,organic,,,0,0.0,0.0,0.0,0.0,0,0.0,0.0
C0006040,SMB,EMEA,organic,2024-10-30,2025-01-03,66,786.45,516.82,269.63,0.342844,5,157.29,11.92
C0006042,SMB,EMEA,organic,2023-01-23,2025-12-02,1045,10389.31,6427.31,3962.0,0.381354,37,280.79,9.94
C0006051,SMB,North America,organic,,,0,0.0,0.0,0.0,0.0,0,0.0,0.0
C0006052,Enterprise,EMEA,organic,2025-01-31,2025-06-26,147,33027.3,22457.97,10569.33,0.320018,13,2540.56,224.68
C0006057,Startup,APAC,organic,2023-10-12,2024-06-23,256,835.31,428.95,406.36,0.486478,10,83.53,3.26
C0006058,Startup,EMEA,organic,2025-02-22,2025-05-24,92,664.46,342.99,321.47,0.483806,5,132.89,7.22
C0006067,SMB,LATAM,organic,2025-01-18,2025-01-18,1,36.9,17.53,19.37,0.524932,1,36.9,36.9
C0006068,Startup,North America,organic,2024-07-31,2025-10-30,457,1643.17,842.93,800.24,0.48701,13,126.4,3.6
C0006078,Startup,APAC,organic,2024-08-31,2025-07-03,307,1764.67,951.64,813.03,0.460726,8,220.58,5.75
C0006084,Startup,EMEA,organic,2023-06-16,2023-11-18,156,1598.23,1193.08,405.15,0.253499,6,266.37,10.25
C0006086,Mid-Market,APAC,organic,2025-08-27,2025-12-14,110,3360.34,2228.95,1131.39,0.336689,6,560.06,30.55
C0006088,Mid-Market,APAC,organic,2024-02-29,2025-04-13,410,17185.01,10340.53,6844.48,0.398282,18,954.72,41.91
C0006094,SMB,APAC,organic,2025-03-23,2025-11-03,226,2942.46,1866.67,1075.79,0.365609,8,367.81,13.02
C0006097,Mid-Market,North America,organic,2023-05-07,2024-09-18,501,12985.74,7427.87,5557.87,0.427998,25,519.43,25.92
C0006099,Mid-Market,LATAM,organic,2025-04-22,2025-08-01,102,9933.9,5551.5,4382.4,0.441156,14,709.56,97.39
C0006103,SMB,North America,organic,2025-12-13,2025-12-13,1,71.58,28.63,42.95,0.600028,1,71.58,71.58
C0006110,Startup,North America,organic,2025-03-20,2025-09-19,184,1021.17,631.21,389.96,0.381876,5,204.23,5.55
C0006124,Enterprise,North America,organic,2024-06-20,2025-07-27,403,77777.82,54031.75,23746.07,0.305306,19,4093.57,193.0
C0006127,Startup,APAC,organic,2024-03-20,2025-08-08,507,2571.98,1552.22,1019.76,0.396488,12,214.33,5.07
C0006131,Mid-Market,North America,organic,2024-04-25,2025-12-05,590,15361.56,9027.33,6334.23,0.412343,21,731.5,26.04
C0006133,Mid-Market,North America,organic,2025-06-21,2025-10-16,118,3743.34,2148.02,1595.32,0.426176,10,374.33,31.72
C0006139,SMB,EMEA,organic,2023-12-09,2025-08-16,617,4634.63,2498.27,2136.36,0.460956,20,231.73,7.51
C0006153,Enterprise,North America,organic,2024-07-13,2025-12-28,534,38117.52,25200.97,12916.55,0.338861,21,1815.12,71.38
C0006156,Startup,North America,organic,2023-07-17,2023-12-01,138,260.18,126.28,133.9,0.514644,4,65.04,1.89
C0006163,Startup,EMEA,organic,2024-06-21,2025-12-31,559,3280.28,1751.7,1528.58,0.465991,13,252.33,5.87
C0006170,SMB,APAC,organic,2025-05-31,2025-12-28,212,10743.59,5704.26,5039.33,0.469055,14,767.4,50.68
C0006172,SMB,North America,organic,2024-12-02,2025-12-27,391,1285.14,751.63,533.51,0.415138,8,160.64,3.29
C0006174,Startup,APAC,organic,2024-12-08,2025-10-02,299,2533.48,1510.02,1023.46,0.403974,8,316.68,8.47
C0006182,SMB,North America,organic,2025-01-19,2025-01-19,1,163.72,86.27,77.45,0.473064,1,163.72,163.72
C0006183,SMB,North America,organic,2025-08-25,2025-08-25,1,136.22,67.43,68.79,0.504992,1,136.22,136.22
C0006188,Mid-Market,APAC,organic,2024-03-27,2025-12-31,645,15063.04,8684.13,6378.91,0.423481,30,502.1,23.35
C0006196,Mid-Market,EMEA,organic,2024-10-21,2025-01-21,93,4206.16,2175.91,2030.25,0.482685,6,701.03,45.23
C0006204,Startup,LATAM,organic,2024-02-28,2024-11-01,248,908.84,503.79,405.05,0.445678,8,113.6,3.66
C0006206,Enterprise,North America,organic,2025-07-16,2025-12-04,142,53599.38,32904.04,20695.34,0.386112,16,3349.96,377.46
C0006210,Startup,EMEA,organic,,,0,0.0,0.0,0.0,0.0,0,0.0,0.0
C0006211,SMB,North America,organic,2023-04-05,2023-04-05,1,1263.84,608.83,655.01,0.51827,1,1263.84,1263.84
C0006214,SMB,EMEA,organic,2025-03-15,2025-03-16,2,457.07,262.26,194.81,0.426215,2,228.54,228.54
C0006218,SMB,EMEA,organic,2025-05-27,2025-08-11,77,1629.21,833.96,795.25,0.48812,5,325.84,21.16
C0006223,Mid-Market,North America,organic,2025-04-18,2025-12-17,244,21016.97,14386.7,6630.27,0.315472,14,1501.21,86.14
C0006228,SMB,APAC,organic,2024-06-02,2024-11-14,166,2258.11,1224.37,1033.74,0.45779,8,282.26,13.6
C0006230,Mid-Market,North America,organic,2024-10-22,2025-12-06,411,11757.91,7083.48,4674.43,0.397556,24,489.91,28.61
C0006237,SMB,North America,organic,2024-10-13,2025-11-21,405,6126.7,3482.83,2643.87,0.431532,18,340.37,15.13
C0006239,Mid-Market,APAC,organic,2025-09-07,2025-11-21,76,2271.68,1392.72,878.96,0.386921,6,378.61,29.89
C0006242,Startup,EMEA,organic,2023-12-19,2025-12-20,733,4958.29,2484.24,2474.05,0.498972,19,260.96,6.76
C0006247,SMB,EMEA,organic,,,0,0.0,0.0,0.0,0.0,0,0.0,0.0
C0006251,SMB,EMEA,organic,2025-09-18,2025-09-18,1,235.64,164.6,71.04,0.301477,1,235.64,235.64
C0006257,SMB,LATAM,organic,2025-05-22,2025-11-08,171,1877.22,1043.84,833.38,0.443944,8,234.65,10.98
C0006272,Startup,LATAM,organic,2024-02-13,2024-05-03,81,607.8,425.3,182.5,0.300263,3,202.6,7.5
C0006274,SMB,North America,organic,2023-02-25,2023-04-05,40,354.55,193.16,161.39,0.455197,3,118.18,8.86
C0006278,Mid-Market,APAC,organic,2025-07-03,2025-09-05,65,5264.42,3233.65,2030.77,0.385754,8,658.05,80.99
C0006281,Startup,North America,organic,2025-07-30,2025-11-25,119,166.55,87.77,78.78,0.473011,3,55.52,1.4
C0006284,Startup,North America,organic,2023-08-17,2025-12-03,840,1538.27,878.87,659.4,0.428663,10,153.83,1.83
C0006289,Mid-Market,EMEA,organic,2024-06-23,2024-07-06,14,5090.57,2855.55,2235.02,0.439051,7,727.22,363.61
C0006291,SMB,EMEA,organic,2025-08-02,2025-08-02,1,68.34,33.63,34.71,0.507902,1,68.34,68.34
C0006293,Startup,EMEA,organic,2025-10-31,2025-12-21,52,616.87,417.86,199.01,0.322613,3,205.62,11.86
C0006303,SMB,LATAM,organic,2025-03-30,2025-07-17,110,1434.21,779.24,654.97,0.456676,9,159.36,13.04
C0006306,SMB,EMEA,organic,2023-07-17,2023-08-05,20,1155.32,705.38,449.94,0.389451,4,288.83,57.77
C0006308,Enterprise,EMEA,organic,2025-10-02,2025-12-20,80,24071.71,16202.47,7869.24,0.326908,5,4814.34,300.9
C0006314,SMB,North America,organic,2024-03-23,2025-11-08,596,4125.12,2420.77,1704.35,0.413164,18,229.17,6.92
C0006317,Mid-Market,APAC,organic,2025-01-19,2025-02-16,29,941.62,532.17,409.45,0.434836,3,313.87,32.47
C0006321,SMB,APAC,organic,2024-03-27,2025-03-03,342,698.64,415.72,282.92,0.404958,5,139.73,2.04
C0006331,Startup,EMEA,organic,2024-11-13,2025-11-03,356,2470.4,1518.69,951.71,0.385245,11,224.58,6.94
C0006332,Enterprise,EMEA,organic,,,0,0.0,0.0,0.0,0.0,0,0.0,0.0
C0006354,SMB,EMEA,organic,2024-12-11,2025-11-13,338,3898.4,1982.27,1916.13,0.491517,14,278.46,11.53
C0006359,Enterprise,EMEA,organic,2024-12-30,2025-12-25,361,82334.74,51673.27,30661.47,0.3724,30,2744.49,228.07
C0006361,Mid-Market,North America,organic,2024-07-19,2025-12-13,513,25906.28,14957.03,10949.25,0.422648,23,1126.36,50.5
C0006363,Mid-Market,North America,organic,2025-01-15,2025-12-15,335,6666.78,4136.46,2530.32,0.379542,8,833.35,19.9
C0006365,SMB,North America,organic,2025-10-02,2025-12-11,71,983.3,528.27,455.03,0.462758,4,245.82,13.85
C0006367,Startup,EMEA,organic,2024-10-23,2025-02-27,128,1269.94,784.75,485.19,0.382057,6,211.66,9.92
C0006375,Mid-Market,North America,organic,2024-05-09,2025-04-13,340,12747.63,7362.78,5384.85,0.42242,11,1158.88,37.49
C0006384,SMB,North America,organic,2025-08-15,2025-11-26,104,2182.54,1231.84,950.7,0.435593,4,545.64,20.99
C0006397,SMB,APAC,organic,2025-08-14,2025-09-10,28,246.1,142.27,103.83,0.421902,4,61.53,8.79
C0006404,Mid-Market,LATAM,organic,2025-02-03,2025-10-25,265,12050.41,6414.85,5635.56,0.467665,10,1205.04,45.47
C0006412,SMB,North America,organic,2025-07-07,2025-09-08,64,6221.85,3800.6,2421.25,0.389153,5,1244.37,97.22
C0006413,Mid-Market,EMEA,organic,2024-10-10,2025-12-27,444,9198.37,5614.48,3583.89,0.389622,20,459.92,20.72
C0006414,Mid-Market,North America,organic,,,0,0.0,0.0,0.0,0.0,0,0.0,0.0
C0006418,SMB,EMEA,organic,2024-01-11,2025-08-30,598,4504.76,2578.71,1926.05,0.427559,14,321.77,7.53
C0006421,Mid-Market,APAC,organic,2024-06-25,2025-11-30,524,29651.7,16747.53,12904.17,0.435192,30,988.39,56.59
C0006428,SMB,LATAM,organic,2024-12-03,2025-10-06,308,4417.23,2632.06,1785.17,0.404138,11,401.57,14.34
C0006430,Mid-Market,North America,organic,2023-09-17,2025-08-15,699,18108.45,11387.73,6720.72,0.371137,33,548.74,25.91
C0006431,SMB,North America,organic,2024-10-04,2025-10-23,385,7249.07,4052.4,3196.67,0.440977,19,381.53,18.83
C0006432,Startup,North America,organic,2024-10-31,2025-12-28,424,2617.81,1326.17,1291.64,0.493405,17,153.99,6.17
C0006434,Startup,EMEA,organic,,,0,0.0,0.0,0.0,0.0,0,0.0,0.0
C0006443,Startup,EMEA,organic,2025-09-29,2025-10-22,24,159.96,96.79,63.17,0.394911,3,53.32,6.66
C0006452,Mid-Market,North America,organic,2024-05-30,2024-08-23,86,2579.13,1455.78,1123.35,0.435554,5,515.83,29.99
C0006457,Mid-Market,North America,organic,2024-12-08,2025-01-26,50,718.45,318.72,399.73,0.556378,2,359.22,14.37
C0006461,Mid-Market,APAC,organic,2024-02-18,2025-11-18,640,25372.7,14469.19,10903.51,0.429734,39,650.58,39.64
C0006463,SMB,North America,organic,2025-06-10,2025-10-03,116,3429.6,1994.68,1434.92,0.418393,6,571.6,29.57
C0006465,Startup,North America,organic,2025-02-18,2025-12-13,299,2302.2,1316.01,986.19,0.428369,8,287.77,7.7
C0006478,Mid-Market,North America,organic,2024-10-06,2025-12-17,438,9273.16,5918.52,3354.64,0.361758,12,772.76,21.17
C0006486,SMB,North America,organic,2025-11-26,2025-11-26,1,320.54,185.88,134.66,0.420104,1,320.54,320.54
C0006491,SMB,North America,organic,2024-03-24,2025-10-14,570,8841.39,4775.59,4065.8,0.45986,16,552.59,15.51
C0006496,Mid-Market,North America,organic,2023-02-02,2024-09-05,582,22347.95,12368.02,9979.93,0.44657,25,893.92,38.4
C0006497,Startup,North America,organic,2024-11-08,2025-07-19,254,1104.62,704.39,400.23,0.362324,10,110.46,4.35
C0006506,Enterprise,North America,organic,2023-03-25,2025-11-18,970,170902.45,115465.04,55437.41,0.32438,92,1857.64,176.19
C0006508,Startup,EMEA,organic,2023-04-08,2023-08-07,122,1001.01,542.71,458.3,0.457838,7,143.0,8.2
C0006520,Mid-Market,EMEA,organic,2024-05-09,2025-12-30,601,18510.55,10936.47,7574.08,0.409176,22,841.39,30.8
C0006526,SMB,North America,organic,,,0,0.0,0.0,0.0,0.0,0,0.0,0.0
C0006528,SMB,EMEA,organic,2023-02-24,2023-02-24,1,638.58,474.06,164.52,0.257634,1,638.58,638.58
C0006535,SMB,EMEA,organic,2024-12-01,2025-10-22,326,3526.75,2008.42,1518.33,0.430518,13,271.29,10.82
C0006545,SMB,EMEA,organic,2024-03-27,2025-07-04,465,4846.17,2590.85,2255.32,0.465382,20,242.31,10.42
C0006549,Mid-Market,North America,organic,2025-07-22,2025-12-31,163,4346.86,2512.01,1834.85,0.422109,8,543.36,26.67
C0006550,Enterprise,APAC,organic,2024-06-21,2024-07-11,21,16109.43,10453.15,5656.28,0.351116,5,3221.89,767.12
C0006551,Startup,EMEA,organic,2025-10-03,2025-12-15,74,296.5,156.37,140.13,0.472614,3,98.83,4.01
C0006555,Enterprise,APAC,organic,2023-10-29,2025-12-26,790,130685.3,94742.11,35943.19,0.275036,36,3630.15,165.42
C0006566,Startup,LATAM,organic,2025-05-22,2025-12-30,223,1801.3,1087.55,713.75,0.396242,10,180.13,8.08
C0006567,SMB,North America,organic,2025-03-03,2025-12-29,302,3857.18,2041.2,1815.98,0.470805,16,241.07,12.77
C0006574,SMB,EMEA,organic,2025-03-24,2025-11-12,234,3116.75,1858.44,1258.31,0.403725,10,311.68,13.32
C0006583,Mid-Market,EMEA,organic,2025-07-14,2025-12-15,155,4721.18,2622.4,2098.78,0.444546,11,429.2,30.46
C0006585,SMB,EMEA,organic,2025-01-12,2025-12-22,345,2847.05,1668.95,1178.1,0.413797,10,284.71,8.25
C0006590,SMB,EMEA,organic,2025-02-07,2025-11-16,283,2839.66,1759.22,1080.44,0.380482,13,218.44,10.03
C0006599,SMB,EMEA,organic,2023-09-10,2024-03-10,183,1008.65,580.75,427.9,0.42423,5,201.73,5.51
C0006600,SMB,EMEA,organic,2024-09-08,2025-04-17,222,5105.85,3011.62,2094.23,0.410163,13,392.76,23.0
C0006603,SMB,EMEA,organic,2024-07-11,2025-12-05,513,6244.74,3545.7,2699.04,0.43221,16,390.3,12.17
C0006616,SMB,LATAM,organic,2023-09-14,2025-12-16,825,6258.47,3395.0,2863.47,0.457535,32,195.58,7.59
C0006624,SMB,North America,organic,2024-10-16,2025-12-31,442,1939.21,1040.17,899.04,0.463611,12,161.6,4.39
C0006629,SMB,EMEA,organic,2024-01-11,2024-04-08,89,557.86,324.34,233.52,0.4186,5,111.57,6.27
C0006635,SMB,APAC,organic,2025-08-18,2025-12-10,115,1133.48,623.56,509.92,0.449871,4,283.37,9.86
C0006637,SMB,North America,organic,2023-08-29,2025-03-14,564,4926.33,2554.98,2371.35,0.481362,19,259.28,8.73
C0006645,SMB,EMEA,organic,2025-06-04,2025-11-15,165,1635.86,916.76,719.1,0.439585,6,272.64,9.91
C0006648,Mid-Market,EMEA,organic,2023-03-07,2024-01-02,302,1122.83,553.06,569.77,0.507441,5,224.57,3.72
C0006652,Mid-Market,APAC,organic,2025-12-26,2025-12-26,1,314.91,137.35,177.56,0.563844,1,314.91,314.91
C0006658,Mid-Market,North America,organic,2025-12-20,2025-12-20,1,136.46,74.64,61.82,0.453027,1,136.46,136.46
C0006659,SMB,LATAM,organic,2025-08-23,2025-12-28,128,1212.38,692.31,520.07,0.428966,8,151.55,9.47
C0006660,Startup,EMEA,organic,2024-09-29,2025-06-07,252,985.67,514.8,470.87,0.477716,9,109.52,3.91
C0006666,Startup,LATAM,organic,2025-06-17,2025-12-04,171,1055.78,718.24,337.54,0.319707,4,263.94,6.17
C0006667,SMB,North America,organic,2025-08-15,2025-12-30,138,3126.1,1984.49,1141.61,0.365187,6,521.02,22.65
C0006671,Mid-Market,EMEA,organic,2024-07-26,2024-10-02,69,3833.23,2112.31,1720.92,0.448948,6,638.87,55.55
C0006677,Startup,APAC,organic,2024-10-16,2025-12-30,441,788.49,467.42,321.07,0.407196,7,112.64,1.79
C0006679,Startup,APAC,organic,2023-06-01,2024-03-23,297,1004.91,518.94,485.97,0.483596,10,100.49,3.38
C0006680,Enterprise,EMEA,organic,2024-11-08,2025-12-31,419,38755.59,27423.94,11331.65,0.292387,24,1614.82,92.5
C0006684,Mid-Market,North America,organic,2025-08-30,2025-12-31,124,1818.05,910.64,907.41,0.499112,6,303.01,14.66
C0006694,Startup,EMEA,organic,2025-08-23,2025-12-06,106,396.09,252.94,143.15,0.361408,3,132.03,3.74
C0006696,Startup,EMEA,organic,2024-04-13,2025-07-25,469,1043.63,643.69,399.94,0.38322,8,130.45,2.23
C0006704,Mid-Market,APAC,organic,2023-11-23,2025-06-10,566,18616.69,12293.01,6323.68,0.339678,24,775.7,32.89
C0006714,Mid-Market,North America,organic,2025-04-08,2025-12-20,257,13845.38,7976.27,5869.11,0.423904,13,1065.03,53.87
C0006718,SMB,APAC,organic,2025-09-13,2025-12-24,103,941.78,473.72,468.06,0.496995,6,156.96,9.14
C0006720,SMB,North America,organic,,,0,0.0,0.0,0.0,0.0,0,0.0,0.0
C0006724,SMB,North America,organic,2024-01-28,2024-05-21,115,418.68,228.59,190.09,0.454022,3,139.56,3.64
C0006728,Mid-Market,North America,organic,2024-05-23,2025-10-22,518,41075.27,26343.0,14732.27,0.358665,24,1711.47,79.3
C0006734,SMB,EMEA,organic,2025-09-26,2025-10-13,18,850.4,537.12,313.28,0.368391,2,425.2,47.24
C0006735,SMB,North America,organic,2023-09-19,2023-10-27,39,363.75,176.73,187.02,0.514144,3,121.25,9.33
C0006736,SMB,EMEA,organic,2025-12-23,2025-12-23,1,149.07,70.26,78.81,0.528678,1,149.07,149.07
C0006743,Mid-Market,North America,organic,2023-07-07,2023-07-15,9,1655.49,715.45,940.04,0.567832,2,827.74,183.94
C0006748,SMB,North America,organic,2025-01-16,2025-11-17,306,5335.66,3123.48,2212.18,0.414603,18,296.43,17.44
C0006752,Startup,North America,organic,,,0,0.0,0.0,0.0,0.0,0,0.0,0.0
C0006759,SMB,North America,organic,2024-09-27,2025-05-10,226,4570.04,2555.6,2014.44,0.440793,15,304.67,20.22
C0006770,Startup,North America,organic,2024-09-08,2025-09-17,375,2237.87,1330.49,907.38,0.405466,14,159.85,5.97
C0006773,Startup,APAC,organic,2025-02-01,2025-12-17,320,1105.84,730.43,375.41,0.339479,8,138.23,3.46
C0006776,Startup,North America,organic,2024-11-13,2025-09-23,315,1504.36,843.53,660.83,0.439277,15,100.29,4.78
C0006790,Mid-Market,LATAM,organic,2025-09-22,2025-11-18,58,5995.14,3885.52,2109.62,0.351888,6,999.19,103.36
C0006791,Mid-Market,North America,organic,2024-08-01,2024-08-02,2,5944.21,4527.6,1416.61,0.238318,3,1981.4,2972.1
C0006796,Mid-Market,LATAM,organic,2025-02-18,2025-12-24,310,40521.65,21913.91,18607.74,0.459205,21,1929.6,130.72
C0006798,SMB,APAC,organic,2024-02-20,2025-10-04,593,6841.05,4150.79,2690.26,0.393252,26,263.12,11.54
C0006801,SMB,EMEA,organic,2024-10-01,2025-06-11,254,1460.92,755.0,705.92,0.483202,12,121.74,5.75
C0006805,Startup,North America,organic,2025-10-20,2025-12-07,49,499.62,274.12,225.5,0.451343,4,124.9,10.2
C0006806,Enterprise,North America,organic,2025-07-19,2025-11-03,108,21658.19,12784.18,8874.01,0.40973,12,1804.85,200.54
C0006807,SMB,North America,organic,2025-01-26,2025-12-30,339,3037.46,1746.19,1291.27,0.425115,15,202.5,8.96
C0006816,Startup,LATAM,organic,2023-12-22,2025-12-20,730,742.8,375.65,367.15,0.494278,9,82.53,1.02
C0006820,Enterprise,LATAM,organic,2025-12-30,2025-12-30,1,2862.79,1716.03,1146.76,0.400574,1,2862.79,2862.79
C0006821,Mid-Market,EMEA,organic,2025-04-28,2025-10-28,184,6839.0,4102.45,2736.55,0.400139,12,569.92,37.17
C0006829,Startup,EMEA,organic,2025-06-24,2025-06-24,1,32.4,16.17,16.23,0.500926,1,32.4,32.4
C0006831,SMB,APAC,organic,2025-01-07,2025-06-07,152,878.73,530.5,348.23,0.396288,3,292.91,5.78
C0006836,Mid-Market,EMEA,organic,2023-11-13,2025-12-10,759,22819.38,13207.53,9611.85,0.421214,31,736.11,30.07
C0006840,SMB,North America,organic,2025-10-27,2025-10-31,5,956.09,640.19,315.9,0.330408,4,239.02,191.22
C0006853,Startup,North America,organic,2025-06-15,2025-09-30,108,601.61,297.46,304.15,0.50556,4,150.4,5.57
C0006857,Mid-Market,North America,organic,2024-02-20,2025-07-12,509,25200.9,16644.73,8556.17,0.339518,30,840.03,49.51
C0006859,SMB,North America,organic,2024-01-27,2025-12-30,704,4795.61,2577.12,2218.49,0.462609,24,199.82,6.81
C0006874,SMB,North America,organic,2024-07-18,2025-11-22,493,1846.62,1057.24,789.38,0.427473,12,153.88,3.75
C0006880,Startup,EMEA,organic,2023-07-29,2025-01-15,537,2154.22,1237.93,916.29,0.425347,17,126.72,4.01
C0006884,Mid-Market,EMEA,organic,2025-08-31,2025-12-16,108,10585.56,6598.93,3986.63,0.37661,14,756.11,98.01
C0006885,Mid-Market,EMEA,organic,2025-11-23,2025-12-31,39,2056.4,1313.29,743.11,0.361365,4,514.1,52.73
C0006894,Mid-Market,APAC,organic,2024-01-22,2024-02-14,24,2368.31,1489.68,878.63,0.370995,4,592.08,98.68
C0006895,SMB,LATAM,organic,2023-11-14,2024-09-07,299,4584.96,3110.99,1473.97,0.321479,10,458.5,15.33
C0006896,Mid-Market,LATAM,organic,2023-09-02,2023-09-02,1,116.05,59.55,56.5,0.486859,1,116.05,116.05
C0006903,Startup,EMEA,organic,2025-08-16,2025-10-24,70,783.39,385.92,397.47,0.507372,3,261.13,11.19
C0006905,Startup,North America,organic,2024-11-29,2025-01-28,61,370.43,194.81,175.62,0.474098,6,61.74,6.07
C0006917,Mid-Market,EMEA,organic,2024-06-30,2025-12-28,547,11453.14,5850.59,5602.55,0.489172,28,409.04,20.94
C0006922,Startup,APAC,organic,2025-08-12,2025-11-28,109,1196.7,709.33,487.37,0.407262,5,239.34,10.98
C0006927,Startup,EMEA,organic,2024-03-24,2024-12-01,253,2156.87,1231.4,925.47,0.42908,6,359.48,8.53
C0006928,SMB,EMEA,organic,2025-11-25,2025-12-09,15,189.44,94.73,94.71,0.499947,2,94.72,12.63
C0006939,Mid-Market,EMEA,organic,2023-05-11,2025-12-23,958,21644.99,12642.49,9002.5,0.415916,36,601.25,22.59
C0006944,Startup,EMEA,organic,2025-04-24,2025-12-07,228,499.34,242.9,256.44,0.513558,5,99.87,2.19
C0006950,Startup,APAC,organic,,,0,0.0,0.0,0.0,0.0,0,0.0,0.0
C0006957,Startup,EMEA,organic,2024-04-23,2025-08-12,477,1954.36,1177.28,777.08,0.397614,12,162.86,4.1
C0006961,Startup,North America,organic,2024-07-24,2025-10-06,440,1140.08,686.1,453.98,0.3982,14,81.43,2.59
C0006966,Mid-Market,APAC,organic,2025-04-13,2025-08-03,113,8102.34,4972.94,3129.4,0.386234,12,675.2,71.7
C0006972,SMB,EMEA,organic,2024-07-16,2025-11-13,486,4315.45,2499.61,1815.84,0.420777,14,308.25,8.88
C0006973,Enterprise,North America,organic,2024-03-15,2024-11-07,238,39356.35,25836.18,13520.17,0.343532,21,1874.11,165.36
C0006983,Mid-Market,APAC,organic,2024-04-05,2025-12-27,632,31885.59,20541.86,11343.73,0.355764,39,817.58,50.45
C0006987,Mid-Market,LATAM,organic,2025-04-25,2025-12-13,233,7567.76,4252.83,3314.93,0.438033,12,630.65,32.48
C0006999,Startup,APAC,organic,2025-10-04,2025-10-25,22,503.67,251.54,252.13,0.500586,4,125.92,22.89
C0007001,Enterprise,EMEA,organic,2025-06-29,2025-10-26,120,7611.61,5149.98,2461.63,0.323405,8,951.45,63.43
C0007007,Startup,North America,organic,2025-08-21,2025-12-23,125,282.65,147.44,135.21,0.478365,3,94.22,2.26
C0007010,Mid-Market,EMEA,organic,2025-02-04,2025-12-20,320,6669.03,3689.4,2979.63,0.446786,13,513.0,20.84
C0007013,Mid-Market,EMEA,organic,2023-01-15,2023-05-20,126,15518.86,11477.4,4041.46,0.260422,9,1724.32,123.17
C0007018,Startup,North America,organic,2023-02-26,2025-01-08,683,3057.22,1671.4,1385.82,0.453294,21,145.58,4.48
C0007019,Startup,EMEA,organic,2023-02-26,2025-07-02,858,2753.46,1519.16,1234.3,0.448272,23,119.72,3.21
C0007022,SMB,APAC,organic,,,0,0.0,0.0,0.0,0.0,0,0.0,0.0
C0007027,Mid-Market,North America,organic,2025-03-15,2025-03-15,1,102.92,50.54,52.38,0.508939,1,102.92,102.92
C0007032,Startup,North America,organic,2024-02-27,2025-02-06,346,1010.58,562.19,448.39,0.443696,9,112.29,2.92
C0007045,Startup,LATAM,organic,2025-12-14,2025-12-24,11,277.92,160.31,117.61,0.423179,2,138.96,25.27
C0007050,Mid-Market,North America,organic,2024-05-12,2025-12-25,593,22807.64,15564.06,7243.58,0.317594,25,912.31,38.46
C0007051,SMB,APAC,organic,2025-12-22,2025-12-22,1,81.78,61.24,20.54,0.251162,1,81.78,81.78
C0007054,Startup,APAC,organic,2024-10-18,2025-08-24,311,1811.69,1031.76,779.93,0.430499,11,164.7,5.83
C0007058,Mid-Market,EMEA,organic,2023-11-02,2023-11-09,8,538.19,312.53,225.66,0.419294,2,269.09,67.27
C0007059,Startup,EMEA,organic,2025-03-08,2025-06-13,98,1954.59,1227.65,726.94,0.371914,7,279.23,19.94
C0007068,Startup,EMEA,organic,,,0,0.0,0.0,0.0,0.0,0,0.0,0.0
C0007075,SMB,APAC,organic,2025-09-10,2025-12-27,109,641.4,320.09,321.31,0.500951,3,213.8,5.88
C0007082,Startup,APAC,organic,2025-09-24,2025-11-13,51,418.83,186.34,232.49,0.555094,4,104.71,8.21
C0007083,SMB,North America,organic,2025-08-14,2025-10-31,79,2128.33,1291.23,837.1,0.393313,5,425.67,26.94
C0007085,Mid-Market,North America,organic,2025-04-13,2025-12-17,249,9212.66,4773.27,4439.39,0.481879,11,837.51,37.0
C0007101,SMB,North America,organic,2024-07-17,2025-12-12,514,8705.55,5539.1,3166.45,0.363728,14,621.82,16.94
C0007108,Enterprise,North America,organic,2025-03-01,2025-10-21,235,23996.17,16299.12,7697.05,0.320762,14,1714.01,102.11
C0007111,Mid-Market,North America,organic,,,0,0.0,0.0,0.0,0.0,0,0.0,0.0
C0007113,SMB,North America,organic,2025-05-30,2025-12-14,199,1776.08,982.33,793.75,0.446911,6,296.01,8.93
C0007120,Startup,EMEA,organic,2025-04-30,2025-10-16,170,1625.26,1014.95,610.31,0.375515,7,232.18,9.56
C0007126,Startup,EMEA,organic,,,0,0.0,0.0,0.0,0.0,0,0.0,0.0
C0007136,SMB,EMEA,organic,2025-06-02,2025-10-19,140,775.18,435.89,339.29,0.437692,8,96.9,5.54
C0007145,SMB,APAC,organic,2025-09-22,2025-12-24,94,2324.15,1150.94,1173.21,0.504791,9,258.24,24.72
C0007156,Startup,APAC,organic,2025-06-28,2025-12-21,177,776.32,398.45,377.87,0.486745,6,129.39,4.39
C0007168,SMB,North America,organic,2024-01-14,2024-09-10,241,2522.35,1411.98,1110.37,0.440213,10,252.24,10.47
C0007171,Startup,EMEA,organic,2024-12-29,2025-12-27,364,1018.44,489.97,528.47,0.518901,10,101.84,2.8
C0007176,SMB,EMEA,organic,2023-01-15,2023-07-17,184,1801.22,930.15,871.07,0.4836,6,300.2,9.79
C0007177,SMB,EMEA,organic,2023-09-05,2023-10-27,53,583.36,390.14,193.22,0.331219,4,145.84,11.01
C0007178,Startup,North America,organic,,,0,0.0,0.0,0.0,0.0,0,0.0,0.0
C0007182,Startup,North America,organic,2024-10-14,2025-02-15,125,642.32,363.62,278.7,0.433896,6,107.05,5.14
C0007188,Mid-Market,North America,organic,2024-05-31,2025-08-09,436,34880.39,21174.51,13705.88,0.392939,22,1585.47,80.0
C0007194,Mid-Market,APAC,organic,2025-04-05,2025-07-19,106,3197.87,1981.91,1215.96,0.380241,6,532.98,30.17
C0007204,Mid-Market,LATAM,organic,2025-12-29,2025-12-29,1,92.55,36.75,55.8,0.602917,1,92.55,92.55
C0007211,Startup,North America,organic,2025-01-11,2025-12-27,351,2422.11,1291.27,1130.84,0.466882,9,269.12,6.9
C0007215,Startup,EMEA,organic,2025-08-26,2025-12-30,127,213.09,108.18,104.91,0.492327,4,53.27,1.68
C0007216,Startup,North America,organic,2023-07-17,2025-12-31,899,2054.85,1163.47,891.38,0.433793,12,171.24,2.29
C0007217,SMB,APAC,organic,2025-07-01,2025-12-26,179,1689.99,1018.07,671.92,0.397588,7,241.43,9.44
C0007224,Startup,North America,organic,2023-10-03,2024-07-07,279,876.8,632.03,244.77,0.279163,7,125.26,3.14
C0007237,Mid-Market,LATAM,organic,2024-07-21,2024-12-02,135,4146.3,2300.51,1845.79,0.445166,7,592.33,30.71
C0007250,Enterprise,North America,organic,2025-05-09,2025-10-25,170,35620.51,25717.27,9903.24,0.278021,17,2095.32,209.53
C0007252,Mid-Market,North America,organic,2025-01-23,2025-12-26,338,15606.5,10171.7,5434.8,0.34824,17,918.03,46.17
C0007259,Mid-Market,APAC,organic,2025-06-09,2025-07-07,29,3129.41,1723.65,1405.76,0.449209,3,1043.14,107.91
C0007260,SMB,EMEA,organic,2023-04-12,2023-07-03,83,1485.7,950.31,535.39,0.360362,4,371.42,17.9
C0007267,Enterprise,EMEA,organic,2024-05-26,2024-10-24,152,40902.63,27165.99,13736.64,0.335838,17,2406.04,269.1
C0007269,Mid-Market,North America,organic,2025-12-17,2025-12-29,13,283.3,151.98,131.32,0.463537,2,141.65,21.79
C0007270,SMB,APAC,organic,2024-08-08,2025-12-31,511,2625.5,1691.2,934.3,0.355856,8,328.19,5.14
C0007279,Enterprise,EMEA,organic,2025-04-28,2025-09-05,131,30037.95,19703.18,10334.77,0.344057,13,2310.61,229.3
C0007282,Enterprise,North America,organic,2023-07-28,2025-12-15,872,117838.86,84856.49,32982.37,0.279894,63,1870.46,135.14
C0007285,SMB,EMEA,organic,2025-11-18,2025-11-30,13,354.66,189.56,165.1,0.465516,3,118.22,27.28
C0007286,SMB,APAC,organic,2025-11-05,2025-11-05,1,61.48,32.41,29.07,0.472837,1,61.48,61.48
C0007302,SMB,APAC,organic,2025-04-30,2025-06-28,60,669.42,287.69,381.73,0.57024,3,223.14,11.16
C0007306,Mid-Market,LATAM,organic,2024-11-16,2025-03-06,111,4319.36,2692.72,1626.64,0.376593,8,539.92,38.91
C0007311,Enterprise,EMEA,organic,2024-09-07,2025-11-25,445,25640.33,18378.64,7261.69,0.283214,14,1831.45,57.62
C0007312,Mid-Market,North America,organic,2024-04-30,2025-11-29,579,21166.23,13406.46,7759.77,0.366611,31,682.78,36.56
C0007317,Startup,APAC,organic,2025-10-14,2025-12-17,65,650.3,377.11,273.19,0.420098,4,162.57,10.0
C0007321,Mid-Market,North America,organic,2023-05-25,2025-11-25,916,32230.04,19434.42,12795.62,0.397009,44,732.5,35.19
C0007334,SMB,EMEA,organic,2025-04-26,2025-11-18,207,491.15,347.34,143.81,0.292803,3,163.72,2.37
C0007335,Mid-Market,North America,organic,2024-08-22,2025-10-23,428,10610.45,6936.72,3673.73,0.346237,18,589.47,24.79
C0007342,Startup,EMEA,organic,2024-04-27,2025-12-27,610,2827.2,2053.31,773.89,0.27373,12,235.6,4.63
C0007348,Enterprise,LATAM,organic,2024-11-29,2025-10-27,333,75063.94,52361.59,22702.35,0.30244,28,2680.86,225.42
C0007355,SMB,APAC,organic,2025-01-19,2025-12-19,335,2790.8,1352.4,1438.4,0.515408,14,199.34,8.33
C0007357,SMB,North America,organic,2025-06-11,2025-09-26,108,1934.83,1306.83,628.0,0.324576,5,386.97,17.92
C0007376,SMB,EMEA,organic,2023-10-10,2025-12-06,789,4098.61,2324.67,1773.94,0.432815,19,215.72,5.19
C0007391,Mid-Market,EMEA,organic,2024-03-21,2025-06-18,455,7462.1,4592.86,2869.24,0.384508,21,355.34,16.4
C0007403,SMB,North America,organic,2024-06-16,2025-12-25,558,4375.31,2616.98,1758.33,0.401876,20,218.77,7.84
C0007409,Mid-Market,APAC,organic,2025-03-23,2025-05-25,64,3972.39,2413.42,1558.97,0.392451,5,794.48,62.07
C0007412,Enterprise,EMEA,organic,2025-07-12,2025-10-23,104,8710.42,5686.83,3023.59,0.347123,8,1088.8,83.75
C0007413,Mid-Market,APAC,organic,2023-06-29,2025-08-01,765,31829.9,20992.79,10837.11,0.340469,31,1026.77,41.61
C0007418,SMB,North America,organic,2025-11-13,2025-12-07,25,462.6,182.36,280.24,0.605793,3,154.2,18.5
C0007422,Mid-Market,North America,organic,2024-01-11,2024-04-21,102,3240.5,1698.93,1541.57,0.47572,7,462.93,31.77
C0007425,Startup,North America,organic,2025-08-08,2025-10-07,61,276.5,147.92,128.58,0.465027,2,138.25,4.53
C0007431,SMB,LATAM,organic,2025-11-13,2025-11-18,6,680.75,474.49,206.26,0.302989,2,340.38,113.46
C0007433,SMB,North America,organic,2025-06-10,2025-12-03,177,1624.31,930.36,693.95,0.427228,5,324.86,9.18
C0007436,Enterprise,EMEA,organic,2024-10-17,2025-10-25,374,85399.22,57872.44,27526.78,0.322331,40,2134.98,228.34
C0007444,SMB,LATAM,organic,2023-11-04,2025-03-12,495,2707.77,1495.63,1212.14,0.447652,16,169.24,5.47
C0007451,Startup,North America,organic,2024-06-10,2025-11-23,532,2137.91,1216.3,921.61,0.43108,14,152.71,4.02
C0007452,Startup,EMEA,organic,2024-06-02,2024-06-14,13,690.93,349.11,341.82,0.494725,3,230.31,53.15
C0007456,Mid-Market,North America,organic,2025-01-27,2025-11-28,306,7306.39,5061.39,2245.0,0.307265,12,608.87,23.88
C0007457,Mid-Market,EMEA,organic,2025-06-17,2025-12-19,186,5595.26,3317.22,2278.04,0.407137,8,699.41,30.08
C0007466,SMB,North America,organic,2023-01-26,2025-03-28,793,4220.47,2314.88,1905.59,0.451511,20,211.02,5.32
C0007467,Enterprise,North America,organic,2024-01-25,2025-12-28,704,59525.16,41114.74,18410.42,0.309288,40,1488.13,84.55
C0007472,SMB,North America,organic,2025-12-28,2025-12-28,1,128.29,60.79,67.5,0.526152,1,128.29,128.29
C0007476,Startup,EMEA,organic,2025-02-19,2025-11-05,260,1590.06,850.63,739.43,0.465033,10,159.01,6.12
C0007477,SMB,LATAM,organic,2024-12-12,2025-01-19,39,588.74,303.44,285.3,0.484594,4,147.18,15.1
C0007479,Startup,APAC,organic,2024-10-31,2025-05-29,211,1323.4,646.22,677.18,0.511697,6,220.57,6.27
C0007481,SMB,EMEA,organic,2024-12-31,2025-04-24,115,2443.93,1700.16,743.77,0.304334,5,488.79,21.25
C0007482,Startup,EMEA,organic,2025-12-08,2025-12-08,1,105.28,51.27,54.01,0.513013,1,105.28,105.28
C0007494,SMB,North America,organic,2023-09-16,2023-12-21,97,2552.4,1463.39,1089.01,0.426661,6,425.4,26.31
C0007497,Startup,North America,organic,2024-06-28,2025-04-27,304,1141.71,693.98,447.73,0.392157,7,163.1,3.76
C0007498,Enterprise,North America,organic,2025-02-06,2025-03-04,27,7962.74,5376.19,2586.55,0.324832,6,1327.12,294.92
C0007501,Enterprise,EMEA,organic,2024-12-26,2025-02-27,64,18344.43,12126.32,6218.11,0.338964,8,2293.05,286.63
C0007504,Mid-Market,North America,organic,2024-11-01,2025-12-31,426,28079.22,17789.74,10289.48,0.366445,24,1169.97,65.91
C0007506,Startup,EMEA,organic,2025-06-20,2025-10-01,104,468.54,301.64,166.9,0.356213,4,117.14,4.51
C0007514,SMB,APAC,organic,2025-05-25,2025-11-26,186,1631.39,838.82,792.57,0.485825,5,326.28,8.77
C0007520,Startup,North America,organic,2023-04-29,2024-12-29,611,3384.87,2175.06,1209.81,0.357417,19,178.15,5.54
C0007523,SMB,North America,organic,2024-11-21,2025-03-20,120,1907.71,1096.17,811.54,0.4254,6,317.95,15.9
C0007533,Startup,North America,organic,2024-10-17,2024-10-17,1,464.13,296.67,167.46,0.360804,1,464.13,464.13
C0007553,SMB,EMEA,organic,2024-05-11,2025-06-04,390,3120.46,1786.76,1333.7,0.427405,16,195.03,8.0
C0007555,SMB,EMEA,organic,2025-05-24,2025-11-27,188,1996.58,1012.78,983.8,0.492743,5,399.32,10.62
C0007561,SMB,LATAM,organic,,,0,0.0,0.0,0.0,0.0,0,0.0,0.0
C0007566,SMB,LATAM,organic,2025-11-13,2025-12-24,42,258.35,134.55,123.8,0.479195,3,86.12,6.15
C0007572,SMB,North America,organic,2025-11-30,2025-12-25,26,744.4,422.32,322.08,0.432671,4,186.1,28.63
C0007573,Startup,North America,organic,2023-10-23,2024-04-11,172,131.25,59.68,71.57,0.545295,2,65.62,0.76
C0007581,Mid-Market,North America,organic,2024-04-04,2024-12-05,246,14503.9,8211.09,6292.81,0.43387,11,1318.54,58.96
C0007584,Startup,LATAM,organic,2025-09-11,2025-12-20,101,790.18,362.06,428.12,0.541801,5,158.04,7.82
C0007587,Startup,LATAM,organic,2023-10-22,2024-12-09,415,1590.38,841.69,748.69,0.470762,11,144.58,3.83
C0007589,SMB,EMEA,organic,2025-06-04,2025-12-16,196,1124.02,604.84,519.18,0.461896,5,224.8,5.73
C0007592,SMB,APAC,organic,2025-10-30,2025-10-31,2,277.47,105.51,171.96,0.619743,2,138.74,138.74
C0007599,Mid-Market,North America,organic,2024-09-05,2025-08-20,350,11957.4,6587.54,5369.86,0.449083,18,664.3,34.16
C0007600,Mid-Market,North America,organic,2025-03-23,2025-11-29,252,4993.93,2882.01,2111.92,0.422897,11,453.99,19.82
C0007614,Mid-Market,North America,organic,2024-09-21,2025-09-17,362,12517.31,7569.97,4947.34,0.39524,23,544.23,34.58
C0007616,Enterprise,APAC,organic,2025-09-22,2025-11-28,68,13013.28,8344.73,4668.55,0.358753,8,1626.66,191.37
C0007620,Startup,North America,organic,2025-09-15,2025-09-17,3,172.72,130.34,42.38,0.245368,2,86.36,57.57
C0007621,Startup,EMEA,organic,2024-05-27,2025-01-01,220,1787.54,1168.45,619.09,0.346336,7,255.36,8.13
C0007623,Startup,North America,organic,2023-08-06,2024-02-19,198,440.89,246.77,194.12,0.440291,3,146.96,2.23
C0007624,Startup,EMEA,organic,2023-09-24,2025-12-03,802,2698.91,1720.47,978.44,0.362532,18,149.94,3.37
C0007626,Startup,EMEA,organic,2023-06-17,2024-01-15,213,2861.25,1737.31,1123.94,0.392814,7,408.75,13.43
C0007638,SMB,North America,organic,2025-12-08,2025-12-11,4,471.97,197.57,274.4,0.581393,2,235.98,117.99
C0007644,SMB,LATAM,organic,2025-06-16,2025-12-08,176,359.22,201.31,157.91,0.439591,3,119.74,2.04
C0007647,Mid-Market,EMEA,organic,2023-05-11,2023-11-04,178,7935.45,4574.22,3361.23,0.423571,13,610.42,44.58
C0007649,SMB,APAC,organic,2024-07-11,2025-06-02,327,1822.7,828.54,994.16,0.545433,6,303.78,5.57
C0007652,Mid-Market,North America,organic,2024-03-03,2025-12-20,658,30574.47,16905.56,13668.91,0.447069,33,926.5,46.47
C0007653,SMB,North America,organic,2025-02-05,2025-10-03,241,2280.5,1236.05,1044.45,0.457992,10,228.05,9.46
C0007656,Mid-Market,North America,organic,2025-07-10,2025-12-26,170,3702.24,2401.7,1300.54,0.351285,8,462.78,21.78
C0007665,Enterprise,EMEA,organic,2023-11-17,2025-11-18,733,134322.94,95129.23,39193.71,0.291787,34,3950.67,183.25
C0007667,Mid-Market,North America,organic,2025-07-17,2025-07-20,4,3342.6,1617.48,1725.12,0.516101,4,835.65,835.65
C0007677,Enterprise,APAC,organic,,,0,0.0,0.0,0.0,0.0,0,0.0,0.0
C0007686,SMB,North America,organic,2025-10-23,2025-10-28,6,415.38,235.81,179.57,0.432303,2,207.69,69.23
C0007690,Enterprise,EMEA,organic,2024-07-21,2025-11-29,497,117424.73,80347.51,37077.22,0.315753,33,3558.33,236.27
C0007692,SMB,APAC,organic,2024-10-25,2025-07-04,253,2069.8,1155.4,914.4,0.441782,9,229.98,8.18
C0007699,Mid-Market,APAC,organic,2023-07-28,2025-05-15,658,19923.08,12157.57,7765.51,0.389775,27,737.89,30.28
C0007725,Mid-Market,APAC,organic,2025-10-05,2025-12-18,75,6771.73,4238.28,2533.45,0.374122,12,564.31,90.29
C0007730,Mid-Market,North America,organic,2023-10-22,2025-10-15,725,28776.23,16885.22,11891.01,0.413223,35,822.18,39.69
C0007737,SMB,EMEA,organic,2025-06-28,2025-12-16,172,3115.77,2416.29,699.48,0.224497,8,389.47,18.11
C0007739,Mid-Market,EMEA,organic,2023-06-27,2024-05-02,311,28242.87,16854.84,11388.03,0.403218,18,1569.05,90.81
C0007740,Startup,North America,organic,2024-10-24,2025-05-11,200,1406.48,872.09,534.39,0.379949,7,200.93,7.03
C0007741,Startup,APAC,organic,2024-12-30,2025-12-23,359,744.41,374.7,369.71,0.496648,8,93.05,2.07
C0007754,SMB,North America,organic,2025-09-19,2025-10-10,22,619.49,310.36,309.13,0.499007,3,206.5,28.16
C0007762,Startup,EMEA,organic,,,0,0.0,0.0,0.0,0.0,0,0.0,0.0
C0007768,SMB,APAC,organic,2024-08-02,2024-08-02,1,227.04,160.72,66.32,0.292107,1,227.04,227.04
C0007777,Mid-Market,EMEA,organic,2024-02-06,2025-09-14,587,17969.82,10579.7,7390.12,0.411252,30,598.99,30.61
C0007789,Mid-Market,North America,organic,2025-01-30,2025-09-27,241,9798.74,6510.55,3288.19,0.335573,14,699.91,40.66
C0007795,Enterprise,North America,organic,2025-04-26,2025-08-26,123,30268.63,22149.62,8119.01,0.268232,13,2328.36,246.09
C0007804,Mid-Market,APAC,organic,2024-12-06,2025-11-25,355,12668.74,8099.7,4569.04,0.360655,15,844.58,35.69
C0007813,SMB,North America,organic,2025-05-31,2025-12-30,214,1009.95,673.35,336.6,0.333284,4,252.49,4.72
C0007820,SMB,EMEA,organic,2025-01-10,2025-07-06,178,1840.61,1266.03,574.58,0.312168,3,613.54,10.34
C0007823,SMB,EMEA,organic,2024-08-13,2025-05-23,284,5143.04,3462.92,1680.12,0.326678,7,734.72,18.11
C0007827,Startup,North America,organic,2025-08-13,2025-11-22,102,451.74,240.8,210.94,0.46695,3,150.58,4.43
C0007829,Enterprise,North America,organic,2025-09-19,2025-12-14,87,12544.92,8706.85,3838.07,0.305946,7,1792.13,144.19
C0007832,Mid-Market,North America,organic,2025-07-18,2025-12-17,153,12941.85,7449.9,5491.95,0.424356,9,1437.98,84.59
C0007834,SMB,North America,organic,2025-05-22,2025-07-03,43,421.4,257.43,163.97,0.389108,3,140.47,9.8
C0007845,Mid-Market,LATAM,organic,2023-07-23,2023-12-15,146,7346.45,4287.69,3058.76,0.416359,10,734.64,50.32
C0007851,Startup,North America,organic,2025-02-12,2025-02-12,1,173.55,90.49,83.06,0.478594,1,173.55,173.55
C0007855,SMB,APAC,organic,2024-04-09,2025-12-30,631,4084.1,2217.12,1866.98,0.457134,20,204.2,6.47
C0007858,Startup,North America,organic,2024-03-11,2024-12-19,284,746.02,444.42,301.6,0.404279,6,124.34,2.63
C0007860,Mid-Market,North America,organic,2025-06-30,2025-11-05,129,5385.98,3312.49,2073.49,0.384979,6,897.66,41.75
C0007861,Startup,North America,organic,2025-03-25,2025-05-07,44,420.11,213.82,206.29,0.491038,3,140.04,9.55
C0007872,Startup,LATAM,organic,2023-04-20,2025-11-07,933,5730.21,2973.96,2756.25,0.481003,15,382.01,6.14
C0007875,SMB,EMEA,organic,2025-03-14,2025-10-21,222,2222.38,1389.92,832.46,0.37458,7,317.48,10.01
C0007877,Enterprise,EMEA,organic,2025-05-16,2025-12-31,230,45616.33,31208.05,14408.28,0.315858,23,1983.32,198.33
C0007887,SMB,North America,organic,2024-05-18,2025-11-26,558,13163.24,7370.84,5792.4,0.440044,22,598.33,23.59
C0007890,Mid-Market,EMEA,organic,2025-04-29,2025-11-05,191,10460.42,6110.97,4349.45,0.415801,13,804.65,54.77
C0007896,Enterprise,LATAM,organic,2025-05-10,2025-06-12,34,42504.57,29846.42,12658.15,0.297807,8,5313.07,1250.13
C0007897,SMB,EMEA,organic,2025-03-14,2025-05-26,74,226.34,124.91,101.43,0.448131,3,75.45,3.06
C0007910,Enterprise,North America,organic,2024-07-14,2025-09-04,418,17825.61,11732.31,6093.3,0.341828,17,1048.57,42.64
C0007914,Mid-Market,LATAM,organic,2025-11-08,2025-11-08,1,1588.66,1171.87,416.79,0.262353,1,1588.66,1588.66
C0007915,SMB,North America,organic,2025-11-10,2025-11-16,7,342.8,141.59,201.21,0.58696,2,171.4,48.97
C0007922,SMB,LATAM,organic,2024-12-17,2025-12-28,377,1718.13,886.82,831.31,0.483846,10,171.81,4.56
C0007923,Mid-Market,EMEA,organic,2025-08-21,2025-10-05,46,6270.18,4002.74,2267.44,0.361623,12,522.52,136.31
C0007924,Enterprise,North America,organic,2025-03-18,2025-11-28,256,9027.61,5265.94,3761.67,0.416685,10,902.76,35.26
C0007925,SMB,LATAM,organic,2025-11-22,2025-12-09,18,1134.35,738.71,395.64,0.348781,2,567.18,63.02
C0007937,SMB,APAC,organic,2024-01-31,2024-03-06,36,966.43,588.52,377.91,0.391037,3,322.14,26.85
C0007946,SMB,LATAM,organic,2024-04-13,2024-04-13,1,178.92,96.98,81.94,0.45797,1,178.92,178.92
C0007952,Mid-Market,APAC,organic,2025-03-27,2025-12-13,262,5491.5,3456.62,2034.88,0.370551,8,686.44,20.96
C0007954,SMB,North America,organic,2023-05-06,2023-05-06,1,208.49,106.54,101.95,0.488992,1,208.49,208.49
C0007959,Startup,North America,organic,2023-08-25,2024-03-20,209,890.14,472.59,417.55,0.469084,4,222.54,4.26
C0007962,Mid-Market,APAC,organic,2024-04-01,2025-02-21,327,37188.03,24744.06,12443.97,0.334623,18,2066.0,113.72
C0007966,Mid-Market,EMEA,organic,2025-11-25,2025-12-12,18,800.28,507.63,292.65,0.365685,2,400.14,44.46
C0007971,SMB,APAC,organic,2025-04-13,2025-12-20,252,2306.31,1217.77,1088.54,0.471983,9,256.26,9.15
C0007978,SMB,North America,organic,2025-12-18,2025-12-18,1,177.82,82.58,95.24,0.535598,1,177.82,177.82
C0007981,Mid-Market,North America,organic,2024-08-30,2024-11-05,68,7154.88,3933.15,3221.73,0.450284,9,794.99,105.22
C0007990,SMB,APAC,organic,2025-09-29,2025-09-29,1,8478.9,3479.6,4999.3,0.589617,1,8478.9,8478.9
C0007993,SMB,North America,organic,2023-06-28,2025-04-01,644,4990.29,2632.91,2357.38,0.472393,22,226.83,7.75
C0007994,Mid-Market,North America,organic,2025-09-30,2025-12-31,93,2065.93,1372.75,693.18,0.335529,5,413.19,22.21
C0007998,Startup,EMEA,organic,2024-12-27,2025-10-03,281,1077.18,591.26,485.92,0.451104,8,134.65,3.83
C0008007,Enterprise,APAC,organic,2025-02-15,2025-12-29,318,28441.14,18193.38,10247.76,0.360315,15,1896.08,89.44
C0008015,SMB,LATAM,organic,2023-01-17,2025-10-07,995,3408.5,1957.2,1451.3,0.425788,19,179.39,3.43
C0008017,SMB,EMEA,organic,2025-12-23,2025-12-23,1,167.93,96.05,71.88,0.428035,1,167.93,167.93
C0008019,SMB,LATAM,organic,2024-06-19,2025-04-26,312,2958.45,1947.99,1010.46,0.34155,9,328.72,9.48
C0008024,SMB,EMEA,organic,2024-11-20,2025-11-21,367,5800.52,3631.11,2169.41,0.374003,11,527.32,15.81
C0008030,Startup,North America,organic,2025-03-10,2025-09-07,182,1016.97,514.19,502.78,0.49439,5,203.39,5.59
C0008031,SMB,North America,organic,2025-03-10,2025-04-10,32,1761.09,1178.81,582.28,0.330636,4,440.27,55.03
C0008036,Startup,North America,organic,2025-10-09,2025-12-29,82,189.56,107.09,82.47,0.43506,5,37.91,2.31
C0008040,Enterprise,EMEA,organic,2025-09-10,2025-12-31,113,10383.95,6611.7,3772.25,0.363277,7,1483.42,91.89
C0008042,SMB,EMEA,organic,,,0,0.0,0.0,0.0,0.0,0,0.0,0.0
C0008045,SMB,EMEA,organic,,,0,0.0,0.0,0.0,0.0,0,0.0,0.0
C0008053,Mid-Market,North America,organic,2025-11-20,2025-12-31,42,1547.62,935.37,612.25,0.395607,3,515.87,36.85
C0008057,Mid-Market,LATAM,organic,2025-02-25,2025-11-16,265,15562.42,8988.11,6574.31,0.422448,18,864.58,58.73
C0008063,SMB,North America,organic,2025-02-03,2025-08-27,206,2216.61,1281.84,934.77,0.421712,13,170.51,10.76
C0008078,SMB,EMEA,organic,2024-02-28,2025-12-30,672,13298.32,7999.4,5298.92,0.398465,18,738.8,19.79
C0008079,SMB,North America,organic,2025-12-28,2025-12-28,1,131.35,73.61,57.74,0.439589,1,131.35,131.35
C0008081,Startup,LATAM,organic,2024-02-26,2024-03-21,25,1550.25,784.15,766.1,0.494178,3,516.75,62.01
C0008090,SMB,APAC,organic,2023-08-13,2025-05-11,638,5107.73,3281.1,1826.63,0.357621,23,222.08,8.01
C0008093,Mid-Market,EMEA,organic,2024-03-25,2025-12-31,647,22798.51,13634.47,9164.04,0.401958,34,670.54,35.24
C0008096,SMB,North America,organic,2025-09-26,2025-10-21,26,1706.51,817.08,889.43,0.521198,4,426.63,65.64
C0008112,Mid-Market,EMEA,organic,2024-03-28,2025-12-03,616,22766.35,15115.07,7651.28,0.336078,31,734.4,36.96
C0008114,Mid-Market,EMEA,organic,2025-06-16,2025-07-13,28,1504.41,935.8,568.61,0.377962,3,501.47,53.73
C0008116,SMB,APAC,organic,2025-11-30,2025-11-30,1,101.35,38.49,62.86,0.620227,1,101.35,101.35
C0008120,SMB,North America,organic,2025-06-14,2025-11-08,148,1577.57,801.72,775.85,0.491801,9,175.29,10.66
C0008128,SMB,North America,organic,2025-05-24,2025-11-30,191,1568.09,972.31,595.78,0.37994,4,392.02,8.21
C0008145,Startup,EMEA,organic,,,0,0.0,0.0,0.0,0.0,0,0.0,0.0
C0008147,Startup,North America,organic,2024-04-30,2024-04-30,1,59.77,28.14,31.63,0.529195,1,59.77,59.77
C0008161,SMB,North America,organic,2024-08-20,2024-12-28,131,1447.98,824.19,623.79,0.4308,7,206.85,11.05
C0008165,Mid-Market,LATAM,organic,2024-08-24,2025-12-01,465,17262.95,10245.47,7017.48,0.406505,20,863.15,37.12
C0008166,Enterprise,EMEA,organic,2025-06-11,2025-12-30,203,11588.48,7747.49,3840.99,0.331449,9,1287.61,57.09
C0008169,Mid-Market,North America,organic,2024-01-06,2024-01-07,2,1455.7,730.62,725.08,0.498097,4,363.92,727.85
C0008171,SMB,North America,organic,,,0,0.0,0.0,0.0,0.0,0,0.0,0.0
C0008172,Mid-Market,EMEA,organic,2025-05-29,2025-11-02,158,13023.06,7546.48,5476.58,0.420529,16,813.94,82.42
C0008178,SMB,LATAM,organic,2025-05-01,2025-12-28,242,1810.61,1003.32,807.29,0.445866,8,226.33,7.48
C0008181,SMB,North America,organic,,,0,0.0,0.0,0.0,0.0,0,0.0,0.0
C0008183,Mid-Market,LATAM,organic,2024-12-31,2025-03-01,61,1601.66,933.89,667.77,0.416924,5,320.33,26.26
C0008210,Mid-Market,North America,organic,,,0,0.0,0.0,0.0,0.0,0,0.0,0.0
C0008211,Mid-Market,LATAM,organic,2024-10-03,2025-12-08,432,4796.97,2825.43,1971.54,0.410997,16,299.81,11.1
C0008212,Startup,EMEA,organic,,,0,0.0,0.0,0.0,0.0,0,0.0,0.0
C0008218,Mid-Market,North America,organic,2025-02-28,2025-12-27,303,16411.94,9808.67,6603.27,0.402345,22,746.0,54.16
C0008221,Mid-Market,EMEA,organic,2024-05-19,2025-12-08,569,12291.53,7575.78,4715.75,0.383659,20,614.58,21.6
C0008225,Mid-Market,North America,organic,2024-04-07,2025-02-04,304,9314.24,5878.29,3435.95,0.368892,15,620.95,30.64
C0008230,Mid-Market,EMEA,organic,2025-04-26,2025-12-30,249,4510.34,2520.54,1989.8,0.441164,12,375.86,18.11
C0008233,SMB,North America,organic,2025-12-01,2025-12-10,10,300.74,152.11,148.63,0.494214,2,150.37,30.07
C0008234,Enterprise,North America,organic,2025-03-21,2025-04-27,38,12934.34,8600.67,4333.67,0.335051,8,1616.79,340.38
C0008237,Startup,EMEA,organic,2025-11-28,2025-12-11,14,260.08,131.72,128.36,0.49354,2,130.04,18.58
C0008245,SMB,EMEA,organic,,,0,0.0,0.0,0.0,0.0,0,0.0,0.0
C0008250,Startup,LATAM,organic,2023-05-29,2025-12-12,929,3709.61,2001.41,1708.2,0.46048,21,176.65,3.99
C0008255,Mid-Market,North America,organic,2025-06-01,2025-12-26,209,6438.42,3459.46,2978.96,0.462685,6,1073.07,30.81
C0008260,SMB,North America,organic,2025-02-19,2025-03-21,31,1066.32,628.61,437.71,0.410487,4,266.58,34.4
C0008265,SMB,LATAM,organic,2025-05-03,2025-12-07,219,1079.46,629.21,450.25,0.417107,9,119.94,4.93
C0008269,Mid-Market,EMEA,organic,2025-09-24,2025-11-27,65,1498.54,963.78,534.76,0.356854,4,374.64,23.05
C0008270,Startup,North America,organic,2024-07-04,2024-12-24,174,835.29,516.82,318.47,0.381269,3,278.43,4.8
C0008288,SMB,APAC,organic,2025-12-18,2025-12-20,3,674.51,361.98,312.53,0.463344,2,337.26,224.84
C0008311,SMB,EMEA,organic,2025-11-23,2025-11-23,1,125.31,71.2,54.11,0.431809,1,125.31,125.31
C0008317,Mid-Market,LATAM,organic,2025-11-16,2025-12-18,33,2558.93,1463.65,1095.28,0.428023,8,319.87,77.54
C0008322,SMB,APAC,organic,2025-03-05,2025-11-09,250,1712.78,1038.63,674.15,0.3936,7,244.68,6.85
C0008327,Startup,EMEA,organic,2025-06-16,2025-11-01,139,299.64,151.74,147.9,0.493592,4,74.91,2.16
C0008334,Enterprise,APAC,organic,2025-03-05,2025-06-30,118,7324.68,4172.55,3152.13,0.430344,9,813.85,62.07
C0008336,SMB,APAC,organic,2025-06-10,2025-09-25,108,1332.24,685.19,647.05,0.485686,6,222.04,12.34
C0008365,SMB,EMEA,organic,2025-02-07,2025-02-12,6,235.71,104.2,131.51,0.557931,3,78.57,39.28
C0008373,Mid-Market,LATAM,organic,2024-01-13,2025-12-13,701,23894.5,14140.98,9753.52,0.408191,40,597.36,34.09
C0008376,SMB,EMEA,organic,2025-02-28,2025-11-20,266,2977.06,1581.29,1395.77,0.468842,15,198.47,11.19
C0008378,Mid-Market,EMEA,organic,2025-09-07,2025-12-24,109,3968.28,2518.37,1449.91,0.365375,3,1322.76,36.41
C0008379,Mid-Market,North America,organic,2024-11-21,2025-12-15,390,12036.49,7681.13,4355.36,0.361846,21,573.17,30.86
C0008384,Enterprise,APAC,organic,2024-05-18,2024-09-21,127,34511.56,22213.73,12297.83,0.356339,20,1725.58,271.74
C0008387,Mid-Market,EMEA,organic,2025-12-21,2025-12-21,1,567.68,405.33,162.35,0.285989,1,567.68,567.68
C0008388,Enterprise,North America,organic,2025-03-11,2025-05-18,69,14399.25,8373.56,6025.69,0.418472,13,1107.63,208.68
C0008398,Mid-Market,EMEA,organic,2025-07-10,2025-10-28,111,3208.44,1968.4,1240.04,0.386493,9,356.49,28.9
C0008399,Mid-Market,North America,organic,,,0,0.0,0.0,0.0,0.0,0,0.0,0.0
C0008401,Mid-Market,EMEA,organic,2024-12-25,2025-07-01,189,14163.85,8486.72,5677.13,0.400818,15,944.26,74.94
C0008402,Mid-Market,EMEA,organic,2023-11-19,2025-12-29,772,35521.03,21668.67,13852.36,0.389976,48,740.02,46.01
C0008410,Mid-Market,APAC,organic,2025-06-11,2025-11-11,154,999.49,506.33,493.16,0.493412,4,249.87,6.49
C0008411,SMB,LATAM,organic,2025-05-18,2025-06-06,20,457.29,289.14,168.15,0.36771,3,152.43,22.86
C0008418,Startup,North America,organic,2025-09-27,2025-12-15,80,757.61,347.75,409.86,0.540991,3,252.54,9.47
C0008436,SMB,EMEA,organic,2025-07-27,2025-12-22,149,4119.62,2648.23,1471.39,0.357166,12,343.3,27.65
C0008444,Startup,LATAM,organic,2024-11-25,2024-12-28,34,737.28,454.8,282.48,0.383138,4,184.32,21.68
C0008445,SMB,EMEA,organic,2025-12-19,2025-12-19,1,56.52,24.38,32.14,0.568648,1,56.52,56.52
C0008457,Mid-Market,EMEA,organic,2025-12-03,2025-12-26,24,5142.91,2917.43,2225.48,0.432728,3,1714.3,214.29
C0008459,SMB,North America,organic,2025-04-26,2025-11-29,218,1368.43,737.4,631.03,0.461134,7,195.49,6.28
C0008461,SMB,EMEA,organic,2025-11-29,2025-11-29,1,175.31,128.8,46.51,0.265301,1,175.31,175.31
C0008469,Startup,North America,organic,2025-02-21,2025-12-29,312,701.77,386.46,315.31,0.449307,5,140.35,2.25
C0008477,Mid-Market,North America,organic,2025-08-14,2025-09-05,23,1670.89,1031.88,639.01,0.382437,5,334.18,72.65
C0008490,Startup,EMEA,organic,2025-08-03,2025-12-30,150,367.67,190.67,177.0,0.48141,5,73.53,2.45
C0008491,Startup,EMEA,organic,2024-01-27,2024-12-02,311,3135.85,2201.38,934.47,0.297996,11,285.08,10.08
C0008492,SMB,North America,organic,2025-12-20,2025-12-20,1,55.59,28.05,27.54,0.495413,1,55.59,55.59
C0008493,Startup,EMEA,organic,2024-09-05,2024-09-05,1,642.28,502.2,140.08,0.218098,1,642.28,642.28
C0008498,Enterprise,LATAM,organic,2025-12-03,2025-12-26,24,6066.53,3769.56,2296.97,0.37863,3,2022.18,252.77
C0008509,SMB,APAC,organic,2025-12-13,2025-12-13,1,69.44,36.34,33.1,0.476671,1,69.44,69.44
C0008511,Mid-Market,EMEA,organic,2024-06-29,2025-12-10,530,24230.24,14235.16,9995.08,0.412504,31,781.62,45.72
C0008520,SMB,North America,organic,2023-08-09,2023-08-09,1,526.05,240.62,285.43,0.542591,1,526.05,526.05
C0008531,Mid-Market,APAC,organic,2025-05-12,2025-08-09,90,4277.07,2666.01,1611.06,0.376674,7,611.01,47.52
C0008532,SMB,EMEA,organic,2023-03-25,2024-05-12,415,3468.7,2064.96,1403.74,0.404688,19,182.56,8.36
C0008536,Startup,North America,organic,2024-04-06,2025-05-23,413,2703.22,1508.76,1194.46,0.441866,13,207.94,6.55
C0008537,Enterprise,APAC,organic,2023-07-28,2024-08-05,375,40977.42,25998.29,14979.13,0.365546,24,1707.39,109.27
C0008540,Startup,EMEA,organic,2024-03-16,2025-02-15,337,2928.43,1672.31,1256.12,0.42894,9,325.38,8.69
C0008548,Mid-Market,APAC,organic,2025-03-12,2025-10-05,208,4478.27,2649.52,1828.75,0.408361,10,447.83,21.53
C0008562,SMB,EMEA,organic,2024-02-29,2025-10-31,611,7252.29,3968.45,3283.84,0.4528,27,268.6,11.87
C0008570,Startup,APAC,organic,2025-10-17,2025-10-17,1,68.47,36.66,31.81,0.464583,1,68.47,68.47
C0008574,SMB,North America,organic,2024-09-28,2025-12-07,436,6478.4,3975.6,2502.8,0.38633,14,462.74,14.86
C0008577,SMB,North America,organic,2023-02-18,2023-09-11,206,2038.81,1113.52,925.29,0.453838,11,185.35,9.9
C0008591,SMB,APAC,organic,2025-01-15,2025-08-12,210,15987.1,11117.35,4869.75,0.304605,11,1453.37,76.13
C0008607,Startup,EMEA,organic,2024-04-17,2024-11-04,202,1140.79,620.83,519.96,0.455789,8,142.6,5.65
C0008609,SMB,North America,organic,2024-05-02,2024-09-22,144,2249.32,1323.9,925.42,0.411422,8,281.17,15.62
C0008616,Startup,North America,organic,2025-04-14,2025-11-15,216,2376.77,1099.35,1277.42,0.537461,8,297.1,11.0
C0008623,Mid-Market,LATAM,organic,2023-12-29,2024-03-05,68,8049.55,4100.17,3949.38,0.490634,6,1341.59,118.38
C0008624,Mid-Market,APAC,organic,2025-05-30,2025-12-22,207,6452.37,3620.6,2831.77,0.438873,12,537.7,31.17
C0008626,Startup,LATAM,organic,2023-04-10,2024-03-20,346,1242.64,666.17,576.47,0.463907,10,124.26,3.59
C0008630,Mid-Market,APAC,organic,2025-10-01,2025-11-11,42,619.19,325.27,293.92,0.474685,2,309.6,14.74
C0008632,Startup,APAC,organic,2025-01-18,2025-12-15,332,668.06,360.1,307.96,0.460977,9,74.23,2.01
C0008636,SMB,LATAM,organic,2024-11-30,2025-02-02,65,928.06,615.19,312.87,0.337123,2,464.03,14.28
C0008641,Mid-Market,APAC,organic,2024-04-22,2024-05-29,38,3452.84,1727.16,1725.68,0.499786,6,575.47,90.86
C0008650,SMB,LATAM,organic,2025-04-20,2025-07-31,103,1224.47,769.11,455.36,0.371883,4,306.12,11.89
C0008652,SMB,North America,organic,2025-11-29,2025-12-28,30,1150.24,659.44,490.8,0.426694,3,383.41,38.34
C0008654,Startup,EMEA,organic,2023-10-30,2024-08-14,290,619.51,341.64,277.87,0.448532,8,77.44,2.14
C0008656,SMB,APAC,organic,2024-01-14,2024-05-16,124,1333.43,766.94,566.49,0.424837,7,190.49,10.75
C0008664,Mid-Market,LATAM,organic,2025-11-18,2025-12-28,41,10603.51,7014.45,3589.06,0.338478,4,2650.88,258.62
C0008670,SMB,North America,organic,2025-10-31,2025-12-07,38,424.94,221.45,203.49,0.478868,3,141.65,11.18
C0008675,Mid-Market,APAC,organic,2023-08-30,2023-08-30,1,1418.93,814.57,604.36,0.425927,1,1418.93,1418.93
C0008677,Startup,EMEA,organic,2025-08-23,2025-08-23,1,43.06,19.39,23.67,0.549698,1,43.06,43.06
C0008689,SMB,North America,organic,2023-03-18,2025-09-01,899,9343.72,5425.77,3917.95,0.419314,26,359.37,10.39
C0008698,SMB,EMEA,organic,2024-09-21,2024-11-20,61,999.53,480.31,519.22,0.519464,3,333.18,16.39
C0008699,SMB,LATAM,organic,2023-11-09,2025-12-15,768,6062.61,3891.15,2171.46,0.358172,19,319.08,7.89
C0008701,Startup,EMEA,organic,2024-05-22,2024-05-30,9,144.86,75.77,69.09,0.476943,2,72.43,16.1
C0008705,Mid-Market,APAC,organic,2024-11-29,2025-10-23,329,28678.0,17271.59,11406.41,0.397741,19,1509.37,87.17
C0008709,Enterprise,North America,organic,2023-03-19,2023-03-24,6,1229.87,636.55,593.32,0.482425,2,614.94,204.98
C0008710,Mid-Market,North America,organic,2024-10-02,2025-11-30,425,6967.26,3599.53,3367.73,0.483365,14,497.66,16.39
C0008716,Startup,North America,organic,2023-03-25,2025-11-16,968,3606.71,1949.25,1657.46,0.459549,21,171.75,3.73
C0008721,Enterprise,North America,organic,2025-08-17,2025-12-24,130,15013.45,10960.64,4052.81,0.269945,9,1668.16,115.49
C0008723,SMB,North America,organic,2025-06-24,2025-06-27,4,584.01,263.45,320.56,0.548895,2,292.0,146.0
C0008726,SMB,EMEA,organic,2025-11-14,2025-12-31,48,1214.24,659.66,554.58,0.45673,4,303.56,25.3
C0008733,SMB,EMEA,organic,2024-08-31,2025-12-08,465,4312.47,2273.32,2039.15,0.47285,13,331.73,9.27
C0008738,Mid-Market,North America,organic,2024-06-21,2025-04-25,309,13035.18,7598.26,5436.92,0.417096,20,651.76,42.19
C0008742,Mid-Market,EMEA,organic,2025-05-08,2025-12-06,213,2730.6,1694.26,1036.34,0.379528,5,546.12,12.82
C0008748,Mid-Market,LATAM,organic,2025-09-22,2025-12-25,95,7737.72,4834.98,2902.74,0.375142,13,595.21,81.45
C0008756,Mid-Market,APAC,organic,2024-04-07,2024-08-16,132,4413.66,2850.6,1563.06,0.354141,8,551.71,33.44
C0008775,SMB,North America,organic,2025-06-02,2025-12-04,186,1636.97,1103.89,533.08,0.32565,3,545.66,8.8
C0008789,Startup,EMEA,organic,2024-12-20,2025-12-18,364,1490.34,872.98,617.36,0.414241,12,124.2,4.09
C0008795,SMB,EMEA,organic,2025-04-24,2025-12-22,243,1839.18,1005.07,834.11,0.453523,8,229.9,7.57
C0008800,Enterprise,APAC,organic,2024-09-27,2025-09-27,366,29673.85,21568.14,8105.71,0.27316,15,1978.26,81.08
C0008802,SMB,EMEA,organic,2024-06-18,2025-11-25,526,3827.47,2146.29,1681.18,0.439241,21,182.26,7.28
C0008804,Mid-Market,North America,organic,2024-01-20,2025-11-25,676,21221.72,12279.57,8942.15,0.421368,38,558.47,31.39
C0008808,SMB,North America,organic,2025-09-05,2025-09-17,13,2552.35,1268.26,1284.09,0.503101,2,1276.18,196.33
C0008810,Mid-Market,North America,organic,2025-10-11,2025-12-20,71,2429.8,1470.61,959.19,0.394761,4,607.45,34.22
C0008815,Mid-Market,LATAM,organic,2025-11-29,2025-11-30,2,892.28,354.22,538.06,0.603017,2,446.14,446.14
C0008821,Startup,EMEA,organic,2024-08-15,2025-09-25,407,494.21,225.39,268.82,0.543939,7,70.6,1.21
C0008824,Mid-Market,North America,organic,2025-06-22,2025-12-19,181,3119.91,1534.25,1585.66,0.508239,8,389.99,17.24
C0008831,Mid-Market,APAC,organic,2023-05-26,2025-04-03,679,20803.72,12639.4,8164.32,0.392445,37,562.26,30.64
C0008836,Startup,EMEA,organic,2023-06-18,2023-06-18,1,95.31,51.08,44.23,0.464065,1,95.31,95.31
C0008840,SMB,North America,organic,2025-06-07,2025-12-27,204,3389.79,1768.79,1621.0,0.478201,12,282.48,16.62
C0008843,Mid-Market,APAC,organic,2023-11-02,2025-12-14,774,25953.92,14143.48,11810.44,0.455054,41,633.02,33.53
C0008845,SMB,North America,organic,2025-09-30,2025-11-25,57,177.29,107.41,69.88,0.394156,3,59.1,3.11
C0008855,Startup,EMEA,organic,,,0,0.0,0.0,0.0,0.0,0,0.0,0.0
C0008857,Startup,LATAM,organic,2025-10-31,2025-12-27,58,595.22,412.87,182.35,0.306357,3,198.41,10.26
C0008860,Mid-Market,APAC,organic,2024-01-13,2025-12-23,711,25762.88,15815.53,9947.35,0.386112,18,1431.27,36.23
C0008862,Mid-Market,EMEA,organic,2024-10-12,2025-10-24,378,11852.48,6587.19,5265.29,0.444235,16,740.78,31.36
C0008869,SMB,EMEA,organic,2024-10-06,2025-06-30,268,4256.05,2805.21,1450.84,0.340889,10,425.6,15.88
C0008870,Mid-Market,EMEA,organic,2025-04-19,2025-11-25,221,13331.87,8016.56,5315.31,0.398692,19,701.68,60.33
C0008887,SMB,LATAM,organic,2023-04-05,2025-11-16,957,4921.31,2734.43,2186.88,0.444369,22,223.7,5.14
C0008888,Mid-Market,North America,organic,2025-03-13,2025-05-20,69,6719.52,3855.65,2863.87,0.426202,13,516.89,97.38
C0008889,SMB,EMEA,organic,2025-07-23,2025-11-26,127,514.72,226.93,287.79,0.55912,4,128.68,4.05
C0008899,Mid-Market,APAC,organic,2024-09-06,2025-03-29,205,8818.47,5373.11,3445.36,0.390698,12,734.87,43.02
C0008905,Startup,LATAM,organic,2025-11-30,2025-12-06,7,397.56,206.03,191.53,0.481764,2,198.78,56.79
C0008909,Enterprise,APAC,organic,2024-10-20,2025-12-17,424,115244.04,80404.77,34839.27,0.302309,29,3973.93,271.8
C0008911,SMB,EMEA,organic,2024-07-29,2025-10-19,448,3783.16,2160.16,1623.0,0.429006,12,315.26,8.44
C0008912,Enterprise,APAC,organic,2024-12-25,2024-12-30,6,6217.41,3976.27,2241.14,0.360462,4,1554.35,1036.23
C0008930,Enterprise,APAC,organic,2024-07-02,2024-10-28,119,22693.19,17171.81,5521.38,0.243306,11,2063.02,190.7
C0008940,Mid-Market,APAC,organic,,,0,0.0,0.0,0.0,0.0,0,0.0,0.0
C0008945,Mid-Market,APAC,organic,2025-07-29,2025-12-22,147,8322.31,4190.13,4132.18,0.496518,7,1188.9,56.61
C0008946,Mid-Market,North America,organic,2025-06-17,2025-12-23,190,12207.43,7266.22,4941.21,0.404771,11,1109.77,64.25
C0008952,SMB,LATAM,organic,2025-02-05,2025-04-03,58,424.52,238.55,185.97,0.438071,2,212.26,7.32
C0008957,Mid-Market,LATAM,organic,2025-06-16,2025-10-08,115,923.22,516.28,406.94,0.440783,3,307.74,8.03
C0008959,Mid-Market,North America,organic,2023-01-19,2025-08-14,939,48682.8,31792.81,16889.99,0.34694,49,993.53,51.85
C0008966,SMB,EMEA,organic,2023-11-12,2024-12-28,413,4714.37,2872.48,1841.89,0.390697,16,294.65,11.41
C0008971,Mid-Market,APAC,organic,2025-10-01,2025-11-19,50,3126.35,1838.34,1288.01,0.411985,4,781.59,62.53
C0008984,SMB,EMEA,organic,2025-09-24,2025-11-08,46,797.81,387.02,410.79,0.514897,6,132.97,17.34
C0008989,Mid-Market,EMEA,organic,2023-03-10,2023-08-05,149,23801.76,14238.06,9563.7,0.401806,13,1830.9,159.74
C0008993,Mid-Market,EMEA,organic,2023-09-29,2024-08-17,324,3835.8,2159.8,1676.0,0.436936,9,426.2,11.84
C0000002,Mid-Market,EMEA,paid_search,2024-10-25,2025-08-29,309,15891.61,11125.28,4766.33,0.299927,7,2270.23,51.43
C0000004,SMB,North America,paid_search,,,0,0.0,0.0,0.0,0.0,0,0.0,0.0
C0000005,Mid-Market,North America,paid_search,2023-06-27,2025-12-02,890,20074.64,16002.27,4072.37,0.202861,27,743.51,22.56
C0000007,Mid-Market,North America,paid_search,2025-07-14,2025-11-30,140,19968.36,15385.12,4583.24,0.229525,6,3328.06,142.63
C0000010,Startup,LATAM,paid_search,2024-12-03,2024-12-03,1,42.91,33.82,9.09,0.211839,1,42.91,42.91
C0000029,SMB,EMEA,paid_search,2023-11-02,2025-08-07,645,4451.03,3359.74,1091.29,0.245177,12,370.92,6.9
C0000030,SMB,EMEA,paid_search,2025-07-04,2025-12-18,168,2337.51,1644.21,693.3,0.296598,7,333.93,13.91
C0000040,SMB,EMEA,paid_search,2025-06-17,2025-08-13,58,1329.77,1144.53,185.24,0.139302,3,443.26,22.93
C0000041,Startup,APAC,paid_search,2024-11-23,2025-11-18,361,321.96,254.91,67.05,0.208256,6,53.66,0.89
C0000042,Mid-Market,North America,paid_search,2025-10-15,2025-10-15,1,591.79,324.9,266.89,0.450988,1,591.79,591.79
C0000046,Startup,EMEA,paid_search,2025-08-15,2025-08-15,1,46.23,29.87,16.36,0.353883,1,46.23,46.23
C0000051,Mid-Market,EMEA,paid_search,2024-01-22,2024-08-20,212,6286.67,4278.47,2008.2,0.319438,7,898.1,29.65
C0000059,Mid-Market,LATAM,paid_search,2023-11-23,2023-12-27,35,2857.25,1806.17,1051.08,0.367864,4,714.31,81.64
C0000065,Mid-Market,APAC,paid_search,2025-04-22,2025-12-27,250,1982.22,1376.54,605.68,0.305556,6,330.37,7.93
C0000071,SMB,North America,paid_search,2024-02-22,2024-09-28,220,1990.67,1436.32,554.35,0.278474,7,284.38,9.05
C0000076,Mid-Market,North America,paid_search,2024-05-19,2024-06-09,22,2414.06,1660.71,753.35,0.312068,4,603.52,109.73
C0000079,Startup,LATAM,paid_search,2025-02-27,2025-09-02,188,1507.14,1116.26,390.88,0.259352,6,251.19,8.02
C0000083,Enterprise,North America,paid_search,2025-08-24,2025-12-25,124,14711.71,12334.9,2376.81,0.161559,10,1471.17,118.64
C0000084,SMB,North America,paid_search,2023-11-30,2023-11-30,1,306.5,232.2,74.3,0.242414,1,306.5,306.5
C0000085,Enterprise,North America,paid_search,2023-02-26,2024-08-26,548,112624.78,92434.69,20190.09,0.179269,34,3312.49,205.52
C0000086,Startup,EMEA,paid_search,2023-06-23,2023-09-24,94,532.27,358.62,173.65,0.326244,3,177.42,5.66
C0000093,Startup,APAC,paid_search,2024-11-21,2025-12-13,388,2496.8,1813.74,683.06,0.273574,9,277.42,6.44
C0000094,SMB,North America,paid_search,2024-09-11,2025-03-01,172,2870.81,2173.59,697.22,0.242865,5,574.16,16.69
C0000095,SMB,EMEA,paid_search,2024-08-22,2025-09-07,382,5070.04,3492.58,1577.46,0.311134,19,266.84,13.27
C0000107,Startup,EMEA,paid_search,2024-11-04,2025-07-30,269,3478.06,2458.47,1019.59,0.293149,10,347.81,12.93
C0000117,Startup,North America,paid_search,2025-09-08,2025-12-19,103,543.02,347.21,195.81,0.360594,4,135.76,5.27
C0000127,Startup,LATAM,paid_search,,,0,0.0,0.0,0.0,0.0,0,0.0,0.0
C0000131,SMB,APAC,paid_search,2023-12-18,2023-12-18,1,191.85,135.34,56.51,0.294553,1,191.85,191.85
C0000135,Enterprise,EMEA,paid_search,2025-05-12,2025-09-25,137,23764.99,18615.53,5149.46,0.216683,11,2160.45,173.47
C0000140,Startup,EMEA,paid_search,2023-06-06,2023-07-23,48,192.48,163.15,29.33,0.152379,2,96.24,4.01
C0000143,Enterprise,LATAM,paid_search,2025-11-28,2025-11-30,3,8533.76,7547.54,986.22,0.115567,2,4266.88,2844.59
C0000145,Mid-Market,APAC,paid_search,2024-11-29,2024-11-29,1,2146.98,1744.75,402.23,0.187347,2,1073.49,2146.98
C0000147,Mid-Market,APAC,paid_search,2024-06-26,2024-08-04,40,723.31,437.64,285.67,0.394948,3,241.1,18.08
C0000150,Mid-Market,EMEA,paid_search,2023-05-12,2023-05-12,1,284.9,155.06,129.84,0.455739,1,284.9,284.9
C0000158,Mid-Market,North America,paid_search,2025-04-30,2025-05-02,3,2228.04,1834.64,393.4,0.176568,2,1114.02,742.68
C0000159,Enterprise,APAC,paid_search,2025-10-29,2025-10-29,1,694.85,402.3,292.55,0.421026,1,694.85,694.85
C0000168,SMB,APAC,paid_search,2025-08-16,2025-11-05,82,2151.17,1517.69,633.48,0.294482,7,307.31,26.23
C0000169,Mid-Market,EMEA,paid_search,2024-05-25,2025-05-07,348,9451.04,6027.45,3423.59,0.362245,14,675.07,27.16
C0000171,Mid-Market,LATAM,paid_search,2024-04-23,2025-12-21,608,32854.5,27299.8,5554.7,0.16907,31,1059.82,54.04
C0000173,Mid-Market,APAC,paid_search,2024-03-30,2025-03-17,353,8430.85,5722.27,2708.58,0.32127,12,702.57,23.88
C0000174,Mid-Market,North America,paid_search,2025-12-10,2025-12-30,21,3244.51,2061.99,1182.52,0.364468,2,1622.26,154.5
C0000180,Mid-Market,EMEA,paid_search,2025-07-07,2025-11-05,122,5351.18,3957.6,1393.58,0.260425,7,764.45,43.86
C0000182,Startup,EMEA,paid_search,2025-10-28,2025-12-13,47,279.04,179.81,99.23,0.355612,3,93.01,5.94
C0000194,SMB,North America,paid_search,2025-09-28,2025-11-16,50,512.6,413.56,99.04,0.193211,2,256.3,10.25
C0000196,SMB,APAC,paid_search,2023-12-04,2024-01-20,48,1916.41,1610.91,305.5,0.159413,2,958.2,39.93
C0000198,Startup,EMEA,paid_search,2025-10-11,2025-11-13,34,366.61,344.21,22.4,0.0611,3,122.2,10.78
C0000201,Mid-Market,EMEA,paid_search,2025-08-01,2025-08-23,23,2578.18,1699.26,878.92,0.340907,4,644.54,112.09
C0000205,Startup,APAC,paid_search,2023-02-01,2023-12-01,304,360.94,281.73,79.21,0.219455,3,120.31,1.19
C0000209,Startup,LATAM,paid_search,2023-09-06,2023-10-06,31,204.15,161.38,42.77,0.209503,2,102.08,6.59
C0000213,Startup,EMEA,paid_search,2024-01-16,2024-03-05,50,215.46,134.97,80.49,0.373573,2,107.73,4.31
C0000214,Startup,LATAM,paid_search,2025-08-29,2025-11-29,93,227.92,139.22,88.7,0.389172,4,56.98,2.45
C0000215,Mid-Market,APAC,paid_search,,,0,0.0,0.0,0.0,0.0,0,0.0,0.0
C0000220,Startup,EMEA,paid_search,2024-09-04,2025-04-02,211,487.69,292.23,195.46,0.400787,4,121.92,2.31
C0000225,SMB,North America,paid_search,2024-06-22,2024-06-22,1,37.75,25.9,11.85,0.313907,1,37.75,37.75
C0000231,Startup,North America,paid_search,2023-11-07,2025-06-18,590,1100.21,703.96,396.25,0.360159,17,64.72,1.86
C0000235,SMB,North America,paid_search,,,0,0.0,0.0,0.0,0.0,0,0.0,0.0
C0000243,SMB,EMEA,paid_search,2024-02-18,2025-05-10,448,2752.12,2087.88,664.24,0.241356,11,250.19,6.14
C0000244,SMB,North America,paid_search,2025-02-15,2025-06-09,115,411.18,255.63,155.55,0.378301,2,205.59,3.58
C0000251,Startup,EMEA,paid_search,2025-05-29,2025-06-18,21,266.93,162.42,104.51,0.391526,2,133.46,12.71
C0000256,Startup,LATAM,paid_search,,,0,0.0,0.0,0.0,0.0,0,0.0,0.0
C0000262,Mid-Market,North America,paid_search,2025-08-29,2025-12-21,115,6827.58,4979.35,1848.23,0.270701,11,620.69,59.37
C0000265,SMB,EMEA,paid_search,2025-11-17,2025-12-06,20,1791.53,1247.44,544.09,0.303701,5,358.31,89.58
C0000271,Startup,North America,paid_search,2023-06-13,2024-03-10,272,2222.71,1554.61,668.1,0.300579,7,317.53,8.17
C0000276,Startup,North America,paid_search,2024-10-14,2024-10-14,1,33.35,21.63,11.72,0.351424,1,33.35,33.35
C0000278,SMB,North America,paid_search,2024-12-28,2025-04-02,96,2212.33,1413.72,798.61,0.360981,11,201.12,23.05
C0000284,SMB,North America,paid_search,2024-03-28,2024-09-09,166,565.22,317.55,247.67,0.438183,3,188.41,3.4
C0000286,SMB,EMEA,paid_search,2025-04-05,2025-12-21,261,765.16,466.56,298.6,0.390245,4,191.29,2.93
C0000290,Mid-Market,North America,paid_search,2023-07-31,2023-08-11,12,1439.47,1223.88,215.59,0.14977,2,719.74,119.96
C0000294,Startup,EMEA,paid_search,2023-09-01,2025-11-19,811,3580.37,2184.55,1395.82,0.389854,20,179.02,4.41
C0000295,Enterprise,EMEA,paid_search,2025-09-16,2025-12-22,98,18186.91,14603.46,3583.45,0.197035,8,2273.36,185.58
C0000297,Startup,EMEA,paid_search,2025-12-25,2025-12-25,1,475.85,422.84,53.01,0.111401,1,475.85,475.85
C0000300,Startup,LATAM,paid_search,2025-05-09,2025-12-05,211,824.09,512.83,311.26,0.377701,7,117.73,3.91
C0000303,Startup,EMEA,paid_search,2025-02-01,2025-02-01,1,128.72,99.36,29.36,0.228092,1,128.72,128.72
C0000305,Mid-Market,North America,paid_search,2025-11-28,2025-11-28,1,319.93,208.97,110.96,0.346826,1,319.93,319.93
C0000311,Startup,EMEA,paid_search,2024-11-30,2025-11-16,352,1923.28,1361.48,561.8,0.292105,5,384.66,5.46
C0000313,SMB,APAC,paid_search,2024-03-15,2025-12-06,632,6185.71,4557.54,1628.17,0.263215,25,247.43,9.79
C0000315,Startup,APAC,paid_search,2024-08-23,2025-07-29,341,643.38,509.88,133.5,0.207498,8,80.42,1.89
C0000320,Startup,North America,paid_search,2025-11-29,2025-12-25,27,298.69,184.42,114.27,0.382571,3,99.56,11.06
C0000323,Mid-Market,LATAM,paid_search,2024-07-15,2025-12-25,529,18174.71,12828.68,5346.03,0.294147,24,757.28,34.36
C0000328,SMB,EMEA,paid_search,2025-04-22,2025-09-09,141,580.62,359.22,221.4,0.381317,6,96.77,4.12
C0000329,Startup,EMEA,paid_search,2025-05-07,2025-06-07,32,476.71,431.54,45.17,0.094754,2,238.36,14.9
C0000332,Mid-Market,EMEA,paid_search,2024-01-27,2024-07-20,176,2891.64,1943.29,948.35,0.327963,7,413.09,16.43
C0000341,SMB,LATAM,paid_search,2023-09-30,2024-05-19,233,2872.44,2022.0,850.44,0.296069,9,319.16,12.33
C0000342,Mid-Market,LATAM,paid_search,,,0,0.0,0.0,0.0,0.0,0,0.0,0.0
C0000344,SMB,APAC,paid_search,2025-05-12,2025-10-12,154,1410.01,1030.11,379.9,0.269431,6,235.0,9.16
C0000350,Startup,APAC,paid_search,2023-06-28,2023-06-28,1,463.07,322.57,140.5,0.30341,1,463.07,463.07
C0000360,Startup,North America,paid_search,2025-03-25,2025-05-28,65,245.91,172.67,73.24,0.297833,3,81.97,3.78
C0000372,Startup,North America,paid_search,2024-04-29,2024-05-19,21,198.23,124.41,73.82,0.372396,2,99.12,9.44
C0000376,SMB,North America,paid_search,2023-10-14,2024-02-17,127,748.6,497.98,250.62,0.334785,3,249.53,5.89
C0000378,SMB,EMEA,paid_search,2024-10-15,2025-12-27,439,3808.46,2632.02,1176.44,0.308902,13,292.96,8.68
C0000380,Mid-Market,LATAM,paid_search,2025-06-18,2025-07-24,37,2483.41,1816.93,666.48,0.268373,3,827.8,67.12
C0000389,Mid-Market,APAC,paid_search,2023-11-02,2023-11-11,10,5478.06,4465.58,1012.48,0.184825,4,1369.52,547.81
C0000390,Mid-Market,North America,paid_search,2025-09-25,2025-12-23,90,1905.24,1323.14,582.1,0.305526,4,476.31,21.17
C0000394,Mid-Market,APAC,paid_search,2025-05-27,2025-05-27,1,449.63,264.03,185.6,0.412784,1,449.63,449.63
C0000408,SMB,North America,paid_search,2025-12-08,2025-12-08,1,144.86,91.27,53.59,0.369943,1,144.86,144.86
C0000413,Enterprise,APAC,paid_search,2023-06-24,2024-09-24,459,45361.07,37028.24,8332.83,0.1837,29,1564.17,98.83
C0000421,Mid-Market,North America,paid_search,2025-04-24,2025-11-11,202,3393.02,2159.65,1233.37,0.363502,9,377.0,16.8
C0000422,Startup,EMEA,paid_search,2023-03-31,2023-05-09,40,450.95,295.87,155.08,0.343896,3,150.32,11.27
C0000424,SMB,LATAM,paid_search,2023-04-21,2024-02-02,288,4381.03,2772.24,1608.79,0.367217,8,547.63,15.21
C0000427,Mid-Market,North America,paid_search,2024-03-02,2024-05-25,85,1390.42,764.38,626.04,0.450252,4,347.6,16.36
C0000432,SMB,EMEA,paid_search,2025-07-30,2025-11-20,114,857.59,611.49,246.1,0.286967,4,214.4,7.52
C0000440,Startup,North America,paid_search,2025-07-15,2025-12-14,153,88.37,66.13,22.24,0.251669,3,29.46,0.58
C0000449,SMB,North America,paid_search,2023-05-18,2023-11-13,180,1514.93,994.87,520.06,0.34329,10,151.49,8.42
C0000452,Mid-Market,LATAM,paid_search,2025-10-21,2025-11-14,25,5224.82,4396.45,828.37,0.158545,4,1306.2,208.99
C0000456,Mid-Market,APAC,paid_search,2023-12-30,2024-09-04,250,11551.12,8859.08,2692.04,0.233054,11,1050.1,46.2
C0000457,Mid-Market,EMEA,paid_search,2025-12-31,2025-12-31,1,97.55,63.73,33.82,0.346694,1,97.55,97.55
C0000458,Startup,APAC,paid_search,2024-11-10,2024-11-12,3,261.89,173.3,88.59,0.338272,2,130.94,87.3
C0000462,SMB,North America,paid_search,2023-11-03,2023-11-03,1,169.43,98.43,71.0,0.419052,1,169.43,169.43
C0000464,SMB,LATAM,paid_search,2024-08-04,2024-12-20,139,429.81,283.24,146.57,0.341011,4,107.45,3.09
C0000466,SMB,EMEA,paid_search,2025-05-25,2025-07-19,56,511.98,395.81,116.17,0.226903,4,128.0,9.14
C0000467,Startup,North America,paid_search,2025-05-04,2025-05-04,1,91.47,55.33,36.14,0.395102,1,91.47,91.47
C0000470,SMB,EMEA,paid_search,2025-03-03,2025-12-23,296,3052.72,2445.77,606.95,0.198823,7,436.1,10.31
C0000472,Mid-Market,North America,paid_search,2024-11-30,2025-07-02,215,8960.67,6836.1,2124.57,0.237099,10,896.07,41.68
C0000473,Mid-Market,LATAM,paid_search,2023-08-15,2023-09-18,35,2132.86,1364.38,768.48,0.360305,4,533.22,60.94
C0000474,SMB,North America,paid_search,2023-09-16,2023-12-20,96,2613.11,2061.09,552.02,0.21125,6,435.52,27.22
C0000486,Startup,APAC,paid_search,2024-11-27,2025-01-19,54,569.83,432.2,137.63,0.241528,4,142.46,10.55
C0000495,Startup,EMEA,paid_search,2025-11-12,2025-12-01,20,312.69,236.05,76.64,0.245099,2,156.34,15.63
C0000496,SMB,EMEA,paid_search,2025-03-31,2025-12-25,270,3230.72,2214.77,1015.95,0.314466,11,293.7,11.97
C0000497,Startup,North America,paid_search,2024-11-12,2025-04-14,154,165.62,109.11,56.51,0.341203,3,55.21,1.08
C0000498,SMB,EMEA,paid_search,2025-05-24,2025-12-25,216,2121.7,1643.5,478.2,0.225385,5,424.34,9.82
C0000500,SMB,EMEA,paid_search,2025-01-12,2025-11-22,315,3185.6,2234.36,951.24,0.298606,14,227.54,10.11
C0000504,Startup,LATAM,paid_search,2025-01-11,2025-01-11,1,421.62,430.13,-8.51,-0.020184,1,421.62,421.62
C0000508,Startup,LATAM,paid_search,2025-09-27,2025-10-07,11,295.01,185.27,109.74,0.371987,2,147.5,26.82
C0000510,Enterprise,North America,paid_search,2023-08-09,2025-12-23,868,88144.48,68138.81,20005.67,0.226965,44,2003.28,101.55
C0000513,Enterprise,APAC,paid_search,2023-05-22,2023-05-22,1,147.53,83.22,64.31,0.435911,1,147.53,147.53
C0000515,SMB,EMEA,paid_search,,,0,0.0,0.0,0.0,0.0,0,0.0,0.0
C0000520,Startup,APAC,paid_search,2025-09-15,2025-10-08,24,106.3,71.25,35.05,0.329727,2,53.15,4.43
C0000523,Mid-Market,North America,paid_search,2023-11-20,2024-06-07,201,24284.09,17192.59,7091.5,0.292022,14,1734.58,120.82
C0000525,SMB,APAC,paid_search,2023-10-01,2024-10-16,382,6512.76,4397.99,2114.77,0.324712,11,592.07,17.05
C0000528,Startup,APAC,paid_search,,,0,0.0,0.0,0.0,0.0,0,0.0,0.0
C0000538,Mid-Market,EMEA,paid_search,2024-01-03,2025-05-07,491,22548.75,16795.33,5753.42,0.255155,19,1186.78,45.92
C0000540,Startup,North America,paid_search,,,0,0.0,0.0,0.0,0.0,0,0.0,0.0
C0000550,SMB,EMEA,paid_search,2024-12-10,2025-10-03,298,673.93,424.96,248.97,0.36943,7,96.28,2.26
C0000552,Startup,North America,paid_search,2023-12-05,2024-03-25,112,61.07,32.02,29.05,0.475684,2,30.53,0.55
C0000554,SMB,LATAM,paid_search,2025-11-16,2025-12-24,39,1466.02,1122.72,343.3,0.234171,5,293.2,37.59
C0000555,Mid-Market,North America,paid_search,2023-03-30,2023-08-22,146,5874.56,4701.22,1173.34,0.199732,6,979.09,40.24
C0000556,Mid-Market,EMEA,paid_search,2024-02-19,2025-02-16,364,4309.52,2736.93,1572.59,0.364911,8,538.69,11.84
C0000562,Mid-Market,North America,paid_search,2024-04-21,2024-05-10,20,1145.03,749.19,395.84,0.345703,3,381.68,57.25
C0000563,Startup,EMEA,paid_search,2025-12-05,2025-12-06,2,196.9,106.23,90.67,0.460488,2,98.45,98.45
C0000567,SMB,EMEA,paid_search,2025-07-25,2025-07-27,3,316.8,228.85,87.95,0.27762,2,158.4,105.6
C0000569,Mid-Market,North America,paid_search,2024-07-19,2024-08-09,22,4044.5,3452.96,591.54,0.146258,5,808.9,183.84
C0000571,Mid-Market,APAC,paid_search,2024-06-24,2025-10-09,473,20204.78,14125.06,6079.72,0.300905,27,748.33,42.72
C0000575,SMB,EMEA,paid_search,,,0,0.0,0.0,0.0,0.0,0,0.0,0.0
C0000577,SMB,EMEA,paid_search,2025-11-13,2025-12-29,47,349.41,217.38,132.03,0.377866,3,116.47,7.43
C0000579,Mid-Market,EMEA,paid_search,2025-11-06,2025-12-24,49,280.23,182.55,97.68,0.348571,2,140.12,5.72
C0000580,Startup,LATAM,paid_search,2024-06-29,2024-07-14,16,219.36,153.27,66.09,0.301286,2,109.68,13.71
C0000582,Mid-Market,EMEA,paid_search,2025-02-14,2025-10-22,251,5341.63,4111.99,1229.64,0.230199,7,763.09,21.28
C0000583,Startup,EMEA,paid_search,2023-09-17,2024-11-11,422,840.86,538.61,302.25,0.359453,11,76.44,1.99
C0000590,Startup,North America,paid_search,,,0,0.0,0.0,0.0,0.0,0,0.0,0.0
C0000592,Startup,EMEA,paid_search,2024-12-19,2025-02-14,58,924.15,577.5,346.65,0.375101,3,308.05,15.93
C0000597,Startup,EMEA,paid_search,,,0,0.0,0.0,0.0,0.0,0,0.0,0.0
C0000602,Startup,LATAM,paid_search,2025-07-25,2025-12-30,159,842.43,684.2,158.23,0.187826,3,280.81,5.3
C0000605,SMB,LATAM,paid_search,,,0,0.0,0.0,0.0,0.0,0,0.0,0.0
C0000614,Mid-Market,North America,paid_search,2025-12-22,2025-12-30,9,1204.98,802.34,402.64,0.334147,2,602.49,133.89
C0000615,SMB,APAC,paid_search,2024-05-05,2024-06-21,48,662.69,481.48,181.21,0.273446,4,165.67,13.81
C0000617,Startup,LATAM,paid_search,2025-08-12,2025-11-28,109,173.13,115.5,57.63,0.332871,3,57.71,1.59
C0000618,SMB,North America,paid_search,2024-09-05,2024-09-05,1,127.57,76.93,50.64,0.396959,1,127.57,127.57
C0000621,Startup,EMEA,paid_search,2025-07-23,2025-10-14,84,1160.02,716.4,443.62,0.382424,5,232.0,13.81
C0000627,SMB,North America,paid_search,2025-09-02,2025-12-30,120,2118.32,1715.99,402.33,0.189929,5,423.66,17.65
C0000633,SMB,EMEA,paid_search,2023-03-21,2024-02-07,324,1348.55,896.45,452.1,0.335249,7,192.65,4.16
C0000636,Mid-Market,APAC,paid_search,2023-08-02,2023-11-02,93,3938.34,3354.63,583.71,0.148212,5,787.67,42.35
C0000642,Startup,LATAM,paid_search,2025-09-19,2025-12-31,104,1256.14,1000.99,255.15,0.203122,5,251.23,12.08
C0000644,Startup,APAC,paid_search,2024-03-28,2024-08-05,131,645.34,501.76,143.58,0.222487,4,161.34,4.93
C0000649,Startup,APAC,paid_search,2025-06-11,2025-08-27,78,777.87,473.31,304.56,0.391531,3,259.29,9.97
C0000653,Mid-Market,EMEA,paid_search,2025-05-18,2025-05-18,1,1626.8,1288.16,338.64,0.208163,1,1626.8,1626.8
C0000658,Startup,North America,paid_search,,,0,0.0,0.0,0.0,0.0,0,0.0,0.0
C0000665,SMB,North America,paid_search,2024-06-21,2024-07-22,32,1078.93,894.38,184.55,0.171049,3,359.64,33.72
C0000676,Startup,EMEA,paid_search,2024-08-26,2025-12-18,480,1329.98,830.71,499.27,0.375397,10,133.0,2.77
C0000682,SMB,North America,paid_search,2024-02-11,2024-06-05,116,985.0,591.15,393.85,0.399848,5,197.0,8.49
C0000685,Mid-Market,North America,paid_search,2025-04-18,2025-08-28,133,8316.59,6586.24,1730.35,0.20806,10,831.66,62.53
C0000686,Startup,LATAM,paid_search,2024-06-23,2024-06-23,1,346.62,333.57,13.05,0.037649,1,346.62,346.62
C0000689,SMB,APAC,paid_search,2025-07-30,2025-08-05,7,143.95,110.35,33.6,0.233414,2,71.97,20.56
C0000690,Startup,EMEA,paid_search,2025-01-30,2025-04-15,76,545.48,329.88,215.6,0.395248,3,181.83,7.18
C0000692,Startup,APAC,paid_search,,,0,0.0,0.0,0.0,0.0,0,0.0,0.0
C0000694,SMB,APAC,paid_search,2024-10-16,2025-04-05,172,833.46,566.72,266.74,0.320039,8,104.18,4.85
C0000699,SMB,APAC,paid_search,2025-05-03,2025-06-21,50,183.85,123.45,60.4,0.328529,2,91.92,3.68
C0000700,SMB,APAC,paid_search,2024-05-03,2024-06-07,36,204.84,143.57,61.27,0.299112,3,68.28,5.69
C0000701,SMB,APAC,paid_search,2024-02-26,2024-12-17,296,3807.62,2834.79,972.83,0.255496,15,253.84,12.86
C0000702,SMB,North America,paid_search,2024-09-16,2025-05-23,250,1605.72,942.21,663.51,0.413217,5,321.14,6.42
C0000706,SMB,EMEA,paid_search,2025-02-15,2025-12-03,292,2455.54,1621.77,833.77,0.339546,7,350.79,8.41
C0000715,SMB,North America,paid_search,2025-08-10,2025-10-11,63,941.52,534.65,406.87,0.432142,5,188.3,14.94
C0000718,Startup,LATAM,paid_search,2023-07-15,2023-07-15,1,120.55,76.91,43.64,0.362007,1,120.55,120.55
C0000720,Startup,EMEA,paid_search,2025-12-07,2025-12-07,1,73.21,57.9,15.31,0.209124,1,73.21,73.21
C0000727,SMB,APAC,paid_search,,,0,0.0,0.0,0.0,0.0,0,0.0,0.0
C0000728,Startup,EMEA,paid_search,2023-06-11,2023-08-01,52,443.17,332.4,110.77,0.249949,4,110.79,8.52
C0000734,Mid-Market,North America,paid_search,2024-08-12,2025-03-21,222,4734.39,3173.17,1561.22,0.329762,14,338.17,21.33
C0000735,Mid-Market,APAC,paid_search,2023-04-29,2023-10-19,174,3202.96,2406.32,796.64,0.24872,6,533.83,18.41
C0000737,Startup,EMEA,paid_search,2024-01-18,2024-05-23,127,358.16,241.31,116.85,0.326251,5,71.63,2.82
C0000738,SMB,EMEA,paid_search,2024-05-22,2024-10-23,155,162.31,97.96,64.35,0.396464,3,54.1,1.05
C0000750,SMB,APAC,paid_search,2025-09-11,2025-10-24,44,324.56,217.49,107.07,0.329893,2,162.28,7.38
C0000754,Startup,North America,paid_search,2024-12-01,2024-12-01,1,94.9,67.58,27.32,0.287882,1,94.9,94.9
C0000759,Startup,EMEA,paid_search,2023-04-24,2023-08-01,100,401.01,280.4,120.61,0.300766,3,133.67,4.01
C0000760,Startup,LATAM,paid_search,2024-11-17,2025-03-13,117,170.27,116.14,54.13,0.317907,3,56.76,1.46
C0000762,Startup,North America,paid_search,2023-11-24,2024-06-14,204,183.04,139.52,43.52,0.237762,3,61.01,0.9
C0000767,Startup,North America,paid_search,2023-12-20,2024-03-01,73,906.53,685.73,220.8,0.243566,4,226.63,12.42
C0000770,Mid-Market,North America,paid_search,2025-03-29,2025-12-28,275,10522.01,7753.81,2768.2,0.263087,15,701.47,38.26
C0000776,SMB,APAC,paid_search,,,0,0.0,0.0,0.0,0.0,0,0.0,0.0
C0000777,Startup,APAC,paid_search,2025-05-28,2025-12-11,198,1669.57,1326.37,343.2,0.205562,7,238.51,8.43
C0000781,SMB,North America,paid_search,2024-04-20,2025-04-04,350,2218.89,1357.88,861.01,0.388036,10,221.89,6.34
C0000784,Startup,EMEA,paid_search,2025-03-21,2025-03-21,1,73.82,45.3,28.52,0.386345,1,73.82,73.82
C0000787,SMB,EMEA,paid_search,2025-08-21,2025-08-26,6,441.92,369.38,72.54,0.164147,2,220.96,73.65
C0000789,Enterprise,EMEA,paid_search,2025-11-29,2025-12-22,24,3517.45,2847.04,670.41,0.190595,3,1172.48,146.56
C0000791,SMB,APAC,paid_search,2024-03-30,2024-09-19,174,2678.15,1967.18,710.97,0.265471,3,892.72,15.39
C0000792,Mid-Market,EMEA,paid_search,2024-09-19,2025-01-23,127,10452.63,7085.01,3367.62,0.322179,8,1306.58,82.3
C0000793,SMB,North America,paid_search,2024-05-29,2024-06-08,11,375.24,260.86,114.38,0.304818,2,187.62,34.11
C0000794,Enterprise,EMEA,paid_search,2023-05-30,2024-10-19,509,65641.56,56495.76,9145.8,0.139329,24,2735.06,128.96
C0000795,Startup,North America,paid_search,2023-07-04,2023-08-07,35,407.46,371.62,35.84,0.08796,2,203.73,11.64
C0000797,Startup,APAC,paid_search,2023-03-01,2023-05-07,68,751.29,598.78,152.51,0.202998,4,187.82,11.05
C0000799,Mid-Market,EMEA,paid_search,2025-06-14,2025-08-22,70,3450.31,2938.24,512.07,0.148413,3,1150.1,49.29
C0000801,Startup,North America,paid_search,2025-06-24,2025-10-28,127,151.2,89.63,61.57,0.407209,4,37.8,1.19
C0000805,SMB,EMEA,paid_search,2023-08-31,2025-02-20,540,4289.56,2970.98,1318.58,0.307393,13,329.97,7.94
C0000808,Startup,EMEA,paid_search,2023-11-22,2024-03-14,114,2588.9,1944.1,644.8,0.249063,4,647.22,22.71
C0000814,Startup,EMEA,paid_search,,,0,0.0,0.0,0.0,0.0,0,0.0,0.0
C0000816,Mid-Market,North America,paid_search,,,0,0.0,0.0,0.0,0.0,0,0.0,0.0
C0000817,SMB,EMEA,paid_search,2025-12-22,2025-12-26,5,148.22,91.1,57.12,0.385373,2,74.11,29.64
C0000818,Startup,North America,paid_search,2025-01-29,2025-04-25,87,448.0,297.23,150.77,0.33654,4,112.0,5.15
C0000826,SMB,North America,paid_search,2023-02-13,2023-06-02,110,912.98,748.3,164.68,0.180376,4,228.24,8.3
C0000832,Mid-Market,EMEA,paid_search,2025-02-12,2025-12-12,304,6444.43,5173.45,1270.98,0.197221,8,805.55,21.2
C0000836,Mid-Market,North America,paid_search,2025-03-03,2025-07-07,127,5553.07,4088.59,1464.48,0.263724,13,427.16,43.72
C0000837,Startup,APAC,paid_search,2025-08-30,2025-12-23,116,400.18,262.84,137.34,0.343196,3,133.39,3.45
C0000842,SMB,LATAM,paid_search,2025-10-25,2025-12-17,54,1336.8,710.72,626.08,0.468342,2,668.4,24.76
C0000843,SMB,EMEA,paid_search,2025-02-01,2025-02-01,1,108.06,72.48,35.58,0.329262,1,108.06,108.06
C0000845,Startup,EMEA,paid_search,2023-08-05,2023-08-05,1,87.62,69.01,18.61,0.212394,1,87.62,87.62
C0000850,Startup,APAC,paid_search,,,0,0.0,0.0,0.0,0.0,0,0.0,0.0
C0000851,Startup,North America,paid_search,,,0,0.0,0.0,0.0,0.0,0,0.0,0.0
C0000854,SMB,North America,paid_search,,,0,0.0,0.0,0.0,0.0,0,0.0,0.0
C0000855,Mid-Market,LATAM,paid_search,2024-01-21,2024-06-11,143,5788.06,4073.15,1714.91,0.296284,7,826.87,40.48
C0000856,SMB,EMEA,paid_search,2025-03-09,2025-03-09,1,159.66,116.2,43.46,0.272203,1,159.66,159.66
C0000861,SMB,LATAM,paid_search,2025-06-28,2025-12-21,177,529.72,295.3,234.42,0.442536,4,132.43,2.99
C0000863,Mid-Market,EMEA,paid_search,2025-07-29,2025-08-12,15,974.12,669.92,304.2,0.312282,2,487.06,64.94
C0000865,Mid-Market,North America,paid_search,2023-07-30,2025-02-27,579,24836.79,19176.41,5660.38,0.227903,25,993.47,42.9
C0000867,Startup,EMEA,paid_search,2025-10-30,2025-12-28,60,40.36,21.67,18.69,0.463082,2,20.18,0.67
C0000869,Startup,APAC,paid_search,2023-07-22,2023-08-24,34,361.97,290.4,71.57,0.197724,2,180.98,10.65
C0000871,SMB,North America,paid_search,2025-06-28,2025-10-18,113,259.29,149.29,110.0,0.424235,2,129.65,2.29
C0000874,SMB,EMEA,paid_search,2024-08-01,2024-08-01,1,39.86,22.05,17.81,0.446814,1,39.86,39.86
C0000875,Startup,EMEA,paid_search,2025-07-06,2025-07-06,1,195.9,125.32,70.58,0.360286,1,195.9,195.9
C0000879,SMB,EMEA,paid_search,2025-03-24,2025-07-18,117,1667.86,1148.3,519.56,0.311513,5,333.57,14.26
C0000881,Startup,APAC,paid_search,2024-09-11,2025-12-26,472,1505.72,1355.67,150.05,0.099653,8,188.22,3.19
C0000882,SMB,North America,paid_search,2025-04-02,2025-12-12,255,4099.74,3082.59,1017.15,0.248101,6,683.29,16.08
C0000885,Startup,LATAM,paid_search,2023-12-29,2025-11-05,678,1810.72,1192.5,618.22,0.341422,19,95.3,2.67
C0000889,SMB,North America,paid_search,2023-11-30,2024-05-02,155,2953.42,2271.0,682.42,0.231061,4,738.36,19.05
C0000893,Mid-Market,EMEA,paid_search,2024-02-29,2025-03-04,370,26951.07,21667.06,5284.01,0.196059,22,1225.05,72.84
C0000901,SMB,LATAM,paid_search,2024-11-22,2025-04-03,133,875.43,590.6,284.83,0.32536,4,218.86,6.58
C0000902,Startup,EMEA,paid_search,,,0,0.0,0.0,0.0,0.0,0,0.0,0.0
C0000911,Startup,EMEA,paid_search,2025-07-21,2025-07-26,6,431.13,430.15,0.98,0.002273,2,215.56,71.86
C0000914,Mid-Market,LATAM,paid_search,2025-12-26,2025-12-31,6,724.3,565.78,158.52,0.21886,2,362.15,120.72
C0000919,Startup,EMEA,paid_search,2024-06-08,2024-08-06,60,158.74,112.18,46.56,0.29331,2,79.37,2.65
C0000921,Mid-Market,North America,paid_search,2023-07-01,2023-09-04,66,637.71,455.43,182.28,0.285835,2,318.86,9.66
C0000924,Startup,APAC,paid_search,2025-03-12,2025-05-09,59,344.48,214.46,130.02,0.377438,3,114.83,5.84
C0000925,Startup,EMEA,paid_search,,,0,0.0,0.0,0.0,0.0,0,0.0,0.0
C0000928,SMB,North America,paid_search,2025-11-22,2025-11-22,1,420.26,217.58,202.68,0.482273,2,210.13,420.26
C0000931,Mid-Market,EMEA,paid_search,2024-08-01,2025-11-11,468,13555.92,9359.69,4196.23,0.30955,24,564.83,28.97
C0000934,Mid-Market,North America,paid_search,2025-09-17,2025-09-29,13,485.5,313.01,172.49,0.355283,2,242.75,37.35
C0000942,Startup,North America,paid_search,2025-12-13,2025-12-13,1,74.72,48.25,26.47,0.354256,1,74.72,74.72
C0000946,Mid-Market,APAC,paid_search,2024-04-14,2025-12-23,619,27757.38,19599.73,8157.65,0.293891,28,991.34,44.84
C0000948,Startup,EMEA,paid_search,2025-09-23,2025-10-23,31,361.33,247.54,113.79,0.31492,3,120.44,11.66
C0000951,Mid-Market,EMEA,paid_search,2025-03-27,2025-10-01,189,5953.6,4252.73,1700.87,0.285688,10,595.36,31.5
C0000958,Startup,North America,paid_search,2025-03-15,2025-08-13,152,1048.95,716.96,331.99,0.316497,4,262.24,6.9
C0000963,Mid-Market,North America,paid_search,2023-09-06,2023-09-06,1,201.18,124.91,76.27,0.379113,1,201.18,201.18
C0000965,SMB,North America,paid_search,2025-12-04,2025-12-04,1,31.72,20.94,10.78,0.339849,1,31.72,31.72
C0000966,Enterprise,North America,paid_search,2024-12-31,2025-08-08,221,22945.02,17438.75,5506.27,0.239977,13,1765.0,103.82
C0000969,SMB,North America,paid_search,2025-02-18,2025-12-10,296,450.6,273.91,176.69,0.392122,6,75.1,1.52
C0000972,Startup,EMEA,paid_search,,,0,0.0,0.0,0.0,0.0,0,0.0,0.0
C0000976,Startup,EMEA,paid_search,2025-03-25,2025-11-04,225,4775.24,3138.24,1637.0,0.34281,5,955.05,21.22
C0000979,Startup,EMEA,paid_search,,,0,0.0,0.0,0.0,0.0,0,0.0,0.0
C0000980,SMB,APAC,paid_search,2023-12-15,2024-03-29,106,963.78,632.68,331.1,0.343543,5,192.76,9.09
C0000982,SMB,EMEA,paid_search,2025-08-23,2025-09-05,14,1230.08,994.32,235.76,0.191662,3,410.03,87.86
C0000994,Mid-Market,APAC,paid_search,2024-04-11,2025-03-21,345,7560.04,5226.72,2333.32,0.308639,16,472.5,21.91
C0000998,SMB,North America,paid_search,2023-02-20,2025-10-14,968,7086.42,4561.25,2525.17,0.356339,31,228.59,7.32
C0001003,Enterprise,LATAM,paid_search,2023-12-23,2024-06-03,164,10412.6,8325.29,2087.31,0.20046,10,1041.26,63.49
C0001004,Startup,EMEA,paid_search,,,0,0.0,0.0,0.0,0.0,0,0.0,0.0
C0001006,Mid-Market,APAC,paid_search,2024-09-03,2024-09-03,1,354.95,237.05,117.9,0.332159,1,354.95,354.95
C0001009,Startup,LATAM,paid_search,2025-09-20,2025-09-20,1,109.43,79.89,29.54,0.269944,1,109.43,109.43
C0001013,SMB,LATAM,paid_search,2024-11-24,2025-04-13,141,1389.69,1025.12,364.57,0.262339,6,231.62,9.86
C0001014,SMB,North America,paid_search,2025-11-30,2025-12-07,8,867.94,583.23,284.71,0.32803,3,289.31,108.49
C0001016,SMB,APAC,paid_search,2023-11-30,2023-12-05,6,1017.5,836.23,181.27,0.178152,4,254.38,169.58
C0001021,Mid-Market,APAC,paid_search,2025-10-20,2025-12-26,68,3973.46,2732.04,1241.42,0.312428,4,993.36,58.43
C0001025,Mid-Market,North America,paid_search,2025-06-17,2025-11-09,146,1976.05,1215.79,760.26,0.384737,5,395.21,13.53
C0001026,SMB,EMEA,paid_search,2024-08-13,2024-11-29,109,526.29,362.05,164.24,0.312071,4,131.57,4.83
C0001028,Startup,North America,paid_search,2024-08-19,2025-11-28,467,661.11,411.19,249.92,0.378031,10,66.11,1.42
C0001034,Mid-Market,APAC,paid_search,2025-11-30,2025-12-11,12,1930.39,1244.97,685.42,0.355068,2,965.2,160.87
C0001041,SMB,North America,paid_search,2023-07-27,2023-07-27,1,36.2,22.74,13.46,0.371823,1,36.2,36.2
C0001051,SMB,EMEA,paid_search,2025-07-05,2025-12-28,177,948.61,631.24,317.37,0.334563,5,189.72,5.36
C0001052,Startup,North America,paid_search,2023-09-29,2024-05-04,219,1618.74,1140.64,478.1,0.295353,4,404.68,7.39
C0001056,SMB,North America,paid_search,2025-05-09,2025-06-06,29,301.99,169.43,132.56,0.438955,2,151.0,10.41
C0001057,SMB,North America,paid_search,2025-11-12,2025-12-29,48,273.36,176.36,97.0,0.354843,3,91.12,5.7
C0001064,Enterprise,North America,paid_search,2025-04-14,2025-04-30,17,2791.36,2250.96,540.4,0.193597,3,930.45,164.2
C0001069,Mid-Market,EMEA,paid_search,2023-04-25,2024-01-18,269,7737.01,5440.22,2296.79,0.296858,16,483.56,28.76
C0001070,SMB,APAC,paid_search,2024-08-29,2024-08-29,1,238.14,163.38,74.76,0.313933,1,238.14,238.14
C0001075,Startup,EMEA,paid_search,,,0,0.0,0.0,0.0,0.0,0,0.0,0.0
C0001078,Mid-Market,North America,paid_search,2024-12-14,2025-01-05,23,3245.52,2122.74,1122.78,0.345948,4,811.38,141.11
C0001082,Startup,EMEA,paid_search,,,0,0.0,0.0,0.0,0.0,0,0.0,0.0
C0001083,Mid-Market,LATAM,paid_search,2025-12-07,2025-12-07,1,467.82,244.48,223.34,0.477406,1,467.82,467.82
C0001089,Startup,EMEA,paid_search,2025-03-02,2025-03-02,1,15.8,9.52,6.28,0.397468,1,15.8,15.8
C0001092,SMB,EMEA,paid_search,2025-05-04,2025-08-21,110,855.1,526.4,328.7,0.384399,3,285.03,7.77
C0001093,Startup,EMEA,paid_search,2024-04-26,2024-07-05,71,1252.37,973.77,278.6,0.222458,4,313.09,17.64
C0001097,SMB,EMEA,paid_search,2024-01-29,2024-11-18,295,2446.96,1797.12,649.84,0.26557,7,349.57,8.29
C0001099,Startup,APAC,paid_search,2025-09-25,2025-10-14,20,707.7,577.84,129.86,0.183496,2,353.85,35.39
C0001100,Startup,APAC,paid_search,2023-12-01,2023-12-01,1,69.76,52.38,17.38,0.24914,1,69.76,69.76
C0001115,Startup,North America,paid_search,,,0,0.0,0.0,0.0,0.0,0,0.0,0.0
C0001121,Startup,APAC,paid_search,2025-08-13,2025-11-12,92,161.14,126.33,34.81,0.216023,3,53.71,1.75
C0001122,Startup,EMEA,paid_search,2023-07-30,2024-02-24,210,803.76,486.52,317.24,0.394695,7,114.82,3.83
C0001123,Enterprise,North America,paid_search,2025-09-12,2025-12-16,96,26155.96,21735.59,4420.37,0.169,11,2377.81,272.46
C0001124,Startup,EMEA,paid_search,2023-11-29,2023-12-30,32,153.82,92.83,60.99,0.396502,2,76.91,4.81
C0001125,Startup,North America,paid_search,,,0,0.0,0.0,0.0,0.0,0,0.0,0.0
C0001127,Startup,LATAM,paid_search,2025-03-26,2025-05-02,38,88.22,66.11,22.11,0.250623,2,44.11,2.32
C0001129,Startup,North America,paid_search,2025-04-24,2025-06-08,46,259.84,161.49,98.35,0.378502,4,64.96,5.65
C0001132,Mid-Market,North America,paid_search,,,0,0.0,0.0,0.0,0.0,0,0.0,0.0
C0001136,Mid-Market,APAC,paid_search,2024-05-26,2024-08-22,89,2946.8,2289.25,657.55,0.22314,5,589.36,33.11
C0001140,SMB,LATAM,paid_search,2025-05-19,2025-05-19,1,138.25,101.2,37.05,0.267993,1,138.25,138.25
C0001141,SMB,North America,paid_search,2024-07-03,2024-07-03,1,142.73,85.7,57.03,0.399566,1,142.73,142.73
C0001144,Mid-Market,North America,paid_search,2025-09-06,2025-10-27,52,5845.3,3934.59,1910.71,0.32688,6,974.22,112.41
C0001147,SMB,EMEA,paid_search,2025-06-30,2025-11-11,135,3609.74,2590.88,1018.86,0.282253,10,360.97,26.74
C0001148,Mid-Market,EMEA,paid_search,2025-08-26,2025-09-21,27,2950.85,2080.62,870.23,0.294908,4,737.71,109.29
C0001153,Startup,APAC,paid_search,2023-07-26,2024-06-21,332,1172.31,821.58,350.73,0.299179,11,106.57,3.53
C0001161,SMB,North America,paid_search,2023-03-12,2023-03-24,13,779.15,543.82,235.33,0.302034,2,389.58,59.93
C0001165,SMB,EMEA,paid_search,2023-12-07,2023-12-07,1,302.32,198.56,103.76,0.343212,1,302.32,302.32
C0001170,SMB,North America,paid_search,2023-06-23,2024-09-26,462,1747.24,1098.09,649.15,0.371529,13,134.4,3.78
C0001174,Startup,EMEA,paid_search,,,0,0.0,0.0,0.0,0.0,0,0.0,0.0
C0001175,Mid-Market,North America,paid_search,2024-12-28,2025-05-16,140,4004.4,2937.17,1067.23,0.266514,7,572.06,28.6
C0001177,SMB,LATAM,paid_search,2024-11-30,2025-11-10,346,14654.8,10741.15,3913.65,0.267056,9,1628.31,42.35
C0001183,Startup,North America,paid_search,2023-06-22,2024-06-10,355,3447.53,2287.16,1160.37,0.33658,14,246.25,9.71
C0001184,SMB,APAC,paid_search,2024-01-28,2024-08-26,212,1845.77,1181.54,664.23,0.359866,6,307.63,8.71
C0001185,Mid-Market,EMEA,paid_search,2023-11-30,2025-09-03,644,16431.82,11891.35,4540.47,0.276322,24,684.66,25.52
C0001186,SMB,North America,paid_search,2025-12-01,2025-12-21,21,1445.87,1200.91,244.96,0.16942,2,722.94,68.85
C0001189,SMB,LATAM,paid_search,2023-09-17,2025-05-07,599,2846.06,2079.02,767.04,0.269509,16,177.88,4.75
C0001190,SMB,LATAM,paid_search,2025-05-04,2025-11-04,185,304.2,174.29,129.91,0.427055,3,101.4,1.64
C0001192,SMB,EMEA,paid_search,2024-09-10,2025-11-25,442,4262.32,3014.82,1247.5,0.292681,16,266.4,9.64
C0001195,Enterprise,APAC,paid_search,2025-10-09,2025-11-26,49,1001.67,654.19,347.48,0.346901,2,500.84,20.44
C0001197,Startup,North America,paid_search,2024-01-31,2024-05-11,102,700.59,418.75,281.84,0.402289,4,175.15,6.87
C0001208,Mid-Market,APAC,paid_search,2025-03-30,2025-07-26,119,1198.42,914.64,283.78,0.236795,4,299.6,10.07
C0001209,Startup,APAC,paid_search,,,0,0.0,0.0,0.0,0.0,0,0.0,0.0
C0001211,Mid-Market,North America,paid_search,2025-07-25,2025-09-03,41,4024.54,3018.42,1006.12,0.249996,5,804.91,98.16
C0001213,Enterprise,EMEA,paid_search,2025-03-08,2025-08-04,150,10793.8,8917.56,1876.24,0.173826,5,2158.76,71.96
C0001218,SMB,EMEA,paid_search,2025-02-19,2025-07-25,157,1363.42,1026.67,336.75,0.246989,7,194.77,8.68
C0001219,Enterprise,EMEA,paid_search,2025-06-13,2025-08-21,70,14438.52,10793.53,3644.99,0.252449,11,1312.59,206.26
C0001228,SMB,North America,paid_search,2024-12-01,2024-12-03,3,930.06,625.98,304.08,0.326947,5,186.01,310.02
C0001229,Mid-Market,EMEA,paid_search,2025-11-22,2025-11-26,5,6470.59,5137.52,1333.07,0.20602,3,2156.86,1294.12
C0001236,Startup,North America,paid_search,2023-07-10,2025-03-13,613,3043.5,2119.75,923.75,0.303516,19,160.18,4.96
C0001238,Startup,APAC,paid_search,2024-09-29,2025-12-24,452,1247.36,944.12,303.24,0.243105,12,103.95,2.76
C0001242,Mid-Market,North America,paid_search,2024-06-02,2024-07-02,31,799.07,479.79,319.28,0.399564,2,399.54,25.78
C0001243,SMB,North America,paid_search,2024-07-14,2025-08-01,384,2115.72,1499.4,616.32,0.291305,9,235.08,5.51
C0001247,Startup,LATAM,paid_search,2025-03-22,2025-10-17,210,1409.4,1189.41,219.99,0.156088,7,201.34,6.71
C0001249,SMB,APAC,paid_search,2025-11-08,2025-11-15,8,1133.53,739.95,393.58,0.347216,4,283.38,141.69
C0001263,SMB,North America,paid_search,,,0,0.0,0.0,0.0,0.0,0,0.0,0.0
C0001264,Startup,LATAM,paid_search,,,0,0.0,0.0,0.0,0.0,0,0.0,0.0
C0001270,Startup,APAC,paid_search,2025-02-17,2025-10-14,240,322.17,232.59,89.58,0.278052,7,46.02,1.34
C0001275,Startup,LATAM,paid_search,2023-08-30,2023-08-30,1,36.3,25.37,10.93,0.301102,1,36.3,36.3
C0001276,Startup,EMEA,paid_search,2024-06-25,2025-07-16,387,1050.52,879.49,171.03,0.162805,6,175.09,2.71
C0001279,SMB,APAC,paid_search,,,0,0.0,0.0,0.0,0.0,0,0.0,0.0
C0001285,Startup,North America,paid_search,2025-12-27,2025-12-27,1,805.22,644.41,160.81,0.199709,1,805.22,805.22
C0001286,Mid-Market,EMEA,paid_search,2025-11-21,2025-12-16,26,1374.49,899.05,475.44,0.345903,5,274.9,52.86
C0001290,Startup,APAC,paid_search,2025-02-21,2025-05-11,80,2575.48,2147.02,428.46,0.166361,3,858.49,32.19
C0001295,Startup,EMEA,paid_search,2024-09-13,2025-11-06,420,1811.15,1486.05,325.1,0.179499,5,362.23,4.31
C0001301,SMB,EMEA,paid_search,2024-02-08,2024-02-08,1,176.14,108.7,67.44,0.382877,1,176.14,176.14
C0001308,Startup,EMEA,paid_search,,,0,0.0,0.0,0.0,0.0,0,0.0,0.0
C0001310,SMB,APAC,paid_search,,,0,0.0,0.0,0.0,0.0,0,0.0,0.0
C0001311,Startup,North America,paid_search,2024-09-22,2025-08-28,341,1088.95,695.14,393.81,0.361642,9,120.99,3.19
C0001323,SMB,North America,paid_search,2023-02-11,2023-03-29,47,1926.12,1533.63,392.49,0.203772,7,275.16,40.98
C0001325,Enterprise,EMEA,paid_search,2024-06-18,2024-07-12,25,14587.7,11598.95,2988.75,0.204882,10,1458.77,583.51
C0001326,Startup,North America,paid_search,2025-11-18,2025-11-18,1,133.46,101.37,32.09,0.240447,1,133.46,133.46
C0001327,Mid-Market,APAC,paid_search,2024-09-02,2025-03-29,209,6901.04,5086.9,1814.14,0.262879,12,575.09,33.02
C0001328,Startup,APAC,paid_search,2025-03-31,2025-12-16,261,978.15,769.18,208.97,0.213638,4,244.54,3.75
C0001334,SMB,APAC,paid_search,,,0,0.0,0.0,0.0,0.0,0,0.0,0.0
C0001335,Mid-Market,LATAM,paid_search,,,0,0.0,0.0,0.0,0.0,0,0.0,0.0
C0001343,SMB,EMEA,paid_search,2024-12-10,2024-12-11,2,303.24,204.2,99.04,0.326606,2,151.62,151.62
C0001363,SMB,North America,paid_search,2025-04-20,2025-04-20,1,86.06,59.91,26.15,0.303858,1,86.06,86.06
C0001365,Startup,APAC,paid_search,2025-03-31,2025-08-03,126,601.72,378.93,222.79,0.370255,6,100.29,4.78
C0001366,Mid-Market,EMEA,paid_search,2025-02-04,2025-03-06,31,2355.29,1933.25,422.04,0.179188,3,785.1,75.98
C0001371,SMB,LATAM,paid_search,2023-07-06,2025-07-04,730,10237.85,7258.95,2978.9,0.290969,25,409.51,14.02
C0001372,Enterprise,LATAM,paid_search,2025-11-28,2025-11-28,1,2010.84,1570.09,440.75,0.219187,1,2010.84,2010.84
C0001373,Mid-Market,EMEA,paid_search,2024-10-17,2024-10-17,1,306.95,161.57,145.38,0.473628,1,306.95,306.95
C0001374,SMB,EMEA,paid_search,2025-12-24,2025-12-24,1,92.52,50.66,41.86,0.452443,1,92.52,92.52
C0001378,Enterprise,North America,paid_search,,,0,0.0,0.0,0.0,0.0,0,0.0,0.0
C0001380,Mid-Market,EMEA,paid_search,2024-10-23,2025-01-05,75,5524.84,4241.93,1282.91,0.232208,7,789.26,73.66
C0001383,SMB,EMEA,paid_search,2025-02-23,2025-04-21,58,510.96,305.36,205.6,0.40238,2,255.48,8.81
C0001389,Startup,LATAM,paid_search,2025-10-31,2025-12-23,54,845.13,575.93,269.2,0.318531,3,281.71,15.65
C0001390,Startup,North America,paid_search,2023-03-31,2023-07-13,105,252.46,180.89,71.57,0.28349,4,63.12,2.4
C0001397,SMB,North America,paid_search,2025-01-29,2025-12-14,320,2078.12,1405.36,672.76,0.323735,8,259.76,6.49
C0001402,Mid-Market,North America,paid_search,2023-06-03,2024-01-02,214,2005.25,1209.22,796.03,0.396973,8,250.66,9.37
C0001405,SMB,LATAM,paid_search,2023-12-21,2024-01-10,21,820.21,479.13,341.08,0.415845,5,164.04,39.06
C0001406,Mid-Market,North America,paid_search,2024-05-17,2025-03-27,315,11745.77,7661.06,4084.71,0.34776,16,734.11,37.29
C0001412,Startup,EMEA,paid_search,2025-12-30,2025-12-30,1,7.65,3.81,3.84,0.501961,1,7.65,7.65
C0001413,SMB,North America,paid_search,2025-09-23,2025-12-04,73,727.74,455.08,272.66,0.374667,4,181.94,9.97
C0001418,Startup,North America,paid_search,2025-01-29,2025-06-01,124,421.89,296.44,125.45,0.297352,5,84.38,3.4
C0001419,Startup,EMEA,paid_search,2025-11-30,2025-11-30,1,205.09,185.37,19.72,0.096153,1,205.09,205.09
C0001421,Mid-Market,APAC,paid_search,2025-05-29,2025-10-16,141,6879.51,5853.45,1026.06,0.149147,7,982.79,48.79
C0001422,Mid-Market,North America,paid_search,2024-12-12,2025-10-28,321,18749.96,13878.17,4871.79,0.259829,19,986.84,58.41
C0001427,Mid-Market,EMEA,paid_search,2023-06-30,2024-02-22,238,9269.63,7371.65,1897.98,0.204753,13,713.05,38.95
C0001431,Startup,North America,paid_search,2025-11-25,2025-11-26,2,369.08,288.06,81.02,0.219519,2,184.54,184.54
C0001437,SMB,APAC,paid_search,2024-03-08,2024-05-05,59,478.82,259.86,218.96,0.457291,2,239.41,8.12
C0001446,SMB,LATAM,paid_search,2025-03-04,2025-03-04,1,95.75,50.63,45.12,0.471227,1,95.75,95.75
C0001448,Startup,North America,paid_search,2025-03-05,2025-07-04,122,327.38,263.96,63.42,0.19372,4,81.84,2.68
C0001449,Enterprise,EMEA,paid_search,2025-04-28,2025-04-28,1,3843.0,2543.2,1299.8,0.338225,1,3843.0,3843.0
C0001454,Startup,North America,paid_search,2025-12-21,2025-12-21,1,67.97,44.41,23.56,0.346624,1,67.97,67.97
C0001458,Mid-Market,North America,paid_search,2024-11-03,2025-11-23,386,6480.16,5100.08,1380.08,0.21297,16,405.01,16.79
C0001463,SMB,North America,paid_search,2024-01-08,2024-08-28,234,6579.51,4486.37,2093.14,0.31813,11,598.14,28.12
C0001465,Startup,North America,paid_search,2025-04-22,2025-06-23,63,1158.77,826.04,332.73,0.287141,4,289.69,18.39
C0001468,Enterprise,LATAM,paid_search,2024-04-01,2024-04-05,5,8943.2,6929.11,2014.09,0.225209,4,2235.8,1788.64
C0001470,Startup,North America,paid_search,2023-11-14,2024-04-01,140,351.51,241.9,109.61,0.311826,5,70.3,2.51
C0001471,SMB,North America,paid_search,,,0,0.0,0.0,0.0,0.0,0,0.0,0.0
C0001476,Mid-Market,EMEA,paid_search,2024-12-30,2025-10-27,302,7915.3,6244.69,1670.61,0.211061,12,659.61,26.21
C0001479,Startup,LATAM,paid_search,2025-02-13,2025-12-21,312,1463.98,1054.51,409.47,0.279696,12,122.0,4.69
C0001482,Startup,LATAM,paid_search,2023-06-06,2023-06-12,7,389.43,262.04,127.39,0.327119,2,194.71,55.63
C0001487,SMB,North America,paid_search,2025-12-29,2025-12-29,1,449.52,226.2,223.32,0.496797,1,449.52,449.52
C0001488,SMB,LATAM,paid_search,2024-12-01,2025-10-14,318,3516.12,2548.89,967.23,0.275084,8,439.52,11.06
C0001491,SMB,EMEA,paid_search,2023-05-11,2025-03-02,662,7405.45,4527.85,2877.6,0.388579,16,462.84,11.19
C0001502,Startup,LATAM,paid_search,2025-12-30,2025-12-30,1,196.01,131.68,64.33,0.328198,1,196.01,196.01
C0001503,SMB,LATAM,paid_search,2024-07-24,2025-07-04,346,6433.61,4324.21,2109.4,0.327872,18,357.42,18.59
C0001508,SMB,EMEA,paid_search,2024-11-15,2025-09-06,296,2165.07,1362.91,802.16,0.370501,10,216.51,7.31
C0001509,Startup,APAC,paid_search,2024-01-24,2024-01-24,1,436.48,352.34,84.14,0.192769,1,436.48,436.48
C0001513,SMB,EMEA,paid_search,,,0,0.0,0.0,0.0,0.0,0,0.0,0.0
C0001516,Startup,EMEA,paid_search,2024-04-29,2025-03-18,324,843.39,652.12,191.27,0.226787,8,105.42,2.6
C0001517,Startup,APAC,paid_search,2023-07-26,2023-09-09,46,186.71,104.59,82.12,0.439826,3,62.24,4.06
C0001523,Startup,North America,paid_search,2025-10-19,2025-10-24,6,104.81,80.04,24.77,0.236332,2,52.4,17.47
C0001529,SMB,North America,paid_search,2023-12-24,2024-07-30,220,3717.9,2670.84,1047.06,0.281627,11,337.99,16.9
C0001532,Mid-Market,EMEA,paid_search,2023-08-30,2024-09-08,376,6769.19,4388.76,2380.43,0.351657,16,423.07,18.0
C0001535,Mid-Market,APAC,paid_search,2023-05-14,2023-06-01,19,1269.09,849.17,419.92,0.330883,4,317.27,66.79
C0001543,Mid-Market,APAC,paid_search,2024-07-16,2025-12-27,530,18661.85,13298.64,5363.21,0.287389,23,811.38,35.21
C0001545,Startup,EMEA,paid_search,2024-12-12,2025-03-02,81,401.88,232.01,169.87,0.422688,3,133.96,4.96
C0001552,Startup,North America,paid_search,2025-02-08,2025-12-06,302,1016.56,761.12,255.44,0.251279,6,169.43,3.37
C0001554,Startup,LATAM,paid_search,2024-08-02,2025-09-03,398,847.57,534.08,313.49,0.369869,8,105.95,2.13
C0001558,Mid-Market,EMEA,paid_search,2024-12-24,2025-10-10,291,11516.64,9548.87,1967.77,0.170863,15,767.78,39.58
C0001564,SMB,North America,paid_search,2025-12-05,2025-12-05,1,557.39,419.74,137.65,0.246955,1,557.39,557.39
C0001567,Enterprise,APAC,paid_search,2023-06-13,2023-12-27,198,31762.95,27108.46,4654.49,0.146538,14,2268.78,160.42
C0001580,Startup,EMEA,paid_search,,,0,0.0,0.0,0.0,0.0,0,0.0,0.0
C0001589,Startup,EMEA,paid_search,2024-04-30,2024-04-30,1,50.54,28.18,22.36,0.442422,1,50.54,50.54
C0001591,Startup,EMEA,paid_search,2023-12-28,2024-11-15,324,1530.2,1164.4,365.8,0.239054,10,153.02,4.72
C0001597,SMB,EMEA,paid_search,2024-04-09,2025-03-24,350,2593.84,1876.2,717.64,0.276671,15,172.92,7.41
C0001599,SMB,EMEA,paid_search,,,0,0.0,0.0,0.0,0.0,0,0.0,0.0
C0001606,SMB,EMEA,paid_search,2024-04-10,2024-06-26,78,3696.23,2736.29,959.94,0.259708,5,739.25,47.39
C0001611,Startup,North America,paid_search,2024-03-25,2025-08-20,514,1750.79,1105.11,645.68,0.368794,16,109.42,3.41
C0001612,Mid-Market,EMEA,paid_search,2025-09-04,2025-12-30,118,7137.59,5538.23,1599.36,0.224076,6,1189.6,60.49
C0001614,Startup,North America,paid_search,2024-10-13,2024-10-21,9,117.86,72.87,44.99,0.381724,2,58.93,13.1
C0001627,SMB,EMEA,paid_search,2024-07-25,2025-02-22,213,1875.08,1446.23,428.85,0.22871,9,208.34,8.8
C0001628,Mid-Market,APAC,paid_search,2023-12-19,2024-01-09,22,2329.92,1635.59,694.33,0.298006,7,332.85,105.91
C0001631,Mid-Market,North America,paid_search,2025-01-06,2025-06-08,154,5406.39,3542.42,1863.97,0.344772,10,540.64,35.11
C0001636,Mid-Market,APAC,paid_search,2024-10-24,2024-12-24,62,3026.23,2160.58,865.65,0.286049,4,756.56,48.81
C0001650,Startup,North America,paid_search,2025-11-05,2025-11-05,1,624.69,416.46,208.23,0.333333,1,624.69,624.69
C0001654,Mid-Market,North America,paid_search,2023-11-06,2024-06-14,222,7895.28,6188.5,1706.78,0.216177,13,607.33,35.56
C0001661,SMB,APAC,paid_search,2023-12-04,2025-05-09,523,335.68,247.99,87.69,0.261231,3,111.89,0.64
C0001665,Startup,LATAM,paid_search,2025-12-10,2025-12-10,1,88.06,57.91,30.15,0.34238,1,88.06,88.06
C0001668,Startup,EMEA,paid_search,2024-02-12,2024-12-06,299,1654.74,1184.75,469.99,0.284026,10,165.47,5.53
C0001669,Mid-Market,North America,paid_search,2023-04-12,2024-04-18,373,9866.65,7051.64,2815.01,0.285306,21,469.84,26.45
C0001670,Startup,EMEA,paid_search,2025-09-30,2025-09-30,1,113.49,73.35,40.14,0.353688,1,113.49,113.49
C0001671,Startup,North America,paid_search,2024-05-19,2025-01-06,233,1279.88,906.3,373.58,0.291887,6,213.31,5.49
C0001679,SMB,EMEA,paid_search,2025-10-23,2025-10-23,1,149.81,99.14,50.67,0.338228,1,149.81,149.81
C0001693,SMB,North America,paid_search,2024-03-18,2024-03-18,1,134.85,80.03,54.82,0.406526,1,134.85,134.85
C0001694,SMB,North America,paid_search,2025-06-27,2025-08-22,57,466.56,330.48,136.08,0.291667,2,233.28,8.19
C0001696,Startup,LATAM,paid_search,,,0,0.0,0.0,0.0,0.0,0,0.0,0.0
C0001703,SMB,EMEA,paid_search,2025-03-15,2025-07-03,111,801.11,533.78,267.33,0.333699,7,114.44,7.22
C0001705,SMB,North America,paid_search,,,0,0.0,0.0,0.0,0.0,0,0.0,0.0
C0001714,Startup,EMEA,paid_search,,,0,0.0,0.0,0.0,0.0,0,0.0,0.0
C0001719,Enterprise,LATAM,paid_search,2025-04-26,2025-08-08,105,49979.62,33276.48,16703.14,0.334199,14,3569.97,476.0
C0001721,SMB,EMEA,paid_search,2023-03-20,2025-12-12,999,6358.73,5028.04,1330.69,0.20927,23,276.47,6.37
C0001723,Startup,EMEA,paid_search,2025-07-20,2025-07-20,1,55.64,40.97,14.67,0.263659,1,55.64,55.64
C0001724,SMB,APAC,paid_search,2025-02-17,2025-10-17,243,1558.55,959.48,599.07,0.384377,6,259.76,6.41
C0001732,Startup,EMEA,paid_search,2023-07-10,2023-09-14,67,255.11,171.46,83.65,0.327898,2,127.56,3.81
C0001735,SMB,LATAM,paid_search,2025-09-30,2025-09-30,1,546.12,309.45,236.67,0.433366,1,546.12,546.12
C0001743,Startup,North America,paid_search,2023-02-26,2023-04-02,36,428.26,280.67,147.59,0.344627,4,107.06,11.9
C0001750,Mid-Market,North America,paid_search,2024-10-29,2025-04-08,162,1651.34,1234.85,416.49,0.252213,4,412.84,10.19
C0001754,Mid-Market,EMEA,paid_search,2025-08-20,2025-12-30,133,4961.47,3858.88,1102.59,0.222231,8,620.18,37.3
C0001761,Mid-Market,EMEA,paid_search,2024-06-15,2025-12-26,560,11983.19,8520.21,3462.98,0.288986,19,630.69,21.4
C0001763,SMB,LATAM,paid_search,2024-01-28,2025-11-06,649,4003.85,3374.07,629.78,0.157294,9,444.87,6.17
C0001767,SMB,North America,paid_search,2025-12-25,2025-12-26,2,319.68,187.02,132.66,0.414977,3,106.56,159.84
C0001771,Startup,North America,paid_search,2025-03-28,2025-03-28,1,28.31,18.86,9.45,0.333804,1,28.31,28.31
C0001775,Startup,EMEA,paid_search,2025-04-15,2025-04-20,6,143.47,96.01,47.46,0.330801,2,71.74,23.91
C0001783,Startup,EMEA,paid_search,2024-03-25,2024-03-28,4,41.67,30.17,11.5,0.275978,2,20.84,10.42
C0001784,Startup,EMEA,paid_search,2023-11-07,2023-11-07,1,124.98,91.25,33.73,0.269883,1,124.98,124.98
C0001788,Mid-Market,EMEA,paid_search,2025-05-24,2025-10-16,146,6733.76,4929.31,1804.45,0.267971,5,1346.75,46.12
C0001789,Mid-Market,EMEA,paid_search,2025-09-28,2025-12-11,75,1931.63,1215.74,715.89,0.370614,3,643.88,25.76
C0001790,SMB,North America,paid_search,,,0,0.0,0.0,0.0,0.0,0,0.0,0.0
C0001795,Mid-Market,EMEA,paid_search,2025-12-31,2025-12-31,1,52.69,34.97,17.72,0.336307,1,52.69,52.69
C0001797,SMB,EMEA,paid_search,2025-04-06,2025-12-08,247,998.88,703.97,294.91,0.295241,8,124.86,4.04
C0001801,SMB,North America,paid_search,2025-03-22,2025-06-23,94,406.34,320.4,85.94,0.211498,5,81.27,4.32
C0001802,SMB,North America,paid_search,2025-04-09,2025-06-04,57,121.04,74.41,46.63,0.385245,2,60.52,2.12
C0001804,SMB,APAC,paid_search,,,0,0.0,0.0,0.0,0.0,0,0.0,0.0
C0001809,Startup,North America,paid_search,2024-12-01,2024-12-01,1,92.46,58.82,33.64,0.363833,1,92.46,92.46
C0001815,SMB,EMEA,paid_search,2025-09-07,2025-09-07,1,95.92,65.97,29.95,0.312239,1,95.92,95.92
C0001816,Startup,EMEA,paid_search,2025-05-18,2025-11-08,175,511.55,335.31,176.24,0.344522,6,85.26,2.92
C0001822,Startup,EMEA,paid_search,2025-01-23,2025-07-10,169,248.08,184.64,63.44,0.255724,3,82.69,1.47
C0001823,Startup,APAC,paid_search,2025-01-23,2025-09-26,247,1948.57,1261.17,687.4,0.352772,8,243.57,7.89
C0001832,Mid-Market,APAC,paid_search,,,0,0.0,0.0,0.0,0.0,0,0.0,0.0
C0001836,Mid-Market,North America,paid_search,2023-06-28,2023-07-09,12,3175.5,2522.57,652.93,0.205615,4,793.88,264.62
C0001839,SMB,North America,paid_search,2025-07-28,2025-11-21,117,745.89,491.31,254.58,0.34131,4,186.47,6.38
C0001843,Enterprise,North America,paid_search,2023-11-19,2025-10-06,688,42363.62,34164.02,8199.6,0.193553,33,1283.75,61.58
C0001845,Enterprise,North America,paid_search,2023-11-24,2024-01-13,51,3438.87,3021.57,417.3,0.121348,4,859.72,67.43
C0001848,SMB,APAC,paid_search,2025-06-19,2025-10-02,106,513.64,359.21,154.43,0.300658,4,128.41,4.85
C0001864,Enterprise,APAC,paid_search,2025-01-15,2025-03-07,52,19537.17,16246.7,3290.47,0.168421,9,2170.8,375.71
C0001867,Mid-Market,APAC,paid_search,2025-11-28,2025-12-15,18,3041.04,2215.27,825.77,0.271542,4,760.26,168.95
C0001868,Startup,EMEA,paid_search,2024-01-19,2024-02-07,20,356.8,271.39,85.41,0.239378,2,178.4,17.84
C0001872,SMB,EMEA,paid_search,2024-11-03,2025-12-09,402,7753.44,5845.78,1907.66,0.24604,14,553.82,19.29
C0001877,Enterprise,EMEA,paid_search,2024-04-14,2024-12-24,255,15948.23,13313.73,2634.5,0.165191,10,1594.82,62.54
C0001881,Startup,EMEA,paid_search,2025-01-20,2025-10-09,263,829.77,587.2,242.57,0.292334,6,138.29,3.16
C0001886,Startup,EMEA,paid_search,2024-06-16,2024-10-06,113,1064.53,733.4,331.13,0.311057,6,177.42,9.42
C0001890,Startup,EMEA,paid_search,2025-03-01,2025-12-04,279,623.66,372.4,251.26,0.40288,6,103.94,2.24
C0001892,Mid-Market,EMEA,paid_search,2025-09-11,2025-09-11,1,315.09,248.02,67.07,0.21286,1,315.09,315.09
C0001899,Startup,North America,paid_search,2023-05-11,2023-06-09,30,84.52,74.97,9.55,0.112991,2,42.26,2.82
C0001900,Startup,EMEA,paid_search,2023-11-09,2024-03-01,114,691.58,554.62,136.96,0.198039,5,138.32,6.07
C0001901,Startup,APAC,paid_search,2025-04-07,2025-04-07,1,632.04,393.01,239.03,0.378188,1,632.04,632.04
C0001905,SMB,LATAM,paid_search,2025-07-12,2025-10-04,85,1637.35,1154.49,482.86,0.294903,3,545.78,19.26
C0001906,Enterprise,LATAM,paid_search,2024-10-26,2025-12-25,426,22970.17,17743.91,5226.26,0.227524,16,1435.64,53.92
C0001908,Startup,LATAM,paid_search,2023-05-23,2025-07-15,785,2348.38,1657.98,690.4,0.29399,17,138.14,2.99
C0001920,Mid-Market,EMEA,paid_search,2025-12-12,2025-12-12,1,132.22,80.67,51.55,0.389881,1,132.22,132.22
C0001926,SMB,North America,paid_search,2023-04-02,2023-11-04,217,1783.66,1273.87,509.79,0.285811,7,254.81,8.22
C0001931,Enterprise,North America,paid_search,2025-04-16,2025-10-28,196,26566.3,24189.16,2377.14,0.08948,10,2656.63,135.54
C0001936,Enterprise,EMEA,paid_search,2023-08-03,2023-08-12,10,6732.76,5306.9,1425.86,0.211779,4,1683.19,673.28
C0001950,Mid-Market,LATAM,paid_search,2025-12-05,2025-12-29,25,685.12,403.02,282.1,0.411753,2,342.56,27.4
C0001961,SMB,North America,paid_search,2025-03-29,2025-12-07,254,1483.29,956.53,526.76,0.355129,5,296.66,5.84
C0001962,Startup,EMEA,paid_search,2024-09-21,2025-02-02,135,299.58,174.16,125.42,0.418653,5,59.92,2.22
C0001966,SMB,APAC,paid_search,2023-06-30,2023-07-01,2,151.21,87.88,63.33,0.418822,2,75.6,75.6
C0001978,Startup,North America,paid_search,2025-11-25,2025-11-25,1,87.73,58.71,29.02,0.330788,1,87.73,87.73
C0001983,SMB,EMEA,paid_search,2025-09-26,2025-09-26,1,409.86,343.56,66.3,0.161763,1,409.86,409.86
C0001984,SMB,EMEA,paid_search,2024-02-28,2025-12-15,657,3194.51,2113.08,1081.43,0.338528,18,177.47,4.86
C0001986,SMB,EMEA,paid_search,,,0,0.0,0.0,0.0,0.0,0,0.0,0.0
C0001987,Mid-Market,LATAM,paid_search,2024-03-19,2024-11-10,237,3864.8,2314.83,1549.97,0.401048,9,429.42,16.31
C0001989,SMB,North America,paid_search,2025-12-28,2025-12-28,1,275.94,162.26,113.68,0.411974,1,275.94,275.94
C0001994,Startup,EMEA,paid_search,2023-05-23,2023-11-28,190,498.39,274.61,223.78,0.449006,7,71.2,2.62
C0002002,Enterprise,APAC,paid_search,2024-10-25,2025-03-04,131,27841.99,23480.17,4361.82,0.156663,14,1988.71,212.53
C0002006,SMB,APAC,paid_search,,,0,0.0,0.0,0.0,0.0,0,0.0,0.0
C0002019,SMB,North America,paid_search,2025-07-01,2025-07-08,8,7522.64,5186.36,2336.28,0.310567,2,3761.32,940.33
C0002025,Mid-Market,North America,paid_search,2025-01-07,2025-01-13,7,858.55,744.55,114.0,0.132782,2,429.28,122.65
C0002027,Startup,APAC,paid_search,2025-10-07,2025-10-07,1,95.77,66.99,28.78,0.300512,1,95.77,95.77
C0002050,SMB,EMEA,paid_search,2024-06-19,2024-10-03,107,676.0,445.51,230.49,0.340962,4,169.0,6.32
C0002051,Startup,North America,paid_search,,,0,0.0,0.0,0.0,0.0,0,0.0,0.0
C0002057,Mid-Market,APAC,paid_search,,,0,0.0,0.0,0.0,0.0,0,0.0,0.0
C0002058,Enterprise,North America,paid_search,2024-11-26,2025-12-21,391,49577.9,38742.09,10835.81,0.218561,32,1549.31,126.8
C0002060,Enterprise,North America,paid_search,2023-07-10,2023-10-15,98,16722.42,12943.02,3779.4,0.226008,9,1858.05,170.64
C0002063,Startup,North America,paid_search,2024-12-25,2025-01-26,33,610.77,425.73,185.04,0.302962,3,203.59,18.51
C0002065,SMB,EMEA,paid_search,2024-09-30,2024-10-31,32,2246.68,1746.36,500.32,0.222693,5,449.34,70.21
C0002072,Enterprise,APAC,paid_search,2024-10-27,2025-12-28,428,58734.65,44795.94,13938.71,0.237317,31,1894.67,137.23
C0002077,Startup,North America,paid_search,2025-12-18,2025-12-31,14,1005.89,646.95,358.94,0.356838,5,201.18,71.85
C0002079,Startup,North America,paid_search,2024-05-13,2025-12-05,572,3433.65,2662.66,770.99,0.224539,14,245.26,6.0
C0002083,SMB,North America,paid_search,2025-06-29,2025-12-13,168,2452.45,1460.29,992.16,0.404559,5,490.49,14.6
C0002092,Mid-Market,North America,paid_search,2025-10-06,2025-11-09,35,3365.77,2896.17,469.6,0.139522,2,1682.89,96.16
C0002095,Startup,LATAM,paid_search,2025-11-06,2025-12-06,31,1443.53,1094.43,349.1,0.241838,2,721.76,46.57
C0002097,Mid-Market,North America,paid_search,2023-03-20,2023-10-01,196,9290.96,6817.02,2473.94,0.266274,16,580.68,47.4
C0002099,Startup,APAC,paid_search,2023-08-30,2023-09-08,10,622.0,499.84,122.16,0.196399,2,311.0,62.2
C0002102,Enterprise,North America,paid_search,2023-10-14,2024-06-01,232,21753.74,18640.02,3113.72,0.143135,15,1450.25,93.77
C0002106,SMB,LATAM,paid_search,2025-06-08,2025-06-08,1,17.34,11.82,5.52,0.318339,1,17.34,17.34
C0002113,SMB,APAC,paid_search,2023-11-29,2024-04-02,126,3164.96,2088.28,1076.68,0.340188,9,351.66,25.12
C0002117,SMB,EMEA,paid_search,2024-03-29,2024-05-03,36,338.29,231.56,106.73,0.315499,2,169.14,9.4
C0002124,SMB,North America,paid_search,2024-01-30,2024-02-18,20,985.9,830.79,155.11,0.157328,2,492.95,49.3
C0002128,SMB,APAC,paid_search,2024-10-23,2025-12-23,427,594.39,448.36,146.03,0.24568,5,118.88,1.39
C0002129,Startup,APAC,paid_search,2023-09-12,2025-01-17,494,1377.34,1061.5,315.84,0.229312,9,153.04,2.79
C0002131,SMB,EMEA,paid_search,2024-01-18,2024-01-18,1,160.63,90.8,69.83,0.434726,1,160.63,160.63
C0002133,Mid-Market,EMEA,paid_search,,,0,0.0,0.0,0.0,0.0,0,0.0,0.0
C0002140,SMB,EMEA,paid_search,2025-09-22,2025-10-29,38,1958.14,1487.3,470.84,0.240453,3,652.71,51.53
C0002144,Mid-Market,North America,paid_search,2025-08-21,2025-11-15,87,886.51,655.61,230.9,0.26046,3,295.5,10.19
C0002145,Startup,EMEA,paid_search,2024-06-25,2024-07-04,10,88.76,63.67,25.09,0.282672,2,44.38,8.88
C0002147,SMB,EMEA,paid_search,2023-07-04,2023-09-11,70,1059.06,603.32,455.74,0.430325,2,529.53,15.13
C0002148,SMB,North America,paid_search,2025-12-30,2025-12-30,1,54.72,27.73,26.99,0.493238,1,54.72,54.72
C0002149,Startup,EMEA,paid_search,,,0,0.0,0.0,0.0,0.0,0,0.0,0.0
C0002151,SMB,APAC,paid_search,2025-07-16,2025-12-04,142,1349.47,1256.17,93.3,0.069138,7,192.78,9.5
C0002152,SMB,LATAM,paid_search,2023-06-25,2023-07-02,8,1151.46,760.01,391.45,0.33996,2,575.73,143.93
C0002153,Mid-Market,North America,paid_search,2025-07-18,2025-11-20,126,6326.0,4379.9,1946.1,0.307635,4,1581.5,50.21
C0002155,Mid-Market,EMEA,paid_search,2025-03-23,2025-09-14,176,1859.16,1223.87,635.29,0.341708,2,929.58,10.56
C0002156,Mid-Market,EMEA,paid_search,2025-11-09,2025-11-17,9,2473.95,2068.36,405.59,0.163944,2,1236.97,274.88
C0002159,Startup,APAC,paid_search,2024-10-14,2024-11-11,29,78.33,52.6,25.73,0.328482,2,39.16,2.7
C0002161,SMB,EMEA,paid_search,2024-12-10,2025-06-20,193,2058.01,1415.53,642.48,0.312185,8,257.25,10.66
C0002163,SMB,LATAM,paid_search,2024-09-06,2024-09-26,21,2313.41,1794.31,519.1,0.224387,2,1156.7,110.16
C0002167,Startup,North America,paid_search,,,0,0.0,0.0,0.0,0.0,0,0.0,0.0
C0002171,SMB,EMEA,paid_search,2024-11-02,2025-07-30,271,1706.47,1073.99,632.48,0.370636,5,341.29,6.3
C0002181,Startup,North America,paid_search,2025-07-27,2025-09-30,66,196.58,153.33,43.25,0.220012,4,49.14,2.98
C0002182,Mid-Market,LATAM,paid_search,2025-12-19,2025-12-26,8,2006.36,1402.32,604.04,0.301063,2,1003.18,250.8
C0002185,Startup,EMEA,paid_search,2025-07-12,2025-11-08,120,453.2,303.08,150.12,0.331244,7,64.74,3.78
C0002189,SMB,North America,paid_search,2024-04-19,2024-10-25,190,1140.65,717.79,422.86,0.370718,6,190.11,6.0
C0002192,SMB,North America,paid_search,2025-02-26,2025-02-26,1,87.07,57.74,29.33,0.336855,1,87.07,87.07
C0002197,SMB,EMEA,paid_search,2023-06-17,2024-06-03,353,871.57,552.32,319.25,0.366293,3,290.52,2.47
C0002198,Startup,EMEA,paid_search,2025-03-19,2025-03-19,1,189.79,127.95,61.84,0.325834,1,189.79,189.79
C0002199,SMB,EMEA,paid_search,2024-03-23,2024-12-01,254,1234.11,817.73,416.38,0.337393,7,176.3,4.86
C0002200,Mid-Market,LATAM,paid_search,2025-04-29,2025-07-11,74,4591.93,3081.95,1509.98,0.328833,8,573.99,62.05
C0002202,Startup,APAC,paid_search,2025-11-28,2025-11-28,1,33.88,22.18,11.7,0.345336,1,33.88,33.88
C0002204,Mid-Market,North America,paid_search,2024-02-04,2024-04-27,84,635.39,449.63,185.76,0.292356,3,211.8,7.56
C0002205,SMB,LATAM,paid_search,2024-08-01,2025-08-14,379,3585.06,2422.48,1162.58,0.324285,11,325.91,9.46
C0002206,Mid-Market,North America,paid_search,2025-03-12,2025-11-15,249,8195.0,5042.55,3152.45,0.38468,9,910.56,32.91
C0002210,SMB,EMEA,paid_search,,,0,0.0,0.0,0.0,0.0,0,0.0,0.0
C0002214,Mid-Market,EMEA,paid_search,2024-12-16,2025-02-13,60,12160.6,9585.17,2575.43,0.211785,3,4053.53,202.68
C0002215,Mid-Market,North America,paid_search,2025-11-20,2025-11-20,1,313.92,233.29,80.63,0.256849,1,313.92,313.92
C0002216,SMB,APAC,paid_search,2023-06-16,2023-06-18,3,511.42,408.35,103.07,0.201537,2,255.71,170.47
C0002223,SMB,North America,paid_search,2024-09-28,2024-11-03,37,87.12,43.52,43.6,0.500459,2,43.56,2.35
C0002225,Mid-Market,EMEA,paid_search,2025-10-29,2025-11-08,11,2887.42,2090.89,796.53,0.275862,3,962.47,262.49
C0002226,Mid-Market,APAC,paid_search,2024-04-29,2025-04-01,338,8007.72,5787.49,2220.23,0.277261,11,727.97,23.69
C0002231,Startup,EMEA,paid_search,2024-06-17,2025-12-27,559,1185.77,803.29,382.48,0.322558,11,107.8,2.12
C0002233,SMB,LATAM,paid_search,2023-07-09,2024-01-23,199,2307.64,1534.09,773.55,0.335213,10,230.76,11.6
C0002240,SMB,EMEA,paid_search,2025-04-06,2025-12-11,250,279.69,178.93,100.76,0.360256,4,69.92,1.12
C0002242,Startup,APAC,paid_search,,,0,0.0,0.0,0.0,0.0,0,0.0,0.0
C0002247,Startup,LATAM,paid_search,,,0,0.0,0.0,0.0,0.0,0,0.0,0.0
C0002249,Startup,LATAM,paid_search,2024-08-16,2025-01-07,145,301.8,185.32,116.48,0.385951,3,100.6,2.08
C0002253,Startup,EMEA,paid_search,2024-08-07,2024-08-07,1,126.79,99.45,27.34,0.215632,1,126.79,126.79
C0002254,Startup,APAC,paid_search,,,0,0.0,0.0,0.0,0.0,0,0.0,0.0
C0002256,Startup,EMEA,paid_search,,,0,0.0,0.0,0.0,0.0,0,0.0,0.0
C0002257,Mid-Market,North America,paid_search,2025-11-21,2025-11-26,6,1058.56,747.46,311.1,0.29389,2,529.28,176.43
C0002265,SMB,EMEA,paid_search,2025-02-22,2025-04-06,44,1255.23,883.21,372.02,0.296376,3,418.41,28.53
C0002266,Enterprise,LATAM,paid_search,2023-08-26,2024-09-19,391,73852.34,57281.9,16570.44,0.224373,17,4344.26,188.88
C0002269,Startup,APAC,paid_search,2025-07-03,2025-07-03,1,150.36,102.99,47.37,0.315044,1,150.36,150.36
C0002270,Startup,APAC,paid_search,,,0,0.0,0.0,0.0,0.0,0,0.0,0.0
C0002274,Startup,APAC,paid_search,2025-10-12,2025-11-29,49,195.71,114.4,81.31,0.415462,2,97.86,3.99
C0002275,Mid-Market,North America,paid_search,2025-11-17,2025-12-16,30,1481.6,961.49,520.11,0.351046,2,740.8,49.39
C0002277,Startup,EMEA,paid_search,2025-04-17,2025-04-20,4,299.95,217.3,82.65,0.275546,2,149.98,74.99
C0002278,Startup,North America,paid_search,2024-01-30,2025-10-27,637,1829.23,1175.95,653.28,0.357134,14,130.66,2.87
C0002281,Startup,North America,paid_search,,,0,0.0,0.0,0.0,0.0,0,0.0,0.0
C0002284,Startup,LATAM,paid_search,2025-06-24,2025-09-02,71,357.5,223.52,133.98,0.374769,5,71.5,5.04
C0002290,SMB,EMEA,paid_search,2024-04-25,2024-09-21,150,456.84,289.61,167.23,0.366058,6,76.14,3.05
C0002293,SMB,APAC,paid_search,2025-03-25,2025-03-25,1,44.82,31.04,13.78,0.307452,1,44.82,44.82
C0002307,Startup,EMEA,paid_search,2025-02-20,2025-07-08,139,314.13,185.93,128.2,0.408111,4,78.53,2.26
C0002309,Mid-Market,EMEA,paid_search,2025-03-26,2025-11-30,250,7252.96,5508.98,1743.98,0.240451,6,1208.83,29.01
C0002310,Startup,North America,paid_search,2025-11-05,2025-11-05,1,131.53,80.48,51.05,0.388124,1,131.53,131.53
C0002314,SMB,North America,paid_search,2023-12-29,2024-04-28,122,323.27,205.26,118.01,0.365051,2,161.64,2.65
C0002315,Mid-Market,APAC,paid_search,2024-07-19,2025-11-30,500,19778.04,14408.62,5369.42,0.271484,29,682.0,39.56
C0002316,SMB,North America,paid_search,2024-04-21,2024-04-21,1,84.89,55.6,29.29,0.345035,1,84.89,84.89
C0002318,SMB,EMEA,paid_search,2025-07-26,2025-11-24,122,6411.91,4524.65,1887.26,0.294337,7,915.99,52.56
C0002320,Startup,North America,paid_search,,,0,0.0,0.0,0.0,0.0,0,0.0,0.0
C0002325,Mid-Market,APAC,paid_search,2024-05-04,2025-12-04,580,20324.39,17128.26,3196.13,0.157256,18,1129.13,35.04
C0002328,SMB,APAC,paid_search,2023-12-31,2025-12-23,724,5366.96,3645.48,1721.48,0.320755,24,223.62,7.41
C0002335,Startup,EMEA,paid_search,2024-10-15,2025-11-07,389,980.52,673.01,307.51,0.313619,6,163.42,2.52
C0002336,SMB,LATAM,paid_search,2025-05-23,2025-10-09,140,7917.73,5829.22,2088.51,0.263776,4,1979.43,56.56
C0002337,SMB,North America,paid_search,2025-11-04,2025-11-22,19,1640.76,1104.78,535.98,0.326666,4,410.19,86.36
C0002340,Startup,North America,paid_search,2023-06-17,2023-08-09,54,445.09,364.44,80.65,0.181199,4,111.27,8.24
C0002342,Mid-Market,APAC,paid_search,,,0,0.0,0.0,0.0,0.0,0,0.0,0.0
C0002344,Startup,North America,paid_search,2024-04-29,2025-02-21,299,2597.71,1815.92,781.79,0.300954,10,259.77,8.69
C0002348,Enterprise,North America,paid_search,2025-09-06,2025-12-09,95,17265.35,14724.2,2541.15,0.147182,10,1726.54,181.74
C0002351,Mid-Market,EMEA,paid_search,2023-05-12,2023-05-22,11,870.69,608.68,262.01,0.300922,3,290.23,79.15
C0002353,Startup,EMEA,paid_search,2024-03-29,2024-03-29,1,48.08,34.66,13.42,0.279118,1,48.08,48.08
C0002354,Startup,APAC,paid_search,2025-02-14,2025-02-14,1,62.66,37.74,24.92,0.397702,1,62.66,62.66
C0002356,Startup,North America,paid_search,2025-11-20,2025-11-20,1,167.81,111.88,55.93,0.333294,1,167.81,167.81
C0002359,Startup,LATAM,paid_search,,,0,0.0,0.0,0.0,0.0,0,0.0,0.0
C0002360,Mid-Market,APAC,paid_search,2024-03-04,2024-05-05,63,1478.28,1097.51,380.77,0.257576,4,369.57,23.46
C0002367,Startup,EMEA,paid_search,2024-04-04,2025-01-06,278,1728.16,1222.77,505.39,0.292444,8,216.02,6.22
C0002371,SMB,EMEA,paid_search,2024-12-06,2025-06-09,186,349.55,223.62,125.93,0.360263,4,87.39,1.88
C0002373,Startup,EMEA,paid_search,2024-07-01,2025-01-02,186,1149.21,762.24,386.97,0.336727,7,164.17,6.18
C0002375,SMB,North America,paid_search,2024-07-19,2024-08-25,38,908.55,760.95,147.6,0.162457,2,454.28,23.91
C0002376,Startup,North America,paid_search,2023-11-06,2024-05-16,193,1895.59,1642.99,252.6,0.133257,10,189.56,9.82
C0002382,Mid-Market,APAC,paid_search,2024-02-23,2025-01-27,340,9563.06,6372.1,3190.96,0.333676,11,869.37,28.13
C0002386,Mid-Market,APAC,paid_search,2025-07-13,2025-10-22,102,4795.98,3803.49,992.49,0.206942,5,959.2,47.02
C0002387,Enterprise,EMEA,paid_search,,,0,0.0,0.0,0.0,0.0,0,0.0,0.0
C0002389,SMB,EMEA,paid_search,2025-06-30,2025-12-15,169,7325.23,4795.06,2530.17,0.345405,9,813.91,43.34
C0002399,Startup,APAC,paid_search,2023-12-03,2024-03-29,118,692.13,451.91,240.22,0.347074,7,98.88,5.87
C0002403,Startup,EMEA,paid_search,2025-09-27,2025-11-30,65,505.34,314.55,190.79,0.377548,3,168.45,7.77
C0002404,Startup,APAC,paid_search,2025-10-24,2025-11-14,22,265.07,206.45,58.62,0.221149,2,132.54,12.05
C0002410,SMB,EMEA,paid_search,2025-12-20,2025-12-20,1,359.77,268.87,90.9,0.252661,1,359.77,359.77
C0002411,Startup,North America,paid_search,2025-10-23,2025-12-20,59,180.14,106.34,73.8,0.409681,2,90.07,3.05
C0002412,Startup,LATAM,paid_search,2025-12-28,2025-12-28,1,100.29,65.48,34.81,0.347093,1,100.29,100.29
C0002422,SMB,EMEA,paid_search,2024-01-03,2024-01-10,8,380.67,300.66,80.01,0.210182,2,190.34,47.58
C0002424,Startup,LATAM,paid_search,,,0,0.0,0.0,0.0,0.0,0,0.0,0.0
C0002425,Mid-Market,APAC,paid_search,2025-11-03,2025-12-31,59,2362.63,1645.31,717.32,0.303611,4,590.66,40.04
C0002428,Mid-Market,APAC,paid_search,2025-07-15,2025-12-19,158,6340.28,4525.52,1814.76,0.286227,10,634.03,40.13
C0002429,SMB,APAC,paid_search,2025-10-01,2025-11-01,32,354.09,222.78,131.31,0.370838,2,177.04,11.07
C0002431,Startup,North America,paid_search,,,0,0.0,0.0,0.0,0.0,0,0.0,0.0
C0002432,Mid-Market,EMEA,paid_search,2025-07-20,2025-12-30,164,5441.59,3814.72,1626.87,0.29897,11,494.69,33.18
C0002438,Mid-Market,EMEA,paid_search,2025-05-29,2025-12-06,192,2798.19,1863.89,934.3,0.333894,8,349.77,14.57
C0002444,SMB,North America,paid_search,,,0,0.0,0.0,0.0,0.0,0,0.0,0.0
C0002446,SMB,North America,paid_search,2025-03-12,2025-12-25,289,2793.29,1987.25,806.04,0.288563,10,279.33,9.67
C0002448,Startup,APAC,paid_search,2024-09-05,2025-04-30,238,1041.06,869.31,171.75,0.164976,5,208.21,4.37
C0002454,SMB,North America,paid_search,2025-08-26,2025-09-25,31,809.24,747.85,61.39,0.075861,2,404.62,26.1
C0002456,SMB,North America,paid_search,,,0,0.0,0.0,0.0,0.0,0,0.0,0.0
C0002457,Mid-Market,EMEA,paid_search,,,0,0.0,0.0,0.0,0.0,0,0.0,0.0
C0002458,Mid-Market,APAC,paid_search,2023-07-13,2025-01-13,551,9301.63,6655.41,2646.22,0.28449,16,581.35,16.88
C0002460,Mid-Market,North America,paid_search,2025-01-28,2025-02-06,10,5315.79,4130.67,1185.12,0.222943,6,885.96,531.58
C0002473,Startup,North America,paid_search,,,0,0.0,0.0,0.0,0.0,0,0.0,0.0
C0002474,Mid-Market,APAC,paid_search,2025-02-23,2025-03-02,8,888.72,560.32,328.4,0.36952,3,296.24,111.09
C0002475,Mid-Market,EMEA,paid_search,2024-08-19,2025-12-31,500,12145.86,9410.17,2735.69,0.225236,21,578.37,24.29
C0002476,Mid-Market,EMEA,paid_search,2023-04-10,2023-11-20,225,7282.42,4904.83,2377.59,0.326484,13,560.19,32.37
C0002477,Enterprise,North America,paid_search,2023-10-02,2025-12-21,812,97579.63,73895.86,23683.77,0.242712,56,1742.49,120.17
C0002483,Startup,LATAM,paid_search,2023-08-04,2023-11-09,98,256.1,188.75,67.35,0.262983,3,85.37,2.61
C0002489,SMB,EMEA,paid_search,2023-09-06,2024-03-05,182,1001.18,718.81,282.37,0.282037,5,200.24,5.5
C0002491,Startup,EMEA,paid_search,2025-12-13,2025-12-13,1,42.05,31.33,10.72,0.254935,1,42.05,42.05
C0002492,SMB,North America,paid_search,2024-09-04,2025-10-10,402,13085.63,8852.39,4233.24,0.323503,20,654.28,32.55
C0002493,SMB,EMEA,paid_search,2023-04-15,2023-09-28,167,3162.97,2288.16,874.81,0.276579,9,351.44,18.94
C0002494,Enterprise,APAC,paid_search,2025-11-26,2025-11-26,1,2431.36,1952.96,478.4,0.196762,1,2431.36,2431.36
C0002497,Mid-Market,North America,paid_search,2025-04-09,2025-12-18,254,14019.28,11075.4,2943.88,0.209988,16,876.2,55.19
C0002508,SMB,North America,paid_search,2025-11-24,2025-12-24,31,317.15,227.27,89.88,0.283399,2,158.57,10.23
C0002514,Startup,LATAM,paid_search,2023-07-27,2023-07-27,1,35.58,21.56,14.02,0.394042,1,35.58,35.58
C0002519,Enterprise,North America,paid_search,2025-02-10,2025-08-01,173,42002.29,34645.15,7357.14,0.17516,7,6000.33,242.79
C0002522,Startup,LATAM,paid_search,2025-03-23,2025-10-28,220,861.14,566.13,295.01,0.342581,8,107.64,3.91
C0002524,Startup,North America,paid_search,2025-04-17,2025-04-17,1,92.05,62.75,29.3,0.318305,1,92.05,92.05
C0002527,Mid-Market,APAC,paid_search,,,0,0.0,0.0,0.0,0.0,0,0.0,0.0
C0002532,Startup,North America,paid_search,2025-04-15,2025-04-15,1,50.39,34.13,16.26,0.322683,1,50.39,50.39
C0002533,SMB,EMEA,paid_search,2025-06-26,2025-06-26,1,96.86,66.84,30.02,0.309932,1,96.86,96.86
C0002535,SMB,APAC,paid_search,,,0,0.0,0.0,0.0,0.0,0,0.0,0.0
C0002536,SMB,North America,paid_search,2025-03-08,2025-12-03,271,2042.01,1408.06,633.95,0.310454,10,204.2,7.54
C0002538,SMB,North America,paid_search,2024-11-08,2024-11-13,6,602.16,390.97,211.19,0.350721,2,301.08,100.36
C0002542,SMB,North America,paid_search,2024-10-24,2025-06-09,229,1061.5,682.61,378.89,0.356938,5,212.3,4.64
C0002551,Startup,APAC,paid_search,2025-03-01,2025-06-14,106,382.09,236.45,145.64,0.381167,6,63.68,3.6
C0002554,SMB,EMEA,paid_search,2025-12-04,2025-12-21,18,173.9,105.56,68.34,0.392984,2,86.95,9.66
C0002557,Startup,APAC,paid_search,2023-04-24,2024-12-16,603,2440.13,1893.65,546.48,0.223955,14,174.3,4.05
C0002564,Enterprise,North America,paid_search,2025-01-09,2025-07-05,178,20835.64,17028.24,3807.4,0.182735,12,1736.3,117.05
C0002565,Mid-Market,North America,paid_search,2025-03-19,2025-04-15,28,6029.12,4356.87,1672.25,0.277362,8,753.64,215.33
C0002576,Startup,APAC,paid_search,2025-12-11,2025-12-11,1,780.93,546.39,234.54,0.300334,1,780.93,780.93
C0002578,SMB,APAC,paid_search,2025-09-26,2025-11-10,46,1984.14,1398.45,585.69,0.295186,9,220.46,43.13
C0002588,SMB,North America,paid_search,2023-11-12,2025-12-03,753,2534.96,1679.3,855.66,0.337544,17,149.12,3.37
C0002589,Startup,EMEA,paid_search,2024-12-25,2025-01-12,19,364.25,231.38,132.87,0.364777,3,121.42,19.17
C0002590,Startup,North America,paid_search,,,0,0.0,0.0,0.0,0.0,0,0.0,0.0
C0002592,SMB,EMEA,paid_search,2025-10-20,2025-10-20,1,658.04,543.3,114.74,0.174366,1,658.04,658.04
C0002600,SMB,LATAM,paid_search,,,0,0.0,0.0,0.0,0.0,0,0.0,0.0
C0002602,Mid-Market,North America,paid_search,,,0,0.0,0.0,0.0,0.0,0,0.0,0.0
C0002605,SMB,North America,paid_search,2023-04-01,2023-04-01,1,120.41,83.76,36.65,0.304377,1,120.41,120.41
C0002606,SMB,EMEA,paid_search,2023-09-29,2024-06-22,268,1420.08,1017.56,402.52,0.283449,5,284.02,5.3
C0002609,Startup,LATAM,paid_search,2025-10-28,2025-12-18,52,247.39,144.29,103.1,0.416751,2,123.7,4.76
C0002610,Enterprise,North America,paid_search,2024-07-04,2024-07-11,8,13337.2,9945.57,3391.63,0.254299,4,3334.3,1667.15
C0002611,SMB,North America,paid_search,2025-11-29,2025-12-27,29,613.52,408.09,205.43,0.334838,3,204.51,21.16
C0002613,Startup,North America,paid_search,2024-12-15,2024-12-15,1,30.11,18.34,11.77,0.3909,1,30.11,30.11
C0002616,Startup,EMEA,paid_search,2025-01-17,2025-05-06,110,862.11,720.73,141.38,0.163993,4,215.53,7.84
C0002618,Mid-Market,North America,paid_search,2025-10-25,2025-12-22,59,7766.58,4738.44,3028.14,0.389894,3,2588.86,131.64
C0002620,SMB,North America,paid_search,2025-10-27,2025-11-07,12,378.52,264.16,114.36,0.302124,3,126.17,31.54
C0002627,Startup,LATAM,paid_search,2025-02-15,2025-02-15,1,217.33,155.66,61.67,0.283762,1,217.33,217.33
C0002633,Startup,EMEA,paid_search,,,0,0.0,0.0,0.0,0.0,0,0.0,0.0
C0002634,Mid-Market,LATAM,paid_search,2025-06-02,2025-12-23,205,10005.93,6930.33,3075.6,0.307378,9,1111.77,48.81
C0002642,Enterprise,EMEA,paid_search,2025-07-16,2025-11-09,117,23157.81,18113.81,5044.0,0.21781,9,2573.09,197.93
C0002646,Startup,APAC,paid_search,2025-11-07,2025-12-31,55,190.83,131.91,58.92,0.308756,3,63.61,3.47
C0002655,SMB,APAC,paid_search,2024-12-27,2025-06-17,173,1701.22,1308.88,392.34,0.230623,6,283.54,9.83
C0002659,Startup,North America,paid_search,2023-07-24,2024-07-30,373,1532.82,1189.03,343.79,0.224286,9,170.31,4.11
C0002675,SMB,LATAM,paid_search,,,0,0.0,0.0,0.0,0.0,0,0.0,0.0
C0002676,SMB,EMEA,paid_search,2025-01-12,2025-01-25,14,186.4,114.41,71.99,0.386212,2,93.2,13.31
C0002687,Enterprise,North America,paid_search,2024-03-21,2024-03-28,8,15242.04,11688.22,3553.82,0.233159,2,7621.02,1905.26
C0002691,Mid-Market,North America,paid_search,2025-11-29,2025-12-25,27,5754.6,4347.23,1407.37,0.244564,3,1918.2,213.13
C0002693,Startup,North America,paid_search,,,0,0.0,0.0,0.0,0.0,0,0.0,0.0
C0002703,SMB,North America,paid_search,2024-08-16,2025-11-29,471,3880.87,2972.22,908.65,0.234136,16,242.55,8.24
C0002705,SMB,LATAM,paid_search,2025-06-11,2025-09-27,109,282.13,181.84,100.29,0.355474,3,94.04,2.59
C0002708,Startup,North America,paid_search,2024-04-23,2025-12-01,588,1130.07,679.07,451.0,0.39909,8,141.26,1.92
C0002712,SMB,APAC,paid_search,2024-03-13,2024-04-06,25,1198.71,849.06,349.65,0.291689,5,239.74,47.95
C0002713,SMB,LATAM,paid_search,2024-03-19,2025-12-07,629,4990.28,3350.03,1640.25,0.328689,23,216.97,7.93
C0002721,Startup,EMEA,paid_search,2025-03-06,2025-11-08,248,617.35,445.02,172.33,0.279145,6,102.89,2.49
C0002725,SMB,EMEA,paid_search,,,0,0.0,0.0,0.0,0.0,0,0.0,0.0
C0002726,SMB,EMEA,paid_search,2025-06-29,2025-08-05,38,980.55,659.3,321.25,0.327622,2,490.28,25.8
C0002730,SMB,North America,paid_search,2025-10-20,2025-10-23,4,229.2,139.89,89.31,0.38966,2,114.6,57.3
C0002734,Mid-Market,APAC,paid_search,2024-09-01,2025-11-02,428,8266.74,5572.35,2694.39,0.325931,15,551.12,19.31
C0002748,Startup,North America,paid_search,2023-12-24,2024-03-07,75,60.04,41.4,18.64,0.31046,2,30.02,0.8
C0002752,Enterprise,North America,paid_search,2025-06-12,2025-07-07,26,13190.13,9110.72,4079.41,0.309277,9,1465.57,507.31
C0002763,Startup,EMEA,paid_search,2023-09-03,2023-10-11,39,145.31,88.34,56.97,0.392058,2,72.66,3.73
C0002764,Mid-Market,North America,paid_search,2024-05-22,2025-02-02,257,9256.03,6897.39,2358.64,0.254822,16,578.5,36.02
C0002766,Enterprise,LATAM,paid_search,2025-11-26,2025-12-10,15,2717.37,1921.72,795.65,0.292801,3,905.79,181.16
C0002769,Startup,North America,paid_search,,,0,0.0,0.0,0.0,0.0,0,0.0,0.0
C0002770,Mid-Market,North America,paid_search,2025-12-29,2025-12-29,1,341.97,224.51,117.46,0.34348,1,341.97,341.97
C0002775,Mid-Market,North America,paid_search,2025-07-06,2025-10-27,114,2917.66,2259.08,658.58,0.225722,4,729.42,25.59
C0002776,Mid-Market,EMEA,paid_search,2024-07-12,2024-08-10,30,1160.38,797.72,362.66,0.312536,2,580.19,38.68
C0002777,SMB,APAC,paid_search,2025-09-14,2025-12-17,95,504.42,334.71,169.71,0.336446,2,252.21,5.31
C0002781,SMB,LATAM,paid_search,2023-08-17,2023-08-24,8,1674.34,1224.67,449.67,0.268566,3,558.11,209.29
C0002786,SMB,APAC,paid_search,,,0,0.0,0.0,0.0,0.0,0,0.0,0.0
C0002790,SMB,EMEA,paid_search,2024-08-22,2024-10-01,41,212.1,146.02,66.08,0.311551,2,106.05,5.17
C0002794,Mid-Market,LATAM,paid_search,,,0,0.0,0.0,0.0,0.0,0,0.0,0.0
C0002799,SMB,EMEA,paid_search,2025-05-21,2025-09-18,121,3455.99,2593.32,862.67,0.249616,7,493.71,28.56
C0002809,Startup,North America,paid_search,2024-03-30,2025-12-15,626,2015.13,1489.26,525.87,0.260961,10,201.51,3.22
C0002818,Mid-Market,EMEA,paid_search,2025-03-16,2025-08-07,145,4753.78,3324.9,1428.88,0.300578,7,679.11,32.78
C0002819,SMB,North America,paid_search,2024-10-21,2025-02-21,124,4083.35,3107.28,976.07,0.239037,7,583.34,32.93
C0002828,Mid-Market,APAC,paid_search,2024-01-30,2024-08-01,185,5271.34,3831.1,1440.24,0.273221,9,585.7,28.49
C0002829,SMB,LATAM,paid_search,2025-08-25,2025-12-08,106,1717.73,1113.85,603.88,0.351557,5,343.55,16.21
C0002830,Mid-Market,APAC,paid_search,,,0,0.0,0.0,0.0,0.0,0,0.0,0.0
C0002831,SMB,North America,paid_search,,,0,0.0,0.0,0.0,0.0,0,0.0,0.0
C0002832,Startup,APAC,paid_search,2024-11-12,2024-12-22,41,411.0,252.25,158.75,0.386253,4,102.75,10.02
C0002840,Enterprise,North America,paid_search,2023-04-07,2024-01-27,296,51388.79,41991.13,9397.66,0.182874,15,3425.92,173.61
C0002849,Startup,North America,paid_search,2025-07-14,2025-08-30,48,762.06,573.74,188.32,0.24712,5,152.41,15.88
C0002850,Startup,North America,paid_search,2024-08-22,2024-12-05,106,198.46,142.69,55.77,0.281014,3,66.15,1.87
C0002851,SMB,North America,paid_search,2024-08-17,2025-12-12,483,3300.22,2296.6,1003.62,0.304107,17,194.13,6.83
C0002852,Mid-Market,North America,paid_search,2024-10-25,2025-11-02,374,5578.18,3430.92,2147.26,0.384939,18,309.9,14.91
C0002855,SMB,North America,paid_search,,,0,0.0,0.0,0.0,0.0,0,0.0,0.0
C0002857,Startup,APAC,paid_search,2025-07-08,2025-07-09,2,450.15,309.77,140.38,0.311852,2,225.08,225.08
C0002869,Startup,APAC,paid_search,2025-11-24,2025-11-26,3,197.35,123.71,73.64,0.373144,2,98.68,65.78
C0002870,Enterprise,APAC,paid_search,2023-03-25,2023-07-04,102,19402.23,15673.91,3728.32,0.192159,9,2155.8,190.22
C0002871,Startup,EMEA,paid_search,,,0,0.0,0.0,0.0,0.0,0,0.0,0.0
C0002874,Startup,North America,paid_search,2024-03-25,2025-06-30,463,1590.72,1165.68,425.04,0.2672,15,106.05,3.44
C0002878,Mid-Market,LATAM,paid_search,2024-08-30,2024-12-28,121,8986.23,6037.48,2948.75,0.328141,15,599.08,74.27
C0002879,SMB,EMEA,paid_search,2025-01-25,2025-11-07,287,946.23,752.8,193.43,0.204422,6,157.71,3.3
C0002888,Startup,North America,paid_search,,,0,0.0,0.0,0.0,0.0,0,0.0,0.0
C0002890,SMB,APAC,paid_search,2023-08-29,2023-08-29,1,100.62,77.36,23.26,0.231167,1,100.62,100.62
C0002892,Startup,APAC,paid_search,2025-12-21,2025-12-21,1,21.22,11.58,9.64,0.454288,1,21.22,21.22
C0002895,SMB,EMEA,paid_search,,,0,0.0,0.0,0.0,0.0,0,0.0,0.0
C0002896,SMB,North America,paid_search,2023-08-29,2024-03-15,200,870.32,525.35,344.97,0.396371,5,174.06,4.35
C0002898,SMB,LATAM,paid_search,2024-06-08,2024-09-02,87,454.76,324.42,130.34,0.286613,2,227.38,5.23
C0002901,SMB,EMEA,paid_search,2024-09-12,2025-01-02,113,976.35,610.85,365.5,0.374353,4,244.09,8.64
C0002925,SMB,LATAM,paid_search,2023-05-30,2023-06-26,28,726.81,474.34,252.47,0.347367,2,363.4,25.96
C0002933,Mid-Market,APAC,paid_search,2025-03-02,2025-05-17,77,2952.03,1983.56,968.47,0.328069,7,421.72,38.34
C0002943,Enterprise,APAC,paid_search,2025-10-06,2025-11-10,36,17132.21,14342.0,2790.21,0.162863,6,2855.37,475.89
C0002944,Mid-Market,North America,paid_search,2023-12-11,2024-03-11,92,3808.75,2296.05,1512.7,0.397164,3,1269.58,41.4
C0002945,Mid-Market,LATAM,paid_search,2024-05-03,2024-05-23,21,6893.86,5657.36,1236.5,0.179363,2,3446.93,328.28
C0002947,SMB,APAC,paid_search,2024-06-13,2025-05-11,333,1224.74,815.45,409.29,0.334185,9,136.08,3.68
C0002953,Enterprise,North America,paid_search,2023-10-08,2023-12-03,57,16232.8,12359.0,3873.8,0.23864,9,1803.64,284.79
C0002958,SMB,LATAM,paid_search,2023-07-14,2024-05-05,297,2708.54,1970.86,737.68,0.272353,11,246.23,9.12
C0002960,Mid-Market,APAC,paid_search,,,0,0.0,0.0,0.0,0.0,0,0.0,0.0
C0002962,Startup,North America,paid_search,,,0,0.0,0.0,0.0,0.0,0,0.0,0.0
C0002964,Startup,North America,paid_search,2025-06-17,2025-07-27,41,146.85,84.44,62.41,0.424991,2,73.42,3.58
C0002965,Mid-Market,EMEA,paid_search,,,0,0.0,0.0,0.0,0.0,0,0.0,0.0
C0002966,SMB,LATAM,paid_search,,,0,0.0,0.0,0.0,0.0,0,0.0,0.0
C0002972,SMB,EMEA,paid_search,2025-04-21,2025-10-10,173,2121.49,1330.47,791.02,0.372861,8,265.19,12.26
C0002975,Enterprise,North America,paid_search,2025-02-10,2025-03-29,48,7574.67,6288.98,1285.69,0.169735,4,1893.67,157.81
C0002976,Mid-Market,North America,paid_search,2025-12-17,2025-12-29,13,3889.42,3006.85,882.57,0.226916,2,1944.71,299.19
C0002977,Startup,North America,paid_search,2025-05-11,2025-05-11,1,58.35,41.56,16.79,0.287746,1,58.35,58.35
C0002979,SMB,North America,paid_search,2025-06-28,2025-10-15,110,2956.54,1965.28,991.26,0.335277,4,739.14,26.88
C0002982,Mid-Market,North America,paid_search,2024-04-15,2025-12-16,611,23422.25,16467.33,6954.92,0.296936,20,1171.11,38.33
C0002984,SMB,EMEA,paid_search,2025-04-07,2025-04-07,1,429.82,318.86,110.96,0.258155,1,429.82,429.82
C0002985,SMB,EMEA,paid_search,2023-05-10,2024-03-06,302,2879.46,2272.06,607.4,0.210942,10,287.95,9.53
C0002987,Mid-Market,North America,paid_search,2023-06-09,2024-09-28,478,12626.25,9124.06,3502.19,0.277374,21,601.25,26.41
C0002988,Startup,EMEA,paid_search,2025-02-08,2025-02-08,1,39.6,25.04,14.56,0.367677,1,39.6,39.6
C0002992,Mid-Market,APAC,paid_search,2025-08-30,2025-09-17,19,1490.08,1028.28,461.8,0.309916,4,372.52,78.43
C0002995,SMB,APAC,paid_search,2025-03-15,2025-12-05,266,2520.47,1716.68,803.79,0.318905,10,252.05,9.48
C0002997,Mid-Market,EMEA,paid_search,2025-05-06,2025-07-16,72,1088.35,648.39,439.96,0.404245,3,362.78,15.12
C0003003,Mid-Market,APAC,paid_search,2024-03-05,2024-03-05,1,1384.47,793.71,590.76,0.426705,1,1384.47,1384.47
C0003005,Mid-Market,North America,paid_search,2023-08-18,2024-01-26,162,2205.66,1433.17,772.49,0.350231,7,315.09,13.62
C0003006,Startup,EMEA,paid_search,2025-08-05,2025-08-05,1,163.07,144.16,18.91,0.115962,1,163.07,163.07
C0003007,Startup,North America,paid_search,2025-04-07,2025-04-07,1,25.68,18.44,7.24,0.281931,1,25.68,25.68
C0003012,Mid-Market,EMEA,paid_search,2025-10-20,2025-11-25,37,4190.95,3325.41,865.54,0.206526,4,1047.74,113.27
C0003014,Startup,North America,paid_search,2025-06-19,2025-11-05,140,659.22,513.6,145.62,0.220897,3,219.74,4.71
C0003016,Startup,EMEA,paid_search,2025-07-01,2025-10-27,119,680.4,445.97,234.43,0.344547,4,170.1,5.72
C0003020,Startup,EMEA,paid_search,2024-02-21,2024-09-11,204,833.77,525.64,308.13,0.369562,7,119.11,4.09
C0003024,SMB,APAC,paid_search,2025-02-22,2025-12-26,308,5718.68,4900.4,818.28,0.143089,10,571.87,18.57
C0003031,Enterprise,APAC,paid_search,2025-07-31,2025-11-15,108,21508.85,17806.49,3702.36,0.172132,14,1536.35,199.16
C0003034,Mid-Market,EMEA,paid_search,2024-03-19,2025-07-23,492,12576.2,8847.76,3728.44,0.296468,25,503.05,25.56
C0003041,SMB,LATAM,paid_search,2024-08-20,2025-09-15,392,4591.32,3449.45,1141.87,0.248702,16,286.96,11.71
C0003044,Startup,North America,paid_search,2024-12-23,2025-12-10,353,902.37,739.41,162.96,0.180591,6,150.4,2.56
C0003045,Mid-Market,North America,paid_search,2025-09-11,2025-12-24,105,3456.44,2401.79,1054.65,0.305126,9,384.05,32.92
C0003052,Startup,APAC,paid_search,2023-07-09,2023-07-09,1,234.19,198.96,35.23,0.150433,1,234.19,234.19
C0003053,Mid-Market,EMEA,paid_search,2025-04-19,2025-04-23,5,943.95,561.36,382.59,0.405307,3,314.65,188.79
C0003061,Mid-Market,EMEA,paid_search,2025-03-17,2025-11-21,250,9190.79,7062.34,2128.45,0.231585,13,706.98,36.76
C0003067,Startup,North America,paid_search,,,0,0.0,0.0,0.0,0.0,0,0.0,0.0
C0003069,Startup,North America,paid_search,2025-06-17,2025-11-15,152,583.41,454.73,128.68,0.220565,4,145.85,3.84
C0003072,Startup,North America,paid_search,2025-12-16,2025-12-29,14,499.0,370.56,128.44,0.257395,3,166.33,35.64
C0003074,Mid-Market,North America,paid_search,2025-07-24,2025-11-03,103,1812.09,1159.29,652.8,0.360247,3,604.03,17.59
C0003079,Mid-Market,EMEA,paid_search,2025-03-24,2025-08-10,140,2351.4,1524.83,826.57,0.351522,6,391.9,16.8
C0003088,Startup,EMEA,paid_search,2025-02-04,2025-02-04,1,32.68,23.44,9.24,0.282742,1,32.68,32.68
C0003089,Enterprise,North America,paid_search,2025-02-01,2025-02-04,4,2074.63,1653.07,421.56,0.203198,3,691.54,518.66
C0003092,Enterprise,LATAM,paid_search,2025-11-19,2025-12-08,20,2775.42,1972.41,803.01,0.289329,4,693.86,138.77
C0003098,SMB,EMEA,paid_search,2024-08-29,2025-06-01,277,612.17,402.41,209.76,0.34265,6,102.03,2.21
C0003101,Startup,EMEA,paid_search,,,0,0.0,0.0,0.0,0.0,0,0.0,0.0
C0003108,SMB,APAC,paid_search,2025-05-08,2025-08-16,101,144.61,112.01,32.6,0.225434,3,48.2,1.43
C0003110,Startup,APAC,paid_search,2025-11-28,2025-11-28,1,104.16,60.21,43.95,0.421947,1,104.16,104.16
C0003114,SMB,EMEA,paid_search,2025-05-21,2025-11-11,175,479.84,377.74,102.1,0.212779,4,119.96,2.74
C0003119,Startup,North America,paid_search,2024-03-31,2024-04-09,10,241.27,156.15,85.12,0.3528,3,80.42,24.13
C0003123,SMB,APAC,paid_search,2024-06-15,2025-09-25,468,1966.87,1294.97,671.9,0.341609,13,151.3,4.2
C0003129,SMB,EMEA,paid_search,2025-05-21,2025-08-26,98,1797.8,1312.17,485.63,0.270125,5,359.56,18.34
C0003132,SMB,North America,paid_search,2025-10-28,2025-10-31,4,1811.72,1307.27,504.45,0.278437,3,603.91,452.93
C0003144,SMB,APAC,paid_search,2023-05-13,2025-09-08,850,4669.01,3329.95,1339.06,0.286797,17,274.65,5.49
C0003146,Startup,APAC,paid_search,2025-05-19,2025-05-21,3,272.25,174.01,98.24,0.360845,2,136.12,90.75
C0003149,SMB,EMEA,paid_search,2025-09-25,2025-09-26,2,1699.23,1522.03,177.2,0.104283,3,566.41,849.61
C0003151,SMB,North America,paid_search,2023-01-04,2024-05-03,486,5120.54,3844.67,1275.87,0.249167,11,465.5,10.54
C0003156,Startup,EMEA,paid_search,,,0,0.0,0.0,0.0,0.0,0,0.0,0.0
C0003159,Enterprise,EMEA,paid_search,2025-11-09,2025-12-03,25,1478.49,1200.49,278.0,0.18803,3,492.83,59.14
C0003161,Startup,North America,paid_search,,,0,0.0,0.0,0.0,0.0,0,0.0,0.0
C0003163,SMB,North America,paid_search,2023-09-30,2025-04-28,577,2840.99,1947.57,893.42,0.314475,9,315.67,4.92
C0003165,Startup,North America,paid_search,2025-03-30,2025-06-11,74,864.97,543.37,321.6,0.371805,5,172.99,11.69
C0003166,SMB,North America,paid_search,2025-05-24,2025-11-11,172,1456.24,932.04,524.2,0.359968,4,364.06,8.47
C0003187,Mid-Market,North America,paid_search,2025-06-15,2025-07-01,17,942.62,658.84,283.78,0.301055,2,471.31,55.45
C0003188,Mid-Market,EMEA,paid_search,2025-09-29,2025-09-29,1,653.93,430.07,223.86,0.34233,2,326.97,653.93
C0003189,SMB,LATAM,paid_search,2023-10-12,2023-12-06,56,233.84,162.79,71.05,0.30384,3,77.95,4.18
C0003190,Mid-Market,APAC,paid_search,2024-04-20,2024-12-13,238,8648.42,5578.31,3070.11,0.354991,16,540.53,36.34
C0003192,SMB,North America,paid_search,2023-04-07,2023-08-19,135,934.99,693.5,241.49,0.258281,4,233.75,6.93
C0003193,Startup,APAC,paid_search,2025-02-14,2025-10-08,237,426.91,301.94,124.97,0.292731,4,106.73,1.8
C0003195,Startup,North America,paid_search,2025-04-20,2025-04-21,2,133.69,97.43,36.26,0.271224,2,66.84,66.84
C0003196,SMB,APAC,paid_search,2024-10-03,2025-01-06,96,919.95,649.41,270.54,0.294081,5,183.99,9.58
C0003197,Startup,LATAM,paid_search,2025-03-05,2025-05-27,84,317.66,190.92,126.74,0.39898,3,105.89,3.78
C0003198,Mid-Market,LATAM,paid_search,2023-06-26,2024-06-12,353,13954.33,10909.19,3045.14,0.218222,16,872.15,39.53
C0003210,Startup,LATAM,paid_search,2023-08-02,2024-03-02,214,417.27,240.57,176.7,0.423467,5,83.45,1.95
C0003212,Startup,North America,paid_search,2025-06-03,2025-11-26,177,2965.22,1674.31,1290.91,0.43535,4,741.3,16.75
C0003216,Mid-Market,EMEA,paid_search,2025-06-29,2025-12-07,162,30932.24,22349.18,8583.06,0.277479,22,1406.01,190.94
C0003225,Mid-Market,LATAM,paid_search,2023-09-20,2023-09-29,10,3699.94,2800.83,899.11,0.243007,4,924.98,369.99
C0003226,Startup,EMEA,paid_search,2025-08-23,2025-10-28,67,798.54,587.59,210.95,0.26417,4,199.64,11.92
C0003227,SMB,EMEA,paid_search,2025-06-03,2025-10-17,137,752.18,476.49,275.69,0.366521,3,250.73,5.49
C0003233,Startup,North America,paid_search,,,0,0.0,0.0,0.0,0.0,0,0.0,0.0
C0003234,SMB,EMEA,paid_search,2023-08-13,2024-03-11,212,1499.7,1145.22,354.48,0.236367,4,374.92,7.07
C0003238,SMB,APAC,paid_search,2024-04-22,2024-04-22,1,51.46,44.58,6.88,0.133696,1,51.46,51.46
C0003242,SMB,North America,paid_search,2025-02-17,2025-04-20,63,622.33,370.08,252.25,0.405332,4,155.58,9.88
C0003251,Startup,APAC,paid_search,2025-12-14,2025-12-30,17,690.63,526.86,163.77,0.237131,4,172.66,40.63
C0003252,SMB,EMEA,paid_search,2025-03-07,2025-12-01,270,2278.85,1763.15,515.7,0.226298,7,325.55,8.44
C0003254,SMB,EMEA,paid_search,2025-01-04,2025-07-19,197,3103.91,2263.33,840.58,0.270813,10,310.39,15.76
C0003255,SMB,North America,paid_search,,,0,0.0,0.0,0.0,0.0,0,0.0,0.0
C0003258,Enterprise,North America,paid_search,,,0,0.0,0.0,0.0,0.0,0,0.0,0.0
C0003264,Startup,North America,paid_search,2024-11-30,2025-11-01,337,2050.92,1565.75,485.17,0.236562,9,227.88,6.09
C0003266,SMB,North America,paid_search,2024-03-10,2025-12-10,641,7769.32,5828.33,1940.99,0.249828,23,337.8,12.12
C0003268,Startup,APAC,paid_search,2025-08-19,2025-10-06,49,309.39,238.91,70.48,0.227803,3,103.13,6.31
C0003269,Enterprise,LATAM,paid_search,,,0,0.0,0.0,0.0,0.0,0,0.0,0.0
C0003270,Startup,EMEA,paid_search,2023-09-26,2024-06-27,276,1849.71,1435.79,413.92,0.223776,8,231.21,6.7
C0003272,Enterprise,APAC,paid_search,2025-03-15,2025-12-23,284,26765.8,22368.71,4397.09,0.16428,16,1672.86,94.25
C0003274,Startup,EMEA,paid_search,2025-08-23,2025-08-23,1,77.71,38.12,39.59,0.509458,1,77.71,77.71
C0003281,SMB,LATAM,paid_search,2025-06-27,2025-07-25,29,258.18,167.53,90.65,0.351112,2,129.09,8.9
C0003286,Startup,North America,paid_search,2025-06-30,2025-09-02,65,530.24,460.4,69.84,0.131714,3,176.75,8.16
C0003293,Startup,LATAM,paid_search,2025-04-11,2025-04-11,1,352.39,324.19,28.2,0.080025,1,352.39,352.39
C0003298,Startup,North America,paid_search,2024-12-23,2025-08-03,224,626.91,419.36,207.55,0.331068,5,125.38,2.8
C0003299,SMB,LATAM,paid_search,2024-12-10,2024-12-10,1,342.15,218.57,123.58,0.361187,1,342.15,342.15
C0003300,Startup,North America,paid_search,2023-04-01,2024-03-14,349,1187.22,712.19,475.03,0.40012,7,169.6,3.4
C0003301,Startup,APAC,paid_search,2025-11-30,2025-11-30,1,38.46,22.71,15.75,0.409516,1,38.46,38.46
C0003313,Mid-Market,EMEA,paid_search,2025-01-31,2025-02-02,3,1352.74,976.3,376.44,0.27828,3,450.91,450.91
C0003323,SMB,North America,paid_search,2025-06-10,2025-12-06,180,2966.41,1966.58,999.83,0.337051,8,370.8,16.48
C0003326,Mid-Market,North America,paid_search,2025-09-17,2025-12-31,106,5676.45,3742.31,1934.14,0.340731,7,810.92,53.55
C0003328,Mid-Market,EMEA,paid_search,,,0,0.0,0.0,0.0,0.0,0,0.0,0.0
C0003329,SMB,EMEA,paid_search,2025-03-10,2025-12-04,270,499.62,311.68,187.94,0.376166,5,99.92,1.85
C0003335,Mid-Market,EMEA,paid_search,2024-08-16,2025-12-12,484,7211.79,4997.46,2214.33,0.307043,17,424.22,14.9
C0003337,SMB,APAC,paid_search,2025-04-06,2025-04-06,1,560.19,416.39,143.8,0.256699,1,560.19,560.19
C0003343,Mid-Market,EMEA,paid_search,2023-10-31,2024-08-13,288,11485.3,8519.39,2965.91,0.258235,10,1148.53,39.88
C0003347,SMB,LATAM,paid_search,2025-08-31,2025-11-15,77,98.24,56.73,41.51,0.422537,2,49.12,1.28
C0003348,Mid-Market,APAC,paid_search,2025-03-15,2025-09-15,185,3468.83,2465.33,1003.5,0.289291,7,495.55,18.75
C0003350,Startup,North America,paid_search,2024-12-14,2024-12-14,1,152.15,110.79,41.36,0.271837,1,152.15,152.15
C0003355,Startup,EMEA,paid_search,2024-12-28,2025-02-24,59,326.53,255.34,71.19,0.21802,4,81.63,5.53
C0003358,SMB,North America,paid_search,2024-12-08,2024-12-31,24,436.93,346.13,90.8,0.207814,2,218.46,18.21
C0003361,Startup,North America,paid_search,2024-05-30,2024-07-09,41,163.45,131.1,32.35,0.19792,3,54.48,3.99
C0003363,Mid-Market,EMEA,paid_search,2025-05-09,2025-10-29,174,1622.18,1127.13,495.05,0.305176,5,324.44,9.32
C0003368,Startup,LATAM,paid_search,2025-04-23,2025-04-23,1,91.1,41.9,49.2,0.540066,1,91.1,91.1
C0003370,Enterprise,EMEA,paid_search,2024-11-09,2025-03-27,139,10693.81,8736.3,1957.51,0.183051,6,1782.3,76.93
C0003372,SMB,North America,paid_search,2023-04-12,2024-10-11,549,4236.72,2872.34,1364.38,0.322037,17,249.22,7.72
C0003373,Mid-Market,EMEA,paid_search,2025-09-22,2025-10-14,23,2495.83,2089.55,406.28,0.162784,2,1247.92,108.51
C0003374,Startup,APAC,paid_search,,,0,0.0,0.0,0.0,0.0,0,0.0,0.0
C0003375,SMB,North America,paid_search,2025-01-11,2025-10-15,278,1418.28,989.21,429.07,0.302528,7,202.61,5.1
C0003376,SMB,North America,paid_search,2024-09-28,2024-11-06,40,357.73,306.33,51.4,0.143684,3,119.24,8.94
C0003377,Enterprise,LATAM,paid_search,2023-04-18,2023-07-03,77,9330.18,7684.06,1646.12,0.17643,8,1166.27,121.17
C0003380,Mid-Market,APAC,paid_search,2025-12-12,2025-12-14,3,1641.8,1078.26,563.54,0.343245,2,820.9,547.27
C0003387,Mid-Market,APAC,paid_search,2025-03-27,2025-03-27,1,587.01,377.33,209.68,0.3572,1,587.01,587.01
C0003394,Startup,APAC,paid_search,2023-02-28,2023-09-02,187,569.44,356.8,212.64,0.373419,3,189.81,3.05
C0003395,SMB,North America,paid_search,2025-08-02,2025-08-02,1,119.87,82.13,37.74,0.314841,1,119.87,119.87
C0003397,Startup,North America,paid_search,2023-06-26,2023-11-10,138,253.91,204.84,49.07,0.193257,3,84.64,1.84
C0003399,Mid-Market,North America,paid_search,2025-05-20,2025-05-20,1,3469.97,3084.19,385.78,0.111177,1,3469.97,3469.97
C0003408,Enterprise,APAC,paid_search,2024-03-18,2024-08-04,140,13913.13,11096.64,2816.49,0.202434,11,1264.83,99.38
C0003418,Mid-Market,North America,paid_search,2025-11-06,2025-12-09,34,2087.6,1308.18,779.42,0.373357,3,695.87,61.4
C0003420,Enterprise,North America,paid_search,2025-12-02,2025-12-07,6,4914.28,3756.1,1158.18,0.235676,3,1638.09,819.05
C0003424,Mid-Market,North America,paid_search,2024-09-04,2024-12-04,92,4102.62,2917.26,1185.36,0.288928,8,512.83,44.59
C0003425,Startup,North America,paid_search,2023-11-23,2023-11-23,1,187.8,98.82,88.98,0.473802,1,187.8,187.8
C0003426,SMB,North America,paid_search,2025-01-24,2025-12-26,337,2520.54,1661.43,859.11,0.340844,12,210.04,7.48
C0003433,Startup,EMEA,paid_search,,,0,0.0,0.0,0.0,0.0,0,0.0,0.0
C0003437,SMB,APAC,paid_search,2024-08-12,2024-10-04,54,302.3,170.38,131.92,0.436388,3,100.77,5.6
C0003438,Startup,North America,paid_search,2024-05-29,2024-10-01,126,245.16,164.05,81.11,0.330845,3,81.72,1.95
C0003444,Mid-Market,LATAM,paid_search,2024-07-18,2024-11-08,114,4954.39,4095.82,858.57,0.173295,7,707.77,43.46
C0003446,Mid-Market,APAC,paid_search,2024-06-22,2025-03-10,262,9454.07,6859.81,2594.26,0.274407,16,590.88,36.08
C0003457,Mid-Market,APAC,paid_search,,,0,0.0,0.0,0.0,0.0,0,0.0,0.0
C0003460,Startup,North America,paid_search,2025-10-02,2025-12-17,77,173.5,125.02,48.48,0.279424,4,43.38,2.25
C0003463,SMB,North America,paid_search,2023-01-21,2024-05-21,487,5799.21,4029.06,1770.15,0.30524,14,414.23,11.91
C0003464,Mid-Market,EMEA,paid_search,2024-04-26,2024-04-28,3,931.38,581.91,349.47,0.375217,2,465.69,310.46
C0003468,Mid-Market,APAC,paid_search,2024-05-06,2024-08-07,94,2817.28,2065.42,751.86,0.266874,8,352.16,29.97
C0003469,Mid-Market,North America,paid_search,2024-05-27,2024-05-27,1,1547.48,850.1,697.38,0.450655,1,1547.48,1547.48
C0003470,Startup,North America,paid_search,,,0,0.0,0.0,0.0,0.0,0,0.0,0.0
C0003472,SMB,APAC,paid_search,2024-10-28,2025-03-29,153,1006.9,840.3,166.6,0.165458,6,167.82,6.58
C0003473,Mid-Market,EMEA,paid_search,2025-07-19,2025-12-26,161,4619.33,3829.19,790.14,0.171051,5,923.87,28.69
C0003474,Startup,North America,paid_search,2024-09-24,2024-09-24,1,394.74,286.54,108.2,0.274104,1,394.74,394.74
C0003483,Startup,North America,paid_search,2025-11-11,2025-12-15,35,925.28,748.11,177.17,0.191477,3,308.43,26.44
C0003487,Mid-Market,EMEA,paid_search,2025-06-03,2025-11-21,172,4339.32,2949.92,1389.4,0.320188,8,542.42,25.23
C0003490,Mid-Market,EMEA,paid_search,2024-12-31,2025-05-02,123,991.45,672.24,319.21,0.321963,3,330.48,8.06
C0003491,Startup,EMEA,paid_search,2025-07-10,2025-09-26,79,410.01,254.85,155.16,0.37843,3,136.67,5.19
C0003492,SMB,LATAM,paid_search,2023-01-23,2023-01-23,1,525.6,316.74,208.86,0.397374,1,525.6,525.6
C0003499,Mid-Market,EMEA,paid_search,2024-11-08,2025-12-25,413,9320.06,6721.42,2598.64,0.278822,14,665.72,22.57
C0003500,SMB,EMEA,paid_search,2025-12-03,2025-12-03,1,330.08,237.25,92.83,0.281235,1,330.08,330.08
C0003502,SMB,North America,paid_search,2025-03-24,2025-04-12,20,178.57,129.69,48.88,0.27373,2,89.28,8.93
C0003503,SMB,LATAM,paid_search,2023-01-21,2023-02-02,13,717.47,433.01,284.46,0.396477,2,358.73,55.19
C0003506,Startup,North America,paid_search,2025-03-06,2025-03-07,2,431.13,250.52,180.61,0.418922,3,143.71,215.56
C0003511,Enterprise,EMEA,paid_search,2025-12-08,2025-12-14,7,851.24,561.32,289.92,0.340585,2,425.62,121.61
C0003512,SMB,EMEA,paid_search,2025-05-31,2025-12-02,186,778.31,546.14,232.17,0.2983,5,155.66,4.18
C0003513,Mid-Market,APAC,paid_search,,,0,0.0,0.0,0.0,0.0,0,0.0,0.0
C0003519,Startup,North America,paid_search,2025-01-31,2025-10-10,253,878.41,585.45,292.96,0.333512,7,125.49,3.47
C0003520,Mid-Market,EMEA,paid_search,2025-12-30,2025-12-30,1,399.85,288.0,111.85,0.27973,1,399.85,399.85
C0003524,Enterprise,APAC,paid_search,2024-10-09,2025-03-18,161,47943.39,41504.33,6439.06,0.134305,10,4794.34,297.79
C0003526,SMB,EMEA,paid_search,2024-11-29,2024-11-29,1,185.66,107.31,78.35,0.422008,1,185.66,185.66
C0003528,Mid-Market,APAC,paid_search,2023-10-19,2024-06-08,234,7643.56,5750.26,1893.3,0.247699,12,636.96,32.66
C0003530,SMB,North America,paid_search,2025-01-01,2025-12-11,345,5281.43,3499.9,1781.53,0.33732,16,330.09,15.31
C0003531,Enterprise,APAC,paid_search,2023-04-18,2023-10-08,174,20266.83,17036.57,3230.26,0.159387,8,2533.35,116.48
C0003543,Startup,LATAM,paid_search,2025-11-08,2025-12-19,42,246.12,165.52,80.6,0.327483,2,123.06,5.86
C0003548,SMB,EMEA,paid_search,2025-12-30,2025-12-30,1,133.02,95.1,37.92,0.28507,1,133.02,133.02
C0003549,SMB,LATAM,paid_search,2023-08-22,2024-05-09,262,3661.9,2987.56,674.34,0.18415,12,305.16,13.98
C0003557,Startup,North America,paid_search,2024-12-26,2025-01-05,11,213.78,163.31,50.47,0.236084,2,106.89,19.43
C0003560,SMB,North America,paid_search,2025-02-06,2025-12-01,299,2094.95,1268.94,826.01,0.394286,12,174.58,7.01
C0003566,SMB,EMEA,paid_search,2025-08-28,2025-12-02,97,280.26,176.52,103.74,0.370156,3,93.42,2.89
C0003574,Startup,North America,paid_search,2024-11-11,2025-02-10,92,491.06,354.38,136.68,0.278337,3,163.69,5.34
C0003581,SMB,EMEA,paid_search,2025-07-13,2025-11-21,132,2681.44,2171.63,509.81,0.190125,2,1340.72,20.31
C0003582,Mid-Market,EMEA,paid_search,2025-08-26,2025-12-08,105,1790.46,1384.7,405.76,0.226623,6,298.41,17.05
C0003587,SMB,EMEA,paid_search,2024-10-25,2025-08-13,293,1235.56,788.88,446.68,0.36152,4,308.89,4.22
C0003604,SMB,North America,paid_search,,,0,0.0,0.0,0.0,0.0,0,0.0,0.0
C0003605,SMB,APAC,paid_search,,,0,0.0,0.0,0.0,0.0,0,0.0,0.0
C0003612,Startup,LATAM,paid_search,2024-06-11,2024-06-11,1,139.34,85.97,53.37,0.38302,1,139.34,139.34
C0003613,SMB,APAC,paid_search,2025-03-27,2025-08-23,150,933.44,679.24,254.2,0.272326,7,133.35,6.22
C0003615,SMB,North America,paid_search,2025-05-10,2025-06-01,23,165.88,119.78,46.1,0.277912,2,82.94,7.21
C0003635,Startup,EMEA,paid_search,2025-10-23,2025-10-23,1,113.23,78.12,35.11,0.310077,1,113.23,113.23
C0003637,Startup,EMEA,paid_search,2025-08-29,2025-11-04,68,212.77,179.21,33.56,0.157729,3,70.92,3.13
C0003647,Mid-Market,APAC,paid_search,2024-08-19,2025-03-04,198,9074.35,6989.93,2084.42,0.229705,12,756.2,45.83
C0003649,SMB,LATAM,paid_search,2024-04-01,2024-06-11,72,511.41,321.09,190.32,0.372148,4,127.85,7.1
C0003651,Mid-Market,EMEA,paid_search,2024-06-06,2025-05-02,331,8422.98,5621.08,2801.9,0.332649,13,647.92,25.45
C0003653,Startup,EMEA,paid_search,2024-05-21,2025-05-02,347,1167.9,755.89,412.01,0.352778,10,116.79,3.37
C0003657,Startup,APAC,paid_search,2023-11-01,2023-11-01,1,154.32,115.35,38.97,0.252527,1,154.32,154.32
C0003660,Mid-Market,North America,paid_search,2023-05-17,2023-06-24,39,1464.27,948.68,515.59,0.352114,4,366.07,37.55
C0003665,Startup,EMEA,paid_search,2024-04-18,2024-04-18,1,412.23,346.26,65.97,0.160032,1,412.23,412.23
C0003667,SMB,North America,paid_search,2024-01-27,2024-01-27,1,98.26,71.4,26.86,0.273356,1,98.26,98.26
C0003673,Startup,LATAM,paid_search,2024-07-10,2024-07-10,1,98.1,77.39,20.71,0.211111,1,98.1,98.1
C0003676,Mid-Market,EMEA,paid_search,2025-10-24,2025-12-11,49,2746.2,2111.25,634.95,0.23121,4,686.55,56.04
C0003677,Mid-Market,APAC,paid_search,2024-07-18,2025-08-05,384,12069.34,9172.16,2897.18,0.240045,14,862.1,31.43
C0003679,Startup,EMEA,paid_search,2024-04-12,2024-08-09,120,840.27,552.83,287.44,0.342081,6,140.05,7.0
C0003683,SMB,APAC,paid_search,2025-01-04,2025-12-13,344,1832.05,1410.4,421.65,0.230152,9,203.56,5.33
C0003684,Mid-Market,EMEA,paid_search,2025-02-09,2025-09-27,231,4081.37,3160.17,921.2,0.225709,8,510.17,17.67
C0003685,Startup,North America,paid_search,,,0,0.0,0.0,0.0,0.0,0,0.0,0.0
C0003689,Enterprise,EMEA,paid_search,,,0,0.0,0.0,0.0,0.0,0,0.0,0.0
C0003707,SMB,EMEA,paid_search,,,0,0.0,0.0,0.0,0.0,0,0.0,0.0
C0003708,Mid-Market,LATAM,paid_search,2025-06-30,2025-12-12,166,3344.4,1994.19,1350.21,0.403723,7,477.77,20.15
C0003710,Mid-Market,North America,paid_search,2025-06-23,2025-10-03,103,2305.54,1686.81,618.73,0.268367,3,768.51,22.38
C0003712,Mid-Market,North America,paid_search,,,0,0.0,0.0,0.0,0.0,0,0.0,0.0
C0003715,Mid-Market,North America,paid_search,2025-10-16,2025-12-30,76,2754.01,1640.42,1113.59,0.404352,8,344.25,36.24
C0003716,SMB,North America,paid_search,2025-10-15,2025-10-15,1,84.47,45.22,39.25,0.464662,1,84.47,84.47
C0003720,SMB,LATAM,paid_search,2024-11-28,2025-08-04,250,1860.05,1193.89,666.16,0.358141,7,265.72,7.44
C0003722,SMB,North America,paid_search,2025-05-14,2025-06-23,41,102.21,69.73,32.48,0.317777,2,51.1,2.49
C0003723,Startup,North America,paid_search,2025-09-27,2025-10-04,8,444.2,342.7,101.5,0.228501,2,222.1,55.53
C0003725,Startup,EMEA,paid_search,2025-09-16,2025-10-14,29,207.95,138.47,69.48,0.334119,2,103.98,7.17
C0003726,Startup,EMEA,paid_search,2025-11-04,2025-11-04,1,93.47,68.28,25.19,0.269498,1,93.47,93.47
C0003732,Mid-Market,EMEA,paid_search,2025-10-31,2025-12-31,62,3359.17,2082.71,1276.46,0.379993,5,671.83,54.18
C0003733,Mid-Market,North America,paid_search,2025-04-02,2025-04-04,3,1224.37,880.51,343.86,0.280846,2,612.18,408.12
C0003742,SMB,North America,paid_search,2023-12-17,2024-05-30,166,744.88,469.27,275.61,0.370006,6,124.15,4.49
C0003743,Startup,LATAM,paid_search,2025-09-26,2025-12-27,93,2736.94,2260.45,476.49,0.174096,4,684.24,29.43
C0003746,Mid-Market,EMEA,paid_search,2025-07-21,2025-09-11,53,4501.15,2578.27,1922.88,0.427197,2,2250.57,84.93
C0003752,SMB,EMEA,paid_search,2025-01-13,2025-01-13,1,202.29,137.45,64.84,0.32053,1,202.29,202.29
C0003754,Startup,EMEA,paid_search,2025-07-05,2025-12-15,164,821.56,502.32,319.24,0.388578,5,164.31,5.01
C0003757,Mid-Market,North America,paid_search,2024-03-24,2025-02-21,335,7840.68,5643.43,2197.25,0.280237,12,653.39,23.41
C0003766,SMB,North America,paid_search,,,0,0.0,0.0,0.0,0.0,0,0.0,0.0
C0003767,SMB,APAC,paid_search,,,0,0.0,0.0,0.0,0.0,0,0.0,0.0
C0003770,SMB,North America,paid_search,,,0,0.0,0.0,0.0,0.0,0,0.0,0.0
C0003774,Startup,LATAM,paid_search,,,0,0.0,0.0,0.0,0.0,0,0.0,0.0
C0003776,Startup,EMEA,paid_search,2025-03-05,2025-10-10,220,907.91,596.56,311.35,0.34293,8,113.49,4.13
C0003778,SMB,LATAM,paid_search,2023-06-24,2023-10-04,103,665.52,428.7,236.82,0.355842,7,95.07,6.46
C0003781,SMB,North America,paid_search,2023-07-01,2023-07-01,1,423.1,371.63,51.47,0.12165,1,423.1,423.1
C0003792,SMB,EMEA,paid_search,2024-06-17,2025-05-10,328,723.62,446.72,276.9,0.382659,5,144.72,2.21
C0003794,Enterprise,North America,paid_search,2023-11-06,2023-11-22,17,11202.91,9221.1,1981.81,0.176901,3,3734.3,658.99
C0003795,SMB,North America,paid_search,2025-06-03,2025-06-29,27,308.12,176.86,131.26,0.426003,4,77.03,11.41
C0003798,SMB,APAC,paid_search,2025-10-10,2025-12-24,76,1259.64,862.23,397.41,0.315495,5,251.93,16.57
C0003803,Mid-Market,North America,paid_search,2024-06-27,2025-06-26,365,14154.78,9241.56,4913.22,0.347107,21,674.04,38.78
C0003804,Startup,EMEA,paid_search,2023-12-09,2024-06-21,196,403.16,273.35,129.81,0.321981,4,100.79,2.06
C0003806,Mid-Market,LATAM,paid_search,2023-12-01,2025-12-06,737,28993.15,22689.64,6303.51,0.217414,41,707.15,39.34
C0003813,Mid-Market,EMEA,paid_search,2025-02-15,2025-12-21,310,7957.17,5577.85,2379.32,0.299016,13,612.09,25.67
C0003815,SMB,APAC,paid_search,2024-10-15,2025-05-03,201,1827.37,1430.8,396.57,0.217017,3,609.12,9.09
C0003821,Startup,APAC,paid_search,2025-08-01,2025-12-18,140,544.29,498.66,45.63,0.083834,3,181.43,3.89
C0003823,Startup,LATAM,paid_search,2025-01-27,2025-06-25,150,621.87,424.39,197.48,0.317558,4,155.47,4.15
C0003828,Startup,APAC,paid_search,2024-06-19,2024-12-07,172,569.84,453.02,116.82,0.205005,6,94.97,3.31
C0003830,SMB,APAC,paid_search,,,0,0.0,0.0,0.0,0.0,0,0.0,0.0
C0003833,SMB,EMEA,paid_search,2024-12-22,2025-06-15,176,1149.59,933.19,216.4,0.188241,7,164.23,6.53
C0003834,Startup,LATAM,paid_search,2024-11-21,2024-11-21,1,117.02,89.36,27.66,0.23637,1,117.02,117.02
C0003836,SMB,LATAM,paid_search,2024-10-27,2025-11-21,391,1312.63,901.35,411.28,0.313325,10,131.26,3.36
C0003844,SMB,North America,paid_search,2025-03-23,2025-12-14,267,2343.07,1661.56,681.51,0.290862,9,260.34,8.78
C0003845,Mid-Market,APAC,paid_search,,,0,0.0,0.0,0.0,0.0,0,0.0,0.0
C0003849,Startup,LATAM,paid_search,,,0,0.0,0.0,0.0,0.0,0,0.0,0.0
C0003853,Startup,APAC,paid_search,2024-07-21,2025-11-20,488,1935.05,1363.54,571.51,0.295346,15,129.0,3.97
C0003854,SMB,EMEA,paid_search,2024-10-13,2025-10-31,384,6470.62,4283.47,2187.15,0.338012,18,359.48,16.85
C0003857,Mid-Market,EMEA,paid_search,2025-08-17,2025-11-30,106,10909.94,7405.5,3504.44,0.321215,9,1212.22,102.92
C0003858,Startup,EMEA,paid_search,2024-11-19,2025-09-11,297,4889.98,3147.99,1741.99,0.356237,8,611.25,16.46
C0003863,SMB,EMEA,paid_search,2025-06-15,2025-06-15,1,248.36,128.76,119.6,0.481559,1,248.36,248.36
C0003864,Startup,LATAM,paid_search,,,0,0.0,0.0,0.0,0.0,0,0.0,0.0
C0003869,Startup,North America,paid_search,2025-03-30,2025-05-07,39,588.55,477.38,111.17,0.188888,2,294.27,15.09
C0003870,SMB,LATAM,paid_search,2025-02-19,2025-09-05,199,1556.83,1146.79,410.04,0.263381,3,518.94,7.82
C0003872,Mid-Market,EMEA,paid_search,2024-01-31,2024-12-10,315,10908.15,8336.42,2571.73,0.235762,19,574.11,34.63
C0003873,SMB,EMEA,paid_search,2023-08-19,2024-01-06,141,1035.53,767.04,268.49,0.259278,5,207.11,7.34
C0003878,Startup,EMEA,paid_search,2025-12-12,2025-12-29,18,449.02,304.12,144.9,0.322703,4,112.26,24.95
C0003881,Mid-Market,EMEA,paid_search,2025-09-14,2025-11-02,50,1774.76,1087.21,687.55,0.387404,3,591.59,35.5
C0003888,SMB,North America,paid_search,2025-09-19,2025-11-28,71,1127.48,731.02,396.46,0.351634,3,375.83,15.88
C0003894,Startup,North America,paid_search,2025-03-29,2025-06-04,68,120.56,76.4,44.16,0.366291,3,40.19,1.77
C0003901,Startup,EMEA,paid_search,2023-09-30,2023-09-30,1,31.25,18.66,12.59,0.40288,1,31.25,31.25
C0003905,Startup,EMEA,paid_search,2024-08-24,2025-01-09,139,1117.56,902.47,215.09,0.192464,4,279.39,8.04
C0003910,Startup,EMEA,paid_search,2025-08-26,2025-11-17,84,564.71,432.36,132.35,0.234368,3,188.24,6.72
C0003915,Startup,APAC,paid_search,2024-08-28,2024-12-04,99,934.57,635.42,299.15,0.320094,5,186.91,9.44
C0003923,Mid-Market,APAC,paid_search,2024-06-24,2025-10-03,467,17032.0,13223.09,3808.91,0.223633,21,811.05,36.47
C0003924,Mid-Market,EMEA,paid_search,2025-11-13,2025-12-21,39,3094.83,2100.56,994.27,0.321268,7,442.12,79.35
C0003926,Startup,North America,paid_search,2025-03-02,2025-05-01,61,177.86,128.35,49.51,0.278365,2,88.93,2.92
C0003928,Startup,EMEA,paid_search,2025-09-05,2025-09-05,1,53.85,37.97,15.88,0.294893,1,53.85,53.85
C0003929,SMB,EMEA,paid_search,2023-10-02,2024-01-06,97,2106.95,1389.87,717.08,0.34034,7,300.99,21.72
C0003952,Startup,APAC,paid_search,,,0,0.0,0.0,0.0,0.0,0,0.0,0.0
C0003953,Mid-Market,APAC,paid_search,2025-11-27,2025-12-25,29,2224.15,1776.73,447.42,0.201164,4,556.04,76.69
C0003961,Startup,North America,paid_search,2024-05-30,2025-08-31,459,958.71,579.25,379.46,0.395803,9,106.52,2.09
C0003968,Startup,North America,paid_search,2023-12-23,2025-06-03,529,2486.04,2018.22,467.82,0.188179,11,226.0,4.7
C0003969,SMB,EMEA,paid_search,2024-10-09,2024-11-13,36,184.0,151.33,32.67,0.177554,3,61.33,5.11
C0003971,SMB,LATAM,paid_search,2025-12-07,2025-12-07,1,800.44,647.89,152.55,0.190583,1,800.44,800.44
C0003975,Mid-Market,North America,paid_search,2023-07-07,2023-07-07,1,238.66,123.08,115.58,0.484287,1,238.66,238.66
C0003976,Mid-Market,EMEA,paid_search,2024-01-31,2024-04-11,72,3959.47,2591.14,1368.33,0.345584,6,659.91,54.99
C0003979,Startup,EMEA,paid_search,2024-12-24,2024-12-29,6,143.47,91.25,52.22,0.363979,2,71.74,23.91
C0003981,SMB,North America,paid_search,2023-07-27,2024-12-03,496,3367.56,2130.94,1236.62,0.367215,8,420.94,6.79
C0003982,SMB,LATAM,paid_search,2024-10-26,2025-12-19,420,1646.86,1260.22,386.64,0.234774,5,329.37,3.92
C0003988,Startup,EMEA,paid_search,2024-11-22,2024-11-22,1,130.19,84.75,45.44,0.349028,1,130.19,130.19
C0003990,Startup,LATAM,paid_search,,,0,0.0,0.0,0.0,0.0,0,0.0,0.0
C0003994,Startup,North America,paid_search,2024-08-15,2025-06-22,312,1298.8,808.83,489.97,0.377248,6,216.47,4.16
C0004015,Startup,EMEA,paid_search,2025-03-16,2025-03-16,1,631.83,538.63,93.2,0.147508,1,631.83,631.83
C0004016,SMB,North America,paid_search,,,0,0.0,0.0,0.0,0.0,0,0.0,0.0
C0004020,SMB,North America,paid_search,2025-07-14,2025-07-14,1,104.67,67.31,37.36,0.356931,1,104.67,104.67
C0004024,Enterprise,EMEA,paid_search,2025-11-05,2025-12-30,56,4756.8,3512.63,1244.17,0.261556,3,1585.6,84.94
C0004025,SMB,North America,paid_search,2025-11-29,2025-12-03,5,1164.5,682.83,481.67,0.413628,3,388.17,232.9
C0004026,Startup,APAC,paid_search,2025-11-29,2025-12-17,19,673.88,434.53,239.35,0.355182,4,168.47,35.47
C0004029,Mid-Market,North America,paid_search,2024-12-26,2025-01-01,7,644.74,454.73,190.01,0.294708,2,322.37,92.11
C0004031,Mid-Market,APAC,paid_search,2024-12-31,2025-08-01,214,4776.51,3216.89,1559.62,0.326519,10,477.65,22.32
C0004033,Mid-Market,APAC,paid_search,2025-04-14,2025-11-19,220,4079.32,2917.41,1161.91,0.284829,11,370.85,18.54
C0004034,SMB,APAC,paid_search,2025-01-31,2025-11-12,286,1315.75,912.77,402.98,0.306274,8,164.47,4.6
C0004035,SMB,LATAM,paid_search,2023-08-27,2024-09-09,380,1854.19,1405.97,448.22,0.241734,8,231.77,4.88
C0004039,SMB,North America,paid_search,2024-12-06,2025-03-24,109,1433.92,990.36,443.56,0.309334,5,286.78,13.16
C0004043,Startup,North America,paid_search,2023-09-30,2024-07-02,277,1043.76,691.28,352.48,0.337702,8,130.47,3.77
C0004050,Mid-Market,LATAM,paid_search,2025-06-07,2025-11-23,170,4198.0,2714.3,1483.7,0.35343,8,524.75,24.69
C0004051,Mid-Market,North America,paid_search,2025-12-05,2025-12-06,2,443.93,299.28,144.65,0.32584,2,221.96,221.96
C0004053,SMB,APAC,paid_search,2025-02-18,2025-07-17,150,5080.46,4139.98,940.48,0.185117,7,725.78,33.87
C0004056,Startup,EMEA,paid_search,2025-10-12,2025-12-08,58,525.88,430.59,95.29,0.181201,3,175.29,9.07
C0004057,Enterprise,North America,paid_search,2024-05-18,2025-01-03,231,72154.0,63314.0,8840.0,0.122516,20,3607.7,312.35
C0004066,SMB,North America,paid_search,,,0,0.0,0.0,0.0,0.0,0,0.0,0.0
C0004069,Startup,North America,paid_search,,,0,0.0,0.0,0.0,0.0,0,0.0,0.0
C0004072,Startup,EMEA,paid_search,2025-05-13,2025-09-02,113,189.83,139.21,50.62,0.26666,3,63.28,1.68
C0004074,Mid-Market,EMEA,paid_search,2023-11-25,2024-07-21,240,8747.95,6873.12,1874.83,0.214316,10,874.8,36.45
C0004075,Mid-Market,EMEA,paid_search,2023-03-04,2023-03-04,1,430.1,267.1,163.0,0.378982,1,430.1,430.1
C0004088,Startup,LATAM,paid_search,2025-05-09,2025-07-13,66,157.61,103.73,53.88,0.341856,3,52.54,2.39
C0004097,Startup,North America,paid_search,,,0,0.0,0.0,0.0,0.0,0,0.0,0.0
C0004098,Enterprise,APAC,paid_search,2025-03-31,2025-09-26,180,4202.51,3459.9,742.61,0.176706,6,700.42,23.35
C0004101,Mid-Market,APAC,paid_search,2024-04-28,2024-08-07,102,4111.79,3018.22,1093.57,0.26596,5,822.36,40.31
C0004102,Startup,North America,paid_search,2025-04-26,2025-07-17,83,429.47,251.64,177.83,0.414069,4,107.37,5.17
C0004110,Mid-Market,North America,paid_search,2025-03-16,2025-08-08,146,17004.73,14395.74,2608.99,0.153427,9,1889.41,116.47
C0004112,Mid-Market,North America,paid_search,2025-08-30,2025-11-28,91,2597.32,1926.12,671.2,0.25842,6,432.89,28.54
C0004113,Startup,APAC,paid_search,2025-08-09,2025-11-20,104,832.77,575.97,256.8,0.308368,3,277.59,8.01
C0004114,Startup,EMEA,paid_search,2025-01-15,2025-12-07,327,399.47,245.18,154.29,0.386237,6,66.58,1.22
C0004115,SMB,APAC,paid_search,2025-07-21,2025-12-13,146,627.7,368.57,259.13,0.412825,3,209.23,4.3
C0004121,SMB,North America,paid_search,2025-12-02,2025-12-08,7,349.46,211.61,137.85,0.394466,2,174.73,49.92
C0004126,Startup,EMEA,paid_search,2023-11-08,2024-07-04,240,1077.09,809.23,267.86,0.248689,7,153.87,4.49
C0004130,Mid-Market,EMEA,paid_search,2025-11-05,2025-12-22,48,1216.13,937.56,278.57,0.229063,3,405.38,25.34
C0004135,Startup,EMEA,paid_search,2024-12-31,2025-04-04,95,391.37,243.99,147.38,0.376575,5,78.27,4.12
C0004137,Enterprise,North America,paid_search,2025-03-03,2025-06-04,94,34740.84,29874.72,4866.12,0.140069,12,2895.07,369.58
C0004138,Startup,APAC,paid_search,2025-09-26,2025-12-19,85,637.55,448.67,188.88,0.296259,3,212.52,7.5
C0004142,Mid-Market,North America,paid_search,2025-01-18,2025-04-28,101,1867.52,1321.69,545.83,0.292275,4,466.88,18.49
C0004143,Mid-Market,North America,paid_search,2023-03-28,2023-06-11,76,6226.09,4777.81,1448.28,0.232615,8,778.26,81.92
C0004146,Startup,EMEA,paid_search,2024-11-16,2024-11-16,1,45.06,34.67,10.39,0.230581,1,45.06,45.06
C0004148,Startup,North America,paid_search,2025-07-23,2025-12-22,153,429.91,273.83,156.08,0.363053,5,85.98,2.81
C0004150,Mid-Market,EMEA,paid_search,2024-09-20,2025-12-14,451,10912.46,8413.78,2498.68,0.228975,19,574.34,24.2
C0004160,SMB,North America,paid_search,2024-01-26,2024-05-08,104,745.28,538.47,206.81,0.277493,4,186.32,7.17
C0004161,Startup,EMEA,paid_search,2025-01-22,2025-07-19,179,2006.05,1186.88,819.17,0.40835,7,286.58,11.21
C0004162,SMB,EMEA,paid_search,2024-06-21,2025-05-07,321,3057.06,2200.72,856.34,0.280119,12,254.76,9.52
C0004164,SMB,North America,paid_search,2024-08-24,2024-08-24,1,182.7,102.0,80.7,0.441708,1,182.7,182.7
C0004167,SMB,North America,paid_search,2023-02-21,2023-02-21,1,179.02,170.3,8.72,0.04871,1,179.02,179.02
C0004170,SMB,EMEA,paid_search,2024-12-24,2025-02-23,62,648.55,417.38,231.17,0.356441,3,216.18,10.46
C0004172,SMB,North America,paid_search,2025-07-15,2025-07-15,1,38.77,24.02,14.75,0.380449,1,38.77,38.77
C0004175,Startup,LATAM,paid_search,2025-08-10,2025-08-10,1,188.05,151.31,36.74,0.195374,1,188.05,188.05
C0004176,Startup,EMEA,paid_search,2025-02-21,2025-03-09,17,279.26,177.51,101.75,0.364356,2,139.63,16.43
C0004179,Startup,APAC,paid_search,2025-04-26,2025-11-02,191,521.92,321.68,200.24,0.38366,6,86.99,2.73
C0004183,Mid-Market,LATAM,paid_search,2025-06-13,2025-09-18,98,3647.4,2767.78,879.62,0.241164,6,607.9,37.22
C0004184,Startup,APAC,paid_search,2025-03-10,2025-06-28,111,1498.07,1154.64,343.43,0.229248,6,249.68,13.5
C0004187,Startup,North America,paid_search,2023-11-11,2023-12-03,23,276.38,187.25,89.13,0.322491,3,92.13,12.02
C0004188,SMB,EMEA,paid_search,2023-09-21,2023-10-23,33,718.4,503.89,214.51,0.298594,3,239.47,21.77
C0004189,Startup,EMEA,paid_search,2023-06-07,2023-06-07,1,35.87,24.48,11.39,0.317536,1,35.87,35.87
C0004193,Startup,EMEA,paid_search,2025-02-28,2025-09-06,191,441.7,313.9,127.8,0.289337,5,88.34,2.31
C0004199,Startup,EMEA,paid_search,2023-11-25,2024-01-06,43,266.08,180.4,85.68,0.322008,3,88.69,6.19
C0004202,Mid-Market,North America,paid_search,2025-08-20,2025-12-01,104,4746.26,3073.99,1672.27,0.352334,6,791.04,45.64
C0004204,SMB,LATAM,paid_search,2025-03-26,2025-12-29,279,2504.89,1623.82,881.07,0.35174,10,250.49,8.98
C0004216,SMB,APAC,paid_search,2023-12-14,2025-09-20,647,3436.75,2632.29,804.46,0.234076,16,214.8,5.31
C0004224,Startup,North America,paid_search,2023-10-18,2024-12-01,411,791.86,616.48,175.38,0.221479,8,98.98,1.93
C0004229,Startup,North America,paid_search,2025-02-19,2025-12-21,306,753.44,487.94,265.5,0.352384,7,107.63,2.46
C0004236,Startup,EMEA,paid_search,2023-11-21,2024-02-10,82,241.92,200.9,41.02,0.16956,2,120.96,2.95
C0004237,SMB,EMEA,paid_search,2024-10-01,2025-02-06,129,1524.97,873.48,651.49,0.427215,3,508.32,11.82
C0004239,SMB,EMEA,paid_search,2025-01-28,2025-12-25,332,1253.3,783.56,469.74,0.374803,7,179.04,3.78
C0004240,Startup,EMEA,paid_search,2025-06-01,2025-12-12,195,569.92,401.16,168.76,0.296112,5,113.98,2.92
C0004241,SMB,APAC,paid_search,,,0,0.0,0.0,0.0,0.0,0,0.0,0.0
C0004244,Startup,North America,paid_search,2024-12-29,2025-05-02,125,886.17,563.56,322.61,0.36405,6,147.7,7.09
C0004248,Startup,North America,paid_search,,,0,0.0,0.0,0.0,0.0,0,0.0,0.0
C0004250,SMB,EMEA,paid_search,2025-08-09,2025-09-21,44,1671.85,1383.76,288.09,0.172318,3,557.28,38.0
C0004252,Mid-Market,EMEA,paid_search,2023-11-14,2023-11-14,1,3414.72,2827.62,587.1,0.171932,1,3414.72,3414.72
C0004254,Mid-Market,EMEA,paid_search,2025-01-18,2025-12-14,331,13245.88,10323.03,2922.85,0.220661,18,735.88,40.02
C0004256,Mid-Market,North America,paid_search,2023-07-15,2023-10-11,89,844.31,541.48,302.83,0.358672,5,168.86,9.49
C0004259,Startup,EMEA,paid_search,,,0,0.0,0.0,0.0,0.0,0,0.0,0.0
C0004262,Enterprise,EMEA,paid_search,2025-10-18,2025-10-28,11,5231.77,4030.89,1200.88,0.229536,4,1307.94,475.62
C0004263,Mid-Market,EMEA,paid_search,2024-04-16,2025-12-29,623,22011.73,16425.02,5586.71,0.253806,28,786.13,35.33
C0004265,SMB,EMEA,paid_search,2025-05-25,2025-07-30,67,1472.83,1137.28,335.55,0.227827,4,368.21,21.98
C0004274,Startup,North America,paid_search,2025-11-08,2025-12-06,29,494.65,380.08,114.57,0.231618,2,247.32,17.06
C0004282,Mid-Market,LATAM,paid_search,2024-12-05,2025-03-02,88,3679.71,2646.57,1033.14,0.280767,7,525.67,41.81
C0004284,SMB,North America,paid_search,,,0,0.0,0.0,0.0,0.0,0,0.0,0.0
C0004294,SMB,EMEA,paid_search,2025-04-02,2025-08-22,143,1509.52,1091.08,418.44,0.277201,6,251.59,10.56
C0004295,Startup,LATAM,paid_search,2025-08-18,2025-08-18,1,77.4,54.98,22.42,0.289664,1,77.4,77.4
C0004296,SMB,North America,paid_search,2024-11-13,2025-02-13,93,3137.0,2664.68,472.32,0.150564,3,1045.67,33.73
C0004298,Mid-Market,LATAM,paid_search,2025-04-11,2025-07-08,89,6441.58,5487.3,954.28,0.148144,8,805.2,72.38
C0004306,Startup,EMEA,paid_search,2023-10-08,2023-10-08,1,158.73,113.08,45.65,0.287595,1,158.73,158.73
C0004308,Enterprise,North America,paid_search,2024-09-01,2024-09-02,2,2290.21,1672.36,617.85,0.269779,3,763.4,1145.1
C0004309,Mid-Market,North America,paid_search,,,0,0.0,0.0,0.0,0.0,0,0.0,0.0
C0004313,SMB,North America,paid_search,2024-03-27,2024-09-04,162,1389.23,997.19,392.04,0.282199,8,173.65,8.58
C0004315,SMB,EMEA,paid_search,,,0,0.0,0.0,0.0,0.0,0,0.0,0.0
C0004320,SMB,North America,paid_search,2024-08-26,2024-10-31,67,651.53,403.02,248.51,0.381425,4,162.88,9.72
C0004321,Mid-Market,EMEA,paid_search,2025-09-18,2025-12-20,94,1865.99,1279.56,586.43,0.314273,5,373.2,19.85
C0004322,Startup,LATAM,paid_search,2025-03-16,2025-10-16,215,1434.51,1017.4,417.11,0.290768,8,179.31,6.67
C0004328,Mid-Market,APAC,paid_search,2025-07-03,2025-07-03,1,474.58,314.61,159.97,0.337077,1,474.58,474.58
C0004329,SMB,LATAM,paid_search,2025-10-23,2025-12-29,68,898.88,577.02,321.86,0.358068,4,224.72,13.22
C0004337,SMB,North America,paid_search,2023-04-11,2023-10-21,194,1382.12,821.71,560.41,0.405471,6,230.35,7.12
C0004340,SMB,EMEA,paid_search,2025-08-23,2025-09-06,15,194.8,125.34,69.46,0.356571,3,64.93,12.99
C0004341,Startup,EMEA,paid_search,2023-08-29,2024-02-01,157,620.95,428.19,192.76,0.310428,6,103.49,3.96
C0004342,Mid-Market,EMEA,paid_search,2023-08-26,2024-05-05,254,6194.47,4486.58,1707.89,0.275712,7,884.92,24.39
C0004343,Startup,North America,paid_search,2025-03-07,2025-04-27,52,176.22,116.83,59.39,0.337022,3,58.74,3.39
C0004344,Mid-Market,North America,paid_search,2024-02-17,2024-11-06,264,9568.99,7154.52,2414.47,0.252322,11,869.91,36.25
C0004345,Startup,North America,paid_search,2025-07-11,2025-12-01,144,834.46,660.26,174.2,0.208758,5,166.89,5.79
C0004357,SMB,EMEA,paid_search,,,0,0.0,0.0,0.0,0.0,0,0.0,0.0
C0004358,Startup,North America,paid_search,,,0,0.0,0.0,0.0,0.0,0,0.0,0.0
C0004360,SMB,North America,paid_search,2025-07-11,2025-07-11,1,125.96,91.28,34.68,0.275326,1,125.96,125.96
C0004361,SMB,North America,paid_search,2024-03-06,2024-03-06,1,65.39,35.5,29.89,0.457104,1,65.39,65.39
C0004362,Mid-Market,LATAM,paid_search,2025-01-29,2025-06-25,148,4166.1,2794.07,1372.03,0.329332,7,595.16,28.15
C0004366,Startup,APAC,paid_search,2023-08-16,2023-08-16,1,129.33,88.13,41.2,0.318565,1,129.33,129.33
C0004371,Startup,EMEA,paid_search,2024-05-06,2025-04-05,335,601.5,391.44,210.06,0.349227,5,120.3,1.8
C0004373,SMB,EMEA,paid_search,2025-03-24,2025-05-20,58,4337.21,2805.73,1531.48,0.353103,3,1445.74,74.78
C0004377,SMB,APAC,paid_search,2025-08-20,2025-09-27,39,614.37,356.94,257.43,0.419015,2,307.18,15.75
C0004381,SMB,North America,paid_search,2025-04-07,2025-07-08,93,581.02,340.57,240.45,0.413841,3,193.67,6.25
C0004383,SMB,North America,paid_search,2024-03-27,2024-03-27,1,127.21,82.87,44.34,0.348558,1,127.21,127.21
C0004384,Mid-Market,EMEA,paid_search,2024-11-24,2024-11-24,1,2155.86,1187.57,968.29,0.449143,1,2155.86,2155.86
C0004387,SMB,LATAM,paid_search,2024-07-30,2024-08-01,3,473.99,308.28,165.71,0.349607,2,237.0,158.0
C0004394,Startup,EMEA,paid_search,2025-04-25,2025-05-19,25,116.31,80.18,36.13,0.310635,2,58.16,4.65
C0004395,Mid-Market,LATAM,paid_search,2024-07-19,2024-10-13,87,9710.0,8484.6,1225.4,0.1262,9,1078.89,111.61
C0004397,Mid-Market,EMEA,paid_search,2023-12-15,2024-12-01,353,13935.22,11412.68,2522.54,0.181019,11,1266.84,39.48
C0004400,Startup,EMEA,paid_search,2025-08-11,2025-11-05,87,344.71,250.44,94.27,0.273476,3,114.9,3.96
C0004401,SMB,APAC,paid_search,2025-08-15,2025-12-16,124,1844.34,1094.86,749.48,0.406368,6,307.39,14.87
C0004405,SMB,APAC,paid_search,2025-01-11,2025-01-19,9,1048.46,674.53,373.93,0.356647,2,524.23,116.5
C0004407,Mid-Market,EMEA,paid_search,2025-12-12,2025-12-12,1,1559.45,1381.06,178.39,0.114393,1,1559.45,1559.45
C0004409,Startup,LATAM,paid_search,2025-10-30,2025-12-02,34,330.82,236.49,94.33,0.28514,4,82.7,9.73
C0004410,SMB,North America,paid_search,2024-01-29,2024-06-22,146,1125.74,772.7,353.04,0.313607,5,225.15,7.71
C0004412,Mid-Market,North America,paid_search,2023-04-17,2024-02-10,300,5384.32,3772.65,1611.67,0.299327,10,538.43,17.95
C0004415,Startup,EMEA,paid_search,2024-05-18,2024-05-18,1,26.46,18.32,8.14,0.307634,1,26.46,26.46
C0004419,Startup,EMEA,paid_search,2023-02-12,2023-02-12,1,81.23,57.04,24.19,0.297796,1,81.23,81.23
C0004429,SMB,APAC,paid_search,2024-02-21,2024-09-01,194,1372.66,959.29,413.37,0.301145,5,274.53,7.08
C0004440,SMB,APAC,paid_search,2024-08-02,2024-08-02,1,268.22,250.59,17.63,0.06573,1,268.22,268.22
C0004442,Mid-Market,APAC,paid_search,2024-05-30,2024-08-02,65,3567.81,3207.54,360.27,0.100978,3,1189.27,54.89
C0004448,Mid-Market,North America,paid_search,2025-01-14,2025-12-05,326,7975.31,6099.63,1875.68,0.235186,18,443.07,24.46
C0004450,SMB,LATAM,paid_search,2023-03-29,2024-01-16,294,2752.94,1973.18,779.76,0.283246,14,196.64,9.36
C0004455,Startup,LATAM,paid_search,2025-05-08,2025-05-08,1,47.31,38.49,8.82,0.18643,1,47.31,47.31
C0004457,Startup,APAC,paid_search,2023-10-15,2024-03-11,149,443.6,272.34,171.26,0.386069,7,63.37,2.98
C0004461,SMB,EMEA,paid_search,2024-09-28,2024-11-05,39,559.05,408.7,150.35,0.268938,3,186.35,14.33
C0004466,Mid-Market,APAC,paid_search,2024-02-04,2024-04-25,82,1776.44,1398.78,377.66,0.212594,4,444.11,21.66
C0004467,Mid-Market,EMEA,paid_search,2023-11-20,2025-12-26,768,16680.51,11637.14,5043.37,0.302351,25,667.22,21.72
C0004469,Startup,LATAM,paid_search,,,0,0.0,0.0,0.0,0.0,0,0.0,0.0
C0004470,SMB,LATAM,paid_search,2024-07-01,2024-07-04,4,233.89,158.95,74.94,0.320407,2,116.94,58.47
C0004473,SMB,North America,paid_search,2025-06-27,2025-06-29,3,449.45,297.46,151.99,0.338169,2,224.72,149.82
C0004474,Startup,APAC,paid_search,2023-05-15,2024-03-01,292,1039.28,829.72,209.56,0.20164,8,129.91,3.56
C0004482,SMB,North America,paid_search,2025-04-14,2025-04-14,1,105.14,69.98,35.16,0.334411,1,105.14,105.14
C0004484,Mid-Market,EMEA,paid_search,2024-02-26,2024-11-09,258,6176.0,4474.77,1701.23,0.275458,16,386.0,23.94
C0004488,SMB,North America,paid_search,2023-08-24,2024-09-14,388,6201.59,3865.86,2335.73,0.376634,18,344.53,15.98
C0004491,SMB,LATAM,paid_search,2025-03-08,2025-03-08,1,27.35,13.31,14.04,0.513346,1,27.35,27.35
C0004499,SMB,North America,paid_search,2025-12-07,2025-12-07,1,71.56,45.89,25.67,0.35872,1,71.56,71.56
C0004504,Mid-Market,EMEA,paid_search,2024-11-30,2025-09-26,301,4020.95,3129.19,891.76,0.221778,7,574.42,13.36
C0004505,SMB,North America,paid_search,2023-09-28,2023-10-23,26,1751.29,1328.82,422.47,0.241234,5,350.26,67.36
C0004507,SMB,EMEA,paid_search,2024-10-06,2025-12-10,431,4392.17,2963.94,1428.23,0.325176,17,258.36,10.19
C0004515,SMB,North America,paid_search,2023-08-28,2023-09-22,26,684.5,381.16,303.34,0.443156,3,228.17,26.33
C0004518,SMB,EMEA,paid_search,2024-09-05,2025-02-18,167,2412.18,1523.52,888.66,0.368405,10,241.22,14.44
C0004524,Startup,EMEA,paid_search,2025-10-28,2025-12-28,62,75.92,47.46,28.46,0.374868,2,37.96,1.22
C0004526,SMB,EMEA,paid_search,2025-02-20,2025-07-09,140,920.62,640.7,279.92,0.304056,5,184.12,6.58
C0004528,SMB,LATAM,paid_search,2025-05-23,2025-12-29,221,2277.57,1803.45,474.12,0.208169,9,253.06,10.31
C0004532,Mid-Market,North America,paid_search,2024-05-26,2024-09-05,103,2472.1,1653.86,818.24,0.33099,3,824.03,24.0
C0004533,Mid-Market,EMEA,paid_search,2025-04-23,2025-09-20,151,6146.9,4855.64,1291.26,0.210067,7,878.13,40.71
C0004541,Startup,EMEA,paid_search,2023-05-24,2023-07-25,63,65.54,47.47,18.07,0.275709,3,21.85,1.04
C0004543,SMB,EMEA,paid_search,,,0,0.0,0.0,0.0,0.0,0,0.0,0.0
C0004545,Startup,North America,paid_search,2024-07-12,2024-07-12,1,58.03,40.93,17.1,0.294675,1,58.03,58.03
C0004551,Mid-Market,APAC,paid_search,2023-05-17,2024-09-21,494,19589.62,15336.26,4253.36,0.217123,15,1305.97,39.66
C0004553,SMB,APAC,paid_search,,,0,0.0,0.0,0.0,0.0,0,0.0,0.0
C0004556,Startup,APAC,paid_search,2025-09-23,2025-09-23,1,94.94,59.91,35.03,0.36897,1,94.94,94.94
C0004561,Mid-Market,EMEA,paid_search,2025-12-27,2025-12-29,3,529.32,375.37,153.95,0.290845,2,264.66,176.44
C0004562,SMB,APAC,paid_search,2024-03-02,2024-05-15,75,8486.17,5634.55,2851.62,0.336031,4,2121.54,113.15
C0004568,Startup,North America,paid_search,2023-05-25,2023-05-25,1,73.92,43.15,30.77,0.416261,1,73.92,73.92
C0004572,SMB,North America,paid_search,2025-10-17,2025-10-17,1,60.36,41.93,18.43,0.305335,1,60.36,60.36
C0004591,Startup,APAC,paid_search,2024-03-13,2024-05-03,52,181.72,108.41,73.31,0.403423,2,90.86,3.49
C0004594,SMB,APAC,paid_search,2024-01-12,2024-12-03,327,2589.33,1661.54,927.79,0.358313,7,369.9,7.92
C0004602,SMB,North America,paid_search,2025-11-12,2025-11-28,17,405.31,242.19,163.12,0.402457,3,135.1,23.84
C0004604,SMB,North America,paid_search,2025-04-26,2025-12-27,246,986.74,600.07,386.67,0.391866,4,246.68,4.01
C0004605,Startup,North America,paid_search,2025-06-05,2025-08-08,65,75.93,60.5,15.43,0.203213,2,37.97,1.17
C0004607,Startup,North America,paid_search,2025-09-24,2025-12-18,86,464.28,321.53,142.75,0.307465,4,116.07,5.4
C0004616,SMB,North America,paid_search,2024-04-30,2024-11-18,203,1332.1,1044.7,287.4,0.21575,5,266.42,6.56
C0004617,SMB,North America,paid_search,2023-09-25,2025-12-09,807,4480.06,3005.48,1474.58,0.329143,24,186.67,5.55
C0004619,Startup,North America,paid_search,2024-10-31,2025-05-25,207,466.16,300.74,165.42,0.354857,4,116.54,2.25
C0004625,Startup,LATAM,paid_search,2023-07-26,2023-09-29,66,675.39,553.36,122.03,0.180681,3,225.13,10.23
C0004631,SMB,LATAM,paid_search,2024-04-12,2024-05-23,42,354.52,204.41,150.11,0.423418,4,88.63,8.44
C0004634,Startup,EMEA,paid_search,,,0,0.0,0.0,0.0,0.0,0,0.0,0.0
C0004636,Startup,EMEA,paid_search,2023-04-19,2023-09-18,153,481.99,305.11,176.88,0.366979,6,80.33,3.15
C0004637,Startup,North America,paid_search,2024-06-20,2024-11-28,162,227.87,146.88,80.99,0.355422,4,56.97,1.41
C0004640,Mid-Market,LATAM,paid_search,2024-01-31,2024-10-21,265,6874.17,5163.11,1711.06,0.248912,15,458.28,25.94
C0004641,Mid-Market,North America,paid_search,2024-01-14,2024-05-05,113,2059.12,1384.38,674.74,0.327684,7,294.16,18.22
C0004644,Enterprise,North America,paid_search,2023-04-11,2023-04-11,1,258.63,171.06,87.57,0.338592,1,258.63,258.63
C0004645,SMB,EMEA,paid_search,2024-08-01,2025-12-17,504,4755.78,3366.67,1389.11,0.292089,18,264.21,9.44
C0004649,Startup,LATAM,paid_search,2024-06-05,2024-06-05,1,33.16,23.82,9.34,0.281665,1,33.16,33.16
C0004653,SMB,EMEA,paid_search,2023-12-07,2023-12-07,1,90.57,65.14,25.43,0.280777,1,90.57,90.57
C0004656,Mid-Market,North America,paid_search,2025-10-03,2025-11-10,39,2103.29,1364.75,738.54,0.351136,5,420.66,53.93
C0004660,Mid-Market,North America,paid_search,2023-10-25,2024-02-20,119,8687.73,6398.78,2288.95,0.263469,7,1241.1,73.01
C0004673,Startup,North America,paid_search,2023-11-26,2023-12-10,15,163.21,98.41,64.8,0.397034,2,81.6,10.88
C0004674,Mid-Market,EMEA,paid_search,2024-04-22,2024-04-28,7,320.38,203.27,117.11,0.365535,2,160.19,45.77
C0004680,SMB,EMEA,paid_search,2025-11-19,2025-12-02,14,994.39,653.78,340.61,0.342532,2,497.2,71.03
C0004681,SMB,APAC,paid_search,2025-11-28,2025-11-28,1,269.55,156.08,113.47,0.420961,1,269.55,269.55
C0004682,SMB,North America,paid_search,2023-04-30,2025-03-07,678,2966.27,1869.11,1097.16,0.369879,13,228.17,4.38
C0004683,SMB,North America,paid_search,2025-07-17,2025-12-13,150,709.98,462.81,247.17,0.348137,5,142.0,4.73
C0004686,Mid-Market,EMEA,paid_search,2024-06-28,2025-08-14,413,8702.9,6708.94,1993.96,0.229114,18,483.49,21.07
C0004691,SMB,North America,paid_search,2024-11-28,2025-01-21,55,850.87,459.98,390.89,0.4594,2,425.44,15.47
C0004693,SMB,EMEA,paid_search,2025-06-24,2025-12-24,184,1462.57,1016.27,446.3,0.305148,5,292.51,7.95
C0004694,Startup,North America,paid_search,2025-12-10,2025-12-12,3,44.26,30.85,13.41,0.302982,2,22.13,14.75
C0004695,Mid-Market,APAC,paid_search,2024-10-07,2025-04-03,179,2847.14,1807.89,1039.25,0.365015,4,711.79,15.91
C0004697,SMB,North America,paid_search,2024-08-29,2025-07-21,327,2106.3,1503.54,602.76,0.28617,7,300.9,6.44
C0004699,Startup,North America,paid_search,2025-01-19,2025-11-19,305,249.82,196.6,53.22,0.213033,4,62.46,0.82
C0004700,Mid-Market,North America,paid_search,2025-10-02,2025-10-05,4,2962.54,2395.47,567.07,0.191413,3,987.51,740.64
C0004703,Startup,North America,paid_search,2024-06-26,2025-05-05,314,1503.26,1260.21,243.05,0.161682,11,136.66,4.79
C0004705,Mid-Market,EMEA,paid_search,2023-09-28,2023-11-02,36,4190.23,2803.45,1386.78,0.330956,6,698.37,116.4
C0004707,SMB,EMEA,paid_search,2023-09-03,2024-09-15,379,1278.56,1003.72,274.84,0.214961,7,182.65,3.37
C0004710,Startup,North America,paid_search,,,0,0.0,0.0,0.0,0.0,0,0.0,0.0
C0004711,SMB,North America,paid_search,,,0,0.0,0.0,0.0,0.0,0,0.0,0.0
C0004716,SMB,North America,paid_search,2023-12-25,2024-10-25,306,2060.21,1524.17,536.04,0.260187,11,187.29,6.73
C0004718,SMB,North America,paid_search,2025-03-07,2025-09-04,182,3774.06,2542.9,1231.16,0.326216,10,377.41,20.74
C0004720,SMB,LATAM,paid_search,2023-10-14,2024-08-09,301,1651.84,1206.78,445.06,0.269433,11,150.17,5.49
C0004722,SMB,EMEA,paid_search,2025-01-29,2025-04-08,70,477.35,284.99,192.36,0.402975,4,119.34,6.82
C0004729,Startup,North America,paid_search,2025-03-24,2025-06-02,71,198.39,151.03,47.36,0.238722,2,99.2,2.79
C0004749,SMB,EMEA,paid_search,,,0,0.0,0.0,0.0,0.0,0,0.0,0.0
C0004754,SMB,EMEA,paid_search,2025-01-08,2025-08-19,224,1045.28,651.7,393.58,0.376531,7,149.33,4.67
C0004759,SMB,LATAM,paid_search,2023-05-06,2023-06-13,39,298.14,248.69,49.45,0.165862,2,149.07,7.64
C0004779,Startup,LATAM,paid_search,2024-05-09,2025-07-16,434,2090.93,1578.32,512.61,0.245159,13,160.84,4.82
C0004784,Startup,EMEA,paid_search,2025-06-03,2025-12-07,188,523.26,296.21,227.05,0.433914,5,104.65,2.78
C0004788,SMB,North America,paid_search,,,0,0.0,0.0,0.0,0.0,0,0.0,0.0
C0004789,Mid-Market,EMEA,paid_search,2023-09-24,2025-05-15,600,5609.63,3815.6,1794.03,0.319813,15,373.98,9.35
C0004795,Startup,LATAM,paid_search,2024-05-22,2024-05-22,1,213.56,178.8,34.76,0.162765,1,213.56,213.56
C0004797,Enterprise,North America,paid_search,2023-12-17,2024-06-23,190,25303.42,22253.5,3049.92,0.120534,9,2811.49,133.18
C0004799,Startup,LATAM,paid_search,2025-11-01,2025-11-01,1,201.62,153.9,47.72,0.236683,1,201.62,201.62
C0004803,SMB,APAC,paid_search,2023-07-26,2024-02-01,191,1391.36,1049.99,341.37,0.24535,8,173.92,7.28
C0004806,Startup,North America,paid_search,2025-08-14,2025-08-14,1,105.42,73.58,31.84,0.30203,1,105.42,105.42
C0004807,Mid-Market,APAC,paid_search,2025-01-07,2025-04-10,94,622.69,442.51,180.18,0.289357,2,311.34,6.62
C0004811,Mid-Market,North America,paid_search,2025-01-15,2025-02-15,32,3693.49,2676.03,1017.46,0.275474,8,461.69,115.42
C0004825,SMB,EMEA,paid_search,2024-10-02,2025-11-06,401,1942.84,1337.67,605.17,0.311487,9,215.87,4.84
C0004830,Startup,EMEA,paid_search,,,0,0.0,0.0,0.0,0.0,0,0.0,0.0
C0004831,Mid-Market,EMEA,paid_search,2025-04-13,2025-12-20,252,8017.33,6038.53,1978.8,0.246815,14,572.67,31.81
C0004832,Mid-Market,APAC,paid_search,2024-06-02,2025-03-31,303,10918.68,7718.45,3200.23,0.293097,9,1213.19,36.04
C0004841,Startup,APAC,paid_search,2025-11-02,2025-12-24,53,847.47,747.65,99.82,0.117786,5,169.49,15.99
C0004846,SMB,North America,paid_search,2024-05-12,2024-11-13,186,2099.98,1707.33,392.65,0.186978,6,350.0,11.29
C0004848,SMB,LATAM,paid_search,2025-04-24,2025-12-11,232,1413.81,1023.47,390.34,0.276091,8,176.73,6.09
C0004850,SMB,APAC,paid_search,2025-07-24,2025-10-26,95,1011.46,612.68,398.78,0.394262,4,252.86,10.65
C0004855,SMB,North America,paid_search,2023-07-30,2023-08-11,13,696.69,553.67,143.02,0.205285,2,348.34,53.59
C0004865,SMB,North America,paid_search,2025-04-29,2025-12-20,236,930.25,795.47,134.78,0.144886,7,132.89,3.94
C0004866,SMB,North America,paid_search,,,0,0.0,0.0,0.0,0.0,0,0.0,0.0
C0004869,SMB,EMEA,paid_search,2024-10-25,2025-01-06,74,357.42,243.4,114.02,0.319008,2,178.71,4.83
C0004877,Startup,APAC,paid_search,2024-03-07,2024-12-26,295,1466.01,996.78,469.23,0.320073,8,183.25,4.97
C0004882,Enterprise,EMEA,paid_search,2025-03-21,2025-12-05,260,61628.45,48452.36,13176.09,0.213799,21,2934.69,237.03
C0004890,Startup,APAC,paid_search,2025-12-31,2025-12-31,1,162.74,131.38,31.36,0.1927,1,162.74,162.74
C0004895,SMB,North America,paid_search,2025-05-24,2025-05-24,1,44.36,28.51,15.85,0.357304,1,44.36,44.36
C0004905,SMB,EMEA,paid_search,,,0,0.0,0.0,0.0,0.0,0,0.0,0.0
C0004912,SMB,EMEA,paid_search,2024-12-28,2025-06-25,180,2092.74,1771.14,321.6,0.153674,6,348.79,11.63
C0004914,Mid-Market,LATAM,paid_search,2025-12-28,2025-12-28,1,674.55,546.78,127.77,0.189415,1,674.55,674.55
C0004917,Mid-Market,North America,paid_search,2025-06-30,2025-11-28,152,3924.35,2289.94,1634.41,0.416479,4,981.09,25.82
C0004944,SMB,North America,paid_search,2025-12-26,2025-12-26,1,502.75,377.19,125.56,0.249746,1,502.75,502.75
C0004945,SMB,EMEA,paid_search,2025-01-28,2025-12-11,318,919.82,554.02,365.8,0.397687,6,153.3,2.89
C0004948,SMB,EMEA,paid_search,2025-07-30,2025-09-05,38,305.05,225.75,79.3,0.259957,2,152.52,8.03
C0004957,Mid-Market,North America,paid_search,2025-09-27,2025-09-27,1,869.27,654.85,214.42,0.246667,1,869.27,869.27
C0004960,Mid-Market,EMEA,paid_search,,,0,0.0,0.0,0.0,0.0,0,0.0,0.0
C0004962,Startup,LATAM,paid_search,2023-12-22,2024-01-21,31,601.63,394.23,207.4,0.34473,2,300.82,19.41
C0004969,Startup,LATAM,paid_search,2023-05-17,2023-05-17,1,88.73,46.66,42.07,0.474135,1,88.73,88.73
C0004973,SMB,LATAM,paid_search,2024-06-01,2024-11-27,180,531.49,300.83,230.66,0.433987,3,177.16,2.95
C0004975,Mid-Market,North America,paid_search,2025-03-02,2025-12-27,301,8838.48,6773.48,2065.0,0.233637,13,679.88,29.36
C0004987,Startup,North America,paid_search,2025-05-14,2025-08-09,88,203.99,123.24,80.75,0.395853,2,101.99,2.32
C0004990,Startup,North America,paid_search,2023-09-15,2024-03-17,185,622.46,381.71,240.75,0.386772,6,103.74,3.36
C0004992,Startup,North America,paid_search,2025-10-18,2025-10-18,1,382.26,220.29,161.97,0.423717,1,382.26,382.26
C0004996,SMB,EMEA,paid_search,2024-03-09,2024-05-01,54,517.04,339.58,177.46,0.343223,2,258.52,9.57
C0004999,SMB,North America,paid_search,,,0,0.0,0.0,0.0,0.0,0,0.0,0.0
C0005004,Startup,APAC,paid_search,2024-02-24,2024-02-24,1,123.03,78.39,44.64,0.362838,1,123.03,123.03
C0005005,Startup,EMEA,paid_search,2023-03-30,2024-01-20,297,1075.99,708.77,367.22,0.341286,5,215.2,3.62
C0005022,SMB,LATAM,paid_search,,,0,0.0,0.0,0.0,0.0,0,0.0,0.0
C0005033,Startup,North America,paid_search,2023-06-06,2023-06-06,1,50.28,33.38,16.9,0.336118,1,50.28,50.28
C0005050,SMB,EMEA,paid_search,,,0,0.0,0.0,0.0,0.0,0,0.0,0.0
C0005056,SMB,North America,paid_search,2024-05-13,2024-06-16,35,1666.87,1080.52,586.35,0.351767,4,416.72,47.62
C0005059,Startup,EMEA,paid_search,2025-03-19,2025-10-17,213,721.32,604.17,117.15,0.162411,5,144.26,3.39
C0005060,Mid-Market,EMEA,paid_search,2023-06-10,2024-09-19,468,9537.38,6079.91,3457.47,0.362518,16,596.09,20.38
C0005061,SMB,EMEA,paid_search,2023-11-18,2024-10-06,324,1438.02,1158.05,279.97,0.194691,7,205.43,4.44
C0005062,SMB,North America,paid_search,2023-11-13,2024-03-25,134,310.07,160.03,150.04,0.483891,2,155.04,2.31
C0005082,SMB,APAC,paid_search,2025-03-13,2025-07-09,119,656.96,499.01,157.95,0.240426,3,218.99,5.52
C0005087,Mid-Market,North America,paid_search,2025-07-30,2025-11-06,100,9785.73,7828.27,1957.46,0.200032,6,1630.96,97.86
C0005088,Mid-Market,EMEA,paid_search,2024-11-07,2025-03-26,140,1741.82,1251.21,490.61,0.281665,2,870.91,12.44
C0005090,Startup,North America,paid_search,2024-04-30,2024-09-12,136,59.34,42.15,17.19,0.289687,2,29.67,0.44
C0005095,Startup,EMEA,paid_search,,,0,0.0,0.0,0.0,0.0,0,0.0,0.0
C0005101,Startup,North America,paid_search,,,0,0.0,0.0,0.0,0.0,0,0.0,0.0
C0005102,SMB,North America,paid_search,2024-04-27,2024-06-02,37,438.82,247.85,190.97,0.43519,4,109.7,11.86
C0005108,Startup,EMEA,paid_search,2024-05-24,2024-08-20,89,687.63,453.4,234.23,0.340634,3,229.21,7.73
C0005114,Startup,North America,paid_search,2025-11-30,2025-11-30,1,43.05,28.29,14.76,0.342857,1,43.05,43.05
C0005116,Enterprise,APAC,paid_search,,,0,0.0,0.0,0.0,0.0,0,0.0,0.0
C0005118,Startup,APAC,paid_search,2025-11-28,2025-12-13,16,559.14,411.23,147.91,0.264531,2,279.57,34.95
C0005139,Startup,LATAM,paid_search,2024-03-25,2024-07-04,102,668.59,478.92,189.67,0.283687,4,167.15,6.55
C0005142,SMB,EMEA,paid_search,2025-02-27,2025-06-19,113,1803.42,1329.17,474.25,0.262973,7,257.63,15.96
C0005154,Mid-Market,North America,paid_search,2024-01-28,2025-05-20,479,9241.73,6583.3,2658.43,0.287655,20,462.09,19.29
C0005165,Startup,EMEA,paid_search,2025-05-08,2025-12-30,237,463.51,307.38,156.13,0.336843,9,51.5,1.96
C0005175,SMB,North America,paid_search,2023-12-26,2024-02-10,47,1558.94,1018.85,540.09,0.346447,5,311.79,33.17
C0005180,Mid-Market,APAC,paid_search,2025-03-13,2025-05-11,60,1827.04,1137.4,689.64,0.377463,3,609.01,30.45
C0005186,Startup,APAC,paid_search,2025-10-09,2025-11-28,51,380.04,221.63,158.41,0.416825,2,190.02,7.45
C0005191,SMB,APAC,paid_search,,,0,0.0,0.0,0.0,0.0,0,0.0,0.0
C0005197,Startup,EMEA,paid_search,2024-11-09,2024-12-30,52,476.3,272.45,203.85,0.427987,5,95.26,9.16
C0005206,SMB,North America,paid_search,2023-04-02,2024-11-23,602,26419.24,19188.39,7230.85,0.273696,18,1467.74,43.89
C0005209,Enterprise,North America,paid_search,2023-06-01,2024-02-27,272,40727.2,34589.85,6137.35,0.150694,15,2715.15,149.73
C0005210,Mid-Market,EMEA,paid_search,2023-05-25,2024-04-26,338,11500.23,8735.31,2764.92,0.240423,18,638.9,34.02
C0005213,SMB,EMEA,paid_search,2025-12-14,2025-12-23,10,638.79,510.61,128.18,0.200661,2,319.4,63.88
C0005220,Startup,North America,paid_search,2023-08-24,2024-12-08,473,1790.83,1495.53,295.3,0.164896,11,162.8,3.79
C0005227,Startup,LATAM,paid_search,2023-10-10,2024-02-23,137,300.92,187.62,113.3,0.376512,3,100.31,2.2
C0005232,SMB,North America,paid_search,2025-12-12,2025-12-23,12,348.07,236.82,111.25,0.31962,2,174.04,29.01
C0005234,SMB,North America,paid_search,2024-10-13,2025-12-09,423,3250.58,2414.62,835.96,0.257173,10,325.06,7.68
C0005235,Mid-Market,EMEA,paid_search,2025-06-23,2025-11-21,152,23453.75,16048.32,7405.43,0.315746,14,1675.27,154.3
C0005240,SMB,North America,paid_search,2025-02-23,2025-06-03,101,896.06,517.82,378.24,0.422115,5,179.21,8.87
C0005241,Enterprise,North America,paid_search,2023-09-24,2025-02-13,509,42628.05,34310.16,8317.89,0.195127,36,1184.11,83.75
C0005242,SMB,North America,paid_search,2024-06-06,2024-06-06,1,178.04,134.16,43.88,0.246461,1,178.04,178.04
C0005244,Mid-Market,North America,paid_search,2024-03-22,2024-11-15,239,10416.23,6890.29,3525.94,0.338504,13,801.25,43.58
C0005249,SMB,LATAM,paid_search,2023-08-26,2024-01-05,133,879.84,700.6,179.24,0.203719,4,219.96,6.62
C0005252,Enterprise,EMEA,paid_search,,,0,0.0,0.0,0.0,0.0,0,0.0,0.0
C0005254,SMB,EMEA,paid_search,2025-08-19,2025-10-08,51,946.36,766.29,180.07,0.190276,4,236.59,18.56
C0005257,SMB,North America,paid_search,2025-04-21,2025-10-22,185,692.86,484.05,208.81,0.301374,5,138.57,3.75
C0005263,SMB,LATAM,paid_search,2023-10-24,2023-12-27,65,3662.59,2886.29,776.3,0.211954,4,915.65,56.35
C0005264,Startup,EMEA,paid_search,2025-10-19,2025-10-20,2,147.47,97.05,50.42,0.3419,2,73.74,73.74
C0005278,Mid-Market,LATAM,paid_search,2025-06-12,2025-06-27,16,1720.83,1307.61,413.22,0.240128,3,573.61,107.55
C0005282,SMB,LATAM,paid_search,2024-08-04,2025-12-14,498,3514.99,2347.74,1167.25,0.332078,14,251.07,7.06
C0005286,Startup,North America,paid_search,2023-07-30,2024-09-13,412,1109.25,794.21,315.04,0.284012,7,158.46,2.69
C0005288,Startup,LATAM,paid_search,2025-03-24,2025-08-14,144,584.79,319.15,265.64,0.454249,3,194.93,4.06
C0005297,SMB,EMEA,paid_search,,,0,0.0,0.0,0.0,0.0,0,0.0,0.0
C0005299,SMB,EMEA,paid_search,2024-05-07,2024-11-30,208,2331.32,1715.91,615.41,0.263975,8,291.42,11.21
C0005311,Startup,LATAM,paid_search,2024-09-30,2024-09-30,1,218.37,138.2,80.17,0.367129,1,218.37,218.37
C0005312,SMB,APAC,paid_search,2024-03-23,2025-06-04,439,395.28,290.1,105.18,0.26609,4,98.82,0.9
C0005316,SMB,EMEA,paid_search,2024-09-04,2024-09-04,1,289.31,187.17,102.14,0.353047,1,289.31,289.31
C0005328,Startup,North America,paid_search,2025-11-25,2025-11-25,1,30.17,21.24,8.93,0.295989,1,30.17,30.17
C0005330,Mid-Market,North America,paid_search,2024-06-24,2024-07-09,16,1163.85,689.6,474.25,0.407484,3,387.95,72.74
C0005331,Startup,North America,paid_search,2025-08-07,2025-09-23,48,491.86,294.63,197.23,0.400988,3,163.95,10.25
C0005333,SMB,LATAM,paid_search,2024-06-22,2024-06-22,1,59.57,31.52,28.05,0.470875,1,59.57,59.57
C0005334,SMB,EMEA,paid_search,2024-03-01,2025-05-02,428,2666.41,1826.04,840.37,0.315169,12,222.2,6.23
C0005335,Startup,LATAM,paid_search,2024-07-17,2024-09-27,73,499.67,306.05,193.62,0.387496,4,124.92,6.84
C0005336,SMB,APAC,paid_search,2025-07-21,2025-07-21,1,551.88,338.29,213.59,0.387023,1,551.88,551.88
C0005347,Startup,North America,paid_search,2025-07-01,2025-11-10,133,248.24,151.33,96.91,0.390388,5,49.65,1.87
C0005351,SMB,APAC,paid_search,,,0,0.0,0.0,0.0,0.0,0,0.0,0.0
C0005354,Startup,APAC,paid_search,,,0,0.0,0.0,0.0,0.0,0,0.0,0.0
C0005357,SMB,North America,paid_search,2025-05-28,2025-07-16,50,949.61,592.8,356.81,0.375744,2,474.8,18.99
C0005359,SMB,North America,paid_search,2024-08-24,2025-06-17,298,3011.44,2072.07,939.37,0.311934,13,231.65,10.11
C0005361,Startup,APAC,paid_search,2025-04-22,2025-12-06,229,801.99,593.67,208.32,0.259754,8,100.25,3.5
C0005362,Enterprise,LATAM,paid_search,2023-06-03,2023-06-14,12,7273.78,6244.29,1029.49,0.141534,5,1454.76,606.15
C0005365,Mid-Market,North America,paid_search,2025-12-11,2025-12-11,1,492.78,406.14,86.64,0.175819,1,492.78,492.78
C0005374,SMB,North America,paid_search,2025-06-10,2025-12-11,185,3840.51,2315.46,1525.05,0.397096,9,426.72,20.76
C0005375,SMB,North America,paid_search,2025-04-22,2025-04-22,1,62.94,41.11,21.83,0.346838,1,62.94,62.94
C0005384,Startup,North America,paid_search,2024-01-18,2024-02-16,30,149.47,98.86,50.61,0.338596,3,49.82,4.98
C0005385,Enterprise,APAC,paid_search,2024-03-05,2025-01-02,304,33177.93,25742.96,7434.97,0.224094,20,1658.9,109.14
C0005390,Mid-Market,North America,paid_search,,,0,0.0,0.0,0.0,0.0,0,0.0,0.0
C0005396,SMB,EMEA,paid_search,2024-09-15,2024-11-11,58,551.62,353.87,197.75,0.35849,3,183.87,9.51
C0005398,SMB,North America,paid_search,2024-08-04,2024-08-04,1,203.13,137.35,65.78,0.323832,1,203.13,203.13
C0005399,SMB,APAC,paid_search,2025-06-01,2025-12-29,212,3712.9,2713.04,999.86,0.269294,11,337.54,17.51
C0005401,Startup,North America,paid_search,2025-06-08,2025-06-08,1,89.7,61.77,27.93,0.311371,1,89.7,89.7
C0005412,SMB,North America,paid_search,2025-07-21,2025-07-21,1,187.17,148.61,38.56,0.206016,1,187.17,187.17
C0005413,SMB,LATAM,paid_search,2024-08-03,2024-12-28,148,3073.22,2464.85,608.37,0.197958,8,384.15,20.76
C0005415,Mid-Market,APAC,paid_search,2025-06-25,2025-11-04,133,6057.5,4842.14,1215.36,0.200637,7,865.36,45.55
C0005420,Mid-Market,APAC,paid_search,2024-09-06,2024-09-29,24,2530.38,1559.17,971.21,0.38382,2,1265.19,105.43
C0005425,Enterprise,North America,paid_search,,,0,0.0,0.0,0.0,0.0,0,0.0,0.0
C0005427,Startup,North America,paid_search,,,0,0.0,0.0,0.0,0.0,0,0.0,0.0
C0005428,Startup,North America,paid_search,2025-08-26,2025-12-19,116,422.92,324.21,98.71,0.233401,4,105.73,3.65
C0005435,SMB,LATAM,paid_search,2025-08-31,2025-09-23,24,478.19,275.35,202.84,0.424183,2,239.09,19.92
C0005437,Startup,North America,paid_search,2025-10-02,2025-12-04,64,226.27,163.5,62.77,0.277412,2,113.14,3.54
C0005441,Startup,APAC,paid_search,2023-08-31,2025-07-18,688,1736.56,1104.22,632.34,0.364134,14,124.04,2.52
C0005443,Enterprise,North America,paid_search,2025-08-25,2025-09-11,18,3361.18,2831.34,529.84,0.157635,4,840.3,186.73
C0005444,Startup,North America,paid_search,2025-06-25,2025-06-29,5,1224.37,821.54,402.83,0.32901,3,408.12,244.87
C0005453,Startup,North America,paid_search,2025-11-30,2025-11-30,1,46.0,24.69,21.31,0.463261,1,46.0,46.0
C0005456,Startup,EMEA,paid_search,2025-02-11,2025-09-01,203,1074.47,683.15,391.32,0.364198,7,153.5,5.29
C0005464,Mid-Market,EMEA,paid_search,2025-06-26,2025-12-10,168,13423.1,9388.11,4034.99,0.3006,7,1917.59,79.9
C0005467,SMB,LATAM,paid_search,2025-09-21,2025-09-21,1,1034.96,692.12,342.84,0.331259,1,1034.96,1034.96
C0005468,Mid-Market,North America,paid_search,2023-10-21,2023-12-01,42,2826.67,1590.94,1235.73,0.437168,5,565.33,67.3
C0005472,Startup,North America,paid_search,2023-05-26,2024-05-01,342,2479.66,1634.77,844.89,0.340728,8,309.96,7.25
C0005473,Enterprise,APAC,paid_search,2025-11-26,2025-12-31,36,13197.19,9513.63,3683.56,0.279117,6,2199.53,366.59
C0005474,Mid-Market,LATAM,paid_search,2024-04-21,2025-02-01,287,5292.44,3583.99,1708.45,0.32281,16,330.78,18.44
C0005479,Startup,North America,paid_search,,,0,0.0,0.0,0.0,0.0,0,0.0,0.0
C0005487,Startup,LATAM,paid_search,2025-11-13,2025-11-13,1,112.38,90.2,22.18,0.197366,1,112.38,112.38
C0005490,Startup,North America,paid_search,2025-08-14,2025-08-14,1,29.57,18.94,10.63,0.359486,1,29.57,29.57
C0005498,Startup,North America,paid_search,2024-05-20,2024-06-29,41,261.53,166.57,94.96,0.363094,2,130.76,6.38
C0005501,SMB,LATAM,paid_search,2023-11-20,2025-01-25,433,3222.32,2429.38,792.94,0.246077,10,322.23,7.44
C0005508,Startup,EMEA,paid_search,2024-11-01,2025-06-05,217,665.27,503.91,161.36,0.242548,6,110.88,3.07
C0005518,Startup,APAC,paid_search,2024-03-14,2024-04-02,20,458.52,291.89,166.63,0.363408,3,152.84,22.93
C0005519,SMB,EMEA,paid_search,2023-10-16,2023-10-16,1,15.36,9.52,5.84,0.380208,1,15.36,15.36
C0005523,Startup,APAC,paid_search,2025-01-04,2025-11-29,330,905.15,646.2,258.95,0.286085,8,113.14,2.74
C0005529,SMB,North America,paid_search,,,0,0.0,0.0,0.0,0.0,0,0.0,0.0
C0005530,SMB,North America,paid_search,2025-08-19,2025-08-31,13,284.21,180.52,103.69,0.364836,3,94.74,21.86
C0005531,SMB,EMEA,paid_search,2024-06-28,2024-06-28,1,191.47,109.49,81.98,0.428161,1,191.47,191.47
C0005532,Mid-Market,North America,paid_search,2025-11-01,2025-11-01,1,784.44,609.4,175.04,0.22314,1,784.44,784.44
C0005545,Mid-Market,EMEA,paid_search,2025-08-04,2025-09-12,40,2778.44,2116.08,662.36,0.238393,3,926.15,69.46
C0005548,SMB,APAC,paid_search,2025-04-03,2025-04-03,1,72.49,44.22,28.27,0.389985,1,72.49,72.49
C0005549,SMB,EMEA,paid_search,2025-06-25,2025-12-23,182,1124.65,745.61,379.04,0.337029,6,187.44,6.18
C0005550,Startup,APAC,paid_search,2024-11-04,2024-12-01,28,382.98,333.75,49.23,0.128545,2,191.49,13.68
C0005552,Mid-Market,North America,paid_search,2023-05-16,2023-06-14,30,1074.01,714.72,359.29,0.334531,4,268.5,35.8
C0005557,SMB,EMEA,paid_search,2024-09-17,2024-09-17,1,83.4,51.18,32.22,0.386331,1,83.4,83.4
C0005559,Startup,EMEA,paid_search,,,0,0.0,0.0,0.0,0.0,0,0.0,0.0
C0005568,SMB,EMEA,paid_search,2023-10-22,2024-12-07,413,5806.29,4163.82,1642.47,0.282878,14,414.74,14.06
C0005573,Mid-Market,APAC,paid_search,2024-12-22,2024-12-22,1,353.49,194.28,159.21,0.450395,1,353.49,353.49
C0005574,SMB,APAC,paid_search,2025-10-20,2025-10-20,1,247.06,192.86,54.2,0.21938,1,247.06,247.06
C0005576,Mid-Market,LATAM,paid_search,2023-08-29,2024-03-31,216,2225.62,1447.32,778.3,0.3497,7,317.95,10.3
C0005578,Startup,North America,paid_search,,,0,0.0,0.0,0.0,0.0,0,0.0,0.0
C0005579,Startup,North America,paid_search,2025-09-29,2025-09-29,1,243.42,141.87,101.55,0.41718,1,243.42,243.42
C0005595,Mid-Market,APAC,paid_search,2025-02-21,2025-12-10,293,10934.63,8668.92,2265.71,0.207205,15,728.98,37.32
C0005597,SMB,North America,paid_search,,,0,0.0,0.0,0.0,0.0,0,0.0,0.0
C0005607,SMB,North America,paid_search,2023-05-07,2023-10-22,169,1233.62,795.95,437.67,0.354785,4,308.4,7.3
C0005611,Mid-Market,EMEA,paid_search,2023-04-17,2023-04-17,1,642.93,469.31,173.62,0.270045,1,642.93,642.93
C0005616,Mid-Market,North America,paid_search,2024-06-19,2025-03-31,286,12154.78,7543.92,4610.86,0.379345,12,1012.9,42.5
C0005620,Mid-Market,EMEA,paid_search,2023-10-02,2024-02-28,150,15820.45,12251.57,3568.88,0.225587,9,1757.83,105.47
C0005626,Mid-Market,North America,paid_search,2025-03-20,2025-09-04,169,5044.59,3232.14,1812.45,0.359286,11,458.6,29.85
C0005631,SMB,LATAM,paid_search,2024-09-30,2025-04-12,195,2878.12,2128.14,749.98,0.26058,7,411.16,14.76
C0005632,SMB,EMEA,paid_search,2024-04-02,2025-10-29,576,5411.25,3696.66,1714.59,0.316857,19,284.8,9.39
C0005635,Startup,North America,paid_search,2023-07-31,2023-10-12,74,101.17,71.21,29.96,0.296135,3,33.72,1.37
C0005645,SMB,North America,paid_search,2025-03-31,2025-03-31,1,506.89,338.08,168.81,0.333031,2,253.44,506.89
C0005652,SMB,EMEA,paid_search,2024-11-20,2025-11-30,376,5508.27,3878.47,1629.8,0.295882,19,289.91,14.65
C0005655,SMB,North America,paid_search,2024-04-27,2024-12-11,229,492.47,312.19,180.28,0.366073,3,164.16,2.15
C0005656,Startup,North America,paid_search,2024-01-10,2024-01-17,8,289.11,192.84,96.27,0.332987,2,144.56,36.14
C0005660,SMB,EMEA,paid_search,2025-06-30,2025-12-11,165,1082.91,760.83,322.08,0.297421,5,216.58,6.56
C0005665,Startup,APAC,paid_search,2024-01-22,2025-07-08,534,890.21,550.24,339.97,0.381899,8,111.28,1.67
C0005667,SMB,LATAM,paid_search,2024-03-19,2025-04-06,384,4597.87,2843.19,1754.68,0.381629,14,328.42,11.97
C0005669,SMB,North America,paid_search,2025-07-03,2025-09-17,77,330.25,200.03,130.22,0.394307,2,165.12,4.29
C0005670,Startup,North America,paid_search,2025-09-15,2025-12-30,107,503.48,352.07,151.41,0.300727,5,100.7,4.71
C0005672,Startup,North America,paid_search,,,0,0.0,0.0,0.0,0.0,0,0.0,0.0
C0005676,SMB,North America,paid_search,,,0,0.0,0.0,0.0,0.0,0,0.0,0.0
C0005679,Startup,North America,paid_search,2025-07-09,2025-07-09,1,52.76,39.57,13.19,0.25,1,52.76,52.76
C0005687,Enterprise,North America,paid_search,2023-05-19,2024-03-19,306,32009.1,26741.42,5267.68,0.164568,20,1600.46,104.6
C0005692,Mid-Market,APAC,paid_search,2023-07-23,2024-01-05,167,4613.28,3824.61,788.67,0.170956,6,768.88,27.62
C0005694,Startup,EMEA,paid_search,2025-09-24,2025-11-17,55,486.38,327.6,158.78,0.326453,3,162.13,8.84
C0005697,SMB,APAC,paid_search,2023-08-24,2024-02-29,190,1754.45,1223.64,530.81,0.302551,7,250.64,9.23
C0005704,Startup,LATAM,paid_search,2025-07-24,2025-08-27,35,828.19,540.11,288.08,0.347843,3,276.06,23.66
C0005705,Startup,EMEA,paid_search,2025-01-31,2025-10-14,257,1148.55,947.43,201.12,0.175108,12,95.71,4.47
C0005706,Mid-Market,LATAM,paid_search,2024-11-05,2025-07-20,258,3308.55,2426.94,881.61,0.266464,7,472.65,12.82
C0005711,Mid-Market,North America,paid_search,2025-07-25,2025-10-07,75,811.72,498.38,313.34,0.38602,3,270.57,10.82
C0005714,Mid-Market,EMEA,paid_search,2025-05-21,2025-07-26,67,2531.97,1740.2,791.77,0.312709,3,843.99,37.79
C0005716,Startup,EMEA,paid_search,2023-12-31,2024-06-17,170,460.71,321.49,139.22,0.302186,4,115.18,2.71
C0005719,Startup,EMEA,paid_search,2023-08-08,2024-04-02,239,822.11,520.71,301.4,0.366618,6,137.02,3.44
C0005722,Enterprise,North America,paid_search,2023-08-03,2023-12-02,122,17754.65,14036.73,3717.92,0.209405,12,1479.55,145.53
C0005725,Enterprise,North America,paid_search,,,0,0.0,0.0,0.0,0.0,0,0.0,0.0
C0005728,Startup,North America,paid_search,2024-07-24,2025-08-09,382,3232.86,2136.1,1096.76,0.339254,16,202.05,8.46
C0005732,Startup,EMEA,paid_search,2025-10-25,2025-12-02,39,479.2,336.64,142.56,0.297496,3,159.73,12.29
C0005733,Mid-Market,EMEA,paid_search,2025-05-19,2025-08-13,87,8658.79,6659.72,1999.07,0.230872,6,1443.13,99.53
C0005751,Enterprise,EMEA,paid_search,2023-04-14,2023-07-13,91,29505.5,23276.29,6229.21,0.21112,9,3278.39,324.24
C0005759,Startup,EMEA,paid_search,2024-03-08,2024-07-26,141,701.15,447.07,254.08,0.362376,4,175.29,4.97
C0005764,Startup,North America,paid_search,,,0,0.0,0.0,0.0,0.0,0,0.0,0.0
C0005765,Startup,North America,paid_search,2025-01-22,2025-11-25,308,1264.62,757.24,507.38,0.401211,8,158.08,4.11
C0005767,SMB,North America,paid_search,2024-07-20,2025-03-10,234,2049.23,1192.96,856.27,0.41785,8,256.15,8.76
C0005769,SMB,APAC,paid_search,2024-07-28,2024-10-10,75,1507.54,1066.84,440.7,0.292331,4,376.88,20.1
C0005776,Startup,LATAM,paid_search,2023-04-03,2023-04-03,1,19.8,14.76,5.04,0.254545,1,19.8,19.8
C0005778,SMB,EMEA,paid_search,2025-02-04,2025-02-04,1,173.76,122.43,51.33,0.295407,1,173.76,173.76
C0005780,SMB,APAC,paid_search,2023-06-18,2023-06-18,1,171.57,120.67,50.9,0.296672,1,171.57,171.57
C0005785,SMB,EMEA,paid_search,2024-04-07,2024-05-06,30,573.93,443.15,130.78,0.227868,2,286.97,19.13
C0005798,SMB,EMEA,paid_search,2025-10-31,2025-12-30,61,381.63,249.93,131.7,0.345099,2,190.82,6.26
C0005801,SMB,LATAM,paid_search,2024-12-13,2025-11-30,353,2812.1,2062.36,749.74,0.266612,8,351.51,7.97
C0005804,SMB,EMEA,paid_search,2025-02-16,2025-10-01,228,287.07,155.61,131.46,0.457937,3,95.69,1.26
C0005808,SMB,LATAM,paid_search,2025-09-07,2025-09-07,1,45.4,26.27,19.13,0.421366,1,45.4,45.4
C0005810,Enterprise,LATAM,paid_search,2025-08-08,2025-10-22,76,12618.72,9808.41,2810.31,0.22271,5,2523.74,166.04
C0005814,SMB,North America,paid_search,2025-06-30,2025-09-28,91,132.18,88.9,43.28,0.327432,2,66.09,1.45
C0005815,SMB,EMEA,paid_search,2025-02-21,2025-07-19,149,571.17,404.92,166.25,0.291069,4,142.79,3.83
C0005821,SMB,EMEA,paid_search,2025-05-27,2025-10-23,150,469.41,300.27,169.14,0.360325,4,117.35,3.13
C0005828,SMB,LATAM,paid_search,2024-03-21,2025-07-13,480,6641.61,5275.15,1366.46,0.205742,11,603.78,13.84
C0005834,Startup,EMEA,paid_search,2025-05-04,2025-12-17,228,583.01,535.38,47.63,0.081697,5,116.6,2.56
C0005840,Startup,LATAM,paid_search,2023-12-31,2024-03-08,69,178.69,110.71,67.98,0.380435,4,44.67,2.59
C0005841,Mid-Market,LATAM,paid_search,2024-07-31,2025-01-24,178,7565.52,6077.38,1488.14,0.1967,8,945.69,42.5
C0005845,Startup,North America,paid_search,2025-03-10,2025-03-23,14,177.29,133.4,43.89,0.24756,2,88.65,12.66
C0005846,SMB,APAC,paid_search,2025-11-12,2025-11-12,1,1550.51,1364.56,185.95,0.119928,1,1550.51,1550.51
C0005847,Startup,North America,paid_search,2025-12-04,2025-12-04,1,17.97,11.65,6.32,0.351697,1,17.97,17.97
C0005849,SMB,North America,paid_search,2024-01-07,2024-01-07,1,939.35,684.03,255.32,0.271805,2,469.67,939.35
C0005850,Startup,EMEA,paid_search,2025-07-29,2025-12-24,149,822.39,628.02,194.37,0.236348,4,205.6,5.52
C0005858,SMB,APAC,paid_search,2025-01-16,2025-10-17,275,2107.57,1590.72,516.85,0.245235,5,421.51,7.66
C0005859,SMB,North America,paid_search,2025-03-31,2025-12-08,253,889.14,664.82,224.32,0.252289,6,148.19,3.51
C0005861,Startup,APAC,paid_search,2025-08-02,2025-11-09,100,227.63,185.51,42.12,0.185037,3,75.88,2.28
C0005864,SMB,North America,paid_search,2025-07-07,2025-12-28,175,855.48,618.26,237.22,0.277295,3,285.16,4.89
C0005865,Enterprise,EMEA,paid_search,2025-06-10,2025-11-23,167,14244.08,10720.28,3523.8,0.247387,8,1780.51,85.29
C0005866,SMB,LATAM,paid_search,2024-06-10,2025-02-01,237,1214.32,855.19,359.13,0.295746,5,242.86,5.12
C0005868,Startup,North America,paid_search,2025-06-09,2025-12-29,204,266.65,214.31,52.34,0.196287,4,66.66,1.31
C0005879,SMB,LATAM,paid_search,2025-07-11,2025-09-24,76,864.0,562.43,301.57,0.349039,4,216.0,11.37
C0005881,SMB,EMEA,paid_search,2024-05-27,2024-08-07,73,3618.57,2271.9,1346.67,0.372155,4,904.64,49.57
C0005883,Startup,EMEA,paid_search,2025-08-29,2025-12-10,104,234.16,207.26,26.9,0.114879,3,78.05,2.25
C0005884,SMB,EMEA,paid_search,2025-12-25,2025-12-25,1,197.93,122.33,75.6,0.381953,1,197.93,197.93
C0005893,SMB,North America,paid_search,,,0,0.0,0.0,0.0,0.0,0,0.0,0.0
C0005897,Enterprise,North America,paid_search,2023-08-14,2025-12-06,846,145733.41,114537.28,31196.13,0.214063,70,2081.91,172.26
C0005898,Mid-Market,North America,paid_search,2025-10-01,2025-10-03,3,1168.23,826.44,341.79,0.292571,4,292.06,389.41
C0005899,Startup,LATAM,paid_search,2025-02-02,2025-05-31,119,1112.28,822.92,289.36,0.26015,6,185.38,9.35
C0005903,Startup,EMEA,paid_search,2023-09-20,2023-10-07,18,397.72,260.69,137.03,0.344539,4,99.43,22.1
C0005908,Mid-Market,EMEA,paid_search,2025-04-25,2025-07-04,71,3521.25,2604.12,917.13,0.260456,4,880.31,49.6
C0005911,Enterprise,EMEA,paid_search,,,0,0.0,0.0,0.0,0.0,0,0.0,0.0
C0005915,Startup,LATAM,paid_search,2024-05-08,2024-05-08,1,19.52,12.75,6.77,0.346824,1,19.52,19.52
C0005916,Enterprise,EMEA,paid_search,2025-03-14,2025-09-06,177,60702.12,47415.29,13286.83,0.218886,17,3570.71,342.95
C0005918,SMB,North America,paid_search,2025-08-20,2025-12-16,119,1136.34,699.78,436.56,0.384181,3,378.78,9.55
C0005924,SMB,LATAM,paid_search,2024-06-02,2025-07-25,419,2928.55,2051.0,877.55,0.299653,12,244.05,6.99
C0005925,SMB,APAC,paid_search,2025-04-27,2025-08-12,108,1318.07,917.06,401.01,0.30424,5,263.61,12.2
C0005932,SMB,APAC,paid_search,2024-03-15,2025-12-24,650,6040.37,4122.88,1917.49,0.317446,20,302.02,9.29
C0005934,SMB,APAC,paid_search,,,0,0.0,0.0,0.0,0.0,0,0.0,0.0
C0005936,SMB,APAC,paid_search,2025-02-26,2025-12-08,286,941.04,623.09,317.95,0.337871,7,134.43,3.29
C0005938,Startup,EMEA,paid_search,2024-08-24,2025-06-16,297,1129.75,951.95,177.8,0.15738,8,141.22,3.8
C0005940,SMB,LATAM,paid_search,2025-09-22,2025-10-15,24,489.9,410.6,79.3,0.16187,2,244.95,20.41
C0005944,Startup,EMEA,paid_search,2025-08-24,2025-08-24,1,193.71,137.38,56.33,0.290796,1,193.71,193.71
C0005947,Startup,APAC,paid_search,2023-04-28,2023-06-09,43,439.35,337.96,101.39,0.230773,3,146.45,10.22
C0005957,SMB,EMEA,paid_search,2025-03-16,2025-03-16,1,68.96,46.51,22.45,0.325551,1,68.96,68.96
C0005961,Startup,North America,paid_search,2023-02-09,2024-08-05,544,1514.11,934.59,579.52,0.382746,13,116.47,2.78
C0005962,SMB,North America,paid_search,2023-10-30,2023-10-30,1,78.07,49.43,28.64,0.36685,1,78.07,78.07
C0005963,SMB,EMEA,paid_search,2024-12-23,2025-12-13,356,1632.38,1194.74,437.64,0.268099,5,326.48,4.59
C0005975,Mid-Market,North America,paid_search,,,0,0.0,0.0,0.0,0.0,0,0.0,0.0
C0005981,Startup,North America,paid_search,2024-12-24,2025-04-04,102,184.75,128.03,56.72,0.307009,3,61.58,1.81
C0005992,SMB,North America,paid_search,2025-08-30,2025-12-28,121,4053.19,2602.02,1451.17,0.358032,8,506.65,33.5
C0005993,Mid-Market,LATAM,paid_search,2025-12-16,2025-12-19,4,432.63,266.43,166.2,0.384162,2,216.32,108.16
C0005998,Mid-Market,North America,paid_search,2025-09-03,2025-11-23,82,2175.34,1482.08,693.26,0.31869,5,435.07,26.53
C0006002,SMB,North America,paid_search,2023-08-24,2024-04-06,227,2072.09,1576.48,495.61,0.239184,11,188.37,9.13
C0006006,Startup,North America,paid_search,2025-02-25,2025-07-07,133,430.69,267.13,163.56,0.379763,4,107.67,3.24
C0006011,Enterprise,APAC,paid_search,2025-08-01,2025-11-03,95,39848.09,33367.75,6480.34,0.162626,7,5692.58,419.45
C0006019,Startup,EMEA,paid_search,2025-06-27,2025-06-27,1,74.33,50.48,23.85,0.320866,1,74.33,74.33
C0006027,Startup,APAC,paid_search,2024-03-16,2024-03-16,1,100.17,64.78,35.39,0.353299,1,100.17,100.17
C0006033,Mid-Market,LATAM,paid_search,2023-08-24,2023-12-21,120,2263.44,1488.01,775.43,0.342589,9,251.49,18.86
C0006034,SMB,APAC,paid_search,2023-04-20,2024-04-10,357,2642.39,1974.09,668.3,0.252915,11,240.22,7.4
C0006036,Startup,EMEA,paid_search,2025-12-06,2025-12-06,1,21.58,12.99,8.59,0.398054,1,21.58,21.58
C0006038,Mid-Market,North America,paid_search,2024-05-05,2025-12-01,576,10058.64,6965.73,3092.91,0.307488,21,478.98,17.46
C0006043,SMB,North America,paid_search,2025-07-30,2025-11-25,119,468.23,292.94,175.29,0.374367,4,117.06,3.93
C0006047,Enterprise,North America,paid_search,2024-10-21,2025-01-12,84,23211.73,18613.45,4598.28,0.198102,7,3315.96,276.33
C0006060,Mid-Market,APAC,paid_search,2025-10-26,2025-10-26,1,266.47,202.95,63.52,0.238376,1,266.47,266.47
C0006064,Startup,EMEA,paid_search,2024-08-31,2025-06-04,278,512.55,326.5,186.05,0.362989,8,64.07,1.84
C0006069,Startup,LATAM,paid_search,2024-04-23,2024-04-23,1,259.41,200.6,58.81,0.226707,1,259.41,259.41
C0006071,SMB,North America,paid_search,2025-12-08,2025-12-20,13,826.44,597.71,228.73,0.276765,2,413.22,63.57
C0006073,Startup,EMEA,paid_search,2023-02-07,2023-02-07,1,29.56,21.06,8.5,0.287551,1,29.56,29.56
C0006080,SMB,North America,paid_search,2025-09-26,2025-12-08,74,2009.61,1511.54,498.07,0.247844,5,401.92,27.16
C0006087,Startup,North America,paid_search,2025-01-28,2025-03-04,36,333.9,249.63,84.27,0.252381,2,166.95,9.27
C0006089,Startup,APAC,paid_search,,,0,0.0,0.0,0.0,0.0,0,0.0,0.0
C0006093,SMB,EMEA,paid_search,2025-05-19,2025-08-11,85,947.59,649.7,297.89,0.314366,4,236.9,11.15
C0006100,Mid-Market,North America,paid_search,2023-09-22,2023-11-03,43,2654.63,1892.77,761.86,0.286993,7,379.23,61.74
C0006104,SMB,North America,paid_search,,,0,0.0,0.0,0.0,0.0,0,0.0,0.0
C0006108,SMB,North America,paid_search,2023-09-01,2024-05-20,263,1608.96,1042.67,566.29,0.35196,7,229.85,6.12
C0006111,Startup,APAC,paid_search,2023-07-10,2025-10-23,837,2493.73,1614.93,878.8,0.352404,18,138.54,2.98
C0006115,Startup,North America,paid_search,2024-09-15,2024-11-08,55,84.11,67.12,16.99,0.201997,2,42.06,1.53
C0006117,Startup,North America,paid_search,2024-08-19,2025-12-05,474,1114.59,791.24,323.35,0.290107,9,123.84,2.35
C0006123,Startup,North America,paid_search,2025-05-28,2025-12-28,215,375.18,226.07,149.11,0.397436,3,125.06,1.75
C0006128,Startup,North America,paid_search,2023-02-21,2023-05-28,97,344.02,222.05,121.97,0.354543,3,114.67,3.55
C0006129,Startup,North America,paid_search,2025-01-23,2025-06-06,135,224.3,168.77,55.53,0.24757,3,74.77,1.66
C0006132,Startup,APAC,paid_search,2025-04-27,2025-09-27,154,727.9,537.47,190.43,0.261616,4,181.98,4.73
C0006137,Startup,EMEA,paid_search,2025-12-09,2025-12-27,19,609.12,477.79,131.33,0.215606,2,304.56,32.06
C0006138,Mid-Market,EMEA,paid_search,2023-12-20,2024-08-30,255,5421.23,4353.13,1068.1,0.197022,8,677.65,21.26
C0006143,Mid-Market,EMEA,paid_search,2023-09-13,2025-10-01,750,10688.87,6907.22,3781.65,0.353793,19,562.57,14.25
C0006146,SMB,EMEA,paid_search,,,0,0.0,0.0,0.0,0.0,0,0.0,0.0
C0006151,Startup,EMEA,paid_search,,,0,0.0,0.0,0.0,0.0,0,0.0,0.0
C0006154,Mid-Market,LATAM,paid_search,2024-04-24,2025-12-09,595,20929.32,15495.39,5433.93,0.259632,33,634.22,35.18
C0006160,Mid-Market,North America,paid_search,2025-11-17,2025-12-21,35,1592.16,1027.67,564.49,0.354544,4,398.04,45.49
C0006161,Startup,EMEA,paid_search,2025-06-25,2025-11-18,147,789.85,588.05,201.8,0.255492,5,157.97,5.37
C0006162,Startup,EMEA,paid_search,2025-07-08,2025-08-17,41,357.03,293.68,63.35,0.177436,4,89.26,8.71
C0006166,Startup,North America,paid_search,2025-07-26,2025-07-26,1,27.61,17.35,10.26,0.371604,1,27.61,27.61
C0006167,Enterprise,North America,paid_search,2025-03-24,2025-12-30,282,93515.65,81911.07,11604.58,0.124092,15,6234.38,331.62
C0006169,Startup,EMEA,paid_search,2024-06-28,2024-10-14,109,1891.0,1408.8,482.2,0.254997,5,378.2,17.35
C0006175,Startup,North America,paid_search,2024-10-01,2025-08-10,314,539.36,486.54,52.82,0.097931,7,77.05,1.72
C0006178,SMB,EMEA,paid_search,2024-07-18,2024-07-18,1,249.95,156.88,93.07,0.372354,1,249.95,249.95
C0006180,SMB,North America,paid_search,2025-01-28,2025-04-12,75,1083.44,687.4,396.04,0.365539,5,216.69,14.45
C0006187,Enterprise,North America,paid_search,2025-06-10,2025-12-26,200,45238.86,37416.43,7822.43,0.172914,17,2661.11,226.19
C0006189,Mid-Market,North America,paid_search,2025-05-17,2025-12-15,213,7933.17,6176.79,1756.38,0.221397,9,881.46,37.24
C0006190,Startup,North America,paid_search,2025-03-23,2025-12-02,255,693.06,438.09,254.97,0.36789,5,138.61,2.72
C0006191,Mid-Market,EMEA,paid_search,2025-10-23,2025-12-23,62,2766.58,2095.42,671.16,0.242596,5,553.32,44.62
C0006198,Mid-Market,APAC,paid_search,2023-11-21,2025-05-06,533,21756.51,15853.26,5903.25,0.271333,32,679.89,40.82
C0006199,Startup,EMEA,paid_search,2024-12-17,2025-03-17,91,299.9,214.78,85.12,0.283828,2,149.95,3.3
C0006201,Mid-Market,EMEA,paid_search,2025-02-15,2025-05-04,79,7057.13,5443.32,1613.81,0.228678,8,882.14,89.33
C0006205,Startup,North America,paid_search,2024-01-14,2024-08-09,209,1713.11,1193.45,519.66,0.303343,9,190.35,8.2
C0006212,Mid-Market,EMEA,paid_search,2025-07-07,2025-10-21,107,5168.5,3518.36,1650.14,0.319269,7,738.36,48.3
C0006219,Startup,EMEA,paid_search,2024-01-20,2024-08-29,223,1054.85,651.57,403.28,0.38231,6,175.81,4.73
C0006221,Startup,APAC,paid_search,2024-11-07,2025-01-24,79,229.19,158.48,70.71,0.308521,3,76.4,2.9
C0006229,Startup,LATAM,paid_search,2024-10-31,2025-03-04,125,1463.42,934.66,528.76,0.361318,8,182.93,11.71
C0006235,Startup,North America,paid_search,2024-07-05,2025-11-05,489,1951.2,1238.03,713.17,0.365503,14,139.37,3.99
C0006243,Startup,North America,paid_search,2023-03-18,2023-08-17,153,1493.94,936.46,557.48,0.373161,8,186.74,9.76
C0006250,Startup,APAC,paid_search,2024-08-25,2024-10-09,46,724.91,530.22,194.69,0.268571,4,181.23,15.76
C0006252,Mid-Market,EMEA,paid_search,2024-01-24,2024-05-27,125,1576.87,1149.88,426.99,0.270783,3,525.62,12.61
C0006254,SMB,North America,paid_search,2024-09-09,2024-09-09,1,316.45,240.87,75.58,0.238837,1,316.45,316.45
C0006255,SMB,EMEA,paid_search,2025-11-15,2025-11-15,1,396.06,279.63,116.43,0.293971,1,396.06,396.06
C0006256,SMB,APAC,paid_search,2025-11-25,2025-12-30,36,684.51,477.44,207.07,0.302508,3,228.17,19.01
C0006258,Mid-Market,North America,paid_search,2023-08-08,2023-08-08,1,543.58,436.39,107.19,0.197193,1,543.58,543.58
C0006259,Startup,North America,paid_search,,,0,0.0,0.0,0.0,0.0,0,0.0,0.0
C0006260,Startup,EMEA,paid_search,2024-07-13,2024-08-12,31,1076.75,668.04,408.71,0.379577,4,269.19,34.73
C0006265,Enterprise,North America,paid_search,2024-11-02,2025-12-31,425,29526.32,23189.07,6337.25,0.214631,18,1640.35,69.47
C0006266,SMB,EMEA,paid_search,2025-12-04,2025-12-04,1,406.22,263.59,142.63,0.351115,1,406.22,406.22
C0006268,SMB,North America,paid_search,2025-09-24,2025-09-24,1,42.37,28.29,14.08,0.332311,1,42.37,42.37
C0006269,SMB,APAC,paid_search,2023-04-06,2024-10-04,548,2814.68,2024.74,789.94,0.28065,11,255.88,5.14
C0006270,SMB,EMEA,paid_search,2023-02-28,2024-03-11,378,2183.09,1569.51,613.58,0.28106,9,242.57,5.78
C0006273,Startup,North America,paid_search,2025-04-29,2025-10-14,169,312.08,181.87,130.21,0.417233,4,78.02,1.85
C0006277,Enterprise,EMEA,paid_search,2024-01-19,2024-02-04,17,2501.9,1841.32,660.58,0.264031,3,833.97,147.17
C0006282,Startup,North America,paid_search,2024-03-30,2024-10-03,188,847.45,553.95,293.5,0.346333,8,105.93,4.51
C0006285,Startup,APAC,paid_search,,,0,0.0,0.0,0.0,0.0,0,0.0,0.0
C0006286,SMB,EMEA,paid_search,2025-02-19,2025-04-02,43,779.46,613.7,165.76,0.21266,2,389.73,18.13
C0006288,SMB,LATAM,paid_search,2025-12-13,2025-12-13,1,15.19,8.88,6.31,0.415405,1,15.19,15.19
C0006292,Startup,LATAM,paid_search,2025-12-21,2025-12-21,1,141.18,111.22,29.96,0.212211,1,141.18,141.18
C0006296,SMB,LATAM,paid_search,2025-10-12,2025-12-30,80,2040.18,1303.26,736.92,0.361203,7,291.45,25.5
C0006297,SMB,North America,paid_search,,,0,0.0,0.0,0.0,0.0,0,0.0,0.0
C0006298,Mid-Market,North America,paid_search,2025-08-11,2025-08-25,15,573.81,351.17,222.64,0.388003,3,191.27,38.25
C0006299,Startup,EMEA,paid_search,2024-04-14,2024-04-14,1,48.61,32.53,16.08,0.330796,1,48.61,48.61
C0006301,SMB,APAC,paid_search,2024-05-26,2024-06-21,27,161.92,107.94,53.98,0.333375,2,80.96,6.0
C0006302,Startup,North America,paid_search,2025-01-28,2025-08-22,207,487.11,390.16,96.95,0.199031,5,97.42,2.35
C0006304,Startup,APAC,paid_search,2023-11-22,2023-11-22,1,231.48,185.36,46.12,0.19924,1,231.48,231.48
C0006305,Startup,North America,paid_search,2025-06-26,2025-07-22,27,375.59,242.26,133.33,0.354988,3,125.2,13.91
C0006318,Startup,APAC,paid_search,2025-07-31,2025-08-12,13,989.71,791.71,198.0,0.200059,2,494.86,76.13
C0006320,Startup,EMEA,paid_search,,,0,0.0,0.0,0.0,0.0,0,0.0,0.0
C0006324,Startup,EMEA,paid_search,2023-10-13,2023-11-19,38,363.1,282.02,81.08,0.223299,2,181.55,9.56
C0006328,Mid-Market,APAC,paid_search,2025-03-07,2025-12-07,276,39007.73,34478.68,4529.05,0.116106,13,3000.59,141.33
C0006333,Mid-Market,EMEA,paid_search,2024-12-30,2025-07-23,206,9559.53,6814.37,2745.16,0.287165,14,682.82,46.41
C0006335,SMB,APAC,paid_search,2025-06-28,2025-08-20,54,1007.4,704.05,303.35,0.301122,3,335.8,18.66
C0006336,Mid-Market,North America,paid_search,2024-08-20,2025-03-04,197,4833.03,3492.68,1340.35,0.277331,8,604.13,24.53
C0006338,SMB,APAC,paid_search,2024-10-09,2025-06-03,238,4543.61,3479.32,1064.29,0.234239,14,324.54,19.09
C0006341,Mid-Market,APAC,paid_search,2025-10-16,2025-12-04,50,913.92,521.98,391.94,0.428856,2,456.96,18.28
C0006344,Enterprise,LATAM,paid_search,2024-10-31,2025-07-11,254,16058.64,13276.19,2782.45,0.173268,12,1338.22,63.22
C0006351,Mid-Market,North America,paid_search,2025-09-02,2025-09-14,13,204.01,111.42,92.59,0.45385,2,102.0,15.69
C0006355,Enterprise,EMEA,paid_search,2024-04-09,2024-04-09,1,3162.19,2838.81,323.38,0.102265,1,3162.19,3162.19
C0006357,Enterprise,APAC,paid_search,2024-07-01,2025-12-27,545,47539.17,37390.66,10148.51,0.213477,26,1828.43,87.23
C0006372,Startup,North America,paid_search,,,0,0.0,0.0,0.0,0.0,0,0.0,0.0
C0006378,Mid-Market,EMEA,paid_search,2025-10-24,2025-12-16,54,4752.51,3219.87,1532.64,0.322491,5,950.5,88.01
C0006385,SMB,EMEA,paid_search,2024-03-30,2025-09-21,541,4558.73,2886.45,1672.28,0.36683,11,414.43,8.43
C0006387,SMB,North America,paid_search,2024-05-05,2024-05-31,27,1227.98,1033.5,194.48,0.158374,2,613.99,45.48
C0006388,SMB,APAC,paid_search,2023-08-30,2024-06-13,289,2314.45,1941.06,373.39,0.16133,12,192.87,8.01
C0006390,Startup,APAC,paid_search,2024-01-18,2024-06-14,149,217.74,144.09,73.65,0.338247,4,54.44,1.46
C0006392,Startup,EMEA,paid_search,,,0,0.0,0.0,0.0,0.0,0,0.0,0.0
C0006395,SMB,North America,paid_search,2025-03-25,2025-06-09,77,557.77,443.54,114.23,0.204798,2,278.88,7.24
C0006403,Startup,North America,paid_search,2023-02-28,2023-08-10,164,308.64,200.76,107.88,0.349533,3,102.88,1.88
C0006407,Startup,APAC,paid_search,2025-12-29,2025-12-29,1,76.81,49.36,27.45,0.357375,1,76.81,76.81
C0006408,Startup,North America,paid_search,2024-03-04,2025-12-01,638,1745.19,1190.42,554.77,0.317885,13,134.25,2.74
C0006410,Mid-Market,APAC,paid_search,2024-02-04,2025-06-03,486,3500.99,2348.88,1152.11,0.329081,9,389.0,7.2
C0006415,Mid-Market,APAC,paid_search,2025-02-10,2025-11-26,290,13913.22,10735.29,3177.93,0.228411,15,927.55,47.98
C0006416,SMB,EMEA,paid_search,2023-12-22,2024-06-25,187,1295.02,896.19,398.83,0.307972,6,215.84,6.93
C0006420,Mid-Market,EMEA,paid_search,2025-05-23,2025-07-14,53,3610.2,2462.69,1147.51,0.317852,8,451.28,68.12
C0006422,Enterprise,EMEA,paid_search,2025-01-26,2025-08-15,202,45290.27,35880.72,9409.55,0.207761,17,2664.13,224.21
C0006424,SMB,APAC,paid_search,2025-08-11,2025-08-11,1,211.64,128.82,82.82,0.391325,1,211.64,211.64
C0006429,Mid-Market,EMEA,paid_search,2024-11-23,2025-01-30,69,5138.6,2726.66,2411.94,0.469377,4,1284.65,74.47
C0006435,Startup,North America,paid_search,2025-03-15,2025-08-29,168,1755.2,1324.87,430.33,0.245174,6,292.53,10.45
C0006454,Startup,North America,paid_search,2024-04-09,2024-10-11,186,665.7,511.96,153.74,0.230945,4,166.42,3.58
C0006455,Mid-Market,North America,paid_search,2025-05-14,2025-06-30,48,1795.46,1288.94,506.52,0.282112,3,598.49,37.41
C0006464,Startup,North America,paid_search,2024-03-31,2024-07-31,123,792.49,574.61,217.88,0.274931,4,198.12,6.44
C0006466,SMB,LATAM,paid_search,,,0,0.0,0.0,0.0,0.0,0,0.0,0.0
C0006468,Mid-Market,EMEA,paid_search,2025-07-10,2025-11-27,141,1499.57,971.77,527.8,0.351968,6,249.93,10.64
C0006469,SMB,APAC,paid_search,,,0,0.0,0.0,0.0,0.0,0,0.0,0.0
C0006470,SMB,LATAM,paid_search,2025-10-16,2025-12-24,70,795.25,491.39,303.86,0.382094,3,265.08,11.36
C0006471,Startup,EMEA,paid_search,2024-09-16,2025-05-25,252,1283.59,821.76,461.83,0.359796,9,142.62,5.09
C0006479,Mid-Market,EMEA,paid_search,2024-06-05,2025-06-11,372,12749.95,9151.65,3598.3,0.282221,11,1159.09,34.27
C0006481,Mid-Market,EMEA,paid_search,2025-07-08,2025-07-08,1,65.06,37.95,27.11,0.416692,1,65.06,65.06
C0006482,SMB,APAC,paid_search,2025-01-12,2025-04-08,87,2556.6,1700.45,856.15,0.334878,10,255.66,29.39
C0006484,Startup,APAC,paid_search,2025-06-26,2025-12-05,163,658.69,519.84,138.85,0.210797,4,164.67,4.04
C0006485,SMB,North America,paid_search,,,0,0.0,0.0,0.0,0.0,0,0.0,0.0
C0006487,Mid-Market,North America,paid_search,2024-03-20,2024-08-17,151,2866.64,2090.97,775.67,0.270585,6,477.77,18.98
C0006492,Startup,North America,paid_search,,,0,0.0,0.0,0.0,0.0,0,0.0,0.0
C0006500,Startup,EMEA,paid_search,2025-03-17,2025-09-17,185,941.12,730.18,210.94,0.224137,6,156.85,5.09
C0006505,SMB,LATAM,paid_search,2025-08-12,2025-10-01,51,596.63,366.24,230.39,0.386152,4,149.16,11.7
C0006509,Mid-Market,LATAM,paid_search,2025-03-16,2025-12-28,288,15937.18,11378.67,4558.51,0.28603,18,885.4,55.34
C0006511,SMB,LATAM,paid_search,2025-07-30,2025-10-26,89,615.72,424.86,190.86,0.309979,4,153.93,6.92
C0006515,Mid-Market,EMEA,paid_search,2023-10-19,2023-10-19,1,1479.2,994.03,485.17,0.327995,1,1479.2,1479.2
C0006519,Mid-Market,EMEA,paid_search,2024-01-28,2024-06-30,155,2771.68,1901.02,870.66,0.314127,9,307.96,17.88
C0006521,Startup,North America,paid_search,2025-12-12,2025-12-12,1,20.91,12.86,8.05,0.384983,1,20.91,20.91
C0006524,Mid-Market,LATAM,paid_search,2024-01-30,2024-02-02,4,3376.08,2100.3,1275.78,0.377888,5,675.22,844.02
C0006533,SMB,North America,paid_search,2025-05-30,2025-12-16,201,2292.92,1624.16,668.76,0.291663,7,327.56,11.41
C0006536,Startup,North America,paid_search,2023-11-21,2024-03-24,125,942.36,603.35,339.01,0.359746,5,188.47,7.54
C0006538,SMB,EMEA,paid_search,2025-03-24,2025-06-18,87,1074.49,810.71,263.78,0.245493,5,214.9,12.35
C0006543,SMB,North America,paid_search,2025-11-19,2025-11-19,1,13.72,8.4,5.32,0.387755,1,13.72,13.72
C0006546,SMB,APAC,paid_search,2025-10-02,2025-10-02,1,410.33,342.47,67.86,0.165379,1,410.33,410.33
C0006558,Startup,LATAM,paid_search,,,0,0.0,0.0,0.0,0.0,0,0.0,0.0
C0006559,Enterprise,EMEA,paid_search,2025-10-09,2025-12-20,73,9293.92,8292.92,1001.0,0.107705,5,1858.78,127.31
C0006561,SMB,LATAM,paid_search,2025-02-25,2025-11-12,261,812.67,548.19,264.48,0.325446,7,116.1,3.11
C0006570,Mid-Market,LATAM,paid_search,2025-10-31,2025-12-17,48,3525.1,2274.91,1250.19,0.354654,5,705.02,73.44
C0006571,SMB,APAC,paid_search,2025-07-23,2025-07-23,1,37.93,20.73,17.2,0.453467,1,37.93,37.93
C0006578,Startup,EMEA,paid_search,2025-07-18,2025-09-05,50,208.85,144.35,64.5,0.308834,2,104.43,4.18
C0006581,SMB,EMEA,paid_search,2025-09-28,2025-10-30,33,462.88,332.3,130.58,0.282103,4,115.72,14.03
C0006582,Startup,North America,paid_search,2025-08-13,2025-10-29,78,265.79,175.68,90.11,0.339027,3,88.6,3.41
C0006584,Mid-Market,North America,paid_search,2023-11-30,2024-06-15,199,1828.62,1201.14,627.48,0.343144,7,261.23,9.19
C0006587,Startup,APAC,paid_search,,,0,0.0,0.0,0.0,0.0,0,0.0,0.0
C0006589,Startup,LATAM,paid_search,2025-09-29,2025-11-12,45,1148.91,718.3,430.61,0.374799,4,287.23,25.53
C0006592,Startup,LATAM,paid_search,2025-05-22,2025-07-12,52,311.53,212.48,99.05,0.317947,3,103.84,5.99
C0006596,SMB,LATAM,paid_search,2024-06-29,2025-01-04,190,1297.7,740.41,557.29,0.429444,5,259.54,6.83
C0006597,SMB,APAC,paid_search,2024-03-24,2024-05-03,41,551.94,370.05,181.89,0.329547,2,275.97,13.46
C0006602,Startup,APAC,paid_search,2023-09-11,2024-05-06,239,504.37,333.0,171.37,0.33977,6,84.06,2.11
C0006604,SMB,North America,paid_search,2023-10-29,2024-07-09,255,2175.69,1419.67,756.02,0.347485,8,271.96,8.53
C0006607,Mid-Market,APAC,paid_search,,,0,0.0,0.0,0.0,0.0,0,0.0,0.0
C0006609,SMB,APAC,paid_search,,,0,0.0,0.0,0.0,0.0,0,0.0,0.0
C0006611,Startup,LATAM,paid_search,2025-06-29,2025-10-05,99,881.41,721.76,159.65,0.18113,3,293.8,8.9
C0006614,Startup,APAC,paid_search,2023-09-05,2023-12-21,108,629.93,447.26,182.67,0.289985,3,209.98,5.83
C0006618,SMB,North America,paid_search,,,0,0.0,0.0,0.0,0.0,0,0.0,0.0
C0006619,Startup,EMEA,paid_search,2024-03-09,2025-10-07,578,2312.47,1692.13,620.34,0.268259,14,165.18,4.0
C0006625,Startup,North America,paid_search,2023-01-30,2024-04-12,439,3142.69,2234.82,907.87,0.288883,18,174.59,7.16
C0006633,SMB,EMEA,paid_search,,,0,0.0,0.0,0.0,0.0,0,0.0,0.0
C0006638,SMB,EMEA,paid_search,2025-06-26,2025-12-20,178,903.74,564.92,338.82,0.374909,4,225.94,5.08
C0006641,Startup,EMEA,paid_search,2023-04-07,2024-05-10,400,1409.66,1030.49,379.17,0.26898,11,128.15,3.52
C0006644,SMB,North America,paid_search,2024-08-10,2024-12-05,118,222.91,131.8,91.11,0.40873,2,111.46,1.89
C0006646,Enterprise,APAC,paid_search,2023-08-02,2024-05-06,279,14789.39,12071.85,2717.54,0.183749,13,1137.65,53.01
C0006650,Enterprise,LATAM,paid_search,2024-06-04,2025-10-22,506,50096.1,37179.88,12916.22,0.257829,24,2087.34,99.0
C0006655,Mid-Market,EMEA,paid_search,2025-01-16,2025-12-27,346,1583.89,953.77,630.12,0.397831,6,263.98,4.58
C0006657,Mid-Market,North America,paid_search,2025-04-02,2025-12-10,253,3038.2,2364.68,673.52,0.221684,9,337.58,12.01
C0006665,Mid-Market,North America,paid_search,2024-04-18,2024-05-28,41,942.14,713.76,228.38,0.242406,3,314.05,22.98
C0006669,SMB,LATAM,paid_search,2023-12-25,2024-01-09,16,248.53,162.48,86.05,0.346236,2,124.27,15.53
C0006672,Mid-Market,APAC,paid_search,2024-05-28,2024-05-28,1,1372.86,830.44,542.42,0.395102,2,686.43,1372.86
C0006675,Startup,North America,paid_search,2025-05-17,2025-12-16,214,201.78,132.99,68.79,0.340916,4,50.44,0.94
C0006676,Startup,EMEA,paid_search,2023-09-25,2023-10-11,17,397.94,279.47,118.47,0.297708,3,132.65,23.41
C0006678,Mid-Market,North America,paid_search,2025-10-22,2025-11-05,15,2230.54,1685.69,544.85,0.244268,2,1115.27,148.7
C0006683,SMB,EMEA,paid_search,2025-03-13,2025-11-29,262,1318.32,876.04,442.28,0.335488,5,263.66,5.03
C0006685,SMB,North America,paid_search,2024-04-03,2025-02-21,325,136.04,86.42,49.62,0.364746,2,68.02,0.42
C0006689,Mid-Market,LATAM,paid_search,2025-03-02,2025-11-07,251,7614.1,5358.02,2256.08,0.296303,7,1087.73,30.34
C0006691,Mid-Market,EMEA,paid_search,2024-11-16,2024-12-04,19,5128.78,3249.09,1879.69,0.366498,4,1282.2,269.94
C0006692,Startup,North America,paid_search,2023-05-02,2023-05-02,1,132.3,79.75,52.55,0.397203,1,132.3,132.3
C0006698,Enterprise,LATAM,paid_search,2023-08-23,2023-10-26,65,4053.43,3099.95,953.48,0.235228,4,1013.36,62.36
C0006700,Mid-Market,EMEA,paid_search,2025-04-09,2025-04-09,1,544.03,299.16,244.87,0.450104,1,544.03,544.03
C0006706,Startup,North America,paid_search,2024-12-25,2025-02-17,55,651.16,552.91,98.25,0.150885,2,325.58,11.84
C0006710,Startup,EMEA,paid_search,2023-10-26,2024-01-24,91,398.23,373.4,24.83,0.062351,3,132.74,4.38
C0006717,Mid-Market,APAC,paid_search,2025-08-19,2025-09-26,39,469.76,373.62,96.14,0.204658,2,234.88,12.05
C0006722,Startup,EMEA,paid_search,2024-08-09,2024-10-28,81,575.11,440.19,134.92,0.234599,4,143.78,7.1
C0006726,Startup,North America,paid_search,2024-09-11,2024-09-11,1,208.67,190.75,17.92,0.085877,1,208.67,208.67
C0006733,Startup,North America,paid_search,,,0,0.0,0.0,0.0,0.0,0,0.0,0.0
C0006739,SMB,LATAM,paid_search,2025-09-12,2025-10-14,33,361.48,266.71,94.77,0.262172,2,180.74,10.95
C0006745,Startup,EMEA,paid_search,2023-08-23,2025-02-20,548,1420.04,903.94,516.1,0.36344,11,129.09,2.59
C0006746,Mid-Market,LATAM,paid_search,2023-07-06,2023-09-16,73,6894.64,4794.24,2100.4,0.304642,6,1149.11,94.45
C0006751,Startup,EMEA,paid_search,2023-03-07,2023-06-06,92,483.47,342.72,140.75,0.291125,4,120.87,5.26
C0006758,Startup,EMEA,paid_search,2025-10-16,2025-12-02,48,362.84,245.42,117.42,0.323614,3,120.95,7.56
C0006767,SMB,North America,paid_search,2025-09-02,2025-09-19,18,726.86,546.84,180.02,0.247668,4,181.72,40.38
C0006772,Startup,APAC,paid_search,2025-04-17,2025-09-03,140,290.54,217.86,72.68,0.250155,4,72.64,2.08
C0006774,Startup,EMEA,paid_search,2025-12-20,2025-12-20,1,281.94,187.66,94.28,0.334397,1,281.94,281.94
C0006777,Startup,North America,paid_search,2024-09-08,2025-02-21,167,1218.99,762.58,456.41,0.374417,7,174.14,7.3
C0006781,SMB,North America,paid_search,2024-10-12,2024-10-17,6,251.85,216.03,35.82,0.142228,2,125.93,41.98
C0006784,Startup,LATAM,paid_search,2023-04-29,2024-09-16,507,1302.33,858.69,443.64,0.340651,12,108.53,2.57
C0006786,Mid-Market,EMEA,paid_search,2024-12-27,2025-12-15,354,14916.8,11296.9,3619.9,0.242673,13,1147.45,42.14
C0006794,Mid-Market,North America,paid_search,2025-03-03,2025-12-13,286,7799.8,5543.57,2256.23,0.289268,11,709.07,27.27
C0006797,Startup,EMEA,paid_search,2025-08-08,2025-10-07,61,576.04,423.47,152.57,0.26486,4,144.01,9.44
C0006799,Startup,North America,paid_search,2025-06-10,2025-07-17,38,81.61,61.43,20.18,0.247274,2,40.8,2.15
C0006808,Startup,EMEA,paid_search,2025-12-12,2025-12-12,1,58.34,36.11,22.23,0.381042,1,58.34,58.34
C0006809,Startup,North America,paid_search,2024-09-30,2025-02-01,125,913.06,567.73,345.33,0.378212,6,152.18,7.3
C0006810,Startup,North America,paid_search,2025-07-30,2025-07-30,1,200.91,128.46,72.45,0.360609,3,66.97,200.91
C0006815,Mid-Market,APAC,paid_search,2024-12-28,2025-12-19,357,19126.41,13273.13,5853.28,0.306031,13,1471.26,53.58
C0006819,Startup,EMEA,paid_search,2023-09-09,2024-05-15,250,753.49,507.43,246.06,0.32656,8,94.19,3.01
C0006830,Mid-Market,North America,paid_search,2025-06-28,2025-12-13,169,3196.92,2278.13,918.79,0.287398,9,355.21,18.92
C0006835,Startup,North America,paid_search,,,0,0.0,0.0,0.0,0.0,0,0.0,0.0
C0006837,Startup,North America,paid_search,2023-05-09,2023-08-02,86,1018.53,630.12,388.41,0.381344,4,254.63,11.84
C0006844,SMB,EMEA,paid_search,2024-06-26,2024-10-06,103,874.96,588.42,286.54,0.327489,7,124.99,8.49
C0006848,Startup,EMEA,paid_search,2024-10-01,2024-11-27,58,745.98,516.44,229.54,0.307703,4,186.5,12.86
C0006858,SMB,North America,paid_search,2024-07-16,2024-12-12,150,723.89,474.31,249.58,0.344776,7,103.41,4.83
C0006866,SMB,North America,paid_search,2024-07-14,2025-05-20,311,2376.06,1702.21,673.85,0.2836,10,237.61,7.64
C0006868,Startup,LATAM,paid_search,2023-04-21,2023-06-13,54,411.45,296.74,114.71,0.278795,4,102.86,7.62
C0006871,Startup,North America,paid_search,2025-08-23,2025-08-23,1,23.67,14.74,8.93,0.377271,1,23.67,23.67
C0006873,Mid-Market,North America,paid_search,,,0,0.0,0.0,0.0,0.0,0,0.0,0.0
C0006881,SMB,EMEA,paid_search,2023-06-11,2023-10-07,119,302.14,188.32,113.82,0.376713,3,100.71,2.54
C0006888,Mid-Market,EMEA,paid_search,2024-03-24,2025-07-14,478,13709.15,9637.91,4071.24,0.296972,25,548.37,28.68
C0006890,Startup,North America,paid_search,2025-06-10,2025-06-10,1,308.39,204.84,103.55,0.335776,1,308.39,308.39
C0006897,Startup,North America,paid_search,2025-12-08,2025-12-08,1,43.48,20.69,22.79,0.524149,1,43.48,43.48
C0006898,Mid-Market,APAC,paid_search,2023-02-09,2023-06-02,114,3573.33,2562.66,1010.67,0.282837,4,893.33,31.34
C0006899,SMB,North America,paid_search,2025-03-30,2025-05-01,33,350.3,195.88,154.42,0.440822,2,175.15,10.62
C0006901,Startup,North America,paid_search,,,0,0.0,0.0,0.0,0.0,0,0.0,0.0
C0006906,Mid-Market,EMEA,paid_search,2025-09-02,2025-09-02,1,2984.81,1611.25,1373.56,0.460183,1,2984.81,2984.81
C0006908,SMB,North America,paid_search,2025-10-12,2025-10-12,1,54.96,33.04,21.92,0.398836,1,54.96,54.96
C0006916,SMB,LATAM,paid_search,2025-11-05,2025-11-25,21,757.83,507.96,249.87,0.329718,3,252.61,36.09
C0006918,Startup,LATAM,paid_search,2025-04-22,2025-08-27,128,184.58,129.89,54.69,0.296294,2,92.29,1.44
C0006919,SMB,LATAM,paid_search,2024-04-23,2025-05-01,374,2806.58,1860.98,945.6,0.336923,12,233.88,7.5
C0006921,Startup,North America,paid_search,2025-10-01,2025-12-03,64,1108.71,660.19,448.52,0.404542,3,369.57,17.32
C0006923,SMB,EMEA,paid_search,2024-11-15,2025-10-02,322,1425.18,1008.51,416.67,0.292363,5,285.04,4.43
C0006930,Startup,North America,paid_search,,,0,0.0,0.0,0.0,0.0,0,0.0,0.0
C0006933,Startup,LATAM,paid_search,2025-03-03,2025-10-17,229,686.3,493.24,193.06,0.281306,6,114.38,3.0
C0006936,SMB,North America,paid_search,2025-06-09,2025-07-26,48,520.18,402.86,117.32,0.225537,4,130.05,10.84
C0006940,SMB,APAC,paid_search,2024-08-05,2025-11-06,459,2393.33,1568.72,824.61,0.344545,12,199.44,5.21
C0006943,Startup,LATAM,paid_search,2025-02-24,2025-06-01,98,715.0,461.75,253.25,0.354196,4,178.75,7.3
C0006945,SMB,EMEA,paid_search,2024-09-02,2024-11-19,79,1133.11,712.3,420.81,0.371376,4,283.28,14.34
C0006946,Startup,APAC,paid_search,2025-09-05,2025-09-05,1,116.31,67.67,48.64,0.418193,1,116.31,116.31
C0006947,Startup,LATAM,paid_search,2025-07-12,2025-08-14,34,270.3,181.19,89.11,0.329671,2,135.15,7.95
C0006949,Enterprise,North America,paid_search,2025-06-16,2025-12-14,182,8569.76,6417.91,2151.85,0.251098,9,952.2,47.09
C0006952,Mid-Market,EMEA,paid_search,2025-12-25,2025-12-25,1,531.19,370.04,161.15,0.303375,1,531.19,531.19
C0006954,Mid-Market,LATAM,paid_search,2025-04-26,2025-06-12,48,612.4,428.39,184.01,0.300474,5,122.48,12.76
C0006960,Startup,EMEA,paid_search,,,0,0.0,0.0,0.0,0.0,0,0.0,0.0
C0006968,Mid-Market,North America,paid_search,2023-11-29,2023-12-01,3,3048.78,2318.12,730.66,0.239657,2,1524.39,1016.26
C0006969,Mid-Market,EMEA,paid_search,2025-03-18,2025-03-31,14,1970.37,1515.02,455.35,0.231099,3,656.79,140.74
C0006979,SMB,LATAM,paid_search,2025-07-29,2025-08-19,22,404.81,263.79,141.02,0.348361,2,202.4,18.4
C0006981,Startup,North America,paid_search,2025-12-20,2025-12-20,1,98.31,49.98,48.33,0.491608,1,98.31,98.31
C0006982,SMB,North America,paid_search,2025-12-13,2025-12-13,1,47.26,25.89,21.37,0.452179,1,47.26,47.26
C0006984,SMB,APAC,paid_search,2025-07-30,2025-10-08,71,338.16,212.67,125.49,0.371097,3,112.72,4.76
C0006986,SMB,North America,paid_search,2025-04-10,2025-04-11,2,759.42,487.87,271.55,0.357576,2,379.71,379.71
C0006989,Startup,North America,paid_search,2023-03-14,2023-04-28,46,194.01,133.38,60.63,0.31251,2,97.0,4.22
C0006991,Enterprise,EMEA,paid_search,2023-09-07,2024-03-12,188,40644.58,33529.08,7115.5,0.175066,15,2709.64,216.19
C0006993,SMB,EMEA,paid_search,2025-11-21,2025-11-21,1,166.32,110.24,56.08,0.337181,1,166.32,166.32
C0007003,Mid-Market,North America,paid_search,,,0,0.0,0.0,0.0,0.0,0,0.0,0.0
C0007004,SMB,EMEA,paid_search,2025-02-07,2025-11-05,272,3420.14,2447.81,972.33,0.284295,7,488.59,12.57
C0007005,SMB,EMEA,paid_search,2025-11-20,2025-11-25,6,559.65,403.86,155.79,0.27837,2,279.82,93.28
C0007008,Mid-Market,North America,paid_search,2023-04-22,2023-12-16,239,7783.77,5406.13,2377.64,0.305461,11,707.62,32.57
C0007014,Startup,North America,paid_search,2025-07-01,2025-07-01,1,121.32,70.61,50.71,0.417985,1,121.32,121.32
C0007016,SMB,North America,paid_search,2025-12-16,2025-12-24,9,214.92,142.23,72.69,0.338219,2,107.46,23.88
C0007017,SMB,APAC,paid_search,2024-09-10,2024-09-10,1,82.06,55.22,26.84,0.327078,1,82.06,82.06
C0007021,Mid-Market,North America,paid_search,2025-12-25,2025-12-28,4,6370.95,5053.17,1317.78,0.206842,3,2123.65,1592.74
C0007033,SMB,EMEA,paid_search,2024-05-08,2024-08-02,87,1350.38,1054.86,295.52,0.218842,6,225.06,15.52
C0007037,SMB,EMEA,paid_search,2023-07-16,2024-02-08,208,1846.76,1348.76,498.0,0.269661,4,461.69,8.88
C0007040,Startup,EMEA,paid_search,,,0,0.0,0.0,0.0,0.0,0,0.0,0.0
C0007043,SMB,EMEA,paid_search,2023-07-10,2023-10-23,106,408.47,277.42,131.05,0.320831,3,136.16,3.85
C0007062,Enterprise,North America,paid_search,2023-04-18,2023-05-28,41,7727.02,5948.96,1778.06,0.230109,3,2575.67,188.46
C0007067,SMB,EMEA,paid_search,2025-06-20,2025-11-02,136,745.14,644.59,100.55,0.134941,4,186.28,5.48
C0007070,Startup,APAC,paid_search,2025-05-31,2025-10-09,132,213.33,161.7,51.63,0.242019,2,106.66,1.62
C0007071,Startup,EMEA,paid_search,2025-05-15,2025-06-17,34,289.5,186.63,102.87,0.355337,3,96.5,8.51
C0007077,SMB,North America,paid_search,2024-02-13,2024-09-03,204,591.72,444.68,147.04,0.248496,3,197.24,2.9
C0007079,Mid-Market,North America,paid_search,2023-08-28,2024-03-03,189,13344.85,10816.54,2528.31,0.18946,14,953.2,70.61
C0007080,SMB,EMEA,paid_search,,,0,0.0,0.0,0.0,0.0,0,0.0,0.0
C0007081,Startup,North America,paid_search,2025-08-18,2025-12-07,112,136.5,115.67,20.83,0.152601,3,45.5,1.22
C0007088,Enterprise,APAC,paid_search,2024-06-06,2024-08-06,62,13458.87,10464.38,2994.49,0.222492,7,1922.7,217.08
C0007091,SMB,LATAM,paid_search,,,0,0.0,0.0,0.0,0.0,0,0.0,0.0
C0007093,SMB,LATAM,paid_search,2025-09-12,2025-12-20,100,845.13,638.06,207.07,0.245016,3,281.71,8.45
C0007094,Startup,EMEA,paid_search,2025-07-22,2025-08-13,23,130.43,104.77,25.66,0.196734,2,65.22,5.67
C0007098,SMB,APAC,paid_search,2024-06-21,2024-10-05,107,807.78,487.28,320.5,0.396766,3,269.26,7.55
C0007106,SMB,APAC,paid_search,2023-05-01,2023-05-01,1,574.36,368.24,206.12,0.358869,2,287.18,574.36
C0007107,Mid-Market,North America,paid_search,2025-04-28,2025-08-16,111,6393.4,4168.07,2225.33,0.348067,8,799.18,57.6
C0007115,Startup,APAC,paid_search,2025-09-26,2025-10-06,11,543.8,359.42,184.38,0.339058,2,271.9,49.44
C0007117,SMB,North America,paid_search,2024-08-11,2025-08-02,357,1710.12,1165.57,544.55,0.318428,11,155.47,4.79
C0007123,Mid-Market,North America,paid_search,,,0,0.0,0.0,0.0,0.0,0,0.0,0.0
C0007124,Mid-Market,North America,paid_search,2025-11-19,2025-11-28,10,715.28,482.44,232.84,0.325523,2,357.64,71.53
C0007131,Startup,North America,paid_search,2024-10-30,2025-12-18,415,853.63,558.69,294.94,0.345513,5,170.73,2.06
C0007134,SMB,EMEA,paid_search,2024-10-15,2024-10-15,1,1510.88,1338.96,171.92,0.113788,1,1510.88,1510.88
C0007138,Mid-Market,North America,paid_search,2024-02-15,2024-05-10,86,4588.64,3138.2,1450.44,0.316094,6,764.77,53.36
C0007139,Mid-Market,EMEA,paid_search,2025-06-23,2025-06-23,1,539.48,410.56,128.92,0.238971,1,539.48,539.48
C0007143,Mid-Market,EMEA,paid_search,2025-08-15,2025-11-30,108,6627.68,5718.92,908.76,0.137116,7,946.81,61.37
C0007146,SMB,EMEA,paid_search,2025-06-25,2025-06-25,1,544.53,353.48,191.05,0.350853,1,544.53,544.53
C0007147,Startup,LATAM,paid_search,2024-06-23,2025-07-01,374,968.49,574.2,394.29,0.407118,9,107.61,2.59
C0007148,SMB,APAC,paid_search,2025-08-23,2025-10-26,65,831.12,572.56,258.56,0.311098,2,415.56,12.79
C0007149,Enterprise,North America,paid_search,2025-06-17,2025-09-25,101,7865.3,6080.44,1784.86,0.226928,6,1310.88,77.87
C0007150,Startup,LATAM,paid_search,,,0,0.0,0.0,0.0,0.0,0,0.0,0.0
C0007151,Startup,North America,paid_search,,,0,0.0,0.0,0.0,0.0,0,0.0,0.0
C0007152,Startup,North America,paid_search,2025-06-21,2025-09-24,96,1401.32,1144.1,257.22,0.183556,5,280.26,14.6
C0007157,Startup,APAC,paid_search,2025-09-28,2025-09-28,1,48.92,40.21,8.71,0.178046,1,48.92,48.92
C0007161,Mid-Market,EMEA,paid_search,2025-07-21,2025-11-01,104,6316.23,4400.08,1916.15,0.303369,6,1052.7,60.73
C0007162,Mid-Market,APAC,paid_search,2024-10-31,2025-12-12,408,20457.24,16111.97,4345.27,0.212407,18,1136.51,50.14
C0007164,Startup,EMEA,paid_search,2025-08-14,2025-08-14,1,60.36,43.76,16.6,0.275017,1,60.36,60.36
C0007165,Mid-Market,APAC,paid_search,2025-11-17,2025-12-01,15,2129.23,1286.78,842.45,0.395659,4,532.31,141.95
C0007166,SMB,North America,paid_search,2024-09-23,2025-09-01,344,6924.45,5399.83,1524.62,0.220179,11,629.5,20.13
C0007169,Startup,North America,paid_search,,,0,0.0,0.0,0.0,0.0,0,0.0,0.0
C0007172,SMB,LATAM,paid_search,2025-01-31,2025-02-12,13,954.98,572.05,382.93,0.400982,2,477.49,73.46
C0007174,Enterprise,North America,paid_search,2025-06-02,2025-12-24,206,21674.97,16215.75,5459.22,0.251867,14,1548.21,105.22
C0007184,Startup,APAC,paid_search,2024-07-23,2025-10-29,464,1710.58,1166.09,544.49,0.318307,10,171.06,3.69
C0007185,Mid-Market,EMEA,paid_search,2023-05-13,2023-10-16,157,9144.18,7025.94,2118.24,0.231649,7,1306.31,58.24
C0007186,Mid-Market,EMEA,paid_search,,,0,0.0,0.0,0.0,0.0,0,0.0,0.0
C0007190,Startup,EMEA,paid_search,2025-05-23,2025-06-10,19,1197.01,975.74,221.27,0.184852,3,399.0,63.0
C0007192,Startup,APAC,paid_search,2024-04-24,2025-04-20,362,1841.35,1207.86,633.49,0.344036,6,306.89,5.09
C0007198,Mid-Market,North America,paid_search,2025-10-29,2025-12-22,55,1648.04,1122.61,525.43,0.318821,5,329.61,29.96
C0007199,Startup,EMEA,paid_search,2025-06-11,2025-06-11,1,16.68,13.86,2.82,0.169065,1,16.68,16.68
C0007201,Startup,North America,paid_search,2024-10-25,2025-02-18,117,420.12,266.0,154.12,0.366848,5,84.02,3.59
C0007210,SMB,EMEA,paid_search,2025-06-07,2025-12-06,183,336.15,219.75,116.4,0.346274,3,112.05,1.84
C0007213,SMB,EMEA,paid_search,2025-05-08,2025-05-08,1,88.41,59.02,29.39,0.332428,1,88.41,88.41
C0007214,Startup,EMEA,paid_search,2025-03-31,2025-08-22,145,566.0,441.29,124.71,0.220336,3,188.67,3.9
C0007221,SMB,APAC,paid_search,2024-03-19,2024-03-19,1,59.41,37.33,22.08,0.371655,1,59.41,59.41
C0007229,Mid-Market,EMEA,paid_search,2024-04-05,2024-04-05,1,1529.65,1242.04,287.61,0.188023,2,764.82,1529.65
C0007231,Mid-Market,EMEA,paid_search,2024-05-07,2024-06-11,36,5033.36,4318.85,714.51,0.141955,3,1677.79,139.82
C0007233,SMB,LATAM,paid_search,2023-12-31,2025-04-04,461,1142.51,791.5,351.01,0.307227,7,163.22,2.48
C0007236,Mid-Market,EMEA,paid_search,2025-08-16,2025-12-23,130,3518.18,2721.61,796.57,0.226415,6,586.36,27.06
C0007239,SMB,EMEA,paid_search,2025-01-15,2025-07-25,192,1985.53,1598.38,387.15,0.194986,7,283.65,10.34
C0007244,Startup,APAC,paid_search,,,0,0.0,0.0,0.0,0.0,0,0.0,0.0
C0007248,Mid-Market,EMEA,paid_search,2023-12-29,2024-08-04,220,5112.98,3628.64,1484.34,0.290308,10,511.3,23.24
C0007251,Enterprise,North America,paid_search,2025-01-31,2025-12-20,324,41988.72,34998.98,6989.74,0.166467,31,1354.47,129.59
C0007254,SMB,North America,paid_search,2025-09-07,2025-12-27,112,1921.61,1438.9,482.71,0.251201,5,384.32,17.16
C0007255,Startup,North America,paid_search,2025-01-30,2025-02-08,10,120.75,64.7,56.05,0.464182,2,60.38,12.08
C0007256,Startup,EMEA,paid_search,,,0,0.0,0.0,0.0,0.0,0,0.0,0.0
C0007258,Startup,North America,paid_search,2025-10-31,2025-12-27,58,1365.42,1148.31,217.11,0.159006,4,341.35,23.54
C0007261,Startup,APAC,paid_search,2025-11-06,2025-11-06,1,29.21,16.98,12.23,0.418692,1,29.21,29.21
C0007264,Mid-Market,LATAM,paid_search,2023-02-25,2023-04-27,62,2290.31,1640.68,649.63,0.283643,4,572.58,36.94
C0007268,SMB,LATAM,paid_search,2025-04-20,2025-06-08,50,2801.41,2082.2,719.21,0.256731,6,466.9,56.03
C0007273,Mid-Market,APAC,paid_search,2023-02-14,2023-05-05,81,351.9,263.87,88.03,0.250156,2,175.95,4.34
C0007276,Mid-Market,EMEA,paid_search,2025-07-24,2025-12-30,160,7853.68,6164.19,1689.49,0.215121,6,1308.95,49.09
C0007277,Mid-Market,EMEA,paid_search,2024-12-22,2025-02-06,47,1242.94,889.94,353.0,0.284004,3,414.31,26.45
C0007280,Mid-Market,EMEA,paid_search,2025-08-01,2025-08-31,31,640.49,395.39,245.1,0.382676,3,213.5,20.66
C0007289,Startup,EMEA,paid_search,2025-06-22,2025-08-31,71,47.2,30.13,17.07,0.361653,2,23.6,0.66
C0007297,Startup,EMEA,paid_search,2025-09-14,2025-09-14,1,498.95,418.38,80.57,0.161479,2,249.48,498.95
C0007299,Startup,North America,paid_search,2025-10-31,2025-12-30,61,590.83,434.34,156.49,0.264865,2,295.42,9.69
C0007301,SMB,North America,paid_search,2024-11-22,2025-12-24,398,3596.57,2622.64,973.93,0.270794,13,276.66,9.04
C0007315,SMB,North America,paid_search,2024-06-03,2025-03-01,272,2308.11,1631.55,676.56,0.293123,11,209.83,8.49
C0007323,SMB,North America,paid_search,2024-11-01,2025-04-06,157,610.43,435.74,174.69,0.286175,3,203.48,3.89
C0007325,Mid-Market,EMEA,paid_search,2025-06-23,2025-06-23,1,250.81,139.01,111.8,0.445756,1,250.81,250.81
C0007329,Startup,LATAM,paid_search,,,0,0.0,0.0,0.0,0.0,0,0.0,0.0
C0007330,SMB,LATAM,paid_search,2024-09-30,2025-01-24,117,1705.82,1239.7,466.12,0.273253,9,189.54,14.58
C0007331,Mid-Market,APAC,paid_search,2024-03-06,2025-10-06,580,40817.55,30346.48,10471.07,0.256534,26,1569.91,70.38
C0007337,Startup,APAC,paid_search,,,0,0.0,0.0,0.0,0.0,0,0.0,0.0
C0007340,SMB,North America,paid_search,,,0,0.0,0.0,0.0,0.0,0,0.0,0.0
C0007344,Startup,LATAM,paid_search,2023-06-30,2023-07-17,18,419.28,265.09,154.19,0.367749,4,104.82,23.29
C0007346,Startup,EMEA,paid_search,2025-01-25,2025-10-19,268,1424.59,907.92,516.67,0.36268,16,89.04,5.32
C0007351,Startup,LATAM,paid_search,2023-03-24,2023-03-31,8,347.23,216.25,130.98,0.377214,3,115.74,43.4
C0007361,SMB,APAC,paid_search,2024-11-30,2024-11-30,1,212.99,146.3,66.69,0.313113,2,106.5,212.99
C0007366,SMB,APAC,paid_search,2023-06-27,2024-02-26,245,1865.86,1280.74,585.12,0.313593,11,169.62,7.62
C0007377,Startup,EMEA,paid_search,2023-06-23,2023-10-30,130,356.66,244.51,112.15,0.314445,5,71.33,2.74
C0007379,SMB,North America,paid_search,2024-10-12,2025-09-13,337,7827.74,5451.27,2376.47,0.303596,17,460.46,23.23
C0007384,Startup,North America,paid_search,,,0,0.0,0.0,0.0,0.0,0,0.0,0.0
C0007387,SMB,North America,paid_search,2025-02-04,2025-05-04,90,308.0,208.28,99.72,0.323766,3,102.67,3.42
C0007395,SMB,APAC,paid_search,2025-10-06,2025-12-31,87,3018.05,2268.52,749.53,0.248349,7,431.15,34.69
C0007411,SMB,North America,paid_search,,,0,0.0,0.0,0.0,0.0,0,0.0,0.0
C0007420,SMB,EMEA,paid_search,2023-06-30,2023-07-08,9,352.95,227.32,125.63,0.355943,2,176.48,39.22
C0007426,Startup,EMEA,paid_search,,,0,0.0,0.0,0.0,0.0,0,0.0,0.0
C0007428,SMB,EMEA,paid_search,2024-02-19,2024-07-03,136,477.6,387.75,89.85,0.188128,4,119.4,3.51
C0007429,Startup,LATAM,paid_search,2025-06-18,2025-06-18,1,19.16,11.89,7.27,0.379436,1,19.16,19.16
C0007430,Startup,North America,paid_search,2025-11-17,2025-12-26,40,800.32,577.15,223.17,0.278851,5,160.06,20.01
C0007432,Startup,LATAM,paid_search,2025-05-02,2025-09-24,146,1407.59,1012.46,395.13,0.280714,5,281.52,9.64
C0007435,Mid-Market,LATAM,paid_search,2023-02-07,2023-02-09,3,797.89,444.06,353.83,0.443457,2,398.94,265.96
C0007443,SMB,North America,paid_search,2025-08-18,2025-11-29,104,1094.15,782.01,312.14,0.285281,5,218.83,10.52
C0007445,SMB,EMEA,paid_search,2023-04-09,2024-09-09,520,2587.59,1784.75,802.84,0.310266,13,199.05,4.98
C0007448,SMB,EMEA,paid_search,2024-07-24,2025-05-04,285,3648.05,2646.71,1001.34,0.274486,15,243.2,12.8
C0007449,Startup,EMEA,paid_search,2024-11-26,2025-05-26,182,1482.79,973.54,509.25,0.34344,4,370.7,8.15
C0007453,SMB,North America,paid_search,,,0,0.0,0.0,0.0,0.0,0,0.0,0.0
C0007455,Startup,North America,paid_search,2025-12-04,2025-12-04,1,132.82,88.73,44.09,0.331953,1,132.82,132.82
C0007461,Startup,EMEA,paid_search,2025-04-30,2025-07-01,63,524.88,415.2,109.68,0.208962,4,131.22,8.33
C0007463,Startup,APAC,paid_search,2023-04-15,2023-10-10,179,1484.49,881.42,603.07,0.406247,8,185.56,8.29
C0007464,Mid-Market,APAC,paid_search,2025-11-21,2025-11-21,1,57.21,41.77,15.44,0.269883,1,57.21,57.21
C0007473,Startup,North America,paid_search,2024-07-19,2024-10-22,96,453.21,265.56,187.65,0.414046,3,151.07,4.72
C0007484,Startup,APAC,paid_search,2025-08-08,2025-11-11,96,821.1,534.1,287.0,0.349531,6,136.85,8.55
C0007492,SMB,EMEA,paid_search,2025-12-31,2025-12-31,1,330.94,206.33,124.61,0.376534,1,330.94,330.94
C0007495,Startup,APAC,paid_search,,,0,0.0,0.0,0.0,0.0,0,0.0,0.0
C0007496,Startup,EMEA,paid_search,2025-08-15,2025-08-15,1,151.83,104.73,47.1,0.310215,1,151.83,151.83
C0007500,Mid-Market,North America,paid_search,2023-04-20,2023-06-03,45,3949.87,3527.56,422.31,0.106917,3,1316.62,87.77
C0007502,Mid-Market,APAC,paid_search,2025-07-10,2025-12-22,166,7584.75,5899.67,1685.08,0.222167,9,842.75,45.69
C0007503,SMB,North America,paid_search,2024-02-03,2024-02-14,12,450.28,280.87,169.41,0.376233,2,225.14,37.52
C0007508,Mid-Market,EMEA,paid_search,2025-10-10,2025-11-15,37,1686.63,1163.16,523.47,0.310364,5,337.33,45.58
C0007510,SMB,North America,paid_search,2025-03-07,2025-03-07,1,59.98,41.9,18.08,0.301434,1,59.98,59.98
C0007512,SMB,EMEA,paid_search,2025-03-09,2025-10-09,215,1682.48,1290.36,392.12,0.233061,7,240.35,7.83
C0007515,Startup,EMEA,paid_search,2025-08-21,2025-11-05,77,165.01,109.28,55.73,0.337737,2,82.5,2.14
C0007522,Mid-Market,APAC,paid_search,2024-09-01,2025-04-06,218,4041.05,2762.33,1278.72,0.316433,5,808.21,18.54
C0007524,SMB,APAC,paid_search,2023-12-11,2024-07-01,204,1836.02,1406.66,429.36,0.233854,7,262.29,9.0
C0007527,Mid-Market,APAC,paid_search,2025-07-30,2025-07-30,1,250.82,148.04,102.78,0.409776,1,250.82,250.82
C0007528,SMB,APAC,paid_search,2025-08-27,2025-12-04,100,1158.64,801.57,357.07,0.30818,7,165.52,11.59
C0007529,Startup,APAC,paid_search,2024-09-25,2025-08-15,325,1991.09,1514.28,476.81,0.239472,9,221.23,6.13
C0007530,Startup,EMEA,paid_search,2024-01-25,2025-02-04,377,1103.49,1094.26,9.23,0.008364,5,220.7,2.93
C0007532,Startup,North America,paid_search,2023-06-23,2024-03-10,262,478.07,270.99,207.08,0.433158,8,59.76,1.82
C0007536,SMB,North America,paid_search,,,0,0.0,0.0,0.0,0.0,0,0.0,0.0
C0007540,Mid-Market,North America,paid_search,2024-06-07,2024-06-07,1,427.45,270.55,156.9,0.36706,1,427.45,427.45
C0007549,Startup,APAC,paid_search,2023-09-22,2023-09-22,1,67.9,50.45,17.45,0.256996,1,67.9,67.9
C0007551,Startup,APAC,paid_search,2025-10-23,2025-12-28,67,171.6,96.67,74.93,0.436655,2,85.8,2.56
C0007556,SMB,North America,paid_search,,,0,0.0,0.0,0.0,0.0,0,0.0,0.0
C0007557,Mid-Market,APAC,paid_search,2024-05-04,2025-09-26,511,7802.73,5591.08,2211.65,0.283446,18,433.48,15.27
C0007559,Startup,North America,paid_search,2025-09-20,2025-10-08,19,131.8,84.43,47.37,0.359408,2,65.9,6.94
C0007560,Startup,APAC,paid_search,,,0,0.0,0.0,0.0,0.0,0,0.0,0.0
C0007563,Startup,LATAM,paid_search,2023-09-19,2024-05-10,235,1786.68,1224.53,562.15,0.314634,6,297.78,7.6
C0007567,Startup,APAC,paid_search,2023-07-28,2023-08-01,5,251.69,207.43,44.26,0.175851,2,125.84,50.34
C0007570,Startup,North America,paid_search,2025-12-23,2025-12-23,1,34.03,25.05,8.98,0.263885,1,34.03,34.03
C0007574,Mid-Market,EMEA,paid_search,2024-07-30,2025-05-01,276,6205.67,4456.86,1748.81,0.281808,14,443.26,22.48
C0007577,Mid-Market,North America,paid_search,2025-10-28,2025-11-21,25,600.07,471.14,128.93,0.214858,3,200.02,24.0
C0007578,SMB,North America,paid_search,2023-03-04,2023-04-07,35,239.83,140.26,99.57,0.415169,2,119.92,6.85
C0007580,Mid-Market,EMEA,paid_search,2024-07-21,2024-08-08,19,8175.64,5539.63,2636.01,0.322422,2,4087.82,430.3
C0007583,SMB,North America,paid_search,2023-10-31,2025-10-09,710,3279.24,2139.96,1139.28,0.347422,16,204.95,4.62
C0007586,Mid-Market,EMEA,paid_search,2024-09-21,2025-11-25,431,14661.59,11374.0,3287.59,0.224231,16,916.35,34.02
C0007594,SMB,LATAM,paid_search,2025-08-24,2025-08-24,1,216.73,120.51,96.22,0.443963,1,216.73,216.73
C0007598,Mid-Market,North America,paid_search,2025-05-29,2025-10-02,127,4548.77,3222.19,1326.58,0.291635,11,413.52,35.82
C0007602,Startup,APAC,paid_search,,,0,0.0,0.0,0.0,0.0,0,0.0,0.0
C0007603,Mid-Market,North America,paid_search,2025-03-27,2025-08-25,152,3585.8,2479.49,1106.31,0.308525,6,597.63,23.59
C0007604,Mid-Market,North America,paid_search,2025-04-23,2025-06-03,42,3756.17,2503.59,1252.58,0.333473,3,1252.06,89.43
C0007606,SMB,North America,paid_search,,,0,0.0,0.0,0.0,0.0,0,0.0,0.0
C0007609,Enterprise,North America,paid_search,2024-05-31,2024-08-17,79,17917.6,13050.45,4867.15,0.271641,6,2986.27,226.81
C0007613,Mid-Market,LATAM,paid_search,2025-07-16,2025-12-26,164,5031.88,4389.05,642.83,0.127751,4,1257.97,30.68
C0007625,SMB,EMEA,paid_search,2024-12-05,2025-01-15,42,656.28,447.84,208.44,0.317608,2,328.14,15.63
C0007629,Startup,North America,paid_search,2023-04-17,2024-05-27,407,1900.34,1383.38,516.96,0.272036,6,316.72,4.67
C0007630,SMB,North America,paid_search,2025-10-27,2025-12-26,61,976.64,633.15,343.49,0.351706,3,325.55,16.01
C0007631,Startup,LATAM,paid_search,2024-12-29,2025-05-03,126,896.93,568.9,328.03,0.365725,5,179.39,7.12
C0007632,Mid-Market,North America,paid_search,2025-06-23,2025-11-08,139,19257.5,14958.48,4299.02,0.223239,12,1604.79,138.54
C0007633,SMB,APAC,paid_search,2025-10-19,2025-10-21,3,409.17,260.34,148.83,0.363736,2,204.58,136.39
C0007634,Mid-Market,APAC,paid_search,2025-04-08,2025-04-13,6,1903.46,1202.96,700.5,0.368014,4,475.86,317.24
C0007639,Startup,APAC,paid_search,2025-02-23,2025-06-20,118,377.31,287.46,89.85,0.238133,3,125.77,3.2
C0007655,SMB,EMEA,paid_search,2024-02-08,2024-05-18,101,641.57,416.38,225.19,0.350998,5,128.31,6.35
C0007658,SMB,APAC,paid_search,2025-07-21,2025-09-09,51,742.85,463.82,279.03,0.375621,3,247.62,14.57
C0007661,Startup,EMEA,paid_search,2024-11-16,2024-12-28,43,93.51,56.17,37.34,0.399316,2,46.76,2.17
C0007663,SMB,EMEA,paid_search,2025-06-05,2025-10-05,123,490.24,309.87,180.37,0.367922,4,122.56,3.99
C0007666,SMB,EMEA,paid_search,2024-10-30,2025-06-03,217,5204.16,3550.38,1653.78,0.31778,7,743.45,23.98
C0007673,Startup,EMEA,paid_search,2025-11-26,2025-11-26,1,188.65,135.59,53.06,0.281262,1,188.65,188.65
C0007691,SMB,LATAM,paid_search,2023-03-17,2024-01-02,292,1344.29,954.56,389.73,0.289915,5,268.86,4.6
C0007694,Mid-Market,North America,paid_search,2024-02-06,2024-10-07,245,5510.87,3888.47,1622.4,0.2944,8,688.86,22.49
C0007697,Enterprise,LATAM,paid_search,2024-05-24,2025-12-25,581,54577.03,44295.42,10281.61,0.188387,23,2372.91,93.94
C0007698,Mid-Market,LATAM,paid_search,2025-09-28,2025-12-24,88,5682.65,3577.36,2105.29,0.370477,8,710.33,64.58
C0007702,Startup,APAC,paid_search,2025-04-02,2025-04-02,1,27.73,17.52,10.21,0.368193,1,27.73,27.73
C0007703,Mid-Market,North America,paid_search,2025-02-20,2025-08-03,165,8431.25,4927.42,3503.83,0.415577,9,936.81,51.1
C0007711,Enterprise,APAC,paid_search,2024-10-16,2025-03-21,157,34636.22,27001.38,7634.84,0.220429,16,2164.76,220.61
C0007715,SMB,North America,paid_search,2024-05-02,2024-05-02,1,19.13,10.83,8.3,0.433873,1,19.13,19.13
C0007716,Startup,EMEA,paid_search,,,0,0.0,0.0,0.0,0.0,0,0.0,0.0
C0007721,Startup,North America,paid_search,2024-02-11,2024-11-13,277,1743.9,1378.34,365.56,0.209622,8,217.99,6.3
C0007724,SMB,North America,paid_search,2024-09-05,2025-05-26,264,6477.4,4029.03,2448.37,0.377987,13,498.26,24.54
C0007728,SMB,North America,paid_search,2024-03-29,2024-04-19,22,155.62,113.73,41.89,0.269181,2,77.81,7.07
C0007731,SMB,North America,paid_search,2025-06-26,2025-09-16,83,2551.69,2017.19,534.5,0.209469,8,318.96,30.74
C0007745,Startup,APAC,paid_search,2025-10-29,2025-10-29,1,262.74,236.6,26.14,0.09949,1,262.74,262.74
C0007747,Mid-Market,EMEA,paid_search,2025-01-27,2025-12-26,334,11392.57,8134.01,3258.56,0.286025,17,670.15,34.11
C0007751,Startup,APAC,paid_search,2025-09-28,2025-12-31,95,1729.28,1304.74,424.54,0.245501,6,288.21,18.2
C0007757,Startup,North America,paid_search,,,0,0.0,0.0,0.0,0.0,0,0.0,0.0
C0007764,Startup,EMEA,paid_search,2024-05-17,2024-07-31,76,61.94,38.26,23.68,0.382305,2,30.97,0.82
C0007767,Mid-Market,EMEA,paid_search,2025-06-14,2025-09-25,104,1859.53,1275.48,584.05,0.314085,4,464.88,17.88
C0007770,Startup,LATAM,paid_search,,,0,0.0,0.0,0.0,0.0,0,0.0,0.0
C0007774,Startup,LATAM,paid_search,,,0,0.0,0.0,0.0,0.0,0,0.0,0.0
C0007780,Mid-Market,North America,paid_search,2025-05-30,2025-09-15,109,8533.71,5692.63,2841.08,0.332924,11,775.79,78.29
C0007783,Startup,APAC,paid_search,2024-12-28,2025-04-24,118,297.72,220.14,77.58,0.26058,2,148.86,2.52
C0007784,Enterprise,APAC,paid_search,2024-02-16,2024-11-21,280,17536.74,13936.94,3599.8,0.205272,9,1948.53,62.63
C0007788,Startup,EMEA,paid_search,2025-09-15,2025-10-04,20,253.86,149.86,104.0,0.409675,2,126.93,12.69
C0007790,SMB,EMEA,paid_search,2024-02-28,2024-07-05,129,653.79,458.67,195.12,0.298444,3,217.93,5.07
C0007803,Mid-Market,LATAM,paid_search,2024-07-04,2024-07-04,1,960.32,606.38,353.94,0.368565,1,960.32,960.32
C0007805,SMB,LATAM,paid_search,2024-03-04,2025-08-19,534,5952.76,4217.46,1735.3,0.291512,9,661.42,11.15
C0007808,SMB,EMEA,paid_search,2024-09-04,2024-09-04,1,6815.48,5342.77,1472.71,0.216083,1,6815.48,6815.48
C0007818,Mid-Market,LATAM,paid_search,2025-05-11,2025-08-19,101,7285.36,6185.39,1099.97,0.150984,5,1457.07,72.13
C0007825,Startup,North America,paid_search,,,0,0.0,0.0,0.0,0.0,0,0.0,0.0
C0007828,Mid-Market,EMEA,paid_search,2023-10-29,2024-03-15,139,4730.18,3286.67,1443.51,0.30517,7,675.74,34.03
C0007833,Startup,North America,paid_search,2023-10-31,2025-09-20,691,2063.45,1295.86,767.59,0.371994,11,187.59,2.99
C0007846,Startup,LATAM,paid_search,2024-04-07,2024-10-25,202,1171.69,1011.15,160.54,0.137016,5,234.34,5.8
C0007847,Startup,APAC,paid_search,2024-12-28,2025-03-03,66,1773.77,1075.19,698.58,0.393839,3,591.26,26.88
C0007848,Mid-Market,EMEA,paid_search,2024-04-24,2025-04-05,347,7609.26,5031.23,2578.03,0.338802,18,422.74,21.93
C0007849,Enterprise,North America,paid_search,2024-04-22,2024-05-04,13,955.21,645.59,309.62,0.324138,2,477.6,73.48
C0007853,Mid-Market,EMEA,paid_search,2025-02-28,2025-02-28,1,1707.01,1561.49,145.52,0.085248,1,1707.01,1707.01
C0007857,SMB,North America,paid_search,2024-01-11,2025-04-22,468,4925.04,3265.96,1659.08,0.336866,13,378.85,10.52
C0007859,Startup,EMEA,paid_search,2025-10-11,2025-12-17,68,138.61,84.39,54.22,0.391169,3,46.2,2.04
C0007863,SMB,North America,paid_search,2023-08-27,2023-11-23,89,1698.82,1102.77,596.05,0.350861,7,242.69,19.09
C0007864,SMB,North America,paid_search,2024-12-29,2025-11-22,329,4690.24,3190.7,1499.54,0.319715,9,521.14,14.26
C0007869,SMB,EMEA,paid_search,2025-04-03,2025-06-08,67,248.98,157.55,91.43,0.367218,3,82.99,3.72
C0007876,Startup,North America,paid_search,,,0,0.0,0.0,0.0,0.0,0,0.0,0.0
C0007878,Startup,LATAM,paid_search,2025-09-01,2025-10-04,34,620.94,456.05,164.89,0.265549,2,310.47,18.26
C0007881,Mid-Market,LATAM,paid_search,2024-04-05,2024-05-17,43,863.83,642.96,220.87,0.255687,2,431.92,20.09
C0007882,SMB,LATAM,paid_search,2023-05-31,2023-11-18,172,1995.15,1339.69,655.46,0.328527,6,332.52,11.6
C0007889,Startup,APAC,paid_search,2025-05-30,2025-06-05,7,340.79,290.13,50.66,0.148655,2,170.4,48.68
C0007891,Mid-Market,North America,paid_search,2025-02-11,2025-02-11,1,169.24,108.09,61.15,0.361321,1,169.24,169.24
C0007894,Mid-Market,North America,paid_search,,,0,0.0,0.0,0.0,0.0,0,0.0,0.0
C0007895,Mid-Market,North America,paid_search,2024-08-19,2025-06-26,312,5730.5,4134.04,1596.46,0.27859,11,520.95,18.37
C0007901,SMB,EMEA,paid_search,2024-08-30,2024-09-19,21,19948.78,12312.68,7636.1,0.382785,2,9974.39,949.94
C0007902,Startup,EMEA,paid_search,2025-07-06,2025-12-12,160,432.32,329.2,103.12,0.238527,4,108.08,2.7
C0007906,SMB,LATAM,paid_search,2023-12-24,2024-07-17,207,763.18,547.37,215.81,0.282777,5,152.64,3.69
C0007918,Startup,EMEA,paid_search,2023-04-26,2023-05-14,19,2863.75,2176.97,686.78,0.239818,2,1431.88,150.72
C0007919,Mid-Market,EMEA,paid_search,2025-11-16,2025-11-30,15,1188.95,755.74,433.21,0.364364,3,396.32,79.26
C0007920,Startup,North America,paid_search,2024-12-07,2025-09-19,287,718.78,554.41,164.37,0.228679,4,179.7,2.5
C0007921,SMB,North America,paid_search,2025-04-25,2025-11-22,212,571.72,348.47,223.25,0.390488,4,142.93,2.7
C0007929,Startup,EMEA,paid_search,2023-01-23,2023-01-23,1,756.38,456.2,300.18,0.396864,1,756.38,756.38
C0007930,SMB,EMEA,paid_search,2025-05-22,2025-08-10,81,2655.49,1827.97,827.52,0.311626,5,531.1,32.78
C0007932,Startup,LATAM,paid_search,,,0,0.0,0.0,0.0,0.0,0,0.0,0.0
C0007940,Startup,EMEA,paid_search,2025-07-16,2025-12-10,148,356.72,252.95,103.77,0.2909,5,71.34,2.41
C0007943,Startup,EMEA,paid_search,2025-05-17,2025-07-26,71,190.64,113.95,76.69,0.402277,3,63.55,2.69
C0007949,Startup,North America,paid_search,2024-05-31,2025-12-13,562,1670.4,1378.77,291.63,0.174587,13,128.49,2.97
C0007950,Startup,EMEA,paid_search,2025-10-30,2025-12-27,59,113.41,66.96,46.45,0.409576,2,56.7,1.92
C0007956,Enterprise,EMEA,paid_search,2025-06-13,2025-12-30,201,25442.11,19129.15,6312.96,0.24813,15,1696.14,126.58
C0007957,SMB,North America,paid_search,2024-08-09,2025-01-01,146,1033.72,674.52,359.2,0.347483,7,147.67,7.08
C0007960,Startup,EMEA,paid_search,,,0,0.0,0.0,0.0,0.0,0,0.0,0.0
C0007969,Startup,North America,paid_search,2023-06-16,2025-08-18,795,4534.79,2783.02,1751.77,0.386296,16,283.42,5.7
C0007974,SMB,EMEA,paid_search,2023-01-31,2024-05-09,465,4923.83,2735.56,2188.27,0.444424,13,378.76,10.59
C0007976,SMB,LATAM,paid_search,2025-10-27,2025-10-27,1,66.8,53.17,13.63,0.204042,1,66.8,66.8
C0007977,Enterprise,EMEA,paid_search,2025-09-23,2025-12-19,88,5230.05,4692.42,537.63,0.102796,4,1307.51,59.43
C0007982,SMB,APAC,paid_search,2025-12-03,2025-12-26,24,547.42,331.73,215.69,0.394012,3,182.47,22.81
C0007983,Mid-Market,APAC,paid_search,2025-11-17,2025-12-07,21,1050.2,733.44,316.76,0.301619,3,350.07,50.01
C0007984,SMB,North America,paid_search,,,0,0.0,0.0,0.0,0.0,0,0.0,0.0
C0007987,SMB,EMEA,paid_search,2025-11-27,2025-12-05,9,1498.6,1007.1,491.5,0.327973,4,374.65,166.51
C0007996,Startup,EMEA,paid_search,2024-06-23,2024-07-07,15,1777.19,1121.72,655.47,0.368824,5,355.44,118.48
C0007999,SMB,North America,paid_search,2024-02-15,2024-02-15,1,119.74,85.19,34.55,0.288542,1,119.74,119.74
C0008002,Enterprise,North America,paid_search,2025-10-25,2025-11-27,34,4146.34,3322.96,823.38,0.19858,5,829.27,121.95
C0008003,Startup,North America,paid_search,2024-04-18,2025-10-04,535,1633.24,1043.24,590.0,0.361245,11,148.48,3.05
C0008006,Startup,APAC,paid_search,2025-05-27,2025-12-31,219,658.37,402.92,255.45,0.388004,5,131.67,3.01
C0008011,Mid-Market,North America,paid_search,,,0,0.0,0.0,0.0,0.0,0,0.0,0.0
C0008012,Startup,North America,paid_search,2025-06-13,2025-07-23,41,1485.91,899.86,586.05,0.394405,2,742.96,36.24
C0008016,SMB,EMEA,paid_search,2024-02-26,2024-06-24,120,2197.24,1458.02,739.22,0.336431,6,366.21,18.31
C0008022,Startup,North America,paid_search,2024-03-28,2024-12-09,257,334.56,220.52,114.04,0.340866,4,83.64,1.3
C0008023,Startup,EMEA,paid_search,2025-11-30,2025-11-30,1,92.62,48.09,44.53,0.480782,1,92.62,92.62
C0008025,Startup,North America,paid_search,2024-03-13,2024-06-01,81,858.21,513.9,344.31,0.401196,7,122.6,10.6
C0008026,SMB,APAC,paid_search,2025-01-05,2025-03-18,73,1007.8,699.29,308.51,0.306122,5,201.56,13.81
C0008032,Startup,LATAM,paid_search,2024-08-17,2024-12-08,114,760.08,530.57,229.51,0.301955,8,95.01,6.67
C0008038,Startup,LATAM,paid_search,,,0,0.0,0.0,0.0,0.0,0,0.0,0.0
C0008039,Startup,North America,paid_search,2023-09-17,2023-09-17,1,60.26,39.84,20.42,0.338865,1,60.26,60.26
C0008043,Mid-Market,APAC,paid_search,2025-09-15,2025-12-25,102,1378.55,1022.88,355.67,0.258003,6,229.76,13.52
C0008044,Mid-Market,North America,paid_search,2024-11-07,2024-11-07,1,50.45,31.3,19.15,0.379584,1,50.45,50.45
C0008047,Startup,North America,paid_search,2025-08-03,2025-10-14,73,306.1,248.74,57.36,0.18739,3,102.03,4.19
C0008050,SMB,North America,paid_search,2025-05-29,2025-09-15,110,249.31,165.53,83.78,0.336047,3,83.1,2.27
C0008056,Startup,EMEA,paid_search,2025-03-31,2025-09-12,166,904.7,623.65,281.05,0.310655,6,150.78,5.45
C0008062,SMB,North America,paid_search,2024-03-06,2024-11-01,241,2835.14,1962.9,872.24,0.307653,7,405.02,11.76
C0008069,Startup,North America,paid_search,2023-08-30,2024-02-22,177,1991.49,1870.88,120.61,0.060563,6,331.92,11.25
C0008070,Mid-Market,EMEA,paid_search,,,0,0.0,0.0,0.0,0.0,0,0.0,0.0
C0008072,SMB,APAC,paid_search,2025-02-20,2025-03-25,34,1323.13,977.6,345.53,0.261146,3,441.04,38.92
C0008073,Startup,EMEA,paid_search,2024-03-09,2024-03-09,1,469.85,266.48,203.37,0.43284,1,469.85,469.85
C0008077,Startup,North America,paid_search,2023-02-05,2023-02-05,1,21.24,15.65,5.59,0.263183,1,21.24,21.24
C0008080,Startup,EMEA,paid_search,,,0,0.0,0.0,0.0,0.0,0,0.0,0.0
C0008091,Startup,North America,paid_search,,,0,0.0,0.0,0.0,0.0,0,0.0,0.0
C0008094,Startup,LATAM,paid_search,,,0,0.0,0.0,0.0,0.0,0,0.0,0.0
C0008105,Startup,North America,paid_search,2025-06-11,2025-12-18,191,279.96,200.46,79.5,0.283969,4,69.99,1.47
C0008108,Startup,EMEA,paid_search,2025-10-13,2025-11-01,20,105.88,69.81,36.07,0.340669,2,52.94,5.29
C0008113,Enterprise,North America,paid_search,2025-12-17,2025-12-31,15,6539.86,5357.92,1181.94,0.180729,4,1634.96,435.99
C0008118,Startup,North America,paid_search,2024-06-15,2024-06-15,1,48.89,36.55,12.34,0.252403,1,48.89,48.89
C0008130,SMB,LATAM,paid_search,,,0,0.0,0.0,0.0,0.0,0,0.0,0.0
C0008132,Enterprise,LATAM,paid_search,2025-10-31,2025-12-24,55,5774.36,4229.33,1545.03,0.267567,4,1443.59,104.99
C0008134,Mid-Market,EMEA,paid_search,2025-08-30,2025-12-07,100,5263.68,4666.86,596.82,0.113385,4,1315.92,52.64
C0008138,Startup,North America,paid_search,2023-03-29,2024-07-26,486,674.74,481.4,193.34,0.28654,9,74.97,1.39
C0008140,Mid-Market,LATAM,paid_search,2024-07-06,2025-02-24,234,8380.28,7361.17,1019.11,0.121608,8,1047.54,35.81
C0008142,Startup,EMEA,paid_search,2024-03-31,2024-08-19,142,317.15,185.35,131.8,0.415576,5,63.43,2.23
C0008144,SMB,EMEA,paid_search,2024-07-04,2024-07-10,7,1087.49,917.23,170.26,0.156562,2,543.74,155.36
C0008149,SMB,North America,paid_search,2025-08-29,2025-08-29,1,475.66,300.86,174.8,0.367489,1,475.66,475.66
C0008150,Enterprise,LATAM,paid_search,2023-07-13,2023-09-27,77,5933.89,4699.17,1234.72,0.208079,6,988.98,77.06
C0008152,Startup,North America,paid_search,2025-05-14,2025-12-11,212,279.74,191.12,88.62,0.316794,3,93.25,1.32
C0008164,Mid-Market,North America,paid_search,,,0,0.0,0.0,0.0,0.0,0,0.0,0.0
C0008167,Enterprise,LATAM,paid_search,2025-08-20,2025-10-11,53,16349.47,13891.39,2458.08,0.150346,3,5449.82,308.48
C0008168,SMB,EMEA,paid_search,,,0,0.0,0.0,0.0,0.0,0,0.0,0.0
C0008170,Mid-Market,North America,paid_search,,,0,0.0,0.0,0.0,0.0,0,0.0,0.0
C0008174,Mid-Market,APAC,paid_search,2025-01-29,2025-02-25,28,542.72,346.25,196.47,0.36201,2,271.36,19.38
C0008180,SMB,North America,paid_search,2024-08-24,2024-09-02,10,1105.24,738.04,367.2,0.332236,4,276.31,110.52
C0008184,Startup,North America,paid_search,2023-03-11,2025-03-13,734,2959.35,1929.07,1030.28,0.348144,14,211.38,4.03
C0008189,Startup,North America,paid_search,2025-05-30,2025-06-04,6,174.72,133.88,40.84,0.233745,2,87.36,29.12
C0008190,Mid-Market,North America,paid_search,2025-08-17,2025-09-29,44,1145.25,797.73,347.52,0.303445,5,229.05,26.03
C0008195,Mid-Market,EMEA,paid_search,2025-10-28,2025-12-24,58,3441.76,2254.19,1187.57,0.345047,6,573.63,59.34
C0008198,Startup,LATAM,paid_search,2024-01-29,2024-06-26,150,662.44,564.41,98.03,0.147983,5,132.49,4.42
C0008202,Startup,LATAM,paid_search,,,0,0.0,0.0,0.0,0.0,0,0.0,0.0
C0008204,Startup,LATAM,paid_search,2025-04-05,2025-09-16,165,107.75,67.64,40.11,0.372251,3,35.92,0.65
C0008205,Mid-Market,North America,paid_search,2024-05-13,2025-06-21,405,18942.36,14785.48,4156.88,0.219449,27,701.57,46.77
C0008208,SMB,North America,paid_search,2024-09-26,2025-12-24,455,2230.42,1417.04,813.38,0.364676,11,202.77,4.9
C0008215,SMB,North America,paid_search,2024-02-26,2024-03-24,28,1409.54,959.31,450.23,0.319416,3,469.85,50.34
C0008219,Mid-Market,North America,paid_search,2024-11-08,2025-11-26,384,7194.06,5585.69,1608.37,0.223569,12,599.5,18.73
C0008223,SMB,APAC,paid_search,,,0,0.0,0.0,0.0,0.0,0,0.0,0.0
C0008231,Startup,EMEA,paid_search,2024-03-11,2025-01-04,300,1383.8,891.97,491.83,0.35542,10,138.38,4.61
C0008236,SMB,North America,paid_search,2023-07-28,2024-12-05,497,5445.04,3891.84,1553.2,0.28525,11,495.0,10.96
C0008240,SMB,LATAM,paid_search,2024-07-26,2025-05-03,282,2388.72,1710.49,678.23,0.28393,10,238.87,8.47
C0008241,SMB,APAC,paid_search,2023-04-25,2024-08-18,482,3838.12,2719.55,1118.57,0.291437,11,348.92,7.96
C0008243,SMB,North America,paid_search,2025-12-28,2025-12-28,1,84.31,47.78,36.53,0.433282,1,84.31,84.31
C0008247,Startup,North America,paid_search,2023-10-23,2023-10-23,1,57.6,33.66,23.94,0.415625,1,57.6,57.6
C0008248,SMB,APAC,paid_search,2023-07-16,2024-02-20,220,3448.38,2540.52,907.86,0.263271,8,431.05,15.67
C0008254,SMB,North America,paid_search,2025-09-30,2025-12-23,85,270.06,158.39,111.67,0.413501,2,135.03,3.18
C0008263,SMB,North America,paid_search,2025-09-23,2025-11-25,64,293.86,200.79,93.07,0.316715,3,97.95,4.59
C0008267,Mid-Market,North America,paid_search,2025-11-26,2025-12-06,11,353.61,208.69,144.92,0.40983,2,176.8,32.15
C0008271,SMB,North America,paid_search,2025-01-19,2025-12-20,336,563.39,353.41,209.98,0.372708,5,112.68,1.68
C0008275,Mid-Market,EMEA,paid_search,2024-04-21,2025-03-18,332,2440.09,1911.11,528.98,0.216787,4,610.02,7.35
C0008280,Startup,EMEA,paid_search,2024-05-28,2024-05-28,1,823.89,680.28,143.61,0.174307,1,823.89,823.89
C0008281,Mid-Market,EMEA,paid_search,2024-11-25,2025-07-15,233,16437.26,13754.24,2683.02,0.163228,11,1494.3,70.55
C0008284,SMB,LATAM,paid_search,2024-12-27,2025-07-10,196,5254.62,3917.08,1337.54,0.254546,10,525.46,26.81
C0008286,Startup,North America,paid_search,,,0,0.0,0.0,0.0,0.0,0,0.0,0.0
C0008292,Startup,LATAM,paid_search,,,0,0.0,0.0,0.0,0.0,0,0.0,0.0
C0008294,Startup,EMEA,paid_search,2023-02-04,2024-12-19,685,1906.96,1260.32,646.64,0.339095,16,119.18,2.78
C0008295,Mid-Market,APAC,paid_search,2025-05-31,2025-05-31,1,495.17,335.64,159.53,0.322172,1,495.17,495.17
C0008300,Startup,APAC,paid_search,2024-06-26,2024-07-04,9,486.29,327.97,158.32,0.325567,3,162.1,54.03
C0008312,Startup,EMEA,paid_search,2024-08-29,2025-10-04,402,1231.72,921.21,310.51,0.252095,5,246.34,3.06
C0008313,Startup,North America,paid_search,2023-04-06,2023-04-06,1,45.58,34.21,11.37,0.249452,1,45.58,45.58
C0008318,Startup,EMEA,paid_search,,,0,0.0,0.0,0.0,0.0,0,0.0,0.0
C0008321,Enterprise,EMEA,paid_search,,,0,0.0,0.0,0.0,0.0,0,0.0,0.0
C0008324,Startup,EMEA,paid_search,,,0,0.0,0.0,0.0,0.0,0,0.0,0.0
C0008329,SMB,North America,paid_search,2025-09-13,2025-09-24,12,281.55,188.73,92.82,0.329675,3,93.85,23.46
C0008330,SMB,EMEA,paid_search,,,0,0.0,0.0,0.0,0.0,0,0.0,0.0
C0008333,SMB,North America,paid_search,2023-07-06,2023-07-23,18,222.63,132.46,90.17,0.405022,3,74.21,12.37
C0008335,Mid-Market,EMEA,paid_search,2024-01-21,2024-05-20,121,5872.62,4185.52,1687.1,0.287282,7,838.95,48.53
C0008340,SMB,North America,paid_search,2025-07-04,2025-07-16,13,972.24,563.34,408.9,0.420575,5,194.45,74.79
C0008343,Startup,LATAM,paid_search,2025-06-07,2025-12-30,207,524.28,421.27,103.01,0.196479,5,104.86,2.53
C0008345,SMB,EMEA,paid_search,2025-11-15,2025-11-26,12,292.34,243.95,48.39,0.165526,2,146.17,24.36
C0008349,Startup,North America,paid_search,2023-02-27,2023-05-11,74,671.85,549.54,122.31,0.18205,3,223.95,9.08
C0008350,Startup,North America,paid_search,2023-08-10,2023-08-10,1,141.95,114.82,27.13,0.191124,1,141.95,141.95
C0008354,Mid-Market,APAC,paid_search,2024-02-06,2024-11-09,278,9219.45,6717.21,2502.24,0.271409,15,614.63,33.16
C0008362,SMB,EMEA,paid_search,2025-10-26,2025-10-30,5,1064.16,773.05,291.11,0.273558,3,354.72,212.83
C0008363,Startup,EMEA,paid_search,2025-01-07,2025-09-28,265,639.23,464.59,174.64,0.273204,4,159.81,2.41
C0008364,SMB,EMEA,paid_search,2024-10-07,2025-02-01,118,2540.96,2091.52,449.44,0.176878,4,635.24,21.53
C0008366,Startup,North America,paid_search,,,0,0.0,0.0,0.0,0.0,0,0.0,0.0
C0008368,SMB,LATAM,paid_search,2025-07-23,2025-12-19,150,171.99,100.08,71.91,0.418106,2,86.0,1.15
C0008385,SMB,APAC,paid_search,2023-11-20,2024-02-21,94,603.54,381.47,222.07,0.367946,6,100.59,6.42
C0008386,Mid-Market,EMEA,paid_search,2024-09-29,2025-08-30,336,9625.21,7716.51,1908.7,0.198302,10,962.52,28.65
C0008394,SMB,LATAM,paid_search,2025-06-25,2025-07-03,9,367.87,220.09,147.78,0.401718,2,183.94,40.87
C0008397,Mid-Market,APAC,paid_search,2025-02-14,2025-10-07,236,5254.61,3390.15,1864.46,0.354824,11,477.69,22.27
C0008400,SMB,EMEA,paid_search,2025-08-18,2025-08-18,1,102.3,62.51,39.79,0.388954,1,102.3,102.3
C0008404,SMB,North America,paid_search,2025-09-27,2025-09-27,1,170.23,107.15,63.08,0.370557,1,170.23,170.23
C0008407,SMB,LATAM,paid_search,2023-12-20,2023-12-31,12,1094.64,819.21,275.43,0.251617,3,364.88,91.22
C0008413,Mid-Market,LATAM,paid_search,2025-05-25,2025-12-10,200,5752.11,4248.14,1503.97,0.261464,11,522.92,28.76
C0008414,Mid-Market,EMEA,paid_search,2024-09-07,2024-09-07,1,51.65,29.03,22.62,0.437948,1,51.65,51.65
C0008417,SMB,North America,paid_search,,,0,0.0,0.0,0.0,0.0,0,0.0,0.0
C0008419,Mid-Market,APAC,paid_search,2024-06-29,2025-02-02,219,3606.7,2277.02,1329.68,0.368669,8,450.84,16.47
C0008424,Startup,North America,paid_search,2025-12-12,2025-12-12,1,32.74,24.41,8.33,0.254429,1,32.74,32.74
C0008428,Startup,EMEA,paid_search,2024-05-26,2024-07-04,40,301.86,219.56,82.3,0.272643,3,100.62,7.55
C0008431,SMB,North America,paid_search,2023-02-19,2023-03-09,19,420.17,309.11,111.06,0.264322,2,210.08,22.11
C0008432,Mid-Market,EMEA,paid_search,2023-03-20,2023-10-17,212,5434.08,3957.07,1477.01,0.271805,10,543.41,25.63
C0008433,SMB,North America,paid_search,2025-10-20,2025-12-17,59,823.73,647.88,175.85,0.21348,4,205.93,13.96
C0008439,Mid-Market,APAC,paid_search,,,0,0.0,0.0,0.0,0.0,0,0.0,0.0
C0008441,Startup,APAC,paid_search,2025-11-17,2025-11-17,1,322.98,228.99,93.99,0.291009,1,322.98,322.98
C0008442,SMB,North America,paid_search,2024-09-14,2025-02-03,143,1507.75,1150.23,357.52,0.237122,6,251.29,10.54
C0008452,Mid-Market,LATAM,paid_search,2023-06-24,2024-02-05,227,4283.24,3150.96,1132.28,0.264351,8,535.4,18.87
C0008454,Startup,APAC,paid_search,2025-12-29,2025-12-29,1,11.45,6.37,5.08,0.443668,1,11.45,11.45
C0008460,Mid-Market,LATAM,paid_search,2025-04-04,2025-04-29,26,1254.03,857.94,396.09,0.315854,4,313.51,48.23
C0008462,SMB,North America,paid_search,2025-06-09,2025-12-05,180,929.88,637.62,292.26,0.314299,7,132.84,5.17
C0008464,Enterprise,LATAM,paid_search,2025-09-13,2025-12-17,96,32926.26,28424.89,4501.37,0.136711,8,4115.78,342.98
C0008467,Mid-Market,LATAM,paid_search,2024-09-14,2024-09-14,1,99.54,62.48,37.06,0.372313,1,99.54,99.54
C0008470,SMB,EMEA,paid_search,2024-08-12,2025-03-11,212,4016.5,3031.31,985.19,0.245286,14,286.89,18.95
C0008482,SMB,APAC,paid_search,2023-11-27,2023-11-27,1,208.6,138.61,69.99,0.335523,1,208.6,208.6
C0008483,Mid-Market,EMEA,paid_search,2025-08-30,2025-12-22,115,2162.99,1534.34,628.65,0.290639,7,309.0,18.81
C0008486,Startup,North America,paid_search,2025-09-18,2025-12-25,99,483.45,421.57,61.88,0.127997,3,161.15,4.88
C0008488,SMB,APAC,paid_search,2023-07-01,2024-07-24,390,1706.96,1155.21,551.75,0.323235,8,213.37,4.38
C0008494,Mid-Market,APAC,paid_search,2025-10-19,2025-11-03,16,3820.59,3083.98,736.61,0.1928,4,955.15,238.79
C0008499,Mid-Market,EMEA,paid_search,2025-02-12,2025-11-15,277,26962.14,18895.61,8066.53,0.29918,15,1797.48,97.34
C0008500,SMB,EMEA,paid_search,2023-02-04,2023-06-13,130,424.05,261.65,162.4,0.382974,3,141.35,3.26
C0008503,SMB,North America,paid_search,2023-11-28,2025-05-06,526,4426.0,3436.24,989.76,0.223624,17,260.35,8.41
C0008508,SMB,EMEA,paid_search,2024-02-25,2024-06-09,106,1644.09,1129.31,514.78,0.313109,5,328.82,15.51
C0008510,Mid-Market,EMEA,paid_search,2025-09-29,2025-11-01,34,5935.63,4237.85,1697.78,0.286032,8,741.95,174.58
C0008512,SMB,North America,paid_search,2025-01-27,2025-03-15,48,509.15,398.12,111.03,0.218069,3,169.72,10.61
C0008518,Startup,North America,paid_search,2023-12-07,2023-12-07,1,49.81,37.9,11.91,0.239109,1,49.81,49.81
C0008533,Startup,APAC,paid_search,2023-12-31,2024-01-28,29,87.46,56.04,31.42,0.35925,2,43.73,3.02
C0008534,SMB,EMEA,paid_search,2025-11-21,2025-12-25,35,206.53,135.81,70.72,0.34242,2,103.26,5.9
C0008535,Mid-Market,EMEA,paid_search,2025-07-05,2025-10-04,92,5558.69,4063.16,1495.53,0.269044,6,926.45,60.42
C0008538,SMB,EMEA,paid_search,2025-11-30,2025-11-30,1,119.67,73.68,45.99,0.384307,1,119.67,119.67
C0008542,Mid-Market,EMEA,paid_search,2023-01-18,2023-07-13,177,9352.88,6829.55,2523.33,0.269792,9,1039.21,52.84
C0008546,SMB,EMEA,paid_search,2024-12-27,2025-01-05,10,459.82,319.16,140.66,0.305902,4,114.96,45.98
C0008547,Startup,LATAM,paid_search,,,0,0.0,0.0,0.0,0.0,0,0.0,0.0
C0008550,Mid-Market,North America,paid_search,2025-07-10,2025-09-18,71,1659.52,1112.6,546.92,0.329565,7,237.07,23.37
C0008552,SMB,APAC,paid_search,,,0,0.0,0.0,0.0,0.0,0,0.0,0.0
C0008555,Startup,APAC,paid_search,2025-09-02,2025-09-02,1,23.65,14.46,9.19,0.388584,1,23.65,23.65
C0008556,SMB,North America,paid_search,2023-10-14,2023-10-14,1,156.19,121.61,34.58,0.221397,1,156.19,156.19
C0008559,Mid-Market,EMEA,paid_search,2024-05-12,2025-06-27,412,21664.34,15574.33,6090.01,0.281108,16,1354.02,52.58
C0008561,Enterprise,EMEA,paid_search,2024-05-09,2024-08-29,113,25426.96,20175.55,5251.41,0.206529,14,1816.21,225.02
C0008567,Startup,EMEA,paid_search,2025-11-16,2025-11-18,3,250.59,159.86,90.73,0.362066,2,125.3,83.53
C0008569,Startup,APAC,paid_search,2025-05-25,2025-11-28,188,329.36,266.6,62.76,0.190551,6,54.89,1.75
C0008572,Startup,LATAM,paid_search,2025-12-08,2025-12-08,1,52.12,33.72,18.4,0.353031,1,52.12,52.12
C0008578,Mid-Market,North America,paid_search,2024-03-25,2024-10-02,192,24662.13,17391.24,7270.89,0.29482,9,2740.24,128.45
C0008581,Mid-Market,EMEA,paid_search,2025-03-30,2025-11-23,239,5713.26,4176.4,1536.86,0.268999,10,571.33,23.9
C0008585,Startup,North America,paid_search,2025-09-22,2025-10-10,19,205.67,149.69,55.98,0.272184,2,102.84,10.82
C0008588,Startup,LATAM,paid_search,2025-01-27,2025-12-02,310,1338.33,966.76,371.57,0.277637,11,121.67,4.32
C0008590,Mid-Market,LATAM,paid_search,2025-04-21,2025-11-07,201,4667.17,3545.75,1121.42,0.240278,7,666.74,23.22
C0008593,Mid-Market,EMEA,paid_search,2025-12-31,2025-12-31,1,430.75,205.57,225.18,0.522763,1,430.75,430.75
C0008597,SMB,LATAM,paid_search,2025-05-04,2025-07-19,77,4028.87,3254.17,774.7,0.192287,6,671.48,52.32
C0008599,Enterprise,LATAM,paid_search,2024-10-01,2024-10-10,10,14926.93,11580.97,3345.96,0.224156,5,2985.39,1492.69
C0008602,SMB,North America,paid_search,,,0,0.0,0.0,0.0,0.0,0,0.0,0.0
C0008603,Enterprise,LATAM,paid_search,2024-05-30,2025-06-20,387,34518.84,29476.88,5041.96,0.146064,19,1816.78,89.2
C0008604,Startup,North America,paid_search,,,0,0.0,0.0,0.0,0.0,0,0.0,0.0
C0008605,Startup,EMEA,paid_search,2025-04-30,2025-12-29,244,909.42,560.09,349.33,0.384124,7,129.92,3.73
C0008608,SMB,North America,paid_search,2025-07-25,2025-08-21,28,736.31,492.14,244.17,0.331613,5,147.26,26.3
C0008611,Startup,North America,paid_search,2024-04-12,2024-06-02,52,122.33,91.02,31.31,0.255947,2,61.16,2.35
C0008613,Startup,EMEA,paid_search,2025-04-25,2025-11-30,220,767.61,571.23,196.38,0.255833,7,109.66,3.49
C0008618,Enterprise,North America,paid_search,2025-05-18,2025-09-18,124,19481.05,14880.0,4601.05,0.236181,9,2164.56,157.11
C0008620,SMB,EMEA,paid_search,2025-09-20,2025-09-20,1,380.65,261.38,119.27,0.313332,1,380.65,380.65
C0008621,SMB,North America,paid_search,,,0,0.0,0.0,0.0,0.0,0,0.0,0.0
C0008622,Enterprise,APAC,paid_search,2025-06-27,2025-06-27,1,1224.95,768.79,456.16,0.372391,1,1224.95,1224.95
C0008633,Mid-Market,North America,paid_search,2023-03-16,2023-03-16,1,1221.64,992.14,229.5,0.187862,1,1221.64,1221.64
C0008637,Mid-Market,North America,paid_search,2024-03-28,2025-02-13,323,8878.47,6174.08,2704.39,0.304601,15,591.9,27.49
C0008638,Enterprise,EMEA,paid_search,2024-09-02,2025-08-15,348,45898.73,37264.63,8634.1,0.188112,24,1912.45,131.89
C0008645,Mid-Market,EMEA,paid_search,2024-05-27,2025-01-27,246,9321.52,7056.16,2265.36,0.243025,13,717.04,37.89
C0008646,SMB,EMEA,paid_search,,,0,0.0,0.0,0.0,0.0,0,0.0,0.0
C0008651,Startup,APAC,paid_search,2024-08-24,2024-08-30,7,255.3,202.08,53.22,0.208461,2,127.65,36.47
C0008653,Enterprise,EMEA,paid_search,2025-12-19,2025-12-19,1,717.51,640.85,76.66,0.106842,1,717.51,717.51
C0008655,Mid-Market,EMEA,paid_search,2024-06-23,2024-08-21,60,4277.83,3418.03,859.8,0.20099,5,855.57,71.3
C0008660,Mid-Market,EMEA,paid_search,,,0,0.0,0.0,0.0,0.0,0,0.0,0.0
C0008662,Startup,APAC,paid_search,,,0,0.0,0.0,0.0,0.0,0,0.0,0.0
C0008663,Startup,LATAM,paid_search,2025-12-31,2025-12-31,1,49.76,38.17,11.59,0.232918,1,49.76,49.76
C0008665,Startup,North America,paid_search,2023-05-24,2023-10-31,161,639.44,397.62,241.82,0.378175,5,127.89,3.97
C0008666,SMB,EMEA,paid_search,2025-04-28,2025-08-16,111,754.39,488.48,265.91,0.352483,5,150.88,6.8
C0008688,Enterprise,LATAM,paid_search,2024-03-28,2024-05-07,41,22893.99,18945.91,3948.08,0.17245,7,3270.57,558.39
C0008691,Startup,EMEA,paid_search,,,0,0.0,0.0,0.0,0.0,0,0.0,0.0
C0008692,Startup,EMEA,paid_search,2024-08-10,2025-11-05,453,852.35,642.5,209.85,0.246202,14,60.88,1.88
C0008703,Mid-Market,EMEA,paid_search,2024-02-21,2024-11-23,277,9285.47,5660.74,3624.73,0.390366,8,1160.68,33.52
C0008704,SMB,North America,paid_search,,,0,0.0,0.0,0.0,0.0,0,0.0,0.0
C0008708,SMB,North America,paid_search,2023-03-23,2023-04-07,16,946.02,690.11,255.91,0.270512,4,236.5,59.13
C0008719,Mid-Market,North America,paid_search,,,0,0.0,0.0,0.0,0.0,0,0.0,0.0
C0008722,Startup,North America,paid_search,2024-12-31,2025-12-23,358,469.4,292.47,176.93,0.376928,5,93.88,1.31
C0008727,SMB,LATAM,paid_search,,,0,0.0,0.0,0.0,0.0,0,0.0,0.0
C0008732,SMB,APAC,paid_search,2025-07-05,2025-11-07,126,824.44,520.32,304.12,0.368881,5,164.89,6.54
C0008734,Mid-Market,North America,paid_search,2025-01-23,2025-11-12,294,7438.81,5084.88,2353.93,0.316439,8,929.85,25.3
C0008737,SMB,North America,paid_search,2025-03-02,2025-08-05,157,898.39,591.21,307.18,0.341923,6,149.73,5.72
C0008741,SMB,EMEA,paid_search,2023-02-06,2023-02-14,9,896.94,709.47,187.47,0.209011,2,448.47,99.66
C0008743,Startup,EMEA,paid_search,2024-04-05,2024-07-09,96,188.54,112.0,76.54,0.405962,3,62.85,1.96
C0008754,SMB,APAC,paid_search,2025-09-18,2025-12-17,91,2088.62,1651.71,436.91,0.209186,4,522.16,22.95
C0008759,Mid-Market,EMEA,paid_search,2024-10-12,2024-12-13,63,1280.35,771.44,508.91,0.397477,2,640.17,20.32
C0008760,Startup,EMEA,paid_search,2023-12-24,2024-01-16,24,853.44,583.79,269.65,0.315957,4,213.36,35.56
C0008765,Startup,North America,paid_search,2024-08-31,2024-10-08,39,78.56,52.75,25.81,0.328539,2,39.28,2.01
C0008774,Startup,APAC,paid_search,2025-08-28,2025-10-08,42,481.05,369.38,111.67,0.232138,3,160.35,11.45
C0008779,Startup,EMEA,paid_search,2025-11-17,2025-11-17,1,208.64,180.18,28.46,0.136407,1,208.64,208.64
C0008781,SMB,APAC,paid_search,2025-03-24,2025-12-03,255,1122.92,871.64,251.28,0.223774,7,160.42,4.4
C0008786,SMB,APAC,paid_search,2024-04-16,2024-09-30,168,1924.16,1471.87,452.29,0.235058,8,240.52,11.45
C0008788,SMB,APAC,paid_search,2025-04-28,2025-05-21,24,970.29,618.17,352.12,0.362902,4,242.57,40.43
C0008790,SMB,North America,paid_search,,,0,0.0,0.0,0.0,0.0,0,0.0,0.0
C0008792,Mid-Market,EMEA,paid_search,2025-10-13,2025-12-01,50,3615.28,2717.16,898.12,0.248423,5,723.06,72.31
C0008794,SMB,North America,paid_search,,,0,0.0,0.0,0.0,0.0,0,0.0,0.0
C0008799,Startup,North America,paid_search,2024-01-16,2024-01-16,1,34.02,24.05,9.97,0.293063,1,34.02,34.02
C0008805,Startup,North America,paid_search,2025-07-27,2025-10-21,87,492.52,312.18,180.34,0.366158,3,164.17,5.66
C0008807,SMB,North America,paid_search,,,0,0.0,0.0,0.0,0.0,0,0.0,0.0
C0008809,SMB,EMEA,paid_search,,,0,0.0,0.0,0.0,0.0,0,0.0,0.0
C0008818,Startup,APAC,paid_search,2025-08-18,2025-08-18,1,93.12,68.17,24.95,0.267934,1,93.12,93.12
C0008822,SMB,APAC,paid_search,2024-08-30,2024-09-01,3,204.93,129.14,75.79,0.369834,3,68.31,68.31
C0008827,Mid-Market,APAC,paid_search,2025-06-11,2025-12-11,184,7583.02,5258.6,2324.42,0.30653,13,583.31,41.21
C0008832,SMB,EMEA,paid_search,2025-04-05,2025-04-05,1,187.67,121.56,66.11,0.352267,1,187.67,187.67
C0008834,Startup,APAC,paid_search,2025-02-21,2025-05-04,73,196.03,142.39,53.64,0.273632,2,98.01,2.69
C0008837,SMB,LATAM,paid_search,,,0,0.0,0.0,0.0,0.0,0,0.0,0.0
C0008841,Startup,EMEA,paid_search,,,0,0.0,0.0,0.0,0.0,0,0.0,0.0
C0008848,Enterprise,North America,paid_search,2025-04-18,2025-04-18,1,1720.46,1392.34,328.12,0.190716,1,1720.46,1720.46
C0008849,Startup,North America,paid_search,2025-08-17,2025-12-23,129,389.83,242.1,147.73,0.37896,7,55.69,3.02
C0008853,Startup,APAC,paid_search,,,0,0.0,0.0,0.0,0.0,0,0.0,0.0
C0008854,Mid-Market,APAC,paid_search,2025-03-31,2025-03-31,1,187.04,113.11,73.93,0.395263,1,187.04,187.04
C0008859,Enterprise,North America,paid_search,2024-03-13,2025-05-26,440,34735.5,28481.29,6254.21,0.180052,20,1736.78,78.94
C0008863,SMB,EMEA,paid_search,2025-09-19,2025-11-23,66,2469.31,1692.4,776.91,0.314626,6,411.55,37.41
C0008868,SMB,APAC,paid_search,2024-09-24,2025-09-03,345,3151.73,2137.7,1014.03,0.321738,15,210.12,9.14
C0008875,SMB,EMEA,paid_search,,,0,0.0,0.0,0.0,0.0,0,0.0,0.0
C0008876,Mid-Market,EMEA,paid_search,2024-05-18,2024-05-18,1,1376.88,844.59,532.29,0.386591,1,1376.88,1376.88
C0008877,Mid-Market,North America,paid_search,2025-10-11,2025-12-25,76,5207.39,4090.93,1116.46,0.214399,6,867.9,68.52
C0008879,SMB,APAC,paid_search,2023-11-21,2024-04-02,134,886.07,571.89,314.18,0.354577,4,221.52,6.61
C0008884,Mid-Market,APAC,paid_search,2023-03-09,2023-03-22,14,1773.24,1301.39,471.85,0.266095,3,591.08,126.66
C0008891,SMB,APAC,paid_search,2025-07-31,2025-09-23,55,1295.61,978.01,317.6,0.245135,4,323.9,23.56
C0008894,SMB,EMEA,paid_search,2024-03-14,2025-01-05,298,11783.12,8082.08,3701.04,0.314097,7,1683.3,39.54
C0008895,Mid-Market,APAC,paid_search,2024-08-24,2025-02-10,171,4465.04,3606.84,858.2,0.192204,10,446.5,26.11
C0008898,Startup,APAC,paid_search,2024-07-04,2024-08-03,31,111.25,78.39,32.86,0.295371,2,55.62,3.59
C0008904,Startup,EMEA,paid_search,2024-06-30,2024-07-19,20,172.83,115.81,57.02,0.32992,2,86.42,8.64
C0008906,Mid-Market,EMEA,paid_search,2024-03-18,2025-11-25,618,10923.4,7616.13,3307.27,0.302769,19,574.92,17.68
C0008913,Mid-Market,EMEA,paid_search,2025-04-29,2025-12-08,224,7817.5,6257.38,1560.12,0.199568,15,521.17,34.9
C0008921,SMB,APAC,paid_search,,,0,0.0,0.0,0.0,0.0,0,0.0,0.0
C0008933,Mid-Market,APAC,paid_search,2023-09-25,2023-09-26,2,3643.32,2382.59,1260.73,0.346039,2,1821.66,1821.66
C0008935,Startup,LATAM,paid_search,2025-10-06,2025-12-12,68,1498.02,906.93,591.09,0.394581,3,499.34,22.03
C0008937,SMB,LATAM,paid_search,,,0,0.0,0.0,0.0,0.0,0,0.0,0.0
C0008942,Startup,LATAM,paid_search,2023-11-01,2023-11-01,1,250.06,142.17,107.89,0.431456,2,125.03,250.06
C0008943,Startup,APAC,paid_search,2023-05-17,2023-12-24,222,770.68,499.68,271.0,0.351638,8,96.34,3.47
C0008944,SMB,EMEA,paid_search,2025-08-09,2025-08-09,1,445.29,300.66,144.63,0.3248,1,445.29,445.29
C0008949,Startup,North America,paid_search,2024-10-30,2025-11-10,377,1576.73,959.12,617.61,0.391703,9,175.19,4.18
C0008953,Mid-Market,APAC,paid_search,2024-07-09,2024-10-21,105,2889.97,2352.32,537.65,0.18604,5,577.99,27.52
C0008956,SMB,APAC,paid_search,2024-07-30,2025-05-27,302,2359.39,1719.47,639.92,0.271223,7,337.06,7.81
C0008970,SMB,APAC,paid_search,2025-01-26,2025-11-24,303,3787.03,2721.87,1065.16,0.281265,11,344.28,12.5
C0008980,SMB,LATAM,paid_search,2025-04-08,2025-10-23,199,846.33,700.26,146.07,0.172592,4,211.58,4.25
C0008987,Startup,EMEA,paid_search,2024-04-16,2024-04-16,1,463.75,261.65,202.1,0.435795,1,463.75,463.75
C0008991,SMB,North America,paid_search,2025-12-20,2025-12-20,1,1098.76,976.01,122.75,0.111717,1,1098.76,1098.76
C0008992,SMB,North America,paid_search,2024-03-13,2024-03-28,16,271.95,190.47,81.48,0.299614,2,135.98,17.0
C0008995,Startup,North America,paid_search,2024-10-06,2025-03-06,152,1530.21,1263.98,266.23,0.173983,8,191.28,10.07
C0008996,Mid-Market,EMEA,paid_search,2025-11-20,2025-12-14,25,2739.54,2098.32,641.22,0.234061,2,1369.77,109.58
C0000001,Startup,EMEA,partners,2025-07-22,2025-10-20,91,269.77,153.92,115.85,0.42944,3,89.92,2.96
C0000013,Mid-Market,EMEA,partners,2025-04-25,2025-12-31,251,9505.53,6546.19,2959.34,0.311328,14,678.97,37.87
C0000023,SMB,APAC,partners,,,0,0.0,0.0,0.0,0.0,0,0.0,0.0
C0000032,Enterprise,EMEA,partners,2025-12-13,2025-12-25,13,3610.64,2781.4,829.24,0.229666,3,1203.55,277.74
C0000034,Enterprise,APAC,partners,2024-07-24,2024-12-15,145,21546.81,15562.95,5983.86,0.277714,15,1436.45,148.6
C0000037,Mid-Market,LATAM,partners,,,0,0.0,0.0,0.0,0.0,0,0.0,0.0
C0000053,Enterprise,North America,partners,2025-07-29,2025-12-28,153,58454.43,44203.71,14250.72,0.243792,18,3247.47,382.06
C0000056,SMB,North America,partners,,,0,0.0,0.0,0.0,0.0,0,0.0,0.0
C0000061,Mid-Market,LATAM,partners,2025-05-10,2025-12-26,231,5769.54,3739.53,2030.01,0.35185,11,524.5,24.98
C0000062,Startup,LATAM,partners,2025-01-24,2025-04-02,69,927.94,722.93,205.01,0.22093,2,463.97,13.45
C0000120,Mid-Market,LATAM,partners,2025-04-06,2025-06-27,83,4806.68,3322.09,1484.59,0.30886,11,436.97,57.91
C0000123,Mid-Market,LATAM,partners,2023-06-16,2025-06-16,732,17678.9,12076.9,5602.0,0.316875,26,679.96,24.15
C0000125,Mid-Market,North America,partners,2023-04-23,2023-09-19,150,6998.46,4461.17,2537.29,0.36255,9,777.61,46.66
C0000142,Mid-Market,North America,partners,2024-12-14,2024-12-19,6,3141.42,2321.5,819.92,0.261003,3,1047.14,523.57
C0000156,SMB,APAC,partners,2025-05-07,2025-08-29,115,2331.78,1238.26,1093.52,0.468964,4,582.94,20.28
C0000162,Mid-Market,North America,partners,2025-11-09,2025-12-01,23,1540.53,877.18,663.35,0.430599,5,308.11,66.98
C0000175,SMB,North America,partners,2023-11-23,2024-01-15,54,252.05,151.38,100.67,0.399405,2,126.02,4.67
C0000211,SMB,North America,partners,2025-05-30,2025-09-02,96,1423.62,770.37,653.25,0.458865,6,237.27,14.83
C0000234,Mid-Market,EMEA,partners,2025-06-13,2025-12-20,191,2925.74,2124.9,800.84,0.273722,7,417.96,15.32
C0000258,Mid-Market,EMEA,partners,2023-07-29,2023-08-25,28,3500.01,2290.72,1209.29,0.34551,2,1750.0,125.0
C0000264,Mid-Market,North America,partners,2023-10-01,2023-10-01,1,6756.69,5076.24,1680.45,0.248709,1,6756.69,6756.69
C0000268,Mid-Market,North America,partners,2023-10-17,2025-02-04,477,18143.34,11438.27,6705.07,0.369561,23,788.84,38.04
C0000269,SMB,APAC,partners,2023-08-08,2024-02-02,179,2747.35,1984.29,763.06,0.277744,5,549.47,15.35
C0000270,Mid-Market,North America,partners,2023-02-14,2025-05-18,825,16622.34,11295.3,5327.04,0.320475,33,503.71,20.15
C0000273,SMB,EMEA,partners,2023-04-19,2024-10-20,551,5597.79,3591.31,2006.48,0.358441,23,243.38,10.16
C0000277,SMB,North America,partners,2024-06-01,2025-12-30,578,1940.26,1285.02,655.24,0.337707,7,277.18,3.36
C0000280,SMB,EMEA,partners,2025-10-08,2025-12-22,76,1467.4,967.34,500.06,0.34078,4,366.85,19.31
C0000281,Startup,North America,partners,2023-03-29,2024-03-10,348,574.23,318.92,255.31,0.444613,6,95.7,1.65
C0000287,Mid-Market,EMEA,partners,2023-04-07,2024-03-06,335,14763.8,9810.41,4953.39,0.335509,20,738.19,44.07
C0000292,SMB,EMEA,partners,2023-08-08,2023-08-16,9,225.96,130.4,95.56,0.422907,2,112.98,25.11
C0000298,SMB,North America,partners,2025-10-15,2025-12-06,53,2760.3,1723.52,1036.78,0.375604,4,690.08,52.08
C0000308,SMB,North America,partners,2025-05-07,2025-05-07,1,37.72,19.52,18.2,0.482503,1,37.72,37.72
C0000316,Mid-Market,North America,partners,2024-06-03,2025-12-24,570,17258.8,11748.6,5510.2,0.319269,29,595.13,30.28
C0000317,Startup,EMEA,partners,2024-09-13,2025-06-01,262,1378.18,732.96,645.22,0.468168,8,172.27,5.26
C0000371,Mid-Market,EMEA,partners,2025-07-30,2025-09-01,34,738.21,547.5,190.71,0.258341,2,369.1,21.71
C0000384,Mid-Market,APAC,partners,2024-11-30,2025-09-06,281,6759.06,4281.11,2477.95,0.366612,11,614.46,24.05
C0000387,Enterprise,APAC,partners,2025-07-04,2025-12-27,177,54368.12,42253.69,12114.43,0.222822,19,2861.48,307.16
C0000398,Mid-Market,EMEA,partners,2024-04-29,2025-12-17,598,17693.47,11459.74,6233.73,0.352318,26,680.52,29.59
C0000415,Startup,APAC,partners,2023-04-22,2025-12-15,969,4143.72,2610.86,1532.86,0.369924,18,230.21,4.28
C0000442,SMB,EMEA,partners,2023-11-29,2025-02-14,444,2213.86,1351.18,862.68,0.389672,11,201.26,4.99
C0000451,Startup,LATAM,partners,2023-05-08,2023-08-03,88,458.59,256.33,202.26,0.441048,4,114.65,5.21
C0000461,SMB,EMEA,partners,2025-02-26,2025-10-31,248,927.16,523.9,403.26,0.434941,7,132.45,3.74
C0000490,SMB,APAC,partners,2025-03-02,2025-12-29,303,3041.2,1797.85,1243.35,0.408835,10,304.12,10.04
C0000492,Enterprise,North America,partners,2025-04-23,2025-12-29,251,32948.8,25781.52,7167.28,0.217528,19,1734.15,131.27
C0000493,Startup,EMEA,partners,2025-04-27,2025-06-10,45,515.77,346.37,169.4,0.328441,3,171.92,11.46
C0000516,Mid-Market,North America,partners,2023-11-23,2024-01-05,44,1596.81,919.5,677.31,0.424164,4,399.2,36.29
C0000517,Mid-Market,EMEA,partners,2024-05-28,2024-09-12,108,5984.32,4381.05,1603.27,0.267912,6,997.39,55.41
C0000521,SMB,EMEA,partners,2025-10-19,2025-12-28,71,311.13,207.95,103.18,0.33163,3,103.71,4.38
C0000535,SMB,EMEA,partners,2023-01-29,2023-06-11,134,1456.37,973.32,483.05,0.331681,8,182.05,10.87
C0000537,SMB,North America,partners,2025-01-16,2025-04-02,77,873.38,448.35,425.03,0.48665,4,218.34,11.34
C0000551,Mid-Market,North America,partners,2024-11-20,2025-12-27,403,8354.38,5939.77,2414.61,0.289023,13,642.64,20.73
C0000586,SMB,LATAM,partners,2025-04-09,2025-10-08,183,241.83,125.7,116.13,0.480213,4,60.46,1.32
C0000593,Mid-Market,North America,partners,2024-05-19,2025-12-29,590,14257.01,8150.62,6106.39,0.428308,20,712.85,24.16
C0000606,Startup,North America,partners,2025-08-19,2025-12-28,132,1984.97,1522.17,462.8,0.233152,5,396.99,15.04
C0000611,Mid-Market,North America,partners,2025-04-27,2025-12-18,236,4577.07,2555.7,2021.37,0.44163,10,457.71,19.39
C0000623,Startup,LATAM,partners,2025-12-23,2025-12-28,6,308.28,196.74,111.54,0.361814,2,154.14,51.38
C0000629,SMB,EMEA,partners,2025-06-19,2025-12-27,192,1745.26,1027.77,717.49,0.411108,5,349.05,9.09
C0000643,Mid-Market,EMEA,partners,2023-05-12,2024-02-29,294,3866.34,2150.11,1716.23,0.44389,10,386.63,13.15
C0000645,Mid-Market,APAC,partners,2025-03-31,2025-10-10,194,16346.8,11752.87,4593.93,0.281029,14,1167.63,84.26
C0000655,Enterprise,LATAM,partners,2025-12-16,2025-12-27,12,3424.57,2959.69,464.88,0.135748,2,1712.28,285.38
C0000659,SMB,APAC,partners,2025-04-29,2025-12-24,240,3158.08,2077.39,1080.69,0.342198,6,526.35,13.16
C0000669,Mid-Market,EMEA,partners,2024-06-20,2024-11-11,145,4774.55,2999.18,1775.37,0.37184,7,682.08,32.93
C0000670,Mid-Market,North America,partners,2024-11-05,2025-01-02,59,1207.51,714.54,492.97,0.408253,6,201.25,20.47
C0000673,SMB,EMEA,partners,2025-12-31,2025-12-31,1,166.74,84.17,82.57,0.495202,2,83.37,166.74
C0000687,Startup,LATAM,partners,2024-09-24,2025-12-17,450,1027.51,584.43,443.08,0.431217,11,93.41,2.28
C0000688,Mid-Market,EMEA,partners,2025-12-12,2025-12-28,17,794.86,437.66,357.2,0.449387,2,397.43,46.76
C0000708,SMB,EMEA,partners,2025-07-27,2025-12-08,135,1537.85,960.37,577.48,0.375511,9,170.87,11.39
C0000713,Startup,APAC,partners,2025-11-30,2025-12-03,4,718.65,547.63,171.02,0.237974,3,239.55,179.66
C0000730,Mid-Market,North America,partners,2025-04-14,2025-06-28,76,5427.52,4274.05,1153.47,0.212522,3,1809.17,71.41
C0000748,SMB,North America,partners,2025-06-17,2025-10-07,113,2306.34,1430.2,876.14,0.379883,6,384.39,20.41
C0000752,Enterprise,EMEA,partners,2024-05-29,2024-11-09,165,28627.59,21942.66,6684.93,0.233514,18,1590.42,173.5
C0000761,Mid-Market,North America,partners,2025-06-12,2025-12-27,199,6662.69,4386.58,2276.11,0.34162,11,605.7,33.48
C0000790,Enterprise,EMEA,partners,2025-03-30,2025-10-23,208,13492.38,10824.47,2667.91,0.197735,7,1927.48,64.87
C0000806,Mid-Market,EMEA,partners,2023-09-30,2024-05-14,228,12123.13,9287.23,2835.9,0.233925,12,1010.26,53.17
C0000820,Mid-Market,EMEA,partners,2024-04-28,2025-11-29,581,10734.65,7373.2,3361.45,0.31314,16,670.92,18.48
C0000822,Mid-Market,APAC,partners,2025-03-17,2025-12-07,266,9901.68,7124.86,2776.82,0.280439,19,521.14,37.22
C0000827,Mid-Market,North America,partners,,,0,0.0,0.0,0.0,0.0,0,0.0,0.0
C0000839,Startup,North America,partners,2024-09-23,2025-02-03,134,775.72,464.83,310.89,0.400776,3,258.57,5.79
C0000864,Enterprise,EMEA,partners,2025-02-20,2025-05-07,77,7368.62,5960.04,1408.58,0.191159,4,1842.16,95.7
C0000870,Startup,EMEA,partners,2024-02-25,2024-04-04,40,300.33,164.8,135.53,0.45127,3,100.11,7.51
C0000878,Startup,APAC,partners,2024-07-11,2024-07-11,1,390.53,299.18,91.35,0.233913,1,390.53,390.53
C0000886,Mid-Market,EMEA,partners,2024-08-28,2025-11-26,456,13095.53,8469.02,4626.51,0.353289,30,436.52,28.72
C0000890,Mid-Market,EMEA,partners,2025-05-21,2025-07-27,68,1697.02,1108.25,588.77,0.346943,3,565.67,24.96
C0000894,Startup,LATAM,partners,2023-10-08,2023-10-08,1,21.45,8.56,12.89,0.600932,1,21.45,21.45
C0000900,Mid-Market,North America,partners,2025-01-28,2025-05-09,102,6435.87,4486.22,1949.65,0.302935,7,919.41,63.1
C0000910,Mid-Market,North America,partners,2024-05-17,2025-12-20,583,17591.77,11796.48,5795.29,0.329432,22,799.63,30.17
C0000913,Enterprise,APAC,partners,2025-10-27,2025-12-31,66,20557.53,13146.74,7410.79,0.36049,10,2055.75,311.48
C0000920,Mid-Market,North America,partners,2025-02-06,2025-03-18,41,4220.0,2937.86,1282.14,0.303825,4,1055.0,102.93
C0000935,Mid-Market,LATAM,partners,2025-07-30,2025-12-24,148,4313.91,2573.36,1740.55,0.403474,8,539.24,29.15
C0000941,SMB,APAC,partners,2024-04-05,2024-05-04,30,792.35,638.29,154.06,0.194434,2,396.18,26.41
C0001015,SMB,APAC,partners,2024-06-30,2025-05-14,319,1498.15,930.8,567.35,0.3787,3,499.38,4.7
C0001027,Startup,EMEA,partners,2025-11-28,2025-11-29,2,233.1,188.4,44.7,0.191763,2,116.55,116.55
C0001029,Startup,EMEA,partners,2025-06-30,2025-08-08,40,616.43,314.37,302.06,0.490015,3,205.48,15.41
C0001036,Mid-Market,North America,partners,2025-04-28,2025-11-28,215,10521.35,7534.03,2987.32,0.283929,13,809.33,48.94
C0001037,SMB,EMEA,partners,2024-08-15,2024-08-18,4,504.14,323.38,180.76,0.358551,2,252.07,126.04
C0001061,Mid-Market,EMEA,partners,2025-12-04,2025-12-26,23,2147.91,1621.9,526.01,0.244894,4,536.98,93.39
C0001066,Mid-Market,APAC,partners,,,0,0.0,0.0,0.0,0.0,0,0.0,0.0
C0001072,Enterprise,EMEA,partners,2025-03-22,2025-08-22,154,4141.61,2708.87,1432.74,0.345938,5,828.32,26.89
C0001095,SMB,EMEA,partners,2025-04-09,2025-11-22,228,3680.25,2826.35,853.9,0.232022,7,525.75,16.14
C0001103,Mid-Market,APAC,partners,2025-08-08,2025-12-24,139,2942.25,1758.43,1183.82,0.402352,7,420.32,21.17
C0001108,Mid-Market,North America,partners,2024-09-05,2025-04-07,215,2900.6,1738.33,1162.27,0.4007,6,483.43,13.49
C0001109,Enterprise,EMEA,partners,2025-12-31,2025-12-31,1,7476.23,5195.8,2280.43,0.305024,5,1495.25,7476.23
C0001114,Mid-Market,EMEA,partners,,,0,0.0,0.0,0.0,0.0,0,0.0,0.0
C0001117,Mid-Market,North America,partners,2023-10-01,2024-09-29,365,14813.27,10353.75,4459.52,0.301049,22,673.33,40.58
C0001131,SMB,EMEA,partners,2025-12-31,2025-12-31,1,431.86,229.58,202.28,0.468393,1,431.86,431.86
C0001146,Enterprise,LATAM,partners,2024-05-29,2025-12-23,574,82435.77,62897.7,19538.07,0.23701,37,2227.99,143.62
C0001152,Mid-Market,EMEA,partners,,,0,0.0,0.0,0.0,0.0,0,0.0,0.0
C0001167,Enterprise,EMEA,partners,2025-09-06,2025-09-27,22,12148.55,9590.39,2558.16,0.210573,3,4049.52,552.21
C0001169,Enterprise,North America,partners,2025-09-11,2025-11-29,80,33574.61,24438.18,9136.43,0.272123,13,2582.66,419.68
C0001173,SMB,LATAM,partners,2024-04-29,2024-04-29,1,409.34,312.94,96.4,0.235501,1,409.34,409.34
C0001181,Mid-Market,EMEA,partners,2025-11-04,2025-12-07,34,3447.54,2635.84,811.7,0.235443,4,861.88,101.4
C0001191,Enterprise,LATAM,partners,2024-10-27,2025-04-02,158,30428.44,23304.17,7124.27,0.234132,13,2340.65,192.59
C0001196,Mid-Market,North America,partners,2024-01-17,2024-05-05,110,7344.32,4980.42,2363.9,0.321868,8,918.04,66.77
C0001250,Startup,North America,partners,2025-12-04,2025-12-04,1,66.33,41.71,24.62,0.371174,1,66.33,66.33
C0001253,Mid-Market,North America,partners,2023-09-07,2023-09-07,1,718.77,562.22,156.55,0.217803,1,718.77,718.77
C0001257,SMB,APAC,partners,2025-07-07,2025-07-23,17,861.27,484.3,376.97,0.437691,3,287.09,50.66
C0001260,SMB,North America,partners,2025-12-30,2025-12-30,1,120.0,59.54,60.46,0.503833,1,120.0,120.0
C0001272,Startup,EMEA,partners,2024-08-17,2025-04-03,230,331.79,179.42,152.37,0.459236,5,66.36,1.44
C0001287,Mid-Market,EMEA,partners,2024-09-06,2025-02-03,151,3730.98,2218.01,1512.97,0.405515,7,533.0,24.71
C0001288,Mid-Market,EMEA,partners,2024-06-08,2025-09-18,468,13285.47,9173.72,4111.75,0.309492,20,664.27,28.39
C0001305,Enterprise,EMEA,partners,2025-10-06,2025-12-26,82,21227.29,16536.14,4691.15,0.220996,6,3537.88,258.87
C0001330,Enterprise,EMEA,partners,2023-10-30,2023-10-31,2,3483.82,2995.73,488.09,0.140102,2,1741.91,1741.91
C0001336,SMB,EMEA,partners,2025-10-17,2025-12-07,52,366.61,185.93,180.68,0.49284,3,122.2,7.05
C0001338,Enterprise,LATAM,partners,2025-04-09,2025-12-28,264,30923.99,23194.89,7729.1,0.249939,16,1932.75,117.14
C0001392,Startup,EMEA,partners,,,0,0.0,0.0,0.0,0.0,0,0.0,0.0
C0001399,Enterprise,EMEA,partners,2025-03-10,2025-12-12,278,27352.5,20020.74,7331.76,0.268047,15,1823.5,98.39
C0001401,Mid-Market,LATAM,partners,2024-11-17,2025-09-02,290,7764.13,4577.08,3187.05,0.410484,15,517.61,26.77
C0001438,Mid-Market,North America,partners,2025-06-15,2025-12-23,192,12689.86,10086.81,2603.05,0.205128,7,1812.84,66.09
C0001439,SMB,APAC,partners,,,0,0.0,0.0,0.0,0.0,0,0.0,0.0
C0001452,Startup,North America,partners,2025-04-29,2025-08-11,105,866.89,507.33,359.56,0.41477,5,173.38,8.26
C0001466,Enterprise,North America,partners,2025-08-25,2025-12-28,126,24445.52,18993.95,5451.57,0.223009,12,2037.13,194.01
C0001480,Mid-Market,LATAM,partners,2024-11-29,2025-11-27,364,16644.54,11898.67,4745.87,0.285131,18,924.7,45.73
C0001495,Enterprise,North America,partners,2024-11-01,2025-12-30,425,74708.25,57284.95,17423.3,0.233218,34,2197.3,175.78
C0001496,Mid-Market,North America,partners,2025-04-13,2025-12-09,241,9967.43,6106.67,3860.76,0.387338,12,830.62,41.36
C0001515,SMB,EMEA,partners,2025-11-13,2025-11-26,14,3223.65,2711.25,512.4,0.15895,3,1074.55,230.26
C0001521,SMB,APAC,partners,2024-04-26,2025-02-14,295,4698.12,3042.26,1655.86,0.352452,17,276.36,15.93
C0001525,Mid-Market,North America,partners,2025-05-31,2025-11-20,174,5463.42,3938.06,1525.36,0.279195,9,607.05,31.4
C0001541,Startup,North America,partners,2025-09-22,2025-12-17,87,407.92,246.23,161.69,0.396377,5,81.58,4.69
C0001551,Mid-Market,North America,partners,,,0,0.0,0.0,0.0,0.0,0,0.0,0.0
C0001553,Mid-Market,LATAM,partners,2024-06-05,2025-11-11,525,10727.91,6938.9,3789.01,0.353192,20,536.4,20.43
C0001556,SMB,North America,partners,2025-08-12,2025-12-04,115,357.13,208.86,148.27,0.415171,3,119.04,3.11
C0001570,Enterprise,APAC,partners,2025-02-09,2025-02-09,1,217.49,118.1,99.39,0.456987,1,217.49,217.49
C0001600,Mid-Market,EMEA,partners,2024-06-19,2025-02-19,246,3920.21,2539.46,1380.75,0.352213,7,560.03,15.94
C0001603,Enterprise,EMEA,partners,2025-05-13,2025-12-25,227,28419.09,20048.85,8370.24,0.294529,15,1894.61,125.19
C0001608,Enterprise,LATAM,partners,2024-03-24,2025-12-29,646,58808.23,43092.46,15715.77,0.267238,33,1782.07,91.03
C0001609,SMB,EMEA,partners,2024-12-09,2025-04-15,128,1046.21,582.49,463.72,0.443238,7,149.46,8.17
C0001613,Mid-Market,EMEA,partners,2025-07-24,2025-11-23,123,7951.3,4831.09,3120.21,0.392415,7,1135.9,64.64
C0001623,Enterprise,EMEA,partners,2025-08-20,2025-11-24,97,18429.37,12924.23,5505.14,0.298716,13,1417.64,189.99
C0001629,SMB,North America,partners,2024-04-20,2025-08-15,483,6101.22,4475.86,1625.36,0.266399,14,435.8,12.63
C0001638,Enterprise,North America,partners,2025-11-12,2025-11-13,2,5442.02,3532.65,1909.37,0.350857,3,1814.01,2721.01
C0001675,Mid-Market,EMEA,partners,2025-09-06,2025-12-18,104,1672.38,1090.89,581.49,0.347702,3,557.46,16.08
C0001688,SMB,APAC,partners,2024-12-26,2025-11-21,331,7743.83,5440.86,2302.97,0.297394,15,516.26,23.4
C0001691,Mid-Market,LATAM,partners,2025-07-30,2025-11-02,96,6090.94,4318.31,1772.63,0.291027,11,553.72,63.45
C0001699,Startup,North America,partners,,,0,0.0,0.0,0.0,0.0,0,0.0,0.0
C0001730,Mid-Market,EMEA,partners,2024-09-30,2025-05-01,214,32357.28,25381.64,6975.64,0.215582,15,2157.15,151.2
C0001741,SMB,EMEA,partners,2024-03-04,2024-03-15,12,467.61,314.33,153.28,0.327795,3,155.87,38.97
C0001759,Mid-Market,EMEA,partners,2025-11-13,2025-11-13,1,997.12,530.11,467.01,0.468359,1,997.12,997.12
C0001760,Mid-Market,EMEA,partners,2025-12-01,2025-12-23,23,1597.15,890.3,706.85,0.44257,3,532.38,69.44
C0001777,SMB,EMEA,partners,2025-12-30,2025-12-30,1,107.23,64.75,42.48,0.396158,1,107.23,107.23
C0001786,SMB,North America,partners,,,0,0.0,0.0,0.0,0.0,0,0.0,0.0
C0001791,Startup,APAC,partners,2025-10-26,2025-10-30,5,137.2,71.23,65.97,0.480831,2,68.6,27.44
C0001799,Mid-Market,EMEA,partners,2025-02-10,2025-12-15,309,8217.78,6573.64,1644.14,0.200071,12,684.82,26.59
C0001800,SMB,APAC,partners,2025-04-20,2025-09-13,147,1151.88,586.6,565.28,0.490746,4,287.97,7.84
C0001810,Mid-Market,North America,partners,2023-06-18,2024-02-19,247,3807.5,2266.74,1540.76,0.404664,8,475.94,15.41
C0001846,SMB,APAC,partners,2025-04-12,2025-06-13,63,926.19,611.74,314.45,0.339509,4,231.55,14.7
C0001855,SMB,EMEA,partners,2025-11-28,2025-12-24,27,1022.47,605.19,417.28,0.40811,4,255.62,37.87
C0001882,SMB,LATAM,partners,2025-04-11,2025-04-11,1,106.03,60.39,45.64,0.430444,1,106.03,106.03
C0001884,Mid-Market,APAC,partners,2025-07-27,2025-09-15,51,2046.66,1430.47,616.19,0.301071,5,409.33,40.13
C0001885,SMB,North America,partners,2024-06-26,2025-11-28,521,2958.46,1941.22,1017.24,0.343841,12,246.54,5.68
C0001893,Enterprise,North America,partners,,,0,0.0,0.0,0.0,0.0,0,0.0,0.0
C0001910,SMB,North America,partners,2025-11-10,2025-12-19,40,3777.3,2428.5,1348.8,0.35708,3,1259.1,94.43
C0001915,SMB,North America,partners,2023-10-21,2024-05-02,195,839.73,672.46,167.27,0.199195,4,209.93,4.31
C0001928,Mid-Market,LATAM,partners,2025-07-01,2025-12-25,178,7517.17,5504.2,2012.97,0.267783,10,751.72,42.23
C0001929,Mid-Market,EMEA,partners,2023-02-14,2025-12-31,1052,29786.31,19366.68,10419.63,0.349813,50,595.73,28.31
C0001940,SMB,EMEA,partners,2023-03-30,2023-10-08,193,1387.62,896.24,491.38,0.354117,6,231.27,7.19
C0001942,Mid-Market,North America,partners,2024-11-09,2024-12-28,50,3968.89,2863.34,1105.55,0.278554,6,661.48,79.38
C0001945,Startup,EMEA,partners,2025-11-01,2025-11-01,1,52.64,33.06,19.58,0.37196,1,52.64,52.64
C0001952,Mid-Market,EMEA,partners,2023-01-29,2024-04-01,429,13143.99,8646.04,4497.95,0.342206,24,547.67,30.64
C0001955,Mid-Market,North America,partners,2025-10-30,2025-12-27,59,5230.01,3695.2,1534.81,0.293462,7,747.14,88.64
C0001957,Startup,APAC,partners,2025-02-06,2025-12-20,318,973.36,554.25,419.11,0.430581,10,97.34,3.06
C0001968,Startup,EMEA,partners,,,0,0.0,0.0,0.0,0.0,0,0.0,0.0
C0001972,Enterprise,APAC,partners,,,0,0.0,0.0,0.0,0.0,0,0.0,0.0
C0001973,Enterprise,EMEA,partners,2025-06-27,2025-12-20,177,9338.21,7581.68,1756.53,0.188101,6,1556.37,52.76
C0001990,Mid-Market,APAC,partners,2023-11-05,2025-03-13,495,26118.43,19053.48,7064.95,0.270497,29,900.64,52.76
C0002000,SMB,APAC,partners,2025-04-02,2025-11-21,234,5438.39,4375.42,1062.97,0.195457,11,494.4,23.24
C0002003,Startup,North America,partners,,,0,0.0,0.0,0.0,0.0,0,0.0,0.0
C0002010,Startup,EMEA,partners,2025-07-25,2025-07-25,1,137.81,75.08,62.73,0.455192,1,137.81,137.81
C0002012,Enterprise,North America,partners,2024-06-06,2024-12-17,195,28160.02,21393.71,6766.31,0.240281,13,2166.16,144.41
C0002022,Enterprise,APAC,partners,2023-07-26,2025-12-20,879,197069.14,148756.51,48312.63,0.245156,59,3340.15,224.2
C0002030,SMB,North America,partners,2025-03-12,2025-05-12,62,1133.7,659.61,474.09,0.418179,4,283.42,18.29
C0002035,Mid-Market,EMEA,partners,2023-07-08,2025-12-27,904,20171.84,13481.99,6689.85,0.331643,31,650.7,22.31
C0002036,Mid-Market,EMEA,partners,2025-07-27,2025-12-08,135,6916.76,4645.17,2271.59,0.328418,9,768.53,51.24
C0002047,Enterprise,EMEA,partners,2024-10-24,2024-11-05,13,26671.38,19987.18,6684.2,0.250613,6,4445.23,2051.64
C0002053,Enterprise,North America,partners,2025-01-16,2025-12-27,346,52731.17,39736.37,12994.8,0.246435,25,2109.25,152.4
C0002059,Mid-Market,North America,partners,2023-10-12,2025-12-06,787,14173.45,9595.73,4577.72,0.322979,28,506.19,18.01
C0002067,Mid-Market,North America,partners,2024-12-30,2025-02-12,45,614.98,365.66,249.32,0.405412,3,204.99,13.67
C0002073,SMB,APAC,partners,2024-05-07,2024-05-07,1,7.42,3.21,4.21,0.567385,1,7.42,7.42
C0002089,SMB,EMEA,partners,2025-08-24,2025-11-14,83,2058.44,1472.81,585.63,0.284502,8,257.3,24.8
C0002101,Startup,LATAM,partners,2025-09-08,2025-10-10,33,2189.98,1646.56,543.42,0.248139,3,729.99,66.36
C0002105,Mid-Market,APAC,partners,2025-03-26,2025-11-12,232,10905.41,6458.03,4447.38,0.407814,15,727.03,47.01
C0002121,Enterprise,North America,partners,2024-06-06,2025-12-18,561,83282.03,62775.64,20506.39,0.246228,35,2379.49,148.45
C0002136,SMB,North America,partners,2025-01-21,2025-04-20,90,845.44,662.55,182.89,0.216325,3,281.81,9.39
C0002137,Startup,North America,partners,2024-05-20,2025-04-19,335,1543.29,1009.08,534.21,0.34615,8,192.91,4.61
C0002138,Startup,APAC,partners,2025-08-06,2025-11-03,90,812.97,480.78,332.19,0.408613,3,270.99,9.03
C0002157,Startup,North America,partners,,,0,0.0,0.0,0.0,0.0,0,0.0,0.0
C0002158,Mid-Market,APAC,partners,,,0,0.0,0.0,0.0,0.0,0,0.0,0.0
C0002164,Mid-Market,EMEA,partners,2024-09-29,2025-12-31,459,17577.59,11798.25,5779.34,0.32879,22,798.98,38.3
C0002168,SMB,APAC,partners,2024-09-30,2025-12-11,438,2160.7,1227.42,933.28,0.431934,13,166.21,4.93
C0002179,SMB,LATAM,partners,2024-03-18,2025-02-10,330,5226.68,3968.85,1257.83,0.240656,11,475.15,15.84
C0002184,Enterprise,EMEA,partners,2023-11-03,2025-12-08,767,96332.1,69524.02,26808.08,0.278288,49,1965.96,125.6
C0002187,Startup,EMEA,partners,2025-08-27,2025-11-04,70,384.36,251.81,132.55,0.344859,5,76.87,5.49
C0002217,Enterprise,APAC,partners,2023-08-05,2025-05-01,636,72958.2,56094.36,16863.84,0.231144,34,2145.83,114.71
C0002262,Startup,LATAM,partners,2025-12-25,2025-12-25,1,13.37,7.42,5.95,0.445026,1,13.37,13.37
C0002285,Mid-Market,EMEA,partners,2024-01-20,2024-01-28,9,940.07,657.01,283.06,0.301105,2,470.04,104.45
C0002288,Mid-Market,EMEA,partners,2025-07-13,2025-12-05,146,5196.28,3527.4,1668.88,0.321168,8,649.54,35.59
C0002296,SMB,North America,partners,2023-04-07,2023-04-07,1,423.32,333.36,89.96,0.212511,1,423.32,423.32
C0002298,Enterprise,North America,partners,2023-03-31,2023-10-05,189,55845.58,44109.29,11736.29,0.210156,22,2538.44,295.48
C0002308,SMB,North America,partners,2024-10-14,2025-04-11,180,1858.67,1415.96,442.71,0.238186,6,309.78,10.33
C0002324,Mid-Market,North America,partners,2023-06-07,2024-12-13,556,13770.56,9256.59,4513.97,0.327799,29,474.85,24.77
C0002358,Enterprise,EMEA,partners,2025-01-06,2025-12-19,348,56895.75,39970.06,16925.69,0.297486,29,1961.92,163.49
C0002363,Enterprise,EMEA,partners,2024-11-28,2025-09-23,300,52304.75,37732.69,14572.06,0.278599,25,2092.19,174.35
C0002366,Enterprise,North America,partners,2025-05-30,2025-06-07,9,25459.37,20605.41,4853.96,0.190655,5,5091.87,2828.82
C0002377,Enterprise,EMEA,partners,2025-10-08,2025-12-30,84,19818.36,14616.17,5202.19,0.262493,10,1981.84,235.93
C0002395,Enterprise,APAC,partners,2025-03-13,2025-08-25,166,24783.63,19585.89,5197.74,0.209725,10,2478.36,149.3
C0002415,SMB,EMEA,partners,2025-02-14,2025-12-06,296,1720.25,997.07,723.18,0.420392,11,156.39,5.81
C0002420,Enterprise,APAC,partners,2025-11-19,2025-12-22,34,5684.22,3565.41,2118.81,0.372753,4,1421.06,167.18
C0002430,Startup,North America,partners,2025-07-18,2025-12-14,150,237.79,133.53,104.26,0.438454,3,79.26,1.59
C0002459,Mid-Market,North America,partners,2024-05-05,2025-12-24,599,14356.35,9006.56,5349.79,0.372643,27,531.72,23.97
C0002465,Startup,EMEA,partners,2024-02-11,2024-05-24,104,315.75,200.35,115.4,0.365479,3,105.25,3.04
C0002478,Mid-Market,North America,partners,2023-12-25,2023-12-29,5,1391.35,903.9,487.45,0.350343,2,695.68,278.27
C0002488,SMB,APAC,partners,2025-12-04,2025-12-04,1,113.06,64.65,48.41,0.42818,1,113.06,113.06
C0002505,Mid-Market,North America,partners,2024-04-14,2025-09-18,523,8642.16,5183.39,3458.77,0.400221,16,540.14,16.52
C0002509,Enterprise,EMEA,partners,2025-01-27,2025-03-07,40,12562.42,8516.78,4045.64,0.322043,9,1395.82,314.06
C0002523,Mid-Market,APAC,partners,2024-07-29,2024-07-29,1,508.04,302.06,205.98,0.405441,1,508.04,508.04
C0002525,Mid-Market,EMEA,partners,2025-12-03,2025-12-03,1,795.78,421.35,374.43,0.470519,1,795.78,795.78
C0002552,Mid-Market,North America,partners,2024-12-24,2025-06-01,160,4072.87,2795.8,1277.07,0.313555,8,509.11,25.46
C0002574,Mid-Market,EMEA,partners,2025-09-19,2025-10-16,28,2335.09,1750.31,584.78,0.250431,3,778.36,83.4
C0002585,Mid-Market,APAC,partners,2023-01-21,2024-07-01,528,9456.98,6191.79,3265.19,0.345268,18,525.39,17.91
C0002593,Mid-Market,LATAM,partners,2025-04-25,2025-11-30,220,8408.09,5905.07,2503.02,0.297692,14,600.58,38.22
C0002615,SMB,APAC,partners,2024-06-13,2025-12-11,547,3072.03,1822.76,1249.27,0.406659,15,204.8,5.62
C0002639,SMB,North America,partners,2025-09-16,2025-12-30,106,1601.57,985.34,616.23,0.384766,6,266.93,15.11
C0002668,Enterprise,LATAM,partners,2023-07-02,2025-12-28,911,205269.04,152924.45,52344.59,0.255005,40,5131.73,225.32
C0002678,Mid-Market,EMEA,partners,2025-08-30,2025-10-20,52,3805.87,2569.28,1236.59,0.324917,5,761.17,73.19
C0002683,Mid-Market,EMEA,partners,2023-11-06,2025-03-19,500,9983.03,6186.38,3796.65,0.38031,24,415.96,19.97
C0002716,Startup,EMEA,partners,2024-02-10,2024-02-24,15,413.56,232.57,180.99,0.437639,3,137.85,27.57
C0002731,Mid-Market,EMEA,partners,2023-01-16,2024-04-05,446,6700.67,4647.9,2052.77,0.306353,13,515.44,15.02
C0002736,Mid-Market,North America,partners,2024-11-30,2025-07-03,216,4848.05,2943.08,1904.97,0.392935,12,404.0,22.44
C0002746,Enterprise,EMEA,partners,2025-07-28,2025-12-09,135,1575.11,1096.67,478.44,0.30375,4,393.78,11.67
C0002751,Mid-Market,APAC,partners,2024-02-15,2024-03-05,20,3998.18,2268.02,1730.16,0.432737,3,1332.73,199.91
C0002765,Startup,EMEA,partners,2023-06-25,2025-02-02,589,2176.86,1283.62,893.24,0.410334,14,155.49,3.7
C0002780,Mid-Market,North America,partners,2023-09-24,2025-12-22,821,23505.41,16160.98,7344.43,0.312457,29,810.53,28.63
C0002813,SMB,APAC,partners,2025-06-01,2025-06-01,1,215.54,122.15,93.39,0.433284,1,215.54,215.54
C0002836,Mid-Market,EMEA,partners,2025-04-20,2025-12-31,256,8948.32,5982.35,2965.97,0.331456,14,639.17,34.95
C0002838,Mid-Market,EMEA,partners,2024-03-31,2025-06-02,429,7756.64,5661.47,2095.17,0.270113,12,646.39,18.08
C0002841,Mid-Market,North America,partners,2025-07-29,2025-08-15,18,3054.25,2079.37,974.88,0.319188,6,509.04,169.68
C0002842,Startup,EMEA,partners,2024-10-11,2025-11-20,406,857.12,436.66,420.46,0.49055,6,142.85,2.11
C0002854,Mid-Market,APAC,partners,2024-05-28,2024-11-12,169,9507.25,6529.19,2978.06,0.313241,11,864.3,56.26
C0002884,Startup,North America,partners,2024-06-28,2025-03-19,265,623.96,401.89,222.07,0.355904,8,78.0,2.35
C0002911,Startup,North America,partners,2025-05-30,2025-12-26,211,1011.38,639.32,372.06,0.367874,6,168.56,4.79
C0002912,Mid-Market,EMEA,partners,2023-10-12,2025-11-14,765,31632.53,21089.28,10543.25,0.333304,46,687.66,41.35
C0002913,Mid-Market,North America,partners,2025-01-24,2025-11-03,284,7002.06,3844.4,3157.66,0.450962,15,466.8,24.66
C0002935,Mid-Market,North America,partners,2025-06-10,2025-07-18,39,3042.5,2149.5,893.0,0.293509,5,608.5,78.01
C0002937,SMB,EMEA,partners,2024-06-09,2024-09-21,105,2375.34,1674.95,700.39,0.294859,8,296.92,22.62
C0002951,Enterprise,EMEA,partners,2023-10-26,2025-02-07,471,23646.94,17390.07,6256.87,0.264595,16,1477.93,50.21
C0002973,Mid-Market,North America,partners,2023-08-31,2023-09-15,16,1300.55,803.0,497.55,0.382569,5,260.11,81.28
C0002980,Mid-Market,North America,partners,2025-11-26,2025-11-26,1,253.16,124.15,129.01,0.509599,2,126.58,253.16
C0002989,Mid-Market,APAC,partners,2023-12-20,2025-01-17,395,19800.83,13022.76,6778.07,0.342312,20,990.04,50.13
C0002991,SMB,North America,partners,2025-09-23,2025-12-18,87,1645.23,890.06,755.17,0.459006,6,274.2,18.91
C0002993,SMB,EMEA,partners,2024-05-14,2024-07-17,65,1370.96,858.83,512.13,0.373556,5,274.19,21.09
C0003008,Enterprise,LATAM,partners,2023-08-12,2025-12-26,868,132438.11,103252.88,29185.23,0.220369,50,2648.76,152.58
C0003013,Enterprise,APAC,partners,2025-07-27,2025-12-08,135,8907.67,6443.74,2463.93,0.276608,6,1484.61,65.98
C0003018,Enterprise,North America,partners,2023-06-23,2023-07-18,26,9235.3,6720.18,2515.12,0.272338,8,1154.41,355.2
C0003027,Mid-Market,LATAM,partners,2024-03-29,2025-06-11,440,13492.81,8491.42,5001.39,0.370671,23,586.64,30.67
C0003036,Startup,APAC,partners,2025-05-31,2025-05-31,1,64.02,32.97,31.05,0.485005,1,64.02,64.02
C0003043,Enterprise,North America,partners,2025-07-17,2025-12-08,145,27636.73,21711.3,5925.43,0.214404,9,3070.75,190.6
C0003055,Startup,LATAM,partners,2025-03-31,2025-12-26,271,1199.26,715.28,483.98,0.403566,11,109.02,4.43
C0003058,SMB,EMEA,partners,2023-12-07,2024-08-14,252,1333.18,755.8,577.38,0.433085,9,148.13,5.29
C0003081,SMB,North America,partners,2024-04-15,2025-11-25,590,3526.25,2301.27,1224.98,0.347389,14,251.88,5.98
C0003082,Mid-Market,North America,partners,2023-08-03,2025-06-24,692,14613.15,9818.62,4794.53,0.328097,24,608.88,21.12
C0003085,Mid-Market,North America,partners,2025-07-17,2025-09-15,61,1474.53,796.75,677.78,0.459658,5,294.91,24.17
C0003099,Enterprise,North America,partners,2024-03-19,2025-11-24,616,78329.48,58800.35,19529.13,0.24932,23,3405.63,127.16
C0003124,Mid-Market,APAC,partners,2024-11-06,2025-12-11,401,6095.22,3457.57,2637.65,0.432741,11,554.11,15.2
C0003130,Startup,LATAM,partners,2025-12-01,2025-12-01,1,434.21,343.61,90.6,0.208655,1,434.21,434.21
C0003135,Mid-Market,EMEA,partners,2025-06-18,2025-12-13,179,7604.53,5268.91,2335.62,0.307135,8,950.57,42.48
C0003143,Enterprise,EMEA,partners,2025-12-29,2025-12-31,3,15533.0,10696.06,4836.94,0.311398,3,5177.67,5177.67
C0003152,Enterprise,North America,partners,2025-03-14,2025-04-20,38,18280.42,15262.14,3018.28,0.16511,6,3046.74,481.06
C0003178,Mid-Market,EMEA,partners,2024-09-09,2025-12-07,455,10887.33,7262.18,3625.15,0.33297,19,573.02,23.93
C0003183,Mid-Market,EMEA,partners,2024-12-21,2025-10-23,307,4920.19,3615.32,1304.87,0.265207,11,447.29,16.03
C0003201,Startup,LATAM,partners,2025-07-24,2025-07-24,1,21.61,10.11,11.5,0.532161,1,21.61,21.61
C0003204,Mid-Market,North America,partners,2025-04-24,2025-10-28,188,6438.18,4251.97,2186.21,0.33957,14,459.87,34.25
C0003214,Startup,EMEA,partners,2025-03-24,2025-11-13,235,522.93,271.9,251.03,0.480045,4,130.73,2.23
C0003229,Startup,EMEA,partners,2025-04-29,2025-09-17,142,1228.07,797.13,430.94,0.350908,7,175.44,8.65
C0003232,SMB,EMEA,partners,2023-10-31,2025-07-06,615,9092.9,5637.49,3455.41,0.380012,29,313.55,14.79
C0003235,Mid-Market,APAC,partners,2023-11-17,2025-12-27,772,8267.83,5044.69,3223.14,0.389841,20,413.39,10.71
C0003236,Mid-Market,North America,partners,2023-09-16,2025-12-10,817,22693.84,14826.43,7867.41,0.346676,40,567.35,27.78
C0003245,Mid-Market,APAC,partners,2023-08-23,2023-10-18,57,1159.69,533.06,626.63,0.540343,4,289.92,20.35
C0003256,Startup,APAC,partners,2025-08-23,2025-12-23,123,194.49,123.04,71.45,0.367371,5,38.9,1.58
C0003271,SMB,North America,partners,,,0,0.0,0.0,0.0,0.0,0,0.0,0.0
C0003277,Startup,EMEA,partners,2025-02-02,2025-06-30,149,710.89,411.31,299.58,0.421415,7,101.56,4.77
C0003289,SMB,North America,partners,2023-06-19,2023-06-19,1,304.81,173.14,131.67,0.431974,1,304.81,304.81
C0003303,Mid-Market,EMEA,partners,2024-03-31,2025-02-27,334,2158.8,1253.4,905.4,0.4194,8,269.85,6.46
C0003311,Enterprise,North America,partners,2025-12-04,2025-12-28,25,11831.76,9603.27,2228.49,0.188348,6,1971.96,473.27
C0003320,Enterprise,LATAM,partners,2024-05-18,2025-12-06,568,63209.5,46853.39,16356.11,0.25876,32,1975.3,111.28
C0003342,SMB,EMEA,partners,2025-08-26,2025-08-27,2,344.2,206.07,138.13,0.401307,2,172.1,172.1
C0003344,Mid-Market,North America,partners,2023-07-13,2025-09-25,806,44960.7,31108.87,13851.83,0.308088,34,1322.37,55.78
C0003349,SMB,EMEA,partners,2025-08-04,2025-09-06,34,413.54,216.63,196.91,0.476157,2,206.77,12.16
C0003351,Startup,North America,partners,2023-05-20,2025-12-01,927,4051.9,2779.65,1272.25,0.313988,24,168.83,4.37
C0003357,Enterprise,North America,partners,2025-02-27,2025-11-29,276,23339.5,18159.98,5179.52,0.221921,16,1458.72,84.56
C0003359,Startup,North America,partners,2025-06-03,2025-12-16,197,638.55,442.59,195.96,0.306883,4,159.64,3.24
C0003366,Enterprise,EMEA,partners,2024-06-12,2024-06-22,11,21860.96,16641.56,5219.4,0.238754,3,7286.99,1987.36
C0003367,SMB,EMEA,partners,2025-05-21,2025-08-28,100,1718.84,1151.62,567.22,0.330002,7,245.55,17.19
C0003371,Mid-Market,LATAM,partners,2025-12-10,2025-12-23,14,611.25,349.01,262.24,0.429022,2,305.62,43.66
C0003378,SMB,APAC,partners,2025-11-13,2025-12-19,37,878.05,586.38,291.67,0.332179,5,175.61,23.73
C0003405,Startup,LATAM,partners,2025-10-09,2025-10-16,8,330.77,183.17,147.6,0.446232,2,165.38,41.35
C0003413,Mid-Market,North America,partners,2025-03-07,2025-12-29,298,3434.29,2120.63,1313.66,0.382513,10,343.43,11.52
C0003414,Mid-Market,North America,partners,2023-04-20,2025-05-10,752,15816.32,11133.48,4682.84,0.296076,31,510.2,21.03
C0003417,Mid-Market,EMEA,partners,2025-04-23,2025-12-11,233,3072.41,1879.81,1192.6,0.388164,11,279.31,13.19
C0003428,Mid-Market,EMEA,partners,2025-10-18,2025-11-23,37,5065.55,3613.24,1452.31,0.286703,5,1013.11,136.91
C0003432,Enterprise,EMEA,partners,2025-03-06,2025-08-15,163,34840.57,26829.13,8011.44,0.229946,9,3871.17,213.75
C0003456,Enterprise,North America,partners,2025-08-02,2025-08-23,22,58352.97,47988.38,10364.59,0.177619,5,11670.59,2652.41
C0003481,Mid-Market,North America,partners,2024-10-23,2025-10-28,371,9255.91,5644.79,3611.12,0.390142,15,617.06,24.95
C0003489,SMB,EMEA,partners,2024-01-16,2024-02-23,39,366.28,172.45,193.83,0.529185,2,183.14,9.39
C0003496,SMB,EMEA,partners,2025-08-24,2025-11-06,75,990.83,592.06,398.77,0.402461,4,247.71,13.21
C0003504,Mid-Market,North America,partners,2025-05-03,2025-11-19,201,13123.87,8889.08,4234.79,0.322678,18,729.1,65.29
C0003509,Mid-Market,LATAM,partners,2025-05-23,2025-11-08,170,5059.44,3131.33,1928.11,0.381092,11,459.95,29.76
C0003523,Mid-Market,EMEA,partners,2023-07-31,2023-07-31,1,1986.9,1638.11,348.79,0.175545,1,1986.9,1986.9
C0003539,Startup,EMEA,partners,2023-10-29,2024-03-04,128,674.07,393.72,280.35,0.415906,6,112.35,5.27
C0003555,SMB,APAC,partners,2024-06-12,2025-01-29,232,1650.94,1166.65,484.29,0.293342,8,206.37,7.12
C0003564,SMB,EMEA,partners,2023-12-11,2024-08-26,260,2655.46,1604.18,1051.28,0.395894,7,379.35,10.21
C0003572,SMB,APAC,partners,2023-10-10,2025-12-08,791,9666.55,6092.89,3573.66,0.369693,45,214.81,12.22
C0003592,SMB,North America,partners,2024-07-15,2024-11-04,113,302.1,159.31,142.79,0.472658,4,75.53,2.67
C0003602,SMB,LATAM,partners,,,0,0.0,0.0,0.0,0.0,0,0.0,0.0
C0003603,Enterprise,APAC,partners,2024-12-24,2024-12-27,4,4731.87,3821.45,910.42,0.192402,3,1577.29,1182.97
C0003608,Enterprise,LATAM,partners,2024-03-06,2024-09-28,207,44239.51,33095.78,11143.73,0.251895,25,1769.58,213.72
C0003625,Enterprise,APAC,partners,2025-06-04,2025-10-17,136,24184.39,18054.5,6129.89,0.253465,9,2687.15,177.83
C0003646,Mid-Market,APAC,partners,2025-08-09,2025-12-24,138,8948.73,6791.1,2157.63,0.24111,7,1278.39,64.85
C0003659,Mid-Market,EMEA,partners,2025-11-02,2025-11-24,23,842.73,516.19,326.54,0.387479,2,421.36,36.64
C0003670,Mid-Market,EMEA,partners,2025-03-11,2025-11-25,260,9536.97,6766.29,2770.68,0.29052,13,733.61,36.68
C0003672,Mid-Market,North America,partners,2025-03-26,2025-03-26,1,540.76,347.91,192.85,0.356628,1,540.76,540.76
C0003693,Mid-Market,North America,partners,2023-09-14,2024-09-21,374,23334.93,15779.63,7555.3,0.323776,26,897.5,62.39
C0003727,Enterprise,North America,partners,2025-12-27,2025-12-27,1,4030.9,3297.67,733.23,0.181902,1,4030.9,4030.9
C0003731,Mid-Market,EMEA,partners,2025-11-21,2025-11-30,10,2654.78,2097.46,557.32,0.209931,3,884.93,265.48
C0003734,Startup,North America,partners,2025-03-22,2025-08-26,158,461.76,271.16,190.6,0.412769,6,76.96,2.92
C0003738,Startup,LATAM,partners,2025-08-18,2025-12-08,113,387.33,233.63,153.7,0.396819,4,96.83,3.43
C0003741,SMB,North America,partners,2024-03-11,2024-11-10,245,1662.36,945.0,717.36,0.431531,6,277.06,6.79
C0003747,Mid-Market,North America,partners,2024-03-10,2025-12-24,655,19412.56,13713.94,5698.62,0.293553,22,882.39,29.64
C0003751,Enterprise,North America,partners,2023-06-19,2025-09-17,822,92392.35,66397.83,25994.52,0.281349,60,1539.87,112.4
C0003755,Mid-Market,North America,partners,2024-11-17,2025-04-02,137,3779.14,2128.23,1650.91,0.436848,7,539.88,27.58
C0003797,Enterprise,APAC,partners,2025-04-22,2025-12-09,232,41046.66,29695.87,11350.79,0.276534,13,3157.44,176.93
C0003801,Mid-Market,LATAM,partners,2023-02-11,2024-02-20,375,8579.32,5762.64,2816.68,0.32831,17,504.67,22.88
C0003807,Startup,EMEA,partners,2025-06-19,2025-12-11,176,384.08,220.37,163.71,0.426239,5,76.82,2.18
C0003808,Mid-Market,APAC,partners,,,0,0.0,0.0,0.0,0.0,0,0.0,0.0
C0003809,Mid-Market,APAC,partners,2025-11-23,2025-12-06,14,2572.72,1543.07,1029.65,0.400218,5,514.54,183.77
C0003827,Startup,North America,partners,2024-04-22,2024-05-28,37,416.48,213.45,203.03,0.48749,2,208.24,11.26
C0003837,Mid-Market,EMEA,partners,2025-06-03,2025-12-29,210,2224.51,1362.5,862.01,0.387506,6,370.75,10.59
C0003843,Mid-Market,LATAM,partners,2025-06-05,2025-07-20,46,6747.85,4801.51,1946.34,0.288439,4,1686.96,146.69
C0003855,SMB,North America,partners,2025-03-21,2025-12-10,265,2954.35,2031.94,922.41,0.312221,9,328.26,11.15
C0003862,Enterprise,EMEA,partners,2023-05-03,2023-08-11,101,10431.21,7508.1,2923.11,0.280227,7,1490.17,103.28
C0003866,Startup,North America,partners,2024-10-18,2025-07-10,266,619.84,330.69,289.15,0.466491,8,77.48,2.33
C0003871,Mid-Market,North America,partners,2024-07-29,2025-11-20,480,13975.95,9258.57,4717.38,0.337536,18,776.44,29.12
C0003884,Enterprise,North America,partners,2024-11-13,2025-09-30,322,138538.69,108854.23,29684.46,0.214268,35,3958.25,430.24
C0003885,SMB,EMEA,partners,,,0,0.0,0.0,0.0,0.0,0,0.0,0.0
C0003889,Mid-Market,APAC,partners,,,0,0.0,0.0,0.0,0.0,0,0.0,0.0
C0003906,Mid-Market,North America,partners,2025-05-16,2025-12-15,214,11667.84,8305.83,3362.01,0.288143,14,833.42,54.52
C0003914,Enterprise,North America,partners,2024-08-14,2025-07-09,330,60199.68,46567.9,13631.78,0.226443,16,3762.48,182.42
C0003916,Startup,APAC,partners,2024-06-23,2025-10-02,467,1313.35,938.94,374.41,0.28508,10,131.33,2.81
C0003922,SMB,North America,partners,2025-10-01,2025-12-26,87,627.37,472.49,154.88,0.246872,4,156.84,7.21
C0003925,Mid-Market,LATAM,partners,2024-01-17,2025-08-16,578,17962.56,11331.67,6630.89,0.369151,28,641.52,31.08
C0003955,Startup,North America,partners,2023-06-13,2023-07-01,19,467.69,258.21,209.48,0.447904,3,155.9,24.62
C0003987,Startup,EMEA,partners,2024-01-31,2025-09-16,595,2397.06,1589.91,807.15,0.336725,13,184.39,4.03
C0003997,SMB,North America,partners,2023-06-28,2024-09-03,434,5090.75,3107.77,1982.98,0.389526,21,242.42,11.73
C0004021,Startup,EMEA,partners,2024-03-10,2024-07-12,125,631.57,348.15,283.42,0.448755,4,157.89,5.05
C0004037,Mid-Market,North America,partners,2024-05-25,2025-07-03,405,23142.13,13850.82,9291.31,0.401489,24,964.26,57.14
C0004062,SMB,North America,partners,2025-06-08,2025-11-12,158,324.29,177.09,147.2,0.453915,3,108.1,2.05
C0004076,Mid-Market,North America,partners,2025-01-01,2025-09-15,258,7894.46,4834.14,3060.32,0.387654,14,563.89,30.6
C0004089,SMB,EMEA,partners,2023-07-24,2023-11-02,102,299.7,200.37,99.33,0.331431,2,149.85,2.94
C0004107,Mid-Market,LATAM,partners,2025-06-04,2025-12-20,200,3831.44,2112.97,1718.47,0.448518,7,547.35,19.16
C0004118,Enterprise,North America,partners,2025-09-29,2025-11-28,61,16730.82,12374.88,4355.94,0.260354,8,2091.35,274.28
C0004124,Startup,North America,partners,2024-08-17,2025-01-26,163,306.71,183.32,123.39,0.402302,3,102.24,1.88
C0004125,Mid-Market,EMEA,partners,,,0,0.0,0.0,0.0,0.0,0,0.0,0.0
C0004136,Startup,North America,partners,2023-04-07,2023-04-07,1,525.98,303.78,222.2,0.42245,1,525.98,525.98
C0004155,SMB,EMEA,partners,2025-02-28,2025-12-16,292,4348.5,2789.26,1559.24,0.35857,14,310.61,14.89
C0004159,Startup,EMEA,partners,2024-10-31,2025-02-17,110,1197.74,800.85,396.89,0.331366,7,171.11,10.89
C0004182,Mid-Market,LATAM,partners,2023-08-28,2025-10-26,791,42276.37,29963.03,12313.34,0.291258,46,919.05,53.45
C0004197,Mid-Market,EMEA,partners,2023-08-09,2024-04-01,237,5397.98,3543.82,1854.16,0.343491,17,317.53,22.78
C0004208,Mid-Market,North America,partners,,,0,0.0,0.0,0.0,0.0,0,0.0,0.0
C0004210,Mid-Market,North America,partners,2024-01-09,2024-04-04,87,2062.13,1192.93,869.2,0.421506,4,515.53,23.7
C0004217,Mid-Market,North America,partners,2025-05-23,2025-12-31,223,4661.79,3098.0,1563.79,0.335448,12,388.48,20.9
C0004246,SMB,APAC,partners,2024-03-23,2025-09-02,529,2739.06,1551.78,1187.28,0.433463,16,171.19,5.18
C0004249,Enterprise,EMEA,partners,2023-12-28,2025-07-09,560,67922.66,49143.19,18779.47,0.276483,43,1579.6,121.29
C0004260,Startup,EMEA,partners,2024-04-20,2025-12-22,612,2778.49,1697.63,1080.86,0.38901,19,146.24,4.54
C0004273,SMB,APAC,partners,2025-12-08,2025-12-08,1,233.24,132.96,100.28,0.429943,1,233.24,233.24
C0004276,Enterprise,EMEA,partners,2023-05-17,2023-06-13,28,6834.59,4607.23,2227.36,0.325895,5,1366.92,244.09
C0004287,Mid-Market,North America,partners,,,0,0.0,0.0,0.0,0.0,0,0.0,0.0
C0004302,Startup,North America,partners,2025-07-12,2025-07-31,20,1540.57,1250.47,290.1,0.188307,4,385.14,77.03
C0004304,Mid-Market,North America,partners,2024-06-29,2025-03-04,249,3403.84,1973.73,1430.11,0.420146,9,378.2,13.67
C0004307,Startup,LATAM,partners,2025-02-10,2025-11-07,271,711.91,430.95,280.96,0.394657,6,118.65,2.63
C0004327,Enterprise,LATAM,partners,2023-05-07,2023-05-11,5,2070.92,1513.1,557.82,0.269359,2,1035.46,414.18
C0004338,SMB,North America,partners,2023-04-04,2024-12-30,637,7540.59,5323.77,2216.82,0.293985,16,471.29,11.84
C0004352,Mid-Market,EMEA,partners,2023-06-21,2025-10-31,864,20632.71,13228.37,7404.34,0.358864,36,573.13,23.88
C0004375,SMB,North America,partners,,,0,0.0,0.0,0.0,0.0,0,0.0,0.0
C0004376,Mid-Market,APAC,partners,2023-11-27,2025-12-29,764,28616.28,19651.96,8964.32,0.313259,39,733.75,37.46
C0004380,Mid-Market,EMEA,partners,2023-02-25,2023-12-12,291,15397.12,9282.69,6114.43,0.397115,19,810.37,52.91
C0004392,Enterprise,LATAM,partners,2025-09-02,2025-12-14,104,22475.59,16187.45,6288.14,0.279776,14,1605.4,216.11
C0004396,SMB,North America,partners,2024-11-18,2025-01-29,73,781.25,549.14,232.11,0.297101,3,260.42,10.7
C0004417,Enterprise,APAC,partners,2025-01-27,2025-12-13,321,34709.49,29421.74,5287.75,0.152343,19,1826.82,108.13
C0004447,SMB,EMEA,partners,2024-08-06,2024-10-06,62,1386.17,735.39,650.78,0.469481,4,346.54,22.36
C0004449,Startup,EMEA,partners,2025-05-01,2025-05-06,6,1496.39,1242.22,254.17,0.169855,2,748.2,249.4
C0004480,Mid-Market,EMEA,partners,,,0,0.0,0.0,0.0,0.0,0,0.0,0.0
C0004486,SMB,LATAM,partners,2024-04-17,2025-11-14,577,4205.61,2649.89,1555.72,0.369915,16,262.85,7.29
C0004516,SMB,North America,partners,2024-05-19,2024-11-11,177,2277.17,1522.82,754.35,0.331266,14,162.66,12.87
C0004534,Startup,LATAM,partners,2024-12-31,2025-04-20,111,1204.1,905.62,298.48,0.247886,5,240.82,10.85
C0004538,SMB,North America,partners,2025-10-05,2025-12-20,77,173.08,98.15,74.93,0.432921,2,86.54,2.25
C0004540,Enterprise,North America,partners,2024-07-18,2025-05-15,302,58457.86,46407.56,12050.3,0.206137,29,2015.79,193.57
C0004555,Startup,EMEA,partners,2024-03-21,2024-09-02,166,499.16,308.53,190.63,0.381902,4,124.79,3.01
C0004559,SMB,EMEA,partners,2023-02-24,2023-04-01,37,647.19,370.66,276.53,0.427278,5,129.44,17.49
C0004570,SMB,APAC,partners,2025-02-27,2025-12-16,293,1809.87,1147.38,662.49,0.366043,8,226.23,6.18
C0004579,Startup,APAC,partners,2025-01-24,2025-07-19,177,2008.39,1163.19,845.2,0.420835,4,502.1,11.35
C0004611,Mid-Market,EMEA,partners,2025-09-28,2025-11-04,38,1848.52,1055.19,793.33,0.42917,5,369.7,48.65
C0004615,Mid-Market,North America,partners,2024-05-30,2024-06-12,14,4168.4,2634.92,1533.48,0.367882,5,833.68,297.74
C0004629,Mid-Market,North America,partners,2023-12-27,2024-03-10,75,6712.63,4357.45,2355.18,0.350858,11,610.24,89.5
C0004632,Mid-Market,North America,partners,2024-10-30,2024-12-23,55,6647.14,4682.16,1964.98,0.295613,9,738.57,120.86
C0004633,SMB,North America,partners,2024-10-27,2024-11-22,27,839.15,581.35,257.8,0.307216,5,167.83,31.08
C0004639,SMB,EMEA,partners,2024-01-06,2024-01-06,1,84.66,50.7,33.96,0.401134,1,84.66,84.66
C0004663,Mid-Market,North America,partners,2024-12-02,2025-08-13,255,15374.92,10381.56,4993.36,0.324773,15,1024.99,60.29
C0004668,Mid-Market,APAC,partners,2024-06-25,2025-12-18,542,17025.87,11098.96,5926.91,0.348112,22,773.9,31.41
C0004671,SMB,LATAM,partners,2023-11-25,2025-05-26,549,12759.76,8936.99,3822.77,0.299596,17,750.57,23.24
C0004672,SMB,North America,partners,2024-05-20,2025-06-06,383,5717.29,3817.69,1899.6,0.332255,16,357.33,14.93
C0004701,SMB,North America,partners,2025-12-25,2025-12-26,2,441.6,191.11,250.49,0.567233,2,220.8,220.8
C0004709,Startup,North America,partners,2024-05-15,2024-11-14,184,1446.9,873.32,573.58,0.39642,11,131.54,7.86
C0004730,Mid-Market,North America,partners,2024-09-29,2025-11-15,413,13738.71,8244.66,5494.05,0.399896,18,763.26,33.27
C0004739,Startup,APAC,partners,2023-09-27,2025-12-27,823,2570.67,1500.44,1070.23,0.416323,16,160.67,3.12
C0004746,Mid-Market,APAC,partners,2023-04-05,2025-01-07,644,18000.88,12885.2,5115.68,0.284191,22,818.22,27.95
C0004747,Mid-Market,EMEA,partners,2024-10-22,2025-06-09,231,10137.05,7021.64,3115.41,0.307329,12,844.75,43.88
C0004753,SMB,North America,partners,2024-10-05,2025-12-18,440,1774.41,1227.45,546.96,0.308249,9,197.16,4.03
C0004756,Mid-Market,APAC,partners,2025-01-30,2025-12-23,328,15001.33,9972.05,5029.28,0.335256,24,625.06,45.74
C0004757,SMB,North America,partners,2024-09-22,2025-11-28,433,6186.85,4086.7,2100.15,0.339454,15,412.46,14.29
C0004775,Mid-Market,North America,partners,2023-01-15,2023-04-21,97,20552.4,14539.69,6012.71,0.292555,11,1868.4,211.88
C0004792,Enterprise,EMEA,partners,2023-02-10,2024-05-18,464,62587.58,49765.25,12822.33,0.20487,30,2086.25,134.89
C0004822,Mid-Market,North America,partners,2024-04-11,2025-12-05,604,11576.12,7472.46,4103.66,0.354494,20,578.81,19.17
C0004849,Enterprise,APAC,partners,2023-10-28,2024-12-10,410,76235.43,54348.28,21887.15,0.287099,23,3314.58,185.94
C0004857,Startup,North America,partners,2024-11-25,2024-12-27,33,700.89,371.27,329.62,0.470288,2,350.44,21.24
C0004860,SMB,APAC,partners,2024-09-02,2024-10-01,30,1472.15,1085.54,386.61,0.262616,3,490.72,49.07
C0004870,Mid-Market,EMEA,partners,2025-05-12,2025-09-08,120,11323.87,6857.74,4466.13,0.3944,9,1258.21,94.37
C0004873,Enterprise,North America,partners,2025-06-02,2025-11-09,161,15563.54,11559.28,4004.26,0.257285,11,1414.87,96.67
C0004874,Mid-Market,North America,partners,2025-04-03,2025-11-01,213,8474.49,5925.32,2549.17,0.300805,12,706.21,39.79
C0004888,Startup,EMEA,partners,,,0,0.0,0.0,0.0,0.0,0,0.0,0.0
C0004891,Mid-Market,EMEA,partners,2024-03-19,2025-06-24,463,18888.03,12842.93,6045.1,0.320049,20,944.4,40.79
C0004892,Startup,EMEA,partners,2024-04-28,2025-11-21,573,3028.23,1864.16,1164.07,0.384406,18,168.24,5.28
C0004893,Mid-Market,North America,partners,2024-10-21,2024-12-14,55,2530.06,1435.09,1094.97,0.432784,3,843.35,46.0
C0004906,Mid-Market,North America,partners,2025-03-01,2025-09-29,213,16635.16,12123.41,4511.75,0.271218,19,875.53,78.1
C0004913,Startup,LATAM,partners,2024-09-01,2025-12-05,461,1723.12,1065.55,657.57,0.381616,9,191.46,3.74
C0004937,SMB,LATAM,partners,,,0,0.0,0.0,0.0,0.0,0,0.0,0.0
C0004940,Startup,APAC,partners,2024-02-27,2024-11-04,252,909.67,475.62,434.05,0.477151,10,90.97,3.61
C0004949,Mid-Market,EMEA,partners,2025-05-18,2025-08-11,86,3470.96,2473.64,997.32,0.287333,4,867.74,40.36
C0004951,Mid-Market,North America,partners,2024-02-10,2025-11-26,656,17792.32,12368.27,5424.05,0.304853,28,635.44,27.12
C0004953,Enterprise,North America,partners,2024-02-23,2025-06-27,491,121666.26,90503.58,31162.68,0.256132,44,2765.14,247.79
C0004961,Mid-Market,APAC,partners,2023-11-06,2023-12-23,48,5444.36,3024.38,2419.98,0.444493,2,2722.18,113.42
C0004963,SMB,EMEA,partners,2025-05-03,2025-12-05,217,1989.0,1277.41,711.59,0.357763,10,198.9,9.17
C0004978,SMB,APAC,partners,2024-02-12,2024-11-14,277,2869.17,2157.45,711.72,0.248058,11,260.83,10.36
C0004980,Startup,North America,partners,2025-11-16,2025-11-21,6,772.39,524.11,248.28,0.321444,4,193.1,128.73
C0005007,Mid-Market,APAC,partners,2025-07-27,2025-12-31,158,9984.44,5956.5,4027.94,0.403422,13,768.03,63.19
C0005011,SMB,EMEA,partners,2024-03-02,2024-07-18,139,1582.02,972.92,609.1,0.385014,8,197.75,11.38
C0005037,Enterprise,EMEA,partners,2025-10-22,2025-11-18,28,9009.48,6074.13,2935.35,0.325807,4,2252.37,321.77
C0005044,Enterprise,APAC,partners,2024-08-29,2024-12-01,95,23912.2,17659.19,6253.01,0.261499,11,2173.84,251.71
C0005048,SMB,North America,partners,2025-09-09,2025-12-15,98,1185.29,681.82,503.47,0.424765,5,237.06,12.09
C0005093,Startup,APAC,partners,2024-06-26,2024-07-26,31,663.19,391.83,271.36,0.409174,4,165.8,21.39
C0005099,Mid-Market,North America,partners,2025-08-30,2025-12-21,114,4688.28,2709.93,1978.35,0.421978,10,468.83,41.13
C0005103,Mid-Market,EMEA,partners,2023-03-17,2023-08-27,164,6663.03,4175.36,2487.67,0.373354,15,444.2,40.63
C0005105,SMB,LATAM,partners,2025-12-07,2025-12-07,1,214.25,157.57,56.68,0.264551,1,214.25,214.25
C0005117,Enterprise,EMEA,partners,2025-03-17,2025-12-30,289,47089.48,33620.22,13469.26,0.286035,17,2769.97,162.94
C0005126,SMB,APAC,partners,2023-03-28,2023-10-30,217,2456.89,1811.77,645.12,0.262576,5,491.38,11.32
C0005129,SMB,EMEA,partners,,,0,0.0,0.0,0.0,0.0,0,0.0,0.0
C0005131,Mid-Market,North America,partners,2024-05-11,2025-12-31,600,18275.5,11748.69,6526.81,0.357134,31,589.53,30.46
C0005148,Mid-Market,North America,partners,2024-12-13,2025-11-11,334,26231.16,18883.08,7348.08,0.280128,17,1543.01,78.54
C0005153,SMB,EMEA,partners,2024-11-25,2025-10-30,340,4280.9,2923.48,1357.42,0.317088,13,329.3,12.59
C0005158,Mid-Market,North America,partners,,,0,0.0,0.0,0.0,0.0,0,0.0,0.0
C0005160,SMB,North America,partners,2024-05-29,2025-12-09,560,3606.3,2681.23,925.07,0.256515,7,515.19,6.44
C0005185,Mid-Market,EMEA,partners,2023-05-04,2023-05-04,1,1207.51,999.33,208.18,0.172404,1,1207.51,1207.51
C0005194,Mid-Market,North America,partners,2025-05-10,2025-12-24,229,3521.11,2214.61,1306.5,0.371048,9,391.23,15.38
C0005195,SMB,APAC,partners,2025-10-22,2025-10-26,5,620.24,327.79,292.45,0.471511,4,155.06,124.05
C0005199,Mid-Market,EMEA,partners,2025-07-11,2025-11-12,125,4770.13,2748.94,2021.19,0.423718,9,530.01,38.16
C0005202,Mid-Market,APAC,partners,2023-11-22,2025-07-09,596,16338.12,11135.07,5203.05,0.318461,23,710.35,27.41
C0005203,SMB,North America,partners,2023-11-21,2025-03-30,496,4982.67,3107.45,1875.22,0.376348,19,262.25,10.05
C0005205,Enterprise,EMEA,partners,2023-12-10,2025-12-20,742,135774.97,106883.92,28891.05,0.212786,61,2225.82,182.99
C0005217,SMB,LATAM,partners,2024-07-30,2025-07-10,346,1773.65,1067.77,705.88,0.397982,10,177.36,5.13
C0005223,SMB,EMEA,partners,2023-10-24,2024-09-30,343,1190.26,779.15,411.11,0.345395,5,238.05,3.47
C0005231,SMB,North America,partners,2025-10-03,2025-11-19,48,106.7,54.76,51.94,0.486785,2,53.35,2.22
C0005237,Enterprise,LATAM,partners,2023-12-11,2024-06-01,174,23172.73,18029.02,5143.71,0.221973,16,1448.3,133.18
C0005255,Startup,LATAM,partners,2025-07-15,2025-12-31,170,1040.8,668.54,372.26,0.357667,8,130.1,6.12
C0005271,Startup,APAC,partners,,,0,0.0,0.0,0.0,0.0,0,0.0,0.0
C0005273,Mid-Market,APAC,partners,,,0,0.0,0.0,0.0,0.0,0,0.0,0.0
C0005291,SMB,North America,partners,2024-08-04,2025-11-23,477,2080.56,1408.36,672.2,0.323086,10,208.06,4.36
C0005294,SMB,North America,partners,2025-10-01,2025-10-28,28,965.48,725.06,240.42,0.249016,4,241.37,34.48
C0005296,Mid-Market,North America,partners,2025-03-26,2025-09-21,180,6648.81,5587.09,1061.72,0.159686,9,738.76,36.94
C0005305,SMB,EMEA,partners,2023-01-27,2023-03-17,50,597.61,357.18,240.43,0.402319,3,199.2,11.95
C0005323,Startup,EMEA,partners,2025-10-13,2025-12-28,77,510.03,357.34,152.69,0.299375,2,255.02,6.62
C0005348,Enterprise,EMEA,partners,2025-07-01,2025-07-06,6,6106.92,4929.78,1177.14,0.192755,2,3053.46,1017.82
C0005350,SMB,EMEA,partners,2024-01-15,2024-10-21,281,671.09,385.43,285.66,0.425666,5,134.22,2.39
C0005355,Enterprise,North America,partners,2025-10-29,2025-11-14,17,2948.31,2500.94,447.37,0.151738,2,1474.16,173.43
C0005367,Enterprise,APAC,partners,2024-10-03,2025-12-24,448,57507.32,42112.33,15394.99,0.267705,34,1691.39,128.36
C0005368,Mid-Market,North America,partners,2025-07-27,2025-09-07,43,2080.27,1711.98,368.29,0.17704,3,693.42,48.38
C0005369,Enterprise,LATAM,partners,2025-08-30,2025-10-22,54,14837.68,11531.09,3306.59,0.222851,7,2119.67,274.77
C0005370,Startup,North America,partners,2024-05-24,2024-08-08,77,325.2,189.72,135.48,0.416605,3,108.4,4.22
C0005373,Mid-Market,North America,partners,2023-03-22,2023-09-03,166,7096.05,4894.12,2201.93,0.310304,9,788.45,42.75
C0005379,SMB,North America,partners,2024-03-17,2025-12-31,655,6817.5,3949.39,2868.11,0.420698,18,378.75,10.41
C0005394,Startup,EMEA,partners,2024-11-22,2025-08-02,254,857.06,497.17,359.89,0.419912,7,122.44,3.37
C0005403,Startup,APAC,partners,2024-08-10,2025-12-16,494,1365.71,883.99,481.72,0.352725,11,124.16,2.76
C0005405,SMB,North America,partners,2025-03-14,2025-11-14,246,5293.67,2775.1,2518.57,0.47577,9,588.19,21.52
C0005406,SMB,APAC,partners,2025-06-16,2025-12-26,194,1570.36,879.38,690.98,0.440014,7,224.34,8.09
C0005417,Startup,North America,partners,2023-03-23,2024-06-11,447,1549.11,922.19,626.92,0.404697,12,129.09,3.47
C0005421,Startup,North America,partners,2024-09-18,2025-02-01,137,422.81,262.95,159.86,0.378089,4,105.7,3.09
C0005424,Mid-Market,EMEA,partners,2023-01-31,2023-02-11,12,3973.29,2957.9,1015.39,0.255554,5,794.66,331.11
C0005434,Mid-Market,EMEA,partners,2024-10-23,2025-11-14,388,13344.08,8980.22,4363.86,0.327026,20,667.2,34.39
C0005452,SMB,LATAM,partners,2025-02-26,2025-12-25,303,1112.62,653.78,458.84,0.412396,8,139.08,3.67
C0005470,Mid-Market,EMEA,partners,2023-07-17,2024-07-28,378,10563.56,6976.19,3587.37,0.339599,14,754.54,27.95
C0005483,Enterprise,LATAM,partners,2024-06-30,2025-11-17,506,89711.12,68030.18,21680.94,0.241675,43,2086.31,177.29
C0005493,SMB,LATAM,partners,2024-03-22,2024-03-22,1,152.78,114.61,38.17,0.249836,1,152.78,152.78
C0005494,Enterprise,North America,partners,2024-05-30,2025-03-09,284,27998.84,19749.72,8249.12,0.294624,20,1399.94,98.59
C0005500,Mid-Market,APAC,partners,2024-03-13,2024-05-27,76,1980.45,1234.29,746.16,0.376763,4,495.11,26.06
C0005502,Mid-Market,APAC,partners,2024-12-28,2025-12-09,347,4066.59,2226.13,1840.46,0.452581,12,338.88,11.72
C0005504,SMB,LATAM,partners,2025-04-11,2025-12-10,244,1960.92,1167.55,793.37,0.404591,10,196.09,8.04
C0005510,Enterprise,North America,partners,2025-03-31,2025-12-31,276,16507.84,12846.15,3661.69,0.221815,11,1500.71,59.81
C0005527,Enterprise,North America,partners,2024-05-16,2024-06-19,35,29941.94,24067.42,5874.52,0.196197,7,4277.42,855.48
C0005528,SMB,North America,partners,2024-03-23,2025-04-06,380,4606.98,3251.7,1355.28,0.29418,12,383.92,12.12
C0005535,Enterprise,North America,partners,2025-09-11,2025-11-23,74,11923.48,8304.5,3618.98,0.303517,10,1192.35,161.13
C0005544,Mid-Market,EMEA,partners,2025-03-18,2025-12-28,286,5793.11,3515.1,2278.01,0.393227,8,724.14,20.26
C0005562,Mid-Market,North America,partners,2024-08-20,2025-11-29,467,8379.43,5465.27,2914.16,0.347775,14,598.53,17.94
C0005591,Mid-Market,EMEA,partners,2024-10-06,2025-12-12,433,10118.39,6420.03,3698.36,0.365509,19,532.55,23.37
C0005594,Mid-Market,LATAM,partners,2023-01-23,2023-03-16,53,984.56,570.69,413.87,0.42036,4,246.14,18.58
C0005602,Mid-Market,North America,partners,2023-08-07,2024-06-11,310,10584.32,7052.8,3531.52,0.333656,14,756.02,34.14
C0005604,SMB,EMEA,partners,,,0,0.0,0.0,0.0,0.0,0,0.0,0.0
C0005605,Mid-Market,APAC,partners,2025-04-29,2025-08-08,102,3994.43,2979.5,1014.93,0.254086,6,665.74,39.16
C0005640,Enterprise,APAC,partners,2025-02-21,2025-10-08,230,23228.85,17430.75,5798.1,0.249608,12,1935.74,100.99
C0005646,SMB,APAC,partners,2024-03-08,2025-12-02,635,4324.82,2806.79,1518.03,0.351004,17,254.4,6.81
C0005649,SMB,EMEA,partners,2024-10-26,2024-10-26,1,26.68,13.87,12.81,0.480135,1,26.68,26.68
C0005681,Enterprise,EMEA,partners,2025-11-09,2025-11-20,12,4604.82,3669.37,935.45,0.203146,6,767.47,383.73
C0005683,Mid-Market,North America,partners,2023-11-26,2024-09-15,295,15049.81,10439.62,4610.19,0.306329,19,792.1,51.02
C0005686,SMB,EMEA,partners,2023-03-03,2025-12-06,1010,12839.07,8121.94,4717.13,0.367404,46,279.11,12.71
C0005690,Mid-Market,LATAM,partners,,,0,0.0,0.0,0.0,0.0,0,0.0,0.0
C0005691,SMB,North America,partners,2025-01-31,2025-01-31,1,590.49,427.06,163.43,0.27677,1,590.49,590.49
C0005713,Mid-Market,North America,partners,2025-12-29,2025-12-29,1,138.02,80.48,57.54,0.416896,1,138.02,138.02
C0005721,Mid-Market,North America,partners,2025-08-16,2025-10-30,76,1403.92,850.84,553.08,0.393954,5,280.78,18.47
C0005729,SMB,EMEA,partners,2025-11-09,2025-11-24,16,584.73,420.33,164.4,0.281155,2,292.36,36.55
C0005745,Mid-Market,EMEA,partners,2025-05-25,2025-11-03,163,5239.81,4001.09,1238.72,0.236406,6,873.3,32.15
C0005750,Mid-Market,APAC,partners,,,0,0.0,0.0,0.0,0.0,0,0.0,0.0
C0005754,Mid-Market,EMEA,partners,2025-07-03,2025-11-17,138,6281.85,4120.24,2161.61,0.344104,9,697.98,45.52
C0005755,Mid-Market,North America,partners,2023-06-28,2023-09-07,72,961.73,518.19,443.54,0.46119,2,480.86,13.36
C0005758,Startup,EMEA,partners,2024-12-18,2024-12-18,1,66.69,40.1,26.59,0.39871,1,66.69,66.69
C0005779,SMB,APAC,partners,2025-07-12,2025-12-25,167,5594.11,3401.68,2192.43,0.391918,13,430.32,33.5
C0005787,Mid-Market,North America,partners,2025-11-23,2025-11-23,1,8108.73,6214.61,1894.12,0.23359,1,8108.73,8108.73
C0005788,Enterprise,EMEA,partners,2025-08-25,2025-11-17,85,7083.28,4971.84,2111.44,0.298088,7,1011.9,83.33
C0005793,Mid-Market,EMEA,partners,2023-11-03,2025-12-10,769,23578.29,15440.95,8137.34,0.34512,35,673.67,30.66
C0005811,Startup,North America,partners,2025-01-11,2025-03-24,73,362.4,218.14,144.26,0.398068,5,72.48,4.96
C0005813,Startup,North America,partners,2025-07-02,2025-07-02,1,36.63,22.86,13.77,0.375921,1,36.63,36.63
C0005818,SMB,North America,partners,2024-01-05,2024-10-15,285,3774.86,2640.1,1134.76,0.30061,15,251.66,13.25
C0005824,Startup,EMEA,partners,2023-11-23,2024-05-09,169,1055.13,641.61,413.52,0.391914,5,211.03,6.24
C0005830,Startup,North America,partners,,,0,0.0,0.0,0.0,0.0,0,0.0,0.0
C0005833,SMB,EMEA,partners,2024-07-25,2025-12-18,512,2979.85,1910.74,1069.11,0.35878,18,165.55,5.82
C0005835,Mid-Market,EMEA,partners,2025-02-10,2025-05-28,108,13371.71,8194.84,5176.87,0.387151,4,3342.93,123.81
C0005855,Startup,North America,partners,2023-03-28,2024-06-09,440,1509.4,943.87,565.53,0.374672,14,107.81,3.43
C0005872,Mid-Market,EMEA,partners,2024-04-27,2025-10-29,551,20797.03,14881.15,5915.88,0.284458,24,866.54,37.74
C0005873,Enterprise,APAC,partners,2023-09-08,2023-11-30,84,14907.79,10420.26,4487.53,0.301019,8,1863.47,177.47
C0005877,Enterprise,LATAM,partners,2025-03-29,2025-06-03,67,23439.68,18491.81,4947.87,0.211089,10,2343.97,349.85
C0005889,Mid-Market,North America,partners,2025-09-11,2025-12-22,103,5918.68,3979.52,1939.16,0.327634,6,986.45,57.46
C0005896,Mid-Market,North America,partners,2025-07-21,2025-11-23,126,3891.51,2334.94,1556.57,0.399991,9,432.39,30.88
C0005935,SMB,LATAM,partners,2024-04-03,2024-10-13,194,1625.72,830.79,794.93,0.488971,8,203.22,8.38
C0005942,Enterprise,APAC,partners,2025-03-15,2025-12-20,281,56927.56,44368.65,12558.91,0.220612,22,2587.62,202.59
C0005959,Mid-Market,EMEA,partners,2025-05-20,2025-12-30,225,4195.48,2762.95,1432.53,0.341446,8,524.44,18.65
C0005979,SMB,North America,partners,2024-01-10,2024-01-25,16,544.23,304.55,239.68,0.440402,4,136.06,34.01
C0005983,Mid-Market,EMEA,partners,2025-08-30,2025-10-31,63,13514.77,9792.67,3722.1,0.27541,7,1930.68,214.52
C0005985,Mid-Market,North America,partners,2025-05-16,2025-12-21,220,14547.52,9235.17,5312.35,0.365172,15,969.83,66.13
C0005987,Mid-Market,APAC,partners,2023-03-30,2025-12-12,989,55128.71,40791.52,14337.19,0.260068,47,1172.95,55.74
C0005991,Mid-Market,North America,partners,2023-08-24,2025-03-02,557,15053.97,11540.81,3513.16,0.233371,20,752.7,27.03
C0005996,SMB,EMEA,partners,2024-10-11,2025-09-12,337,2972.83,1832.11,1140.72,0.383715,15,198.19,8.82
C0006000,Mid-Market,APAC,partners,2025-08-30,2025-11-08,71,3927.14,2553.83,1373.31,0.349697,7,561.02,55.31
C0006016,Enterprise,APAC,partners,2023-06-01,2025-11-01,885,66337.8,48001.64,18336.16,0.276406,42,1579.47,74.96
C0006018,SMB,LATAM,partners,2025-09-04,2025-09-08,5,568.76,339.67,229.09,0.402789,2,284.38,113.75
C0006021,Enterprise,EMEA,partners,,,0,0.0,0.0,0.0,0.0,0,0.0,0.0
C0006022,SMB,North America,partners,2025-10-24,2025-12-31,69,786.21,420.81,365.4,0.464761,4,196.55,11.39
C0006031,Mid-Market,North America,partners,2024-07-26,2025-02-20,210,15026.58,9969.01,5057.57,0.336575,15,1001.77,71.56
C0006037,Startup,APAC,partners,2025-11-12,2025-12-25,44,1233.18,935.48,297.7,0.241408,2,616.59,28.03
C0006046,Startup,APAC,partners,2024-09-03,2024-10-09,37,166.33,101.43,64.9,0.390188,2,83.16,4.5
C0006055,Enterprise,LATAM,partners,2023-03-07,2025-11-28,998,161736.03,117414.3,44321.73,0.274037,89,1817.26,162.06
C0006056,SMB,North America,partners,,,0,0.0,0.0,0.0,0.0,0,0.0,0.0
C0006059,Mid-Market,North America,partners,2025-11-06,2025-11-29,24,1241.8,733.52,508.28,0.409309,4,310.45,51.74
C0006072,SMB,North America,partners,2023-04-21,2023-12-17,241,841.86,508.01,333.85,0.396562,7,120.27,3.49
C0006114,Startup,EMEA,partners,2025-12-21,2025-12-21,1,12.11,8.4,3.71,0.306358,1,12.11,12.11
C0006118,Mid-Market,EMEA,partners,,,0,0.0,0.0,0.0,0.0,0,0.0,0.0
C0006142,Enterprise,LATAM,partners,2023-11-09,2024-03-18,131,11299.92,8743.27,2556.65,0.226254,6,1883.32,86.26
C0006150,Mid-Market,North America,partners,2025-07-10,2025-10-02,85,6132.49,4067.74,2064.75,0.33669,8,766.56,72.15
C0006176,SMB,EMEA,partners,,,0,0.0,0.0,0.0,0.0,0,0.0,0.0
C0006197,Enterprise,EMEA,partners,2025-08-09,2025-12-28,142,34721.53,24845.67,9875.86,0.28443,11,3156.5,244.52
C0006208,Mid-Market,North America,partners,2024-04-28,2025-12-30,612,19420.26,12996.72,6423.54,0.330765,26,746.93,31.73
C0006232,SMB,APAC,partners,2025-03-23,2025-08-20,151,2521.08,1868.95,652.13,0.258671,8,315.14,16.7
C0006236,Mid-Market,EMEA,partners,2023-06-03,2023-06-07,5,419.46,223.46,196.0,0.467267,2,209.73,83.89
C0006245,Mid-Market,EMEA,partners,2023-11-23,2024-08-31,283,12082.73,8450.68,3632.05,0.300598,13,929.44,42.7
C0006253,Mid-Market,North America,partners,2024-11-07,2025-03-19,133,5038.89,3805.01,1233.88,0.244871,6,839.82,37.89
C0006262,Enterprise,LATAM,partners,,,0,0.0,0.0,0.0,0.0,0,0.0,0.0
C0006276,Mid-Market,LATAM,partners,2025-06-21,2025-12-22,185,10440.22,7709.11,2731.11,0.261595,9,1160.02,56.43
C0006279,Enterprise,LATAM,partners,2025-07-02,2025-11-24,146,12130.05,8643.13,3486.92,0.287461,12,1010.84,83.08
C0006283,Mid-Market,EMEA,partners,2024-08-23,2025-07-03,315,15138.06,11063.27,4074.79,0.269175,11,1376.19,48.06
C0006287,SMB,North America,partners,2025-03-22,2025-10-24,217,1266.14,790.3,475.84,0.375819,8,158.27,5.83
C0006295,Mid-Market,LATAM,partners,2023-10-04,2024-01-01,90,3632.47,2583.65,1048.82,0.288735,5,726.49,40.36
C0006312,Enterprise,APAC,partners,2025-09-17,2025-12-15,90,31036.91,22619.9,8417.01,0.271194,5,6207.38,344.85
C0006325,SMB,EMEA,partners,2025-03-13,2025-07-03,113,5371.21,4319.67,1051.54,0.195773,5,1074.24,47.53
C0006339,Enterprise,EMEA,partners,2023-11-01,2025-11-17,748,103285.82,73472.13,29813.69,0.288652,47,2197.57,138.08
C0006353,Mid-Market,North America,partners,2025-07-24,2025-10-29,98,4353.79,2284.06,2069.73,0.475386,4,1088.45,44.43
C0006364,Startup,North America,partners,2023-09-18,2023-09-18,1,91.02,53.74,37.28,0.40958,1,91.02,91.02
C0006366,Startup,EMEA,partners,2024-09-18,2025-01-23,128,382.53,272.49,110.04,0.287664,4,95.63,2.99
C0006371,Startup,EMEA,partners,2025-10-18,2025-11-02,16,135.52,102.26,33.26,0.245425,2,67.76,8.47
C0006373,SMB,APAC,partners,,,0,0.0,0.0,0.0,0.0,0,0.0,0.0
C0006380,SMB,EMEA,partners,2024-11-21,2025-12-28,403,1827.09,1086.82,740.27,0.405163,8,228.39,4.53
C0006383,Mid-Market,North America,partners,2025-04-28,2025-11-01,188,6294.76,4007.53,2287.23,0.363355,10,629.48,33.48
C0006393,Startup,EMEA,partners,,,0,0.0,0.0,0.0,0.0,0,0.0,0.0
C0006396,Mid-Market,North America,partners,2025-07-10,2025-12-05,149,3402.2,2673.17,729.03,0.214282,4,850.55,22.83
C0006406,Startup,LATAM,partners,2025-08-24,2025-08-24,1,25.78,14.02,11.76,0.456168,1,25.78,25.78
C0006411,Mid-Market,EMEA,partners,2023-03-23,2025-02-06,687,37187.59,25010.83,12176.76,0.327441,37,1005.07,54.13
C0006427,SMB,North America,partners,2023-08-10,2025-05-14,644,6622.03,4336.27,2285.76,0.345175,17,389.53,10.28
C0006433,SMB,EMEA,partners,2023-07-29,2023-08-07,10,245.57,141.07,104.5,0.425541,2,122.78,24.56
C0006442,SMB,APAC,partners,,,0,0.0,0.0,0.0,0.0,0,0.0,0.0
C0006445,Mid-Market,LATAM,partners,2024-02-15,2025-12-23,678,13293.66,8131.17,5162.49,0.388342,21,633.03,19.61
C0006449,Mid-Market,North America,partners,2025-08-30,2025-11-21,84,5282.87,3457.41,1825.46,0.345543,7,754.7,62.89
C0006453,SMB,EMEA,partners,2025-01-10,2025-11-24,319,4147.48,2759.13,1388.35,0.334745,12,345.62,13.0
C0006456,Enterprise,EMEA,partners,2025-06-29,2025-12-26,181,30406.56,24038.18,6368.38,0.209441,18,1689.25,167.99
C0006467,Startup,EMEA,partners,2024-03-11,2025-11-16,616,3653.63,2487.67,1165.96,0.319124,15,243.58,5.93
C0006474,Mid-Market,EMEA,partners,2025-02-20,2025-07-24,155,13194.51,8943.83,4250.68,0.322155,18,733.03,85.13
C0006490,Startup,EMEA,partners,2025-12-28,2025-12-29,2,163.12,90.72,72.4,0.443845,2,81.56,81.56
C0006493,Mid-Market,North America,partners,2025-09-23,2025-10-22,30,2597.09,1539.75,1057.34,0.407125,3,865.7,86.57
C0006507,Mid-Market,LATAM,partners,2025-11-25,2025-11-25,1,2048.17,1553.85,494.32,0.241347,1,2048.17,2048.17
C0006532,SMB,EMEA,partners,,,0,0.0,0.0,0.0,0.0,0,0.0,0.0
C0006534,Enterprise,LATAM,partners,2023-04-11,2025-12-14,979,265923.01,202096.18,63826.83,0.24002,67,3969.0,271.63
C0006540,Mid-Market,North America,partners,2025-06-30,2025-12-28,182,3911.87,2885.39,1026.48,0.262401,6,651.98,21.49
C0006557,Startup,LATAM,partners,2025-09-24,2025-12-18,86,587.18,331.49,255.69,0.435454,3,195.73,6.83
C0006562,SMB,North America,partners,2024-07-22,2025-11-29,496,3587.47,2314.41,1273.06,0.354863,14,256.25,7.23
C0006564,Enterprise,EMEA,partners,2025-11-26,2025-11-28,3,5365.52,4064.52,1301.0,0.242474,2,2682.76,1788.51
C0006621,SMB,North America,partners,2025-09-15,2025-12-03,80,1701.38,1186.95,514.43,0.30236,6,283.56,21.27
C0006634,Enterprise,EMEA,partners,2025-02-27,2025-11-07,254,23163.76,18213.46,4950.3,0.213709,15,1544.25,91.2
C0006636,Startup,LATAM,partners,2024-04-06,2025-10-15,558,4128.9,2711.84,1417.06,0.343205,19,217.31,7.4
C0006653,Startup,North America,partners,2025-05-30,2025-12-22,207,1331.01,923.74,407.27,0.305986,7,190.14,6.43
C0006663,Mid-Market,EMEA,partners,2023-09-23,2024-10-08,382,11860.32,7647.83,4212.49,0.355175,18,658.91,31.05
C0006687,Mid-Market,LATAM,partners,2025-11-28,2025-11-28,1,337.49,176.08,161.41,0.478266,1,337.49,337.49
C0006695,Mid-Market,North America,partners,2024-11-07,2025-12-02,391,11960.85,8146.11,3814.74,0.318936,16,747.55,30.59
C0006701,SMB,LATAM,partners,2024-02-22,2025-12-29,677,2505.15,1544.44,960.71,0.383494,19,131.85,3.7
C0006702,SMB,APAC,partners,2025-04-08,2025-07-04,88,617.92,439.45,178.47,0.288824,5,123.58,7.02
C0006721,Mid-Market,EMEA,partners,2024-11-16,2025-12-31,411,17551.66,12039.78,5511.88,0.314038,22,797.8,42.7
C0006723,SMB,APAC,partners,2024-11-10,2025-11-13,369,2809.05,1819.93,989.12,0.352119,8,351.13,7.61
C0006725,SMB,EMEA,partners,2024-09-28,2025-10-02,370,2482.15,1397.34,1084.81,0.437044,14,177.3,6.71
C0006729,Mid-Market,APAC,partners,2025-07-07,2025-12-30,177,35620.33,27178.98,8441.35,0.236981,13,2740.03,201.24
C0006768,Enterprise,EMEA,partners,2024-12-06,2025-11-24,354,55956.24,41714.97,14241.27,0.254507,40,1398.91,158.07
C0006792,Mid-Market,EMEA,partners,2024-06-24,2025-12-03,528,23500.57,15453.57,8047.0,0.342417,22,1068.21,44.51
C0006793,Enterprise,APAC,partners,2025-06-06,2025-12-12,190,22692.47,17235.97,5456.5,0.240454,13,1745.57,119.43
C0006800,Startup,APAC,partners,2023-10-26,2023-10-26,1,132.62,62.89,69.73,0.525788,2,66.31,132.62
C0006828,SMB,LATAM,partners,2025-09-26,2025-11-27,63,1030.16,596.37,433.79,0.42109,4,257.54,16.35
C0006833,Mid-Market,North America,partners,2024-03-19,2025-04-19,397,9995.9,6594.98,3400.92,0.340231,21,476.0,25.18
C0006838,Enterprise,North America,partners,2025-04-14,2025-12-03,234,44042.6,34451.49,9591.11,0.217769,12,3670.22,188.22
C0006839,Mid-Market,North America,partners,2025-12-26,2025-12-28,3,3032.12,1598.77,1433.35,0.472722,3,1010.71,1010.71
C0006845,Mid-Market,EMEA,partners,2025-05-30,2025-09-20,114,2080.03,1386.93,693.1,0.333216,5,416.01,18.25
C0006850,SMB,North America,partners,,,0,0.0,0.0,0.0,0.0,0,0.0,0.0
C0006856,Enterprise,North America,partners,2024-08-04,2025-12-30,514,66508.63,51396.45,15112.18,0.227221,29,2293.4,129.39
C0006862,SMB,EMEA,partners,,,0,0.0,0.0,0.0,0.0,0,0.0,0.0
C0006870,SMB,EMEA,partners,2025-03-01,2025-12-28,303,4693.91,2771.36,1922.55,0.409584,9,521.55,15.49
C0006877,Startup,North America,partners,2023-04-25,2025-10-26,916,2816.56,1738.85,1077.71,0.382633,23,122.46,3.07
C0006887,Mid-Market,APAC,partners,2024-10-08,2024-10-18,11,631.53,510.89,120.64,0.191028,2,315.76,57.41
C0006904,Mid-Market,North America,partners,2024-05-30,2024-07-16,48,2206.29,1322.0,884.29,0.400804,4,551.57,45.96
C0006911,Mid-Market,North America,partners,2025-07-25,2025-09-03,41,653.28,358.27,295.01,0.451583,3,217.76,15.93
C0006920,Startup,EMEA,partners,2025-03-20,2025-03-20,1,39.59,20.49,19.1,0.482445,1,39.59,39.59
C0006926,Mid-Market,North America,partners,2023-11-23,2024-11-27,371,27933.59,16606.16,11327.43,0.405513,13,2148.74,75.29
C0006937,Mid-Market,LATAM,partners,2025-11-21,2025-11-21,1,290.78,211.19,79.59,0.273712,1,290.78,290.78
C0006956,Mid-Market,LATAM,partners,2024-12-07,2025-11-12,341,7293.13,5130.68,2162.45,0.296505,11,663.01,21.39
C0006978,Startup,EMEA,partners,2024-01-01,2024-07-09,191,1085.82,678.72,407.1,0.374924,13,83.52,5.68
C0007023,Mid-Market,EMEA,partners,2024-07-03,2025-04-21,293,7557.18,5092.88,2464.3,0.326087,11,687.02,25.79
C0007031,Mid-Market,North America,partners,2023-01-14,2023-08-08,207,10386.25,6962.6,3423.65,0.329633,14,741.88,50.18
C0007036,Mid-Market,APAC,partners,2025-05-12,2025-12-07,210,12335.53,7791.96,4543.57,0.368332,13,948.89,58.74
C0007049,Enterprise,North America,partners,2024-12-31,2025-12-20,355,36836.59,28724.0,8112.59,0.220232,19,1938.77,103.77
C0007057,SMB,EMEA,partners,2025-10-17,2025-12-30,75,2031.25,1272.98,758.27,0.373302,7,290.18,27.08
C0007066,Mid-Market,North America,partners,2025-08-27,2025-12-24,120,5282.03,3107.98,2174.05,0.411594,10,528.2,44.02
C0007084,Mid-Market,North America,partners,2024-02-04,2024-09-26,236,9784.49,6841.5,2942.99,0.300781,13,752.65,41.46
C0007095,Mid-Market,EMEA,partners,2025-05-22,2025-11-24,187,5640.01,3774.21,1865.8,0.330815,9,626.67,30.16
C0007109,SMB,North America,partners,2024-06-18,2025-03-16,272,1495.24,1073.3,421.94,0.282189,6,249.21,5.5
C0007110,Mid-Market,North America,partners,2023-12-13,2024-03-25,104,7309.07,4615.2,2693.87,0.368565,8,913.63,70.28
C0007114,Mid-Market,EMEA,partners,2025-01-24,2025-12-30,341,7992.05,5452.27,2539.78,0.317788,12,666.0,23.44
C0007119,SMB,North America,partners,2024-04-26,2025-12-31,615,6208.71,4041.2,2167.51,0.349108,14,443.48,10.1
C0007127,Startup,LATAM,partners,2024-05-29,2024-06-24,27,330.95,231.48,99.47,0.300559,2,165.48,12.26
C0007132,Enterprise,LATAM,partners,2025-06-14,2025-08-10,58,14721.59,11470.57,3251.02,0.220833,6,2453.6,253.82
C0007137,Mid-Market,LATAM,partners,2023-10-15,2024-05-31,230,9003.58,5578.84,3424.74,0.380375,11,818.51,39.15
C0007140,Mid-Market,North America,partners,2023-10-28,2023-11-13,17,1962.76,1493.6,469.16,0.239031,5,392.55,115.46
C0007158,Startup,EMEA,partners,,,0,0.0,0.0,0.0,0.0,0,0.0,0.0
C0007159,Startup,EMEA,partners,2024-02-06,2024-08-16,193,1017.97,627.54,390.43,0.383538,8,127.25,5.27
C0007170,SMB,EMEA,partners,2023-02-27,2023-02-27,1,161.36,92.45,68.91,0.427058,1,161.36,161.36
C0007175,Startup,APAC,partners,2024-10-28,2025-01-19,84,1547.19,1006.33,540.86,0.349576,7,221.03,18.42
C0007180,SMB,APAC,partners,2024-06-04,2025-10-24,508,3921.68,2364.04,1557.64,0.397187,16,245.1,7.72
C0007181,Mid-Market,EMEA,partners,2024-03-24,2025-12-23,640,26681.88,17145.04,9536.84,0.357428,38,702.15,41.69
C0007189,Enterprise,LATAM,partners,2024-03-14,2025-04-05,388,52932.25,39825.6,13106.65,0.247612,26,2035.86,136.42
C0007228,Mid-Market,North America,partners,2024-06-13,2025-10-22,497,23179.99,15019.29,8160.7,0.352058,24,965.83,46.64
C0007230,Startup,LATAM,partners,2025-12-25,2025-12-25,1,28.05,14.43,13.62,0.485561,1,28.05,28.05
C0007232,Mid-Market,EMEA,partners,2024-02-02,2025-12-19,687,31882.16,22124.41,9757.75,0.306057,33,966.13,46.41
C0007242,Mid-Market,EMEA,partners,,,0,0.0,0.0,0.0,0.0,0,0.0,0.0
C0007243,SMB,EMEA,partners,2025-08-06,2025-09-24,50,333.36,171.98,161.38,0.484101,2,166.68,6.67
C0007262,Startup,APAC,partners,,,0,0.0,0.0,0.0,0.0,0,0.0,0.0
C0007278,Enterprise,EMEA,partners,2025-05-05,2025-06-02,29,5045.28,3221.45,1823.83,0.361492,7,720.75,173.98
C0007305,Startup,LATAM,partners,2025-01-20,2025-04-29,100,208.17,112.61,95.56,0.459048,3,69.39,2.08
C0007313,SMB,EMEA,partners,2024-09-11,2025-09-15,370,1227.67,679.24,548.43,0.446724,11,111.61,3.32
C0007333,Enterprise,LATAM,partners,2024-07-17,2024-12-09,146,26427.64,17981.29,8446.35,0.319603,16,1651.73,181.01
C0007338,Enterprise,North America,partners,2024-12-31,2025-12-09,344,6491.07,4335.26,2155.81,0.332119,5,1298.21,18.87
C0007354,SMB,EMEA,partners,2025-04-09,2025-07-30,113,1819.36,1077.05,742.31,0.408006,8,227.42,16.1
C0007360,Startup,North America,partners,2025-04-27,2025-06-17,52,453.07,279.11,173.96,0.383958,4,113.27,8.71
C0007363,SMB,APAC,partners,2025-10-27,2025-12-26,61,531.45,309.95,221.5,0.416784,7,75.92,8.71
C0007373,Startup,North America,partners,2025-01-25,2025-12-26,336,808.14,544.5,263.64,0.326231,6,134.69,2.41
C0007383,Startup,North America,partners,2025-11-27,2025-11-27,1,262.18,209.75,52.43,0.199977,1,262.18,262.18
C0007392,Mid-Market,North America,partners,2023-01-31,2025-12-21,1056,94114.96,63203.31,30911.65,0.328446,63,1493.89,89.12
C0007401,SMB,North America,partners,2025-01-27,2025-01-27,1,195.58,89.64,105.94,0.541671,1,195.58,195.58
C0007414,Mid-Market,APAC,partners,2025-03-19,2025-12-16,273,19572.26,13454.78,6117.48,0.312559,19,1030.12,71.69
C0007434,Mid-Market,APAC,partners,2023-09-10,2023-12-27,109,7498.59,4785.23,2713.36,0.361849,12,624.88,68.79
C0007438,SMB,EMEA,partners,2024-07-25,2024-10-24,92,2301.36,1498.9,802.46,0.348689,7,328.77,25.01
C0007442,SMB,APAC,partners,2025-08-29,2025-09-09,12,1138.14,664.02,474.12,0.416574,4,284.54,94.85
C0007458,SMB,North America,partners,2025-08-16,2025-11-26,103,1767.64,1125.98,641.66,0.363004,5,353.53,17.16
C0007459,Mid-Market,North America,partners,2023-08-22,2024-07-02,316,5887.68,4003.83,1883.85,0.319965,9,654.19,18.63
C0007462,Mid-Market,APAC,partners,2025-02-22,2025-09-23,214,10164.76,6594.7,3570.06,0.351219,15,677.65,47.5
C0007474,SMB,EMEA,partners,2024-11-14,2025-12-15,397,7877.56,5093.45,2784.11,0.353423,11,716.14,19.84
C0007486,SMB,North America,partners,2025-08-05,2025-11-28,116,1318.85,813.77,505.08,0.38297,6,219.81,11.37
C0007521,Startup,North America,partners,2023-06-03,2025-07-07,766,2871.52,1809.28,1062.24,0.369923,23,124.85,3.75
C0007534,Mid-Market,APAC,partners,2023-04-13,2024-11-02,570,15312.96,9349.32,5963.64,0.389451,27,567.15,26.86
C0007538,SMB,APAC,partners,2025-08-26,2025-12-13,110,1247.23,786.43,460.8,0.369459,6,207.87,11.34
C0007544,SMB,North America,partners,,,0,0.0,0.0,0.0,0.0,0,0.0,0.0
C0007545,Startup,North America,partners,2025-03-14,2025-11-06,238,913.8,591.72,322.08,0.352462,7,130.54,3.84
C0007569,SMB,North America,partners,2025-10-31,2025-12-24,55,798.94,430.71,368.23,0.460898,4,199.74,14.53
C0007575,SMB,EMEA,partners,2023-01-28,2024-06-14,504,4529.04,3032.87,1496.17,0.33035,14,323.5,8.99
C0007582,SMB,APAC,partners,2025-09-17,2025-12-23,98,731.83,580.95,150.88,0.206168,3,243.94,7.47
C0007591,Enterprise,EMEA,partners,2024-07-25,2025-07-04,345,47943.25,36034.33,11908.92,0.248396,23,2084.49,138.97
C0007610,Mid-Market,North America,partners,2025-10-29,2025-12-26,59,4548.01,3152.58,1395.43,0.306822,4,1137.0,77.08
C0007618,Enterprise,EMEA,partners,2025-05-18,2025-10-02,138,67665.31,52373.04,15292.27,0.225999,23,2941.97,490.33
C0007672,Enterprise,LATAM,partners,2024-02-19,2024-03-20,31,11440.12,9337.37,2102.75,0.183805,5,2288.02,369.04
C0007676,Mid-Market,LATAM,partners,2025-02-10,2025-04-24,74,2186.45,1479.04,707.41,0.323543,5,437.29,29.55
C0007679,Mid-Market,North America,partners,2025-11-03,2025-12-24,52,2007.44,1547.91,459.53,0.228913,5,401.49,38.6
C0007695,SMB,EMEA,partners,2024-03-13,2025-12-15,643,2012.45,1172.54,839.91,0.417357,15,134.16,3.13
C0007700,Mid-Market,North America,partners,2025-02-26,2025-11-15,263,7703.09,4398.22,3304.87,0.429032,14,550.22,29.29
C0007727,SMB,EMEA,partners,2023-08-09,2024-07-27,354,4396.11,2770.29,1625.82,0.369832,16,274.76,12.42
C0007729,Mid-Market,North America,partners,2025-03-17,2025-03-17,1,684.21,575.62,108.59,0.158709,1,684.21,684.21
C0007736,Enterprise,EMEA,partners,2024-08-29,2025-11-26,455,50578.14,35325.9,15252.24,0.301558,31,1631.55,111.16
C0007743,Startup,EMEA,partners,2025-09-11,2025-09-11,1,24.56,16.29,8.27,0.336726,1,24.56,24.56
C0007748,Enterprise,EMEA,partners,2025-04-16,2025-05-04,19,22232.9,17070.78,5162.12,0.232184,9,2470.32,1170.15
C0007760,Enterprise,EMEA,partners,2025-02-16,2025-04-30,74,21483.09,18092.16,3390.93,0.157842,4,5370.77,290.31
C0007761,Mid-Market,LATAM,partners,2024-07-18,2024-08-11,25,2259.22,1711.16,548.06,0.242588,2,1129.61,90.37
C0007765,Mid-Market,North America,partners,2025-04-10,2025-12-01,236,7568.04,5331.71,2236.33,0.295497,12,630.67,32.07
C0007772,Mid-Market,EMEA,partners,2023-06-25,2025-11-03,863,40354.52,28577.02,11777.5,0.291851,32,1261.08,46.76
C0007776,Mid-Market,APAC,partners,,,0,0.0,0.0,0.0,0.0,0,0.0,0.0
C0007782,Startup,APAC,partners,2024-06-11,2025-11-04,512,1594.17,1030.38,563.79,0.353657,17,93.77,3.11
C0007806,SMB,APAC,partners,2025-05-19,2025-11-28,194,2576.54,1836.67,739.87,0.287156,7,368.08,13.28
C0007811,Startup,North America,partners,2023-10-01,2025-07-30,669,1905.79,1145.27,760.52,0.399058,22,86.63,2.85
C0007812,Startup,EMEA,partners,2025-05-18,2025-08-11,86,1335.81,861.1,474.71,0.355372,6,222.64,15.53
C0007815,Mid-Market,LATAM,partners,2025-05-10,2025-05-27,18,1741.16,1026.48,714.68,0.410462,6,290.19,96.73
C0007817,SMB,North America,partners,2025-03-03,2025-12-04,277,3092.67,1954.52,1138.15,0.368015,11,281.15,11.16
C0007819,Startup,North America,partners,,,0,0.0,0.0,0.0,0.0,0,0.0,0.0
C0007824,Enterprise,EMEA,partners,2024-03-13,2025-12-25,653,68426.03,51667.31,16758.72,0.244917,36,1900.72,104.79
C0007835,Mid-Market,APAC,partners,2025-04-02,2025-10-26,208,8872.82,5500.67,3372.15,0.380054,15,591.52,42.66
C0007840,SMB,APAC,partners,2024-06-06,2025-09-27,479,2610.79,1549.83,1060.96,0.406375,10,261.08,5.45
C0007862,Mid-Market,APAC,partners,2023-03-20,2025-01-02,655,27137.82,17294.6,9843.22,0.362712,30,904.59,41.43
C0007865,SMB,EMEA,partners,2025-06-28,2025-12-14,170,2245.63,1443.56,802.07,0.357169,9,249.51,13.21
C0007871,Enterprise,APAC,partners,2023-04-08,2025-12-09,977,165476.38,130308.69,35167.69,0.212524,65,2545.79,169.37
C0007888,Mid-Market,APAC,partners,2024-02-11,2025-12-25,684,47828.36,29488.06,18340.3,0.383461,32,1494.64,69.92
C0007899,Startup,EMEA,partners,,,0,0.0,0.0,0.0,0.0,0,0.0,0.0
C0007904,Mid-Market,EMEA,partners,2025-04-29,2025-12-28,244,2447.52,1232.71,1214.81,0.496343,7,349.65,10.03
C0007908,SMB,LATAM,partners,2025-09-02,2025-11-19,79,1740.17,1343.21,396.96,0.228116,5,348.03,22.03
C0007931,Startup,EMEA,partners,2024-04-30,2025-02-28,305,940.95,627.02,313.93,0.333631,9,104.55,3.09
C0007939,Enterprise,EMEA,partners,2024-01-27,2024-05-07,102,12507.13,8354.26,4152.87,0.33204,9,1389.68,122.62
C0007941,Mid-Market,EMEA,partners,2023-11-21,2025-04-22,519,11527.57,7231.8,4295.77,0.372652,26,443.37,22.21
C0007945,Mid-Market,APAC,partners,2025-03-16,2025-07-01,108,5295.92,3094.25,2201.67,0.415729,9,588.44,49.04
C0007947,SMB,EMEA,partners,2025-11-19,2025-12-25,37,361.41,251.94,109.47,0.302897,4,90.35,9.77
C0007951,Mid-Market,EMEA,partners,2025-04-24,2025-11-21,212,5655.37,3467.26,2188.11,0.386908,10,565.54,26.68
C0007961,SMB,North America,partners,2023-11-28,2025-06-03,554,5845.9,3982.75,1863.15,0.318711,22,265.72,10.55
C0007964,SMB,North America,partners,2025-08-08,2025-10-03,57,524.45,394.68,129.77,0.24744,2,262.23,9.2
C0007973,SMB,EMEA,partners,2025-05-12,2025-12-22,225,2256.52,1537.46,719.06,0.318659,5,451.3,10.03
C0007979,Enterprise,North America,partners,2025-10-29,2025-12-29,62,22534.64,16097.48,6437.16,0.285656,9,2503.85,363.46
C0007980,Enterprise,EMEA,partners,2024-10-24,2025-07-07,257,51374.34,39945.48,11428.86,0.222462,14,3669.6,199.9
C0007997,Mid-Market,APAC,partners,2023-11-04,2023-12-14,41,10431.56,8035.06,2396.5,0.229736,7,1490.22,254.43
C0008027,Mid-Market,APAC,partners,2024-09-05,2025-04-13,221,9225.93,6303.92,2922.01,0.316717,16,576.62,41.75
C0008048,Mid-Market,LATAM,partners,,,0,0.0,0.0,0.0,0.0,0,0.0,0.0
C0008058,SMB,North America,partners,2024-07-21,2025-02-27,222,2207.63,1116.55,1091.08,0.494231,10,220.76,9.94
C0008065,SMB,LATAM,partners,2025-11-29,2025-11-29,1,112.55,56.82,55.73,0.495158,1,112.55,112.55
C0008084,SMB,North America,partners,2025-03-01,2025-04-15,46,410.61,243.95,166.66,0.405884,2,205.3,8.93
C0008085,Enterprise,North America,partners,2023-08-28,2023-11-23,88,41255.76,29297.82,11957.94,0.289849,8,5156.97,468.82
C0008092,Enterprise,EMEA,partners,2023-06-02,2024-03-20,293,30673.02,22310.88,8362.14,0.272622,18,1704.06,104.69
C0008095,Mid-Market,EMEA,partners,2023-03-30,2023-08-07,131,16985.01,13884.4,3100.61,0.18255,8,2123.13,129.66
C0008099,Mid-Market,North America,partners,2024-10-31,2025-12-01,397,16817.38,11459.74,5357.64,0.318578,23,731.19,42.36
C0008103,SMB,EMEA,partners,2025-10-21,2025-12-03,44,346.02,255.45,90.57,0.261748,2,173.01,7.86
C0008107,SMB,EMEA,partners,2024-05-10,2025-12-29,599,9228.18,5835.69,3392.49,0.367623,34,271.42,15.41
C0008126,SMB,EMEA,partners,2024-08-06,2025-08-09,369,891.34,441.87,449.47,0.504263,7,127.33,2.42
C0008131,SMB,North America,partners,2025-05-15,2025-05-21,7,238.68,127.51,111.17,0.46577,2,119.34,34.1
C0008133,Mid-Market,North America,partners,2025-09-17,2025-12-27,102,5264.93,4132.63,1132.3,0.215065,7,752.13,51.62
C0008136,SMB,North America,partners,2024-11-15,2025-04-08,145,804.04,482.38,321.66,0.400055,5,160.81,5.55
C0008141,SMB,North America,partners,2024-06-08,2024-06-08,1,158.99,72.08,86.91,0.546638,2,79.5,158.99
C0008146,SMB,LATAM,partners,2025-04-07,2025-12-18,256,1838.74,1176.43,662.31,0.360198,7,262.68,7.18
C0008151,SMB,EMEA,partners,2025-02-10,2025-09-03,206,2250.91,1338.04,912.87,0.405556,11,204.63,10.93
C0008158,Enterprise,North America,partners,2024-02-01,2025-04-28,453,65767.89,48647.27,17120.62,0.260319,32,2055.25,145.18
C0008179,Mid-Market,North America,partners,2025-01-28,2025-12-11,318,8607.67,5719.64,2888.03,0.335518,15,573.84,27.07
C0008196,SMB,APAC,partners,2025-02-22,2025-06-29,128,244.41,135.11,109.3,0.447199,2,122.21,1.91
C0008200,Mid-Market,LATAM,partners,2024-01-13,2024-05-09,118,11558.99,7921.99,3637.0,0.314647,11,1050.82,97.96
C0008201,Enterprise,EMEA,partners,2023-02-16,2023-02-17,2,2770.85,1873.79,897.06,0.323749,4,692.71,1385.43
C0008206,SMB,North America,partners,2024-07-25,2025-08-22,394,4035.52,2765.8,1269.72,0.314636,14,288.25,10.24
C0008207,SMB,North America,partners,2024-08-27,2024-12-10,106,400.25,294.58,105.67,0.26401,2,200.12,3.78
C0008209,Mid-Market,LATAM,partners,2025-04-18,2025-10-18,184,3520.66,2479.24,1041.42,0.295802,8,440.08,19.13
C0008214,SMB,North America,partners,2025-03-21,2025-09-28,192,1035.88,648.11,387.77,0.374339,4,258.97,5.4
C0008229,Startup,APAC,partners,2025-12-25,2025-12-25,1,83.73,40.94,42.79,0.511047,1,83.73,83.73
C0008232,Startup,APAC,partners,2024-01-26,2025-01-17,358,1197.22,713.01,484.21,0.404445,10,119.72,3.34
C0008252,Startup,EMEA,partners,2023-09-18,2024-11-17,427,436.37,240.85,195.52,0.44806,6,72.73,1.02
C0008277,Mid-Market,North America,partners,2024-10-07,2025-03-17,162,4572.26,2545.6,2026.66,0.443251,8,571.53,28.22
C0008282,Startup,North America,partners,2025-03-24,2025-12-08,260,727.59,407.16,320.43,0.440399,6,121.26,2.8
C0008285,Startup,EMEA,partners,2023-08-28,2025-02-12,535,1730.14,1115.82,614.32,0.35507,16,108.13,3.23
C0008296,Mid-Market,North America,partners,2024-09-18,2025-04-10,205,7563.78,5060.75,2503.03,0.330923,9,840.42,36.9
C0008305,SMB,North America,partners,2025-08-10,2025-12-21,134,1278.33,805.28,473.05,0.370053,9,142.04,9.54
C0008306,Mid-Market,LATAM,partners,2023-08-13,2025-12-25,866,40142.16,27865.3,12276.86,0.305835,42,955.77,46.35
C0008309,SMB,North America,partners,2024-07-24,2024-12-09,139,946.23,504.71,441.52,0.46661,6,157.71,6.81
C0008310,Mid-Market,LATAM,partners,2025-12-29,2025-12-29,1,113.26,68.3,44.96,0.396963,1,113.26,113.26
C0008314,Startup,North America,partners,2024-05-13,2025-12-29,596,1237.46,717.05,520.41,0.420547,9,137.5,2.08
C0008316,Mid-Market,North America,partners,2025-02-04,2025-10-03,242,10577.83,6648.07,3929.76,0.371509,11,961.62,43.71
C0008337,Mid-Market,LATAM,partners,2025-08-30,2025-10-14,46,5866.93,3704.96,2161.97,0.368501,6,977.82,127.54
C0008360,Enterprise,North America,partners,2023-10-30,2024-11-18,386,33984.23,25697.25,8286.98,0.243848,18,1888.01,88.04
C0008361,SMB,EMEA,partners,2023-11-25,2025-01-24,427,2151.04,1283.0,868.04,0.403544,11,195.55,5.04
C0008367,Mid-Market,EMEA,partners,2023-08-15,2025-12-27,866,22938.67,14420.08,8518.59,0.371364,36,637.19,26.49
C0008377,Mid-Market,APAC,partners,2025-07-06,2025-11-30,148,3719.91,2376.25,1343.66,0.361208,8,464.99,25.13
C0008381,Mid-Market,EMEA,partners,2025-02-18,2025-12-07,293,11967.72,7343.82,4623.9,0.386364,22,543.99,40.85
C0008383,SMB,APAC,partners,2023-08-05,2025-09-07,765,5945.32,3692.12,2253.2,0.378987,25,237.81,7.77
C0008396,Mid-Market,North America,partners,2025-01-27,2025-06-19,144,2170.24,1556.39,613.85,0.282849,6,361.71,15.07
C0008409,Mid-Market,EMEA,partners,2025-10-10,2025-12-21,73,5191.34,3634.7,1556.64,0.299853,9,576.82,71.11
C0008425,Mid-Market,North America,partners,2024-08-06,2025-12-27,509,8454.31,5870.74,2583.57,0.305592,15,563.62,16.61
C0008426,Mid-Market,LATAM,partners,2025-07-06,2025-12-09,157,3320.07,2053.68,1266.39,0.381435,9,368.9,21.15
C0008440,Startup,LATAM,partners,2023-11-25,2025-06-04,558,2056.96,1285.41,771.55,0.375092,15,137.13,3.69
C0008453,SMB,EMEA,partners,2023-11-10,2025-12-16,768,6869.08,4500.67,2368.41,0.344793,26,264.2,8.94
C0008456,SMB,APAC,partners,2023-05-31,2024-04-22,328,5302.16,3490.99,1811.17,0.341591,11,482.01,16.17
C0008485,SMB,EMEA,partners,2025-07-23,2025-12-13,144,2475.95,1775.3,700.65,0.282982,6,412.66,17.19
C0008497,Enterprise,North America,partners,2024-01-11,2024-03-07,57,17483.32,13591.73,3891.59,0.222589,8,2185.42,306.72
C0008525,Startup,LATAM,partners,2023-09-15,2025-11-21,799,2191.97,1295.44,896.53,0.409007,19,115.37,2.74
C0008527,SMB,LATAM,partners,2025-08-26,2025-10-25,61,816.68,492.09,324.59,0.397451,4,204.17,13.39
C0008528,Mid-Market,North America,partners,2025-05-22,2025-12-20,213,8980.28,5701.49,3278.79,0.36511,12,748.36,42.16
C0008541,Mid-Market,LATAM,partners,2024-02-06,2025-09-20,593,16238.05,11194.85,5043.2,0.310579,23,706.0,27.38
C0008557,Mid-Market,APAC,partners,2025-05-26,2025-09-19,117,4186.0,2586.9,1599.1,0.382011,9,465.11,35.78
C0008558,Mid-Market,APAC,partners,2025-07-14,2025-12-29,169,4790.34,3229.22,1561.12,0.325889,10,479.03,28.35
C0008563,SMB,APAC,partners,2025-10-01,2025-12-25,86,729.33,455.71,273.62,0.375166,3,243.11,8.48
C0008587,Mid-Market,North America,partners,2023-09-30,2024-06-23,268,7588.65,4858.63,2730.02,0.35975,15,505.91,28.32
C0008595,Mid-Market,EMEA,partners,2023-05-26,2023-09-13,111,6137.22,3713.15,2424.07,0.394979,6,1022.87,55.29
C0008598,SMB,APAC,partners,2025-04-29,2025-11-28,214,3142.41,2267.72,874.69,0.27835,7,448.92,14.68
C0008617,Mid-Market,LATAM,partners,2025-03-15,2025-12-24,285,9928.22,7055.29,2872.93,0.28937,14,709.16,34.84
C0008619,Mid-Market,North America,partners,2023-11-30,2025-07-05,584,13841.54,8804.8,5036.74,0.363886,27,512.65,23.7
C0008628,SMB,North America,partners,2025-10-30,2025-11-28,30,436.3,289.68,146.62,0.336053,2,218.15,14.54
C0008634,Enterprise,APAC,partners,2025-04-24,2025-06-29,67,9043.92,6602.11,2441.81,0.269995,6,1507.32,134.98
C0008640,Mid-Market,North America,partners,2023-04-02,2025-04-15,745,31589.64,21320.82,10268.82,0.325069,37,853.77,42.4
C0008642,Mid-Market,APAC,partners,2025-12-29,2025-12-29,1,173.16,104.76,68.4,0.39501,1,173.16,173.16
C0008644,Mid-Market,North America,partners,2024-07-04,2025-12-16,531,22336.22,14110.03,8226.19,0.368289,33,676.86,42.06
C0008681,Enterprise,North America,partners,2023-09-16,2025-11-17,794,54530.64,40090.61,14440.03,0.264806,35,1558.02,68.68
C0008684,Mid-Market,North America,partners,2025-09-30,2025-12-24,86,4198.62,3198.39,1000.23,0.238228,6,699.77,48.82
C0008696,Enterprise,APAC,partners,2024-12-13,2025-12-31,384,79889.96,58737.45,21152.51,0.264771,23,3473.48,208.05
C0008735,Mid-Market,LATAM,partners,2025-09-26,2025-10-11,16,784.78,386.79,397.99,0.507136,3,261.59,49.05
C0008744,Mid-Market,EMEA,partners,2025-07-11,2025-11-02,115,338.98,180.17,158.81,0.468494,2,169.49,2.95
C0008747,SMB,EMEA,partners,2025-06-03,2025-10-23,143,423.96,244.04,179.92,0.42438,3,141.32,2.96
C0008753,Mid-Market,APAC,partners,2025-07-31,2025-12-02,125,3893.4,2465.75,1427.65,0.366685,7,556.2,31.15
C0008758,Enterprise,North America,partners,2023-11-10,2023-12-22,43,43542.05,29392.69,14149.36,0.324959,6,7257.01,1012.61
C0008763,Enterprise,North America,partners,2024-03-31,2025-10-12,561,42380.54,30437.55,11942.99,0.281804,27,1569.65,75.54
C0008771,Mid-Market,EMEA,partners,2023-07-29,2023-10-12,76,1425.64,953.92,471.72,0.330883,7,203.66,18.76
C0008782,SMB,EMEA,partners,2023-10-25,2025-01-11,445,3683.32,2453.66,1229.66,0.333846,11,334.85,8.28
C0008791,Mid-Market,EMEA,partners,,,0,0.0,0.0,0.0,0.0,0,0.0,0.0
C0008797,SMB,LATAM,partners,2025-01-23,2025-09-21,242,5675.92,3215.22,2460.7,0.433533,9,630.66,23.45
C0008811,Mid-Market,North America,partners,2025-08-26,2025-10-30,66,9871.62,6329.44,3542.18,0.358825,11,897.42,149.57
C0008812,Mid-Market,APAC,partners,2025-12-27,2025-12-30,4,2688.27,1459.28,1228.99,0.457168,3,896.09,672.07
C0008826,SMB,North America,partners,2025-11-02,2025-12-11,40,2066.88,1441.37,625.51,0.302635,5,413.38,51.67
C0008847,SMB,North America,partners,2025-12-28,2025-12-28,1,18.82,10.11,8.71,0.462806,1,18.82,18.82
C0008861,Enterprise,North America,partners,2024-02-10,2025-03-29,414,42634.58,29226.8,13407.78,0.314481,21,2030.22,102.98
C0008865,Mid-Market,North America,partners,2023-05-10,2025-12-31,967,45139.62,29892.35,15247.27,0.33778,37,1219.99,46.68
C0008871,SMB,APAC,partners,2025-02-25,2025-02-25,1,104.53,55.76,48.77,0.466565,1,104.53,104.53
C0008872,Mid-Market,EMEA,partners,2025-10-21,2025-12-02,43,1702.08,995.88,706.2,0.414904,3,567.36,39.58
C0008878,SMB,EMEA,partners,2025-05-31,2025-11-16,170,522.7,366.83,155.87,0.298202,4,130.68,3.07
C0008896,Mid-Market,North America,partners,2023-12-03,2024-11-23,357,3737.14,2054.15,1682.99,0.450342,8,467.14,10.47
C0008897,Mid-Market,North America,partners,2024-02-25,2024-11-07,257,6667.7,4254.83,2412.87,0.361874,13,512.9,25.94
C0008910,Enterprise,LATAM,partners,2024-02-21,2024-08-27,189,55368.59,43945.96,11422.63,0.206302,17,3256.98,292.96
C0008922,Mid-Market,North America,partners,2025-06-29,2025-12-19,174,3407.4,2336.3,1071.1,0.314345,5,681.48,19.58
C0008923,SMB,EMEA,partners,2023-06-07,2025-11-20,898,4887.27,2915.58,1971.69,0.403434,24,203.64,5.44
C0008928,Startup,LATAM,partners,2025-12-18,2025-12-18,1,354.36,197.93,156.43,0.441444,1,354.36,354.36
C0008950,Mid-Market,EMEA,partners,2023-10-31,2024-05-06,189,1741.44,1259.57,481.87,0.276708,4,435.36,9.21
C0008958,Mid-Market,APAC,partners,2025-04-25,2025-11-22,212,23778.65,14090.17,9688.48,0.407444,8,2972.33,112.16
C0008962,SMB,North America,partners,2024-07-30,2025-07-05,341,3284.26,2028.57,1255.69,0.382336,12,273.69,9.63
C0008964,Mid-Market,LATAM,partners,2025-02-13,2025-12-20,311,11168.05,6742.49,4425.56,0.39627,20,558.4,35.91
C0008967,SMB,EMEA,partners,2024-12-26,2025-09-04,253,2560.88,1302.72,1258.16,0.4913,9,284.54,10.12
C0008974,Mid-Market,North America,partners,2023-05-01,2025-11-23,938,43622.17,31377.57,12244.6,0.280697,33,1321.88,46.51
C0008975,SMB,North America,partners,2024-05-01,2024-09-22,145,1626.7,918.71,707.99,0.435231,8,203.34,11.22
C0008976,Mid-Market,EMEA,partners,2023-09-23,2023-11-15,54,154.6,71.01,83.59,0.540686,2,77.3,2.86
C0008979,Mid-Market,North America,partners,2025-06-24,2025-09-07,76,2288.37,1549.03,739.34,0.323086,4,572.09,30.11
C0008983,SMB,APAC,partners,2025-07-19,2025-10-21,95,1117.69,798.0,319.69,0.286027,7,159.67,11.77
C0008990,Mid-Market,North America,partners,2024-08-17,2025-01-27,164,20682.69,14079.41,6603.28,0.319266,21,984.89,126.11
C0008999,Startup,APAC,partners,2025-12-25,2025-12-25,1,62.34,33.85,28.49,0.45701,1,62.34,62.34
C0000003,Enterprise,EMEA,referral,2025-10-02,2025-12-06,66,9154.95,5422.34,3732.61,0.407715,9,1017.22,138.71
C0000008,SMB,EMEA,referral,2025-10-21,2025-12-15,56,1077.94,596.15,481.79,0.446954,6,179.66,19.25
C0000017,Enterprise,APAC,referral,2025-03-22,2025-11-26,250,16186.67,11603.71,4582.96,0.283132,9,1798.52,64.75
C0000024,Mid-Market,APAC,referral,2025-10-29,2025-11-12,15,1806.7,1012.54,794.16,0.439564,4,451.68,120.45
C0000026,Enterprise,APAC,referral,2024-02-04,2025-12-28,694,228151.67,162414.03,65737.64,0.288131,42,5432.18,328.75
C0000038,Mid-Market,EMEA,referral,2025-01-16,2025-08-01,198,23396.14,16282.26,7113.88,0.304062,19,1231.38,118.16
C0000044,SMB,EMEA,referral,2024-05-17,2024-06-01,16,388.71,203.73,184.98,0.475882,2,194.36,24.29
C0000052,SMB,LATAM,referral,2023-01-27,2023-05-20,114,1266.4,801.8,464.6,0.366867,3,422.13,11.11
C0000057,Startup,North America,referral,2024-11-11,2024-12-07,27,526.98,313.75,213.23,0.404626,2,263.49,19.52
C0000066,Mid-Market,North America,referral,2025-02-18,2025-06-21,124,7775.09,4710.75,3064.34,0.394123,9,863.9,62.7
C0000068,SMB,APAC,referral,2024-05-11,2025-11-05,544,6227.82,3716.59,2511.23,0.403228,18,345.99,11.45
C0000089,SMB,North America,referral,2023-11-05,2025-11-13,740,8614.72,5647.32,2967.4,0.344457,29,297.06,11.64
C0000092,Mid-Market,EMEA,referral,2025-05-23,2025-12-10,202,8515.8,4788.27,3727.53,0.437719,16,532.24,42.16
C0000096,Startup,APAC,referral,2025-04-14,2025-12-05,236,1136.9,651.5,485.4,0.42695,8,142.11,4.82
C0000099,Mid-Market,APAC,referral,2023-08-18,2023-09-02,16,2475.95,1843.35,632.6,0.255498,3,825.32,154.75
C0000102,Mid-Market,North America,referral,2025-05-28,2025-12-21,208,6399.7,3769.41,2630.29,0.411002,14,457.12,30.77
C0000103,Startup,APAC,referral,2024-04-01,2025-05-21,416,1254.01,746.01,508.0,0.4051,11,114.0,3.01
C0000113,Mid-Market,North America,referral,2024-05-10,2025-09-23,502,36992.39,23770.23,13222.16,0.357429,25,1479.7,73.69
C0000118,Startup,APAC,referral,2025-09-15,2025-11-11,58,464.91,262.12,202.79,0.436192,4,116.23,8.02
C0000119,SMB,LATAM,referral,2024-10-14,2025-07-02,262,3726.3,2239.81,1486.49,0.398918,12,310.52,14.22
C0000121,Mid-Market,North America,referral,2025-03-06,2025-12-19,289,18901.75,11692.55,7209.2,0.381404,26,726.99,65.4
C0000128,SMB,North America,referral,2024-05-16,2024-12-25,224,1947.22,986.06,961.16,0.493606,10,194.72,8.69
C0000130,SMB,North America,referral,2025-04-04,2025-12-18,259,1675.33,925.75,749.58,0.447422,7,239.33,6.47
C0000134,SMB,EMEA,referral,2024-06-27,2024-09-14,80,1347.12,747.38,599.74,0.445202,3,449.04,16.84
C0000137,SMB,North America,referral,2025-12-09,2025-12-31,23,664.44,438.21,226.23,0.340482,4,166.11,28.89
C0000138,Enterprise,North America,referral,2024-12-07,2025-11-17,346,114582.6,80411.2,34171.4,0.298225,31,3696.21,331.16
C0000153,Startup,EMEA,referral,2023-09-25,2025-03-11,534,2802.45,2030.33,772.12,0.275516,14,200.18,5.25
C0000164,Mid-Market,LATAM,referral,2023-03-17,2024-04-18,399,27366.38,19904.74,7461.64,0.272657,20,1368.32,68.59
C0000165,SMB,North America,referral,2025-02-17,2025-03-18,30,539.18,406.46,132.72,0.246152,2,269.59,17.97
C0000167,Enterprise,EMEA,referral,2025-09-07,2025-09-25,19,8424.82,7069.16,1355.66,0.160913,3,2808.27,443.41
C0000177,Startup,North America,referral,2024-10-27,2025-01-27,93,424.97,221.28,203.69,0.479304,5,84.99,4.57
C0000178,SMB,North America,referral,2025-12-29,2025-12-31,3,265.63,140.98,124.65,0.469262,2,132.82,88.54
C0000188,SMB,EMEA,referral,2023-06-27,2025-03-29,642,5233.73,3748.55,1485.18,0.283771,16,327.11,8.15
C0000190,Mid-Market,EMEA,referral,2024-04-27,2025-11-11,564,11607.32,6782.0,4825.32,0.415714,23,504.67,20.58
C0000193,SMB,LATAM,referral,2023-09-18,2025-11-04,779,7442.52,4841.31,2601.21,0.349507,30,248.08,9.55
C0000195,SMB,North America,referral,2023-12-05,2024-02-15,73,817.18,481.19,335.99,0.411158,3,272.39,11.19
C0000197,Startup,EMEA,referral,2025-03-23,2025-04-25,34,162.29,90.13,72.16,0.444636,2,81.14,4.77
C0000200,Startup,North America,referral,2024-05-31,2025-11-02,521,2806.24,1678.82,1127.42,0.401755,19,147.7,5.39
C0000207,Mid-Market,North America,referral,2023-11-03,2025-12-20,779,15591.21,9786.81,5804.4,0.372287,37,421.38,20.01
C0000233,Mid-Market,APAC,referral,2025-12-12,2025-12-26,15,3487.27,2440.9,1046.37,0.300054,4,871.82,232.48
C0000242,Startup,North America,referral,2025-08-19,2025-08-19,1,76.46,53.86,22.6,0.295579,1,76.46,76.46
C0000246,Mid-Market,LATAM,referral,2025-12-05,2025-12-27,23,3405.79,1743.6,1662.19,0.488048,4,851.45,148.08
C0000249,Enterprise,North America,referral,2024-07-30,2025-11-30,489,61743.81,41004.62,20739.19,0.335891,28,2205.14,126.27
C0000257,SMB,EMEA,referral,2025-08-24,2025-12-27,126,1552.77,1212.16,340.61,0.219356,4,388.19,12.32
C0000274,SMB,North America,referral,2025-03-11,2025-12-23,288,1759.55,1084.51,675.04,0.383644,11,159.96,6.11
C0000275,SMB,LATAM,referral,2025-06-12,2025-09-05,86,1473.18,993.03,480.15,0.325928,6,245.53,17.13
C0000285,Mid-Market,North America,referral,2025-02-25,2025-11-11,260,9448.43,5505.23,3943.2,0.417339,15,629.9,36.34
C0000288,Mid-Market,EMEA,referral,2024-07-27,2024-11-26,123,7218.3,4903.05,2315.25,0.320747,15,481.22,58.69
C0000299,Mid-Market,EMEA,referral,2025-08-26,2025-12-09,106,5546.02,3227.25,2318.77,0.418096,7,792.29,52.32
C0000304,SMB,EMEA,referral,2025-02-18,2025-12-07,293,2617.99,1869.79,748.2,0.285792,11,238.0,8.94
C0000310,SMB,North America,referral,2023-09-27,2025-12-26,822,4819.18,2846.85,1972.33,0.409267,23,209.53,5.86
C0000312,SMB,North America,referral,2024-11-09,2025-12-22,409,3511.15,1933.4,1577.75,0.449354,12,292.6,8.58
C0000314,Startup,APAC,referral,2024-07-20,2024-11-10,114,647.67,331.45,316.22,0.488242,3,215.89,5.68
C0000326,Mid-Market,EMEA,referral,2025-06-17,2025-12-22,189,9259.99,6505.48,2754.51,0.297464,13,712.31,48.99
C0000327,SMB,North America,referral,2025-09-04,2025-09-20,17,474.7,258.01,216.69,0.456478,3,158.23,27.92
C0000330,SMB,EMEA,referral,2024-04-20,2025-12-22,612,3532.02,2241.74,1290.28,0.365309,15,235.47,5.77
C0000331,Startup,EMEA,referral,2025-06-22,2025-11-22,154,1673.94,908.9,765.04,0.45703,10,167.39,10.87
C0000334,Enterprise,APAC,referral,2025-10-09,2025-12-14,67,15427.89,10264.99,5162.9,0.334647,9,1714.21,230.27
C0000335,SMB,APAC,referral,2024-01-27,2025-10-24,637,8615.78,5605.34,3010.44,0.34941,16,538.49,13.53
C0000338,Mid-Market,EMEA,referral,2025-07-09,2025-09-26,80,3752.41,2397.51,1354.9,0.361075,7,536.06,46.91
C0000339,Mid-Market,EMEA,referral,2023-06-08,2023-11-12,158,5789.0,3300.54,2488.46,0.42986,9,643.22,36.64
C0000345,Mid-Market,APAC,referral,2025-07-30,2025-12-31,155,7399.24,3842.79,3556.45,0.480651,16,462.45,47.74
C0000346,SMB,APAC,referral,2025-09-07,2025-10-09,33,2659.96,1870.77,789.19,0.296692,5,531.99,80.6
C0000352,Mid-Market,North America,referral,2023-11-19,2024-02-11,85,5656.71,3903.64,1753.07,0.30991,6,942.78,66.55
C0000358,SMB,LATAM,referral,2025-08-13,2025-11-30,110,2058.9,1004.54,1054.36,0.512099,10,205.89,18.72
C0000359,Startup,North America,referral,2024-12-16,2025-12-19,369,4723.89,3251.05,1472.84,0.311785,11,429.44,12.8
C0000363,Startup,APAC,referral,2023-12-07,2025-11-05,700,1837.21,1139.23,697.98,0.379913,15,122.48,2.62
C0000364,SMB,APAC,referral,2023-06-28,2025-04-11,654,6502.14,4026.26,2475.88,0.380779,15,433.48,9.94
C0000375,Startup,APAC,referral,2024-01-04,2025-08-26,601,744.15,398.23,345.92,0.464853,8,93.02,1.24
C0000383,SMB,EMEA,referral,2025-08-23,2025-11-08,78,8756.3,6703.96,2052.34,0.234384,6,1459.38,112.26
C0000386,SMB,North America,referral,2025-12-24,2025-12-26,3,699.16,417.94,281.22,0.402226,3,233.05,233.05
C0000391,Startup,LATAM,referral,2025-04-19,2025-05-12,24,1070.72,769.74,300.98,0.281101,2,535.36,44.61
C0000393,Startup,North America,referral,2025-06-04,2025-08-23,81,425.45,247.86,177.59,0.417417,4,106.36,5.25
C0000397,SMB,APAC,referral,2025-08-30,2025-10-24,56,749.41,393.61,355.8,0.474773,4,187.35,13.38
C0000403,Startup,LATAM,referral,2025-07-27,2025-12-19,146,2225.97,1560.1,665.87,0.299137,5,445.19,15.25
C0000406,Mid-Market,EMEA,referral,2025-10-14,2025-12-23,71,4035.59,2019.56,2016.03,0.499563,5,807.12,56.84
C0000407,SMB,EMEA,referral,2024-04-19,2025-12-21,612,6472.78,3853.83,2618.95,0.40461,17,380.75,10.58
C0000410,Mid-Market,APAC,referral,2025-12-31,2025-12-31,1,346.73,161.2,185.53,0.535085,2,173.36,346.73
C0000416,SMB,APAC,referral,2024-03-18,2025-01-12,301,2483.66,1450.19,1033.47,0.416108,11,225.79,8.25
C0000419,Mid-Market,North America,referral,2023-12-31,2025-12-29,730,23232.13,14734.01,8498.12,0.365792,32,726.0,31.82
C0000423,Mid-Market,EMEA,referral,2023-01-20,2025-05-03,835,21623.84,11833.79,9790.05,0.452743,34,636.0,25.9
C0000425,Mid-Market,North America,referral,2025-03-20,2025-04-19,31,1897.2,1054.95,842.25,0.443944,4,474.3,61.2
C0000431,Mid-Market,EMEA,referral,2025-11-20,2025-12-28,39,2900.19,1609.67,1290.52,0.444978,5,580.04,74.36
C0000433,SMB,EMEA,referral,2025-06-22,2025-12-21,183,1806.17,1094.03,712.14,0.394282,7,258.02,9.87
C0000436,Mid-Market,LATAM,referral,2024-01-22,2024-10-18,271,6324.13,3895.76,2428.37,0.383985,16,395.26,23.34
C0000439,Startup,EMEA,referral,2025-07-06,2025-12-27,175,1597.36,887.33,710.03,0.444502,7,228.19,9.13
C0000441,Enterprise,EMEA,referral,2025-10-04,2025-10-31,28,2901.33,1689.51,1211.82,0.417677,2,1450.66,103.62
C0000447,SMB,EMEA,referral,2025-12-27,2025-12-27,1,219.02,109.75,109.27,0.498904,1,219.02,219.02
C0000448,Startup,North America,referral,2025-04-22,2025-06-17,57,105.65,59.31,46.34,0.438618,3,35.22,1.85
C0000455,Enterprise,LATAM,referral,2023-07-17,2024-06-16,336,28693.14,18004.06,10689.08,0.372531,24,1195.55,85.4
C0000459,Mid-Market,EMEA,referral,2025-08-09,2025-12-25,139,6101.24,3639.13,2462.11,0.403543,10,610.12,43.89
C0000468,Startup,North America,referral,,,0,0.0,0.0,0.0,0.0,0,0.0,0.0
C0000469,Mid-Market,EMEA,referral,2023-11-23,2025-12-29,768,38705.11,22163.71,16541.4,0.42737,29,1334.66,50.4
C0000477,Enterprise,North America,referral,2024-10-03,2025-11-17,411,36256.83,26447.76,9809.07,0.270544,26,1394.49,88.22
C0000484,Mid-Market,North America,referral,2024-05-24,2024-12-17,208,16077.54,9874.65,6202.89,0.385811,20,803.88,77.3
C0000487,Mid-Market,LATAM,referral,2024-12-20,2025-12-20,366,3307.03,2248.22,1058.81,0.320169,11,300.64,9.04
C0000488,Startup,EMEA,referral,2024-02-10,2025-12-28,688,2384.29,1435.95,948.34,0.397745,19,125.49,3.47
C0000494,Enterprise,EMEA,referral,2024-05-27,2024-08-31,97,6235.63,4556.73,1678.9,0.269243,6,1039.27,64.28
C0000502,Mid-Market,North America,referral,2025-10-25,2025-12-04,41,6551.69,4381.69,2170.0,0.331212,7,935.96,159.8
C0000503,Mid-Market,EMEA,referral,2025-11-24,2025-12-26,33,2713.18,1630.72,1082.46,0.398964,4,678.3,82.22
C0000505,Mid-Market,EMEA,referral,2025-01-10,2025-01-18,9,1090.21,768.13,322.08,0.295429,2,545.1,121.13
C0000506,Mid-Market,APAC,referral,2025-08-09,2025-12-23,137,9721.49,6714.36,3007.13,0.309328,10,972.15,70.96
C0000507,Mid-Market,LATAM,referral,2024-05-23,2025-12-28,585,18020.22,10986.9,7033.32,0.390302,34,530.01,30.8
C0000511,SMB,APAC,referral,2023-07-06,2024-02-16,226,1505.31,1110.15,395.16,0.262511,7,215.04,6.66
C0000522,Startup,EMEA,referral,,,0,0.0,0.0,0.0,0.0,0,0.0,0.0
C0000524,Startup,North America,referral,2025-03-21,2025-12-31,286,2129.75,1208.92,920.83,0.432365,13,163.83,7.45
C0000526,SMB,LATAM,referral,2024-08-23,2025-08-18,361,2371.12,1357.45,1013.67,0.427507,14,169.37,6.57
C0000527,Startup,EMEA,referral,2025-12-24,2025-12-24,1,45.39,35.05,10.34,0.227803,1,45.39,45.39
C0000531,Enterprise,LATAM,referral,2025-05-27,2025-11-27,185,4667.9,3104.8,1563.1,0.334862,5,933.58,25.23
C0000532,Enterprise,North America,referral,2025-07-08,2025-09-15,70,27780.79,18299.35,9481.44,0.341295,13,2136.98,396.87
C0000534,Mid-Market,North America,referral,2025-04-20,2025-09-29,163,6861.81,3885.84,2975.97,0.4337,12,571.82,42.1
C0000544,SMB,EMEA,referral,,,0,0.0,0.0,0.0,0.0,0,0.0,0.0
C0000545,Mid-Market,North America,referral,2023-09-27,2024-03-26,182,4177.81,2390.75,1787.06,0.42775,8,522.23,22.96
C0000549,SMB,EMEA,referral,2025-07-14,2025-12-01,141,5184.77,3246.96,1937.81,0.37375,8,648.1,36.77
C0000553,Startup,EMEA,referral,2023-12-19,2025-12-20,733,2201.47,1144.47,1057.0,0.480134,23,95.72,3.0
C0000558,SMB,North America,referral,2024-12-27,2025-12-05,344,4508.35,2349.35,2159.0,0.478889,10,450.84,13.11
C0000559,SMB,LATAM,referral,2025-11-21,2025-11-21,1,452.92,375.71,77.21,0.170472,1,452.92,452.92
C0000564,Startup,EMEA,referral,2025-05-26,2025-11-25,184,1003.69,518.5,485.19,0.483406,8,125.46,5.45
C0000565,SMB,EMEA,referral,2025-04-26,2025-04-26,1,186.11,91.91,94.2,0.506152,1,186.11,186.11
C0000566,SMB,EMEA,referral,2025-05-05,2025-07-28,85,1717.89,1105.23,612.66,0.356635,9,190.88,20.21
C0000570,SMB,North America,referral,2025-04-14,2025-04-14,1,224.34,128.52,95.82,0.42712,1,224.34,224.34
C0000572,Mid-Market,North America,referral,2025-09-17,2025-12-26,101,8026.51,4698.48,3328.03,0.41463,11,729.68,79.47
C0000576,SMB,APAC,referral,2025-01-23,2025-06-05,134,1993.56,1308.06,685.5,0.343857,7,284.79,14.88
C0000588,Startup,EMEA,referral,2024-10-20,2025-12-30,437,1562.11,858.13,703.98,0.45066,10,156.21,3.57
C0000594,SMB,APAC,referral,2025-03-30,2025-11-19,235,4391.92,2622.59,1769.33,0.40286,14,313.71,18.69
C0000595,Startup,APAC,referral,2023-02-17,2023-09-15,211,263.36,138.76,124.6,0.473117,4,65.84,1.25
C0000596,Startup,North America,referral,2024-05-29,2024-10-06,131,353.54,189.07,164.47,0.465209,4,88.38,2.7
C0000600,SMB,APAC,referral,2025-05-30,2025-09-26,120,208.8,101.34,107.46,0.514655,2,104.4,1.74
C0000601,Enterprise,North America,referral,2024-11-28,2025-03-15,108,30810.16,21720.49,9089.67,0.295022,10,3081.02,285.28
C0000607,Mid-Market,North America,referral,2025-09-30,2025-12-10,72,5009.65,2914.38,2095.27,0.418247,11,455.42,69.58
C0000608,Mid-Market,North America,referral,2023-10-10,2024-09-14,341,13207.61,7869.45,5338.16,0.404173,27,489.17,38.73
C0000613,SMB,North America,referral,2025-12-13,2025-12-14,2,2261.64,1404.3,857.34,0.379079,2,1130.82,1130.82
C0000619,SMB,North America,referral,2023-08-21,2025-07-28,708,5508.35,3007.7,2500.65,0.453974,17,324.02,7.78
C0000635,Mid-Market,North America,referral,2023-04-09,2024-10-08,549,17640.17,10659.15,6981.02,0.395746,31,569.04,32.13
C0000637,Mid-Market,North America,referral,2025-10-15,2025-12-06,53,609.03,331.44,277.59,0.45579,3,203.01,11.49
C0000639,SMB,EMEA,referral,2025-08-19,2025-12-20,124,3937.66,2636.13,1301.53,0.330534,10,393.77,31.76
C0000646,SMB,LATAM,referral,2025-09-25,2025-09-25,1,925.53,517.24,408.29,0.441142,1,925.53,925.53
C0000648,Enterprise,EMEA,referral,2025-02-01,2025-06-03,123,7562.99,5429.61,2133.38,0.282082,9,840.33,61.49
C0000674,Mid-Market,LATAM,referral,2025-05-31,2025-08-03,65,1908.56,1269.64,638.92,0.334765,2,954.28,29.36
C0000677,Mid-Market,APAC,referral,,,0,0.0,0.0,0.0,0.0,0,0.0,0.0
C0000681,Enterprise,North America,referral,,,0,0.0,0.0,0.0,0.0,0,0.0,0.0
C0000695,SMB,EMEA,referral,2025-12-15,2025-12-15,1,1081.76,929.09,152.67,0.141131,1,1081.76,1081.76
C0000710,Mid-Market,LATAM,referral,2025-04-29,2025-09-22,147,6412.81,4469.4,1943.41,0.303051,6,1068.8,43.62
C0000716,Enterprise,LATAM,referral,2023-12-23,2025-10-22,670,53807.12,40831.01,12976.11,0.24116,37,1454.25,80.31
C0000723,Mid-Market,North America,referral,2023-03-20,2023-07-08,111,10118.97,6499.05,3619.92,0.357736,9,1124.33,91.16
C0000725,Startup,LATAM,referral,2023-07-15,2025-12-29,899,3246.39,1841.03,1405.36,0.432899,22,147.56,3.61
C0000729,SMB,APAC,referral,2025-02-18,2025-12-23,309,3519.57,1925.89,1593.68,0.452805,13,270.74,11.39
C0000736,Startup,LATAM,referral,2025-05-25,2025-09-11,110,553.95,270.02,283.93,0.512555,4,138.49,5.04
C0000739,SMB,APAC,referral,2024-08-24,2025-11-24,458,2783.63,1458.6,1325.03,0.476008,12,231.97,6.08
C0000740,Startup,LATAM,referral,2024-09-22,2025-10-25,399,1907.75,987.38,920.37,0.482437,9,211.97,4.78
C0000741,Mid-Market,EMEA,referral,2023-02-11,2024-05-28,473,29153.56,19466.3,9687.26,0.332284,26,1121.29,61.64
C0000743,SMB,North America,referral,2025-10-05,2025-10-23,19,426.58,285.97,140.61,0.329622,2,213.29,22.45
C0000744,Enterprise,APAC,referral,2023-01-29,2023-06-29,152,32261.4,20887.5,11373.9,0.352554,10,3226.14,212.25
C0000755,Startup,LATAM,referral,2025-06-10,2025-09-18,101,557.23,276.14,281.09,0.504442,4,139.31,5.52
C0000758,SMB,APAC,referral,2025-11-22,2025-12-22,31,1210.97,519.9,691.07,0.570675,2,605.48,39.06
C0000766,SMB,EMEA,referral,2023-01-29,2024-02-14,382,5386.29,2847.7,2538.59,0.471306,16,336.64,14.1
C0000768,Mid-Market,EMEA,referral,2023-04-19,2023-08-22,126,1961.64,977.68,983.96,0.501601,4,490.41,15.57
C0000774,SMB,North America,referral,2025-10-20,2025-12-29,71,1061.72,731.79,329.93,0.31075,3,353.91,14.95
C0000778,SMB,North America,referral,2023-12-09,2025-12-22,745,3361.57,2037.61,1323.96,0.393852,19,176.92,4.51
C0000782,Enterprise,LATAM,referral,2025-11-09,2025-12-27,49,10228.2,7549.19,2679.01,0.261924,5,2045.64,208.74
C0000785,SMB,North America,referral,2025-12-24,2025-12-24,1,590.3,430.86,159.44,0.2701,1,590.3,590.3
C0000786,Startup,LATAM,referral,2024-10-30,2025-09-02,308,1525.78,849.45,676.33,0.443268,8,190.72,4.95
C0000796,Enterprise,APAC,referral,2024-06-25,2024-09-03,71,98666.34,73502.99,25163.35,0.255035,21,4698.4,1389.67
C0000802,Startup,EMEA,referral,2024-05-30,2025-12-17,567,1266.73,693.91,572.82,0.452204,12,105.56,2.23
C0000813,Enterprise,EMEA,referral,2025-12-27,2025-12-31,5,15739.15,11474.03,4265.12,0.270988,5,3147.83,3147.83
C0000823,Mid-Market,APAC,referral,2024-05-06,2024-11-01,180,5473.91,2763.18,2710.73,0.495209,9,608.21,30.41
C0000828,SMB,North America,referral,2024-02-25,2024-03-03,8,1616.22,1277.71,338.51,0.209445,2,808.11,202.03
C0000830,SMB,APAC,referral,2024-04-28,2025-09-14,505,10636.67,7839.98,2796.69,0.262929,25,425.47,21.06
C0000841,Mid-Market,LATAM,referral,2023-01-28,2024-08-13,564,11542.05,6543.81,4998.24,0.433046,23,501.83,20.46
C0000844,Startup,APAC,referral,2024-10-26,2025-12-11,412,2860.82,1875.94,984.88,0.344265,14,204.34,6.94
C0000846,SMB,APAC,referral,2025-12-01,2025-12-01,1,143.23,62.59,80.64,0.563011,1,143.23,143.23
C0000857,SMB,EMEA,referral,2025-06-22,2025-12-28,190,9775.36,6474.16,3301.2,0.337706,12,814.61,51.45
C0000858,Enterprise,EMEA,referral,2025-10-26,2025-12-22,58,3652.02,2685.26,966.76,0.264719,2,1826.01,62.97
C0000859,SMB,North America,referral,2024-08-07,2025-04-14,251,1027.62,704.19,323.43,0.314737,9,114.18,4.09
C0000860,Mid-Market,North America,referral,2025-03-12,2025-11-06,240,8549.77,5103.27,3446.5,0.40311,14,610.7,35.62
C0000862,Startup,North America,referral,2025-07-22,2025-12-30,162,1218.15,710.92,507.23,0.416394,8,152.27,7.52
C0000873,Mid-Market,EMEA,referral,2025-12-19,2025-12-28,10,3630.98,1893.49,1737.49,0.478518,5,726.2,363.1
C0000883,SMB,North America,referral,2025-11-24,2025-12-06,13,165.22,93.22,72.0,0.435783,2,82.61,12.71
C0000891,Startup,EMEA,referral,,,0,0.0,0.0,0.0,0.0,0,0.0,0.0
C0000892,SMB,EMEA,referral,2025-12-06,2025-12-10,5,261.41,132.7,128.71,0.492368,2,130.7,52.28
C0000895,Enterprise,EMEA,referral,2025-07-19,2025-12-14,149,11929.76,8956.97,2972.79,0.249191,9,1325.53,80.07
C0000897,Mid-Market,EMEA,referral,2024-04-25,2025-12-15,600,18182.16,10359.72,7822.44,0.430226,25,727.29,30.3
C0000904,Mid-Market,APAC,referral,2025-01-12,2025-01-26,15,631.53,357.2,274.33,0.434389,4,157.88,42.1
C0000905,SMB,EMEA,referral,,,0,0.0,0.0,0.0,0.0,0,0.0,0.0
C0000907,Startup,APAC,referral,2024-12-20,2025-09-30,285,706.55,407.65,298.9,0.423042,8,88.32,2.48
C0000912,SMB,EMEA,referral,2025-11-07,2025-12-18,42,734.51,412.28,322.23,0.438701,3,244.84,17.49
C0000917,SMB,APAC,referral,2023-07-07,2025-12-26,904,10666.84,6352.67,4314.17,0.404447,39,273.51,11.8
C0000922,Startup,LATAM,referral,2025-09-27,2025-11-19,54,492.78,255.44,237.34,0.481635,4,123.2,9.13
C0000923,Enterprise,LATAM,referral,2025-04-30,2025-10-30,184,21472.66,15195.45,6277.21,0.292335,8,2684.08,116.7
C0000930,SMB,EMEA,referral,2025-06-27,2025-08-01,36,758.85,429.88,328.97,0.433511,4,189.71,21.08
C0000933,SMB,North America,referral,2024-09-04,2024-09-04,1,59.55,27.19,32.36,0.543409,1,59.55,59.55
C0000944,SMB,North America,referral,2024-11-16,2025-12-29,409,3603.52,2203.24,1400.28,0.388587,17,211.97,8.81
C0000949,SMB,EMEA,referral,2025-11-18,2025-12-01,14,734.3,538.92,195.38,0.266077,2,367.15,52.45
C0000950,Mid-Market,North America,referral,2024-06-20,2025-03-15,269,10418.17,7277.31,3140.86,0.301479,16,651.14,38.73
C0000954,Startup,LATAM,referral,2023-10-31,2024-02-02,95,849.8,466.04,383.76,0.451589,7,121.4,8.95
C0000968,SMB,North America,referral,2024-01-15,2025-12-08,694,11432.55,7597.12,3835.43,0.335483,18,635.14,16.47
C0000970,Startup,North America,referral,2024-01-20,2025-12-04,685,1733.9,961.95,771.95,0.44521,14,123.85,2.53
C0000975,SMB,LATAM,referral,2024-05-27,2025-12-11,564,5831.62,3043.97,2787.65,0.478023,23,253.55,10.34
C0000984,Startup,APAC,referral,2024-12-09,2025-12-31,388,1522.11,887.93,634.18,0.416645,12,126.84,3.92
C0000985,Mid-Market,EMEA,referral,2023-10-17,2025-09-11,696,20662.33,13933.27,6729.06,0.325668,29,712.49,29.69
C0001000,Mid-Market,North America,referral,,,0,0.0,0.0,0.0,0.0,0,0.0,0.0
C0001012,Mid-Market,EMEA,referral,2025-03-19,2025-09-03,169,10036.3,6384.62,3651.68,0.363847,14,716.88,59.39
C0001017,Mid-Market,EMEA,referral,2025-06-14,2025-12-07,177,8492.56,5593.42,2899.14,0.341374,13,653.27,47.98
C0001030,Mid-Market,APAC,referral,2024-09-12,2025-10-02,386,11872.59,8005.98,3866.61,0.325675,20,593.63,30.76
C0001031,Mid-Market,EMEA,referral,2025-02-16,2025-12-30,318,9740.72,5475.52,4265.2,0.437873,18,541.15,30.63
C0001038,Startup,North America,referral,2024-10-01,2024-12-01,62,519.12,273.31,245.81,0.473513,4,129.78,8.37
C0001039,SMB,APAC,referral,2025-01-27,2025-11-12,290,4671.54,3083.98,1587.56,0.339837,12,389.3,16.11
C0001040,Mid-Market,LATAM,referral,2023-08-30,2024-06-18,294,15532.18,9663.63,5868.55,0.377832,13,1194.78,52.83
C0001042,SMB,APAC,referral,2025-05-13,2025-12-09,211,2258.3,1532.26,726.04,0.321498,6,376.38,10.7
C0001043,Mid-Market,EMEA,referral,2025-04-25,2025-10-19,178,6670.04,3526.57,3143.47,0.471282,12,555.84,37.47
C0001044,SMB,EMEA,referral,2025-06-01,2025-10-31,153,1709.0,1033.74,675.26,0.39512,10,170.9,11.17
C0001047,SMB,APAC,referral,2023-12-30,2025-01-03,371,3316.83,2126.96,1189.87,0.358737,15,221.12,8.94
C0001062,Mid-Market,EMEA,referral,2025-03-22,2025-12-17,271,9985.14,6390.01,3595.13,0.360048,19,525.53,36.85
C0001065,SMB,APAC,referral,2024-05-27,2025-12-28,581,7273.73,4396.63,2877.1,0.395547,29,250.82,12.52
C0001071,SMB,APAC,referral,2025-10-23,2025-10-23,1,148.93,78.93,70.0,0.470019,1,148.93,148.93
C0001077,SMB,EMEA,referral,2025-01-30,2025-09-07,221,2255.51,1236.89,1018.62,0.451614,14,161.11,10.21
C0001081,SMB,North America,referral,2024-03-04,2025-03-01,363,1178.21,730.68,447.53,0.379839,8,147.28,3.25
C0001085,Mid-Market,APAC,referral,2025-12-21,2025-12-21,1,928.01,645.02,282.99,0.304943,1,928.01,928.01
C0001090,SMB,North America,referral,2024-11-16,2025-03-17,122,1420.87,884.51,536.36,0.377487,5,284.17,11.65
C0001094,Mid-Market,EMEA,referral,2024-03-19,2024-10-07,203,11430.31,7218.02,4212.29,0.368519,12,952.53,56.31
C0001105,Startup,North America,referral,2023-09-20,2024-04-04,198,326.36,176.78,149.58,0.458328,4,81.59,1.65
C0001118,SMB,LATAM,referral,2025-08-09,2025-11-11,95,1385.11,787.35,597.76,0.431561,9,153.9,14.58
C0001133,Mid-Market,LATAM,referral,2023-07-28,2025-11-09,836,27060.93,18387.63,8673.3,0.32051,27,1002.26,32.37
C0001135,SMB,APAC,referral,2025-12-24,2025-12-29,6,856.64,524.21,332.43,0.388063,2,428.32,142.77
C0001145,Mid-Market,North America,referral,2024-10-01,2025-12-18,444,12551.57,7575.63,4975.94,0.39644,17,738.33,28.27
C0001157,Mid-Market,North America,referral,2023-04-17,2024-10-02,535,17077.14,11481.72,5595.42,0.327656,30,569.24,31.92
C0001162,Mid-Market,North America,referral,2025-04-23,2025-12-09,231,3701.27,2329.04,1372.23,0.370746,7,528.75,16.02
C0001164,Startup,APAC,referral,2023-11-14,2024-01-17,65,620.91,329.6,291.31,0.469166,4,155.23,9.55
C0001171,Mid-Market,EMEA,referral,2024-09-07,2025-04-25,231,2422.03,1366.19,1055.84,0.435932,6,403.67,10.48
C0001182,SMB,North America,referral,2023-11-19,2025-11-10,723,6367.54,3385.51,2982.03,0.468317,22,289.43,8.81
C0001187,Enterprise,EMEA,referral,2024-08-28,2025-11-10,440,62308.61,44673.14,17635.47,0.283034,34,1832.61,141.61
C0001199,Mid-Market,APAC,referral,2024-05-18,2025-12-28,590,11090.58,6257.69,4832.89,0.435765,24,462.11,18.8
C0001201,Mid-Market,EMEA,referral,2025-02-19,2025-11-13,268,6968.39,4225.35,2743.04,0.39364,14,497.74,26.0
C0001204,Mid-Market,North America,referral,2025-06-08,2025-12-11,187,2564.28,1354.83,1209.45,0.471653,7,366.33,13.71
C0001206,Mid-Market,EMEA,referral,2023-05-22,2024-02-12,267,7633.45,4304.55,3328.9,0.436094,12,636.12,28.59
C0001207,Startup,APAC,referral,2025-03-18,2025-12-06,264,1072.0,792.49,279.51,0.260737,7,153.14,4.06
C0001214,SMB,North America,referral,2024-08-14,2025-05-08,268,1109.71,605.86,503.85,0.454038,8,138.71,4.14
C0001216,Enterprise,EMEA,referral,2025-01-17,2025-02-16,31,8610.37,6806.02,1804.35,0.209555,6,1435.06,277.75
C0001231,Mid-Market,EMEA,referral,2024-02-08,2024-05-02,85,3138.5,2167.28,971.22,0.309454,6,523.08,36.92
C0001273,Mid-Market,North America,referral,2024-08-29,2025-07-04,310,5921.82,3692.85,2228.97,0.376399,13,455.52,19.1
C0001289,SMB,EMEA,referral,2024-11-03,2025-12-06,399,3669.74,2193.99,1475.75,0.40214,13,282.29,9.2
C0001299,SMB,APAC,referral,2025-06-14,2025-12-30,200,4031.6,2413.9,1617.7,0.401255,9,447.96,20.16
C0001302,Enterprise,North America,referral,2025-02-24,2025-12-25,305,48097.29,33930.77,14166.52,0.294539,28,1717.76,157.7
C0001303,Mid-Market,North America,referral,2025-08-01,2025-10-31,92,9860.31,6321.78,3538.53,0.358866,11,896.39,107.18
C0001304,Enterprise,North America,referral,2024-03-18,2024-10-31,228,33637.13,21841.87,11795.26,0.350662,20,1681.86,147.53
C0001306,SMB,EMEA,referral,2025-11-16,2025-12-24,39,527.37,351.32,176.05,0.333826,2,263.68,13.52
C0001307,Startup,APAC,referral,2025-04-07,2025-10-24,201,914.69,450.51,464.18,0.507472,7,130.67,4.55
C0001312,Mid-Market,LATAM,referral,2025-11-12,2025-11-12,1,424.4,255.83,168.57,0.397196,1,424.4,424.4
C0001313,Mid-Market,North America,referral,2025-02-27,2025-12-26,303,6665.9,3876.77,2789.13,0.418418,12,555.49,22.0
C0001318,Startup,EMEA,referral,2023-02-25,2023-11-02,251,1320.1,829.39,490.71,0.371722,8,165.01,5.26
C0001322,SMB,North America,referral,2024-11-28,2025-11-26,364,4144.67,2463.73,1680.94,0.405567,19,218.14,11.39
C0001324,SMB,LATAM,referral,2025-08-07,2025-09-18,43,2333.8,1734.72,599.08,0.256697,4,583.45,54.27
C0001333,Mid-Market,APAC,referral,2025-02-16,2025-09-01,198,9583.97,5619.54,3964.43,0.413652,17,563.76,48.4
C0001337,Mid-Market,EMEA,referral,2024-01-18,2025-11-04,657,22382.27,14333.06,8049.21,0.359624,28,799.37,34.07
C0001347,Mid-Market,North America,referral,2024-10-15,2025-12-03,415,10377.5,6271.64,4105.86,0.39565,24,432.4,25.01
C0001348,Startup,North America,referral,2024-08-10,2025-12-22,500,2373.06,1495.92,877.14,0.369624,15,158.2,4.75
C0001352,Startup,EMEA,referral,2025-09-08,2025-12-26,110,1041.43,719.62,321.81,0.309008,6,173.57,9.47
C0001353,Mid-Market,EMEA,referral,2024-04-18,2025-12-29,621,22079.92,13910.03,8169.89,0.370014,38,581.05,35.56
C0001357,SMB,North America,referral,2025-02-02,2025-12-16,318,4513.0,2671.25,1841.75,0.408099,14,322.36,14.19
C0001358,Startup,North America,referral,2024-11-15,2025-11-14,365,1329.98,781.23,548.75,0.4126,10,133.0,3.64
C0001362,Enterprise,EMEA,referral,2024-07-31,2025-09-27,424,71491.89,51643.5,19848.39,0.277631,25,2859.68,168.61
C0001369,Mid-Market,EMEA,referral,2024-01-09,2024-12-16,343,10938.64,6531.15,4407.49,0.402929,21,520.89,31.89
C0001377,SMB,LATAM,referral,2025-06-18,2025-12-02,168,422.2,237.84,184.36,0.436665,2,211.1,2.51
C0001379,Mid-Market,North America,referral,2025-05-03,2025-12-10,222,10397.4,6696.43,3700.97,0.355951,8,1299.68,46.84
C0001382,Mid-Market,APAC,referral,2023-03-16,2025-05-19,796,20980.99,12915.58,8065.41,0.384415,35,599.46,26.36
C0001387,Mid-Market,North America,referral,2025-06-11,2025-12-31,204,7457.49,4813.61,2643.88,0.354527,12,621.46,36.56
C0001388,SMB,EMEA,referral,2024-07-27,2024-09-24,60,850.28,545.78,304.5,0.358117,3,283.43,14.17
C0001393,SMB,LATAM,referral,2023-08-14,2024-12-19,494,5278.32,3034.53,2243.79,0.425095,21,251.35,10.68
C0001394,SMB,EMEA,referral,2023-05-12,2025-12-24,958,6071.82,3292.24,2779.58,0.457784,28,216.85,6.34
C0001395,SMB,LATAM,referral,2025-09-06,2025-12-12,98,1066.06,596.65,469.41,0.440322,4,266.52,10.88
C0001403,Mid-Market,LATAM,referral,,,0,0.0,0.0,0.0,0.0,0,0.0,0.0
C0001404,SMB,EMEA,referral,2024-08-06,2025-01-11,159,1719.13,883.36,835.77,0.486159,7,245.59,10.81
C0001409,Mid-Market,APAC,referral,2025-09-30,2025-12-30,92,942.44,549.21,393.23,0.417247,5,188.49,10.24
C0001411,Mid-Market,LATAM,referral,2025-11-21,2025-12-22,32,1333.76,661.98,671.78,0.503674,5,266.75,41.68
C0001414,SMB,EMEA,referral,2025-12-07,2025-12-12,6,814.13,620.72,193.41,0.237566,2,407.06,135.69
C0001425,SMB,EMEA,referral,2024-07-20,2025-02-17,213,1218.89,782.63,436.26,0.357916,8,152.36,5.72
C0001426,Startup,North America,referral,2024-08-18,2025-06-15,302,2157.9,1065.91,1091.99,0.506043,9,239.77,7.15
C0001430,Enterprise,North America,referral,2024-10-25,2025-05-27,215,42406.69,32827.07,9579.62,0.225899,19,2231.93,197.24
C0001432,Enterprise,EMEA,referral,2025-03-25,2025-04-19,26,10269.98,6905.41,3364.57,0.327612,9,1141.11,395.0
C0001434,Startup,APAC,referral,2023-11-25,2023-11-25,1,118.47,60.52,57.95,0.489153,1,118.47,118.47
C0001444,SMB,APAC,referral,2023-05-14,2023-11-22,193,2362.97,1410.05,952.92,0.403272,8,295.37,12.24
C0001445,Startup,North America,referral,2023-12-31,2025-03-02,428,1056.72,549.61,507.11,0.479891,11,96.07,2.47
C0001457,SMB,APAC,referral,2024-02-24,2025-12-10,656,3232.18,1875.66,1356.52,0.419692,14,230.87,4.93
C0001460,SMB,North America,referral,2024-10-14,2025-07-06,266,1528.37,946.89,581.48,0.380458,6,254.73,5.75
C0001472,Mid-Market,EMEA,referral,2023-12-16,2025-12-29,745,49790.03,31488.94,18301.09,0.367565,37,1345.68,66.83
C0001477,Mid-Market,APAC,referral,2024-12-01,2025-12-27,392,11570.29,7580.46,3989.83,0.344834,17,680.61,29.52
C0001484,Mid-Market,North America,referral,2024-02-14,2025-12-19,675,24276.06,15280.87,8995.19,0.370537,36,674.34,35.96
C0001486,Mid-Market,North America,referral,2023-05-01,2023-05-02,2,753.89,393.2,360.69,0.478438,2,376.94,376.94
C0001490,Enterprise,APAC,referral,2024-11-30,2025-03-23,114,29140.22,20953.46,8186.76,0.280944,15,1942.68,255.62
C0001504,Enterprise,LATAM,referral,2024-10-04,2025-12-31,454,68257.07,49901.31,18355.76,0.268921,40,1706.43,150.35
C0001507,Mid-Market,North America,referral,2025-07-15,2025-12-16,155,5718.03,3636.18,2081.85,0.364085,11,519.82,36.89
C0001511,SMB,EMEA,referral,2023-09-13,2024-09-08,362,2991.67,1900.25,1091.42,0.36482,12,249.31,8.26
C0001518,Startup,LATAM,referral,2025-12-20,2025-12-20,1,3640.85,2919.53,721.32,0.198119,1,3640.85,3640.85
C0001519,Enterprise,APAC,referral,2023-10-25,2024-06-25,245,12536.06,8522.03,4014.03,0.320199,9,1392.9,51.17
C0001524,SMB,EMEA,referral,2025-07-14,2025-12-31,171,1409.24,826.63,582.61,0.413421,8,176.16,8.24
C0001528,Mid-Market,EMEA,referral,2024-11-30,2024-11-30,1,990.43,610.35,380.08,0.383753,2,495.22,990.43
C0001530,Mid-Market,North America,referral,2024-04-07,2025-12-29,632,9314.7,5933.68,3381.02,0.362977,22,423.4,14.74
C0001539,Startup,North America,referral,2025-08-28,2025-11-10,75,235.54,147.38,88.16,0.374289,3,78.51,3.14
C0001547,SMB,APAC,referral,2024-02-29,2025-12-09,650,7399.48,4832.71,2566.77,0.346885,15,493.3,11.38
C0001549,SMB,EMEA,referral,2024-06-10,2025-01-14,219,1102.5,591.77,510.73,0.463247,7,157.5,5.03
C0001550,Startup,APAC,referral,2024-05-13,2024-08-04,84,610.41,320.6,289.81,0.474779,4,152.6,7.27
C0001562,Mid-Market,EMEA,referral,2025-03-25,2025-11-23,244,6755.29,4381.13,2374.16,0.351452,14,482.52,27.69
C0001565,Startup,EMEA,referral,2025-08-08,2025-10-16,70,336.04,176.49,159.55,0.474795,3,112.01,4.8
C0001571,Enterprise,EMEA,referral,2024-09-14,2024-10-29,46,5877.62,3812.26,2065.36,0.351394,8,734.7,127.77
C0001572,Mid-Market,North America,referral,2025-05-04,2025-11-16,197,3863.69,2437.77,1425.92,0.369057,3,1287.9,19.61
C0001583,Startup,North America,referral,2024-08-31,2025-12-13,470,1291.69,710.13,581.56,0.450232,9,143.52,2.75
C0001587,Startup,LATAM,referral,2024-08-17,2025-06-21,309,367.58,212.31,155.27,0.422411,5,73.52,1.19
C0001590,SMB,APAC,referral,2023-11-24,2025-11-07,715,7254.7,4791.84,2462.86,0.339485,26,279.03,10.15
C0001593,SMB,LATAM,referral,,,0,0.0,0.0,0.0,0.0,0,0.0,0.0
C0001615,SMB,APAC,referral,2025-09-19,2025-12-13,86,540.19,287.57,252.62,0.46765,5,108.04,6.28
C0001621,Mid-Market,APAC,referral,2024-01-16,2025-03-09,419,22184.76,15010.02,7174.74,0.323409,33,672.27,52.95
C0001624,Startup,North America,referral,2023-06-17,2024-12-24,557,4525.09,2481.04,2044.05,0.451715,17,266.18,8.12
C0001625,Startup,EMEA,referral,2024-08-28,2025-04-29,245,1212.38,769.01,443.37,0.365702,8,151.55,4.95
C0001630,Mid-Market,EMEA,referral,2025-01-15,2025-04-26,102,3876.88,2458.65,1418.23,0.365817,7,553.84,38.01
C0001634,Startup,LATAM,referral,2025-06-12,2025-12-09,181,2254.39,1395.09,859.3,0.381167,7,322.06,12.46
C0001635,Mid-Market,LATAM,referral,,,0,0.0,0.0,0.0,0.0,0,0.0,0.0
C0001639,SMB,North America,referral,2024-05-01,2025-07-06,432,3416.35,1922.29,1494.06,0.437326,13,262.8,7.91
C0001645,Startup,North America,referral,2024-01-22,2025-07-11,537,2073.66,1155.96,917.7,0.442551,14,148.12,3.86
C0001647,Mid-Market,EMEA,referral,2024-04-26,2025-07-02,433,22402.39,14543.03,7859.36,0.350827,30,746.75,51.74
C0001666,SMB,EMEA,referral,2025-09-20,2025-11-14,56,1686.7,895.53,791.17,0.469064,6,281.12,30.12
C0001676,Startup,APAC,referral,2025-11-30,2025-11-30,1,83.49,37.87,45.62,0.546413,1,83.49,83.49
C0001677,Mid-Market,APAC,referral,2025-06-16,2025-11-03,141,10499.54,6523.64,3975.9,0.378674,10,1049.95,74.46
C0001681,Startup,APAC,referral,2025-06-29,2025-08-22,55,449.19,244.75,204.44,0.45513,4,112.3,8.17
C0001686,Startup,North America,referral,2024-05-19,2025-10-08,508,3064.94,1788.68,1276.26,0.416406,14,218.92,6.03
C0001689,Startup,North America,referral,2025-03-06,2025-10-18,227,617.98,325.6,292.38,0.473122,5,123.6,2.72
C0001692,Enterprise,North America,referral,2025-11-06,2025-12-28,53,23175.31,15601.2,7574.11,0.326818,7,3310.76,437.27
C0001698,Startup,APAC,referral,2025-10-24,2025-11-27,35,358.84,261.48,97.36,0.271319,2,179.42,10.25
C0001706,Mid-Market,LATAM,referral,2025-12-23,2025-12-28,6,445.3,246.04,199.26,0.447474,2,222.65,74.22
C0001708,Mid-Market,EMEA,referral,2024-11-18,2025-05-14,178,7353.15,4595.47,2757.68,0.375034,10,735.32,41.31
C0001709,SMB,North America,referral,2025-10-15,2025-12-17,64,2123.16,1294.0,829.16,0.390531,7,303.31,33.17
C0001713,Mid-Market,EMEA,referral,2025-12-19,2025-12-27,9,3194.49,2140.42,1054.07,0.329965,3,1064.83,354.94
C0001715,Startup,LATAM,referral,2024-06-06,2024-06-06,1,233.24,158.63,74.61,0.319885,1,233.24,233.24
C0001717,Mid-Market,North America,referral,2024-06-30,2025-05-23,328,19074.37,13173.89,5900.48,0.309341,21,908.3,58.15
C0001720,SMB,EMEA,referral,2025-08-31,2025-10-24,55,316.97,210.25,106.72,0.336688,4,79.24,5.76
C0001728,SMB,North America,referral,2025-09-30,2025-12-05,67,2926.73,1795.08,1131.65,0.38666,6,487.79,43.68
C0001731,Mid-Market,North America,referral,2025-12-21,2025-12-29,9,2089.22,1250.62,838.6,0.401394,4,522.31,232.14
C0001746,Mid-Market,North America,referral,2025-04-23,2025-05-02,10,3294.5,2380.74,913.76,0.277359,3,1098.17,329.45
C0001747,Mid-Market,APAC,referral,2025-08-06,2025-11-25,112,4854.32,3238.36,1615.96,0.332891,8,606.79,43.34
C0001755,SMB,LATAM,referral,2024-06-29,2025-10-08,467,5023.34,3078.93,1944.41,0.387075,21,239.21,10.76
C0001758,SMB,North America,referral,,,0,0.0,0.0,0.0,0.0,0,0.0,0.0
C0001765,SMB,North America,referral,2023-09-24,2024-05-13,233,2930.21,1608.01,1322.2,0.45123,8,366.28,12.58
C0001774,Mid-Market,EMEA,referral,2025-12-13,2025-12-25,13,1600.48,1218.07,382.41,0.238935,3,533.49,123.11
C0001780,Startup,LATAM,referral,2024-11-27,2025-12-31,400,3198.04,1878.79,1319.25,0.412518,12,266.5,8.0
C0001782,Mid-Market,North America,referral,2025-09-01,2025-10-13,43,1576.27,936.6,639.67,0.405812,4,394.07,36.66
C0001793,Enterprise,EMEA,referral,,,0,0.0,0.0,0.0,0.0,0,0.0,0.0
C0001796,Startup,North America,referral,2024-05-31,2025-03-07,281,1038.27,596.51,441.76,0.425477,10,103.83,3.69
C0001803,Mid-Market,North America,referral,2023-10-13,2025-12-10,790,23490.3,14321.29,9169.01,0.390332,33,711.83,29.73
C0001805,Startup,North America,referral,2025-05-14,2025-11-30,201,729.66,419.91,309.75,0.424513,3,243.22,3.63
C0001806,Mid-Market,APAC,referral,2025-05-18,2025-05-29,12,504.4,296.47,207.93,0.412232,3,168.13,42.03
C0001812,Enterprise,North America,referral,2024-10-20,2025-06-22,246,71607.59,50966.18,20641.41,0.288257,24,2983.65,291.09
C0001826,SMB,EMEA,referral,2023-06-13,2025-12-08,910,4994.48,3238.95,1755.53,0.351494,21,237.83,5.49
C0001828,Startup,APAC,referral,2024-12-11,2025-07-16,218,1572.22,969.62,602.6,0.38328,10,157.22,7.21
C0001829,SMB,EMEA,referral,2025-11-19,2025-11-19,1,125.2,77.15,48.05,0.383786,1,125.2,125.2
C0001842,Enterprise,EMEA,referral,2025-02-21,2025-11-18,271,33653.62,22764.09,10889.53,0.323577,19,1771.24,124.18
C0001850,Mid-Market,EMEA,referral,2025-08-04,2025-12-12,131,2719.49,1629.85,1089.64,0.400678,4,679.87,20.76
C0001853,SMB,North America,referral,2024-12-25,2025-12-08,349,16710.24,9352.71,7357.53,0.440301,22,759.56,47.88
C0001857,Mid-Market,EMEA,referral,2024-04-01,2024-11-15,229,17552.31,10309.74,7242.57,0.412628,22,797.83,76.65
C0001860,SMB,EMEA,referral,2024-04-09,2025-07-15,463,1850.61,1033.95,816.66,0.441292,8,231.33,4.0
C0001865,Mid-Market,APAC,referral,2025-05-09,2025-12-30,236,3921.25,2405.72,1515.53,0.386492,9,435.69,16.62
C0001876,Mid-Market,EMEA,referral,2025-11-25,2025-12-26,32,1507.99,827.13,680.86,0.451502,4,377.0,47.12
C0001878,Mid-Market,EMEA,referral,2024-07-09,2025-12-13,523,14540.5,8682.39,5858.11,0.402882,29,501.4,27.8
C0001887,SMB,EMEA,referral,2023-09-09,2025-02-28,539,6951.47,4174.39,2777.08,0.399495,30,231.72,12.9
C0001912,SMB,North America,referral,2024-02-08,2024-04-02,55,313.27,183.09,130.18,0.415552,2,156.64,5.7
C0001913,SMB,North America,referral,2025-10-29,2025-12-28,61,3498.06,2593.21,904.85,0.258672,8,437.26,57.35
C0001914,Mid-Market,North America,referral,2025-02-04,2025-12-05,305,11234.21,6689.06,4545.15,0.404581,7,1604.89,36.83
C0001918,Enterprise,North America,referral,2025-07-07,2025-09-03,59,8366.02,6943.17,1422.85,0.170075,3,2788.67,141.8
C0001921,Startup,North America,referral,2025-01-24,2025-01-24,1,268.27,188.46,79.81,0.297499,1,268.27,268.27
C0001922,Mid-Market,EMEA,referral,2024-05-15,2024-05-25,11,1086.16,489.7,596.46,0.549146,2,543.08,98.74
C0001927,Mid-Market,EMEA,referral,2024-07-05,2025-12-29,543,10334.17,5670.39,4663.78,0.451297,20,516.71,19.03
C0001934,Startup,EMEA,referral,2025-08-25,2025-08-25,1,183.76,100.49,83.27,0.453145,1,183.76,183.76
C0001938,Startup,LATAM,referral,2025-06-03,2025-06-21,19,571.28,298.88,272.4,0.476824,3,190.43,30.07
C0001941,Enterprise,EMEA,referral,2024-02-14,2025-08-30,564,176823.72,125530.97,51292.75,0.290078,42,4210.09,313.52
C0001958,Startup,EMEA,referral,2023-05-29,2024-10-02,493,1893.29,1056.98,836.31,0.441723,15,126.22,3.84
C0001959,Startup,North America,referral,2025-10-12,2025-12-09,59,105.11,54.87,50.24,0.477975,2,52.56,1.78
C0001965,SMB,LATAM,referral,2025-07-08,2025-12-08,154,2570.3,1851.89,718.41,0.279504,6,428.38,16.69
C0001967,Mid-Market,North America,referral,2025-07-05,2025-12-30,179,2932.48,1568.12,1364.36,0.465258,7,418.93,16.38
C0001969,Mid-Market,APAC,referral,2024-11-23,2024-12-17,25,361.34,176.7,184.64,0.510987,2,180.67,14.45
C0001971,Enterprise,LATAM,referral,2024-05-19,2024-05-26,8,2737.12,2142.21,594.91,0.217349,3,912.37,342.14
C0001975,Startup,North America,referral,2023-11-28,2024-11-16,355,2970.62,1563.4,1407.22,0.473713,13,228.51,8.37
C0001979,Mid-Market,North America,referral,2025-06-19,2025-09-17,91,4472.84,3089.76,1383.08,0.309217,6,745.47,49.15
C0001980,SMB,North America,referral,2024-02-29,2025-02-28,366,3173.43,2014.05,1159.38,0.36534,10,317.34,8.67
C0001991,SMB,EMEA,referral,2023-10-27,2025-12-29,795,7631.58,4618.42,3013.16,0.394828,26,293.52,9.6
C0001993,Mid-Market,EMEA,referral,2024-06-18,2025-12-26,557,51001.4,33570.93,17430.47,0.341765,41,1243.94,91.56
C0001999,Mid-Market,EMEA,referral,2025-09-30,2025-10-26,27,1424.35,860.0,564.35,0.396216,3,474.78,52.75
C0002008,SMB,APAC,referral,2023-09-26,2025-12-13,810,6496.07,4451.85,2044.22,0.314686,22,295.28,8.02
C0002011,SMB,LATAM,referral,2023-04-04,2025-12-26,998,39623.4,27946.48,11676.92,0.294698,41,966.42,39.7
C0002016,SMB,EMEA,referral,2025-01-23,2025-11-30,312,8231.0,4742.39,3488.61,0.423838,16,514.44,26.38
C0002017,SMB,EMEA,referral,2024-04-19,2024-10-17,182,886.91,411.24,475.67,0.536323,3,295.64,4.87
C0002029,Mid-Market,EMEA,referral,2025-01-25,2025-02-04,11,1076.27,535.67,540.6,0.50229,2,538.14,97.84
C0002034,SMB,EMEA,referral,2024-10-01,2024-11-07,38,1168.11,906.31,261.8,0.224123,5,233.62,30.74
C0002037,SMB,APAC,referral,2025-11-25,2025-12-21,27,830.38,458.54,371.84,0.447795,3,276.79,30.75
C0002039,Startup,North America,referral,2025-05-06,2025-12-26,235,1818.5,1019.36,799.14,0.43945,7,259.79,7.74
C0002045,SMB,North America,referral,2025-12-28,2025-12-28,1,146.1,97.78,48.32,0.330732,1,146.1,146.1
C0002062,Startup,North America,referral,2024-04-02,2025-12-10,618,1387.22,768.95,618.27,0.44569,15,92.48,2.24
C0002078,Mid-Market,LATAM,referral,2023-12-26,2024-12-04,345,12025.27,7260.21,4765.06,0.396254,21,572.63,34.86
C0002081,Mid-Market,EMEA,referral,2024-08-28,2025-12-11,471,21164.47,12975.9,8188.57,0.386902,31,682.72,44.94
C0002088,Startup,North America,referral,2024-06-29,2025-11-19,509,4313.54,2552.19,1761.35,0.408331,19,227.03,8.47
C0002090,SMB,APAC,referral,,,0,0.0,0.0,0.0,0.0,0,0.0,0.0
C0002091,Mid-Market,APAC,referral,2024-07-16,2025-06-22,342,11969.99,7813.89,4156.1,0.34721,17,704.12,35.0
C0002104,Enterprise,EMEA,referral,2025-11-24,2025-12-17,24,13299.21,9451.6,3847.61,0.289311,5,2659.84,554.13
C0002112,SMB,EMEA,referral,2025-01-25,2025-10-10,259,1514.04,899.65,614.39,0.405795,6,252.34,5.85
C0002115,Mid-Market,APAC,referral,2023-02-02,2025-06-15,865,28542.56,18748.28,9794.28,0.343147,47,607.29,33.0
C0002116,SMB,APAC,referral,2025-11-20,2025-11-29,10,333.5,178.94,154.56,0.463448,2,166.75,33.35
C0002122,SMB,APAC,referral,2023-03-09,2025-03-28,751,8334.38,4994.16,3340.22,0.400776,28,297.66,11.1
C0002166,Mid-Market,North America,referral,2024-03-31,2025-12-31,641,21675.23,13033.25,8641.98,0.398703,32,677.35,33.81
C0002175,SMB,APAC,referral,2024-07-28,2025-12-06,497,7771.95,5121.89,2650.06,0.340977,23,337.91,15.64
C0002176,Enterprise,North America,referral,2025-02-16,2025-09-26,223,24114.97,17410.67,6704.3,0.278014,17,1418.53,108.14
C0002180,Mid-Market,EMEA,referral,2025-12-15,2025-12-31,17,859.9,585.24,274.66,0.319409,2,429.95,50.58
C0002183,Mid-Market,North America,referral,2025-09-10,2025-11-28,80,5579.66,3391.78,2187.88,0.392117,11,507.24,69.75
C0002188,SMB,North America,referral,2025-03-27,2025-12-12,261,2115.02,1310.57,804.45,0.380351,6,352.5,8.1
C0002194,SMB,LATAM,referral,2023-05-10,2023-08-14,97,953.6,480.66,472.94,0.495952,6,158.93,9.83
C0002195,SMB,APAC,referral,2025-03-19,2025-08-29,164,480.85,256.05,224.8,0.467505,4,120.21,2.93
C0002196,Mid-Market,APAC,referral,2025-08-22,2025-11-26,97,3152.66,1873.68,1278.98,0.405683,6,525.44,32.5
C0002207,Enterprise,APAC,referral,2025-06-22,2025-10-24,125,25486.52,18682.25,6804.27,0.266975,10,2548.65,203.89
C0002208,SMB,North America,referral,2024-10-28,2025-12-28,427,5909.39,3438.73,2470.66,0.418091,15,393.96,13.84
C0002211,Enterprise,North America,referral,2025-12-31,2025-12-31,1,1143.27,614.79,528.48,0.462253,1,1143.27,1143.27
C0002219,Mid-Market,APAC,referral,2025-12-17,2025-12-17,1,1380.3,957.27,423.03,0.306477,1,1380.3,1380.3
C0002222,Mid-Market,APAC,referral,2024-12-22,2025-04-16,116,2113.28,1071.13,1042.15,0.493143,5,422.66,18.22
C0002224,Mid-Market,APAC,referral,2024-01-13,2025-04-03,447,10530.17,5915.43,4614.74,0.43824,19,554.22,23.56
C0002236,Mid-Market,North America,referral,2025-10-27,2025-12-06,41,2059.06,1240.09,818.97,0.39774,3,686.35,50.22
C0002243,Startup,North America,referral,2024-09-20,2024-09-20,1,50.06,26.47,23.59,0.471235,1,50.06,50.06
C0002244,Mid-Market,North America,referral,2024-03-22,2024-07-26,127,5251.46,3304.15,1947.31,0.370813,7,750.21,41.35
C0002248,SMB,North America,referral,2025-04-16,2025-11-04,203,1450.07,1140.06,310.01,0.21379,5,290.01,7.14
C0002250,SMB,North America,referral,2024-07-09,2025-12-20,530,6903.37,4041.92,2861.45,0.4145,21,328.73,13.03
C0002259,Startup,APAC,referral,2023-04-27,2024-04-15,355,735.26,380.76,354.5,0.482142,8,91.91,2.07
C0002261,Mid-Market,North America,referral,2025-05-26,2025-12-27,216,7274.41,4977.98,2296.43,0.315686,12,606.2,33.68
C0002263,SMB,APAC,referral,2024-12-06,2025-07-02,209,708.29,409.08,299.21,0.42244,4,177.07,3.39
C0002267,Startup,North America,referral,2025-09-10,2025-09-10,1,171.6,93.45,78.15,0.45542,1,171.6,171.6
C0002282,SMB,North America,referral,2024-01-08,2024-01-10,3,4163.69,3263.41,900.28,0.216222,2,2081.85,1387.9
C0002283,Mid-Market,North America,referral,2024-06-18,2024-12-06,172,14841.15,10005.93,4835.22,0.325798,14,1060.08,86.29
C0002294,Startup,North America,referral,2024-08-22,2025-12-24,490,2032.55,1129.27,903.28,0.444407,14,145.18,4.15
C0002295,Startup,APAC,referral,2024-05-02,2024-05-03,2,148.33,72.91,75.42,0.508461,2,74.16,74.16
C0002300,Startup,APAC,referral,2025-06-21,2025-12-20,183,596.66,311.55,285.11,0.477843,6,99.44,3.26
C0002301,Enterprise,North America,referral,2025-11-29,2025-12-20,22,9629.57,4971.09,4658.48,0.483768,7,1375.65,437.71
C0002306,SMB,APAC,referral,2024-08-10,2025-12-31,509,3331.13,2110.27,1220.86,0.3665,16,208.2,6.54
C0002312,SMB,North America,referral,2023-06-26,2025-12-01,890,11065.58,6219.82,4845.76,0.437913,35,316.16,12.43
C0002313,SMB,EMEA,referral,2024-08-26,2025-09-14,385,2686.3,1742.91,943.39,0.351186,8,335.79,6.98
C0002323,Mid-Market,North America,referral,2024-11-02,2025-02-05,96,2706.8,1682.89,1023.91,0.378273,9,300.76,28.2
C0002331,Startup,EMEA,referral,2025-02-28,2025-11-02,248,2203.45,1477.04,726.41,0.329669,6,367.24,8.88
C0002339,SMB,North America,referral,2025-02-18,2025-11-17,273,2732.49,1670.43,1062.06,0.388678,12,227.71,10.01
C0002341,SMB,North America,referral,2023-12-03,2024-10-14,317,358.18,215.63,142.55,0.397984,2,179.09,1.13
C0002346,Enterprise,LATAM,referral,2023-09-06,2025-08-06,701,71225.89,50495.62,20730.27,0.29105,39,1826.3,101.61
C0002357,Startup,APAC,referral,2024-12-17,2025-11-09,328,3537.62,2030.13,1507.49,0.426131,19,186.19,10.79
C0002365,SMB,LATAM,referral,2025-05-12,2025-11-25,198,4188.48,2435.88,1752.6,0.418433,7,598.35,21.15
C0002369,Enterprise,EMEA,referral,2024-07-21,2024-10-01,73,7345.33,4556.7,2788.63,0.379647,8,918.17,100.62
C0002379,SMB,APAC,referral,2023-09-29,2025-10-11,744,8713.52,5467.33,3246.19,0.372546,32,272.3,11.71
C0002381,Mid-Market,EMEA,referral,2025-09-24,2025-12-27,95,3190.43,2112.91,1077.52,0.337735,7,455.78,33.58
C0002384,Mid-Market,North America,referral,2023-01-24,2024-06-06,500,14754.19,9194.63,5559.56,0.376812,27,546.45,29.51
C0002402,SMB,North America,referral,2025-10-07,2025-12-30,85,1381.19,734.35,646.84,0.468321,3,460.4,16.25
C0002405,SMB,APAC,referral,2025-08-14,2025-09-08,26,659.58,358.86,300.72,0.455926,3,219.86,25.37
C0002409,Mid-Market,EMEA,referral,2024-07-02,2025-12-26,543,12161.05,7332.78,4828.27,0.397027,26,467.73,22.4
C0002414,Enterprise,North America,referral,2025-01-26,2025-01-27,2,1359.69,1066.78,292.91,0.215424,2,679.84,679.84
C0002418,Enterprise,APAC,referral,2025-01-16,2025-12-13,332,41339.83,27610.55,13729.28,0.332108,34,1215.88,124.52
C0002423,Mid-Market,EMEA,referral,2025-07-24,2025-11-19,119,4123.55,2444.95,1678.6,0.407076,8,515.44,34.65
C0002435,SMB,EMEA,referral,2025-05-25,2025-12-09,199,3118.35,1623.93,1494.42,0.479234,13,239.87,15.67
C0002436,SMB,APAC,referral,2025-12-07,2025-12-30,24,936.93,633.29,303.64,0.32408,4,234.23,39.04
C0002450,SMB,LATAM,referral,2025-03-12,2025-03-12,1,1057.35,626.73,430.62,0.407263,1,1057.35,1057.35
C0002461,Mid-Market,APAC,referral,2025-12-09,2025-12-09,1,622.48,365.78,256.7,0.412383,1,622.48,622.48
C0002463,Mid-Market,LATAM,referral,2023-06-20,2023-09-11,84,8971.49,6384.7,2586.79,0.288334,7,1281.64,106.8
C0002481,SMB,North America,referral,2024-12-29,2025-07-13,197,1569.2,1041.34,527.86,0.336388,9,174.36,7.97
C0002482,SMB,APAC,referral,2024-02-22,2024-06-13,113,684.1,397.58,286.52,0.418828,5,136.82,6.05
C0002486,Enterprise,LATAM,referral,2024-08-18,2025-03-08,203,54466.89,38273.76,16193.13,0.297302,25,2178.68,268.31
C0002499,Startup,North America,referral,2025-09-22,2025-11-28,68,469.29,264.24,205.05,0.436937,7,67.04,6.9
C0002501,Enterprise,LATAM,referral,2023-07-05,2024-05-01,302,54251.71,39814.25,14437.46,0.26612,24,2260.49,179.64
C0002502,Startup,EMEA,referral,2025-07-12,2025-07-13,2,340.06,183.42,156.64,0.460625,2,170.03,170.03
C0002504,Enterprise,EMEA,referral,2025-09-08,2025-12-26,110,21780.41,15617.36,6163.05,0.282963,12,1815.03,198.0
C0002507,Startup,EMEA,referral,2025-12-05,2025-12-23,19,117.43,59.03,58.4,0.497318,3,39.14,6.18
C0002513,Mid-Market,North America,referral,2023-09-28,2024-05-20,236,23161.12,15521.7,7639.42,0.329838,17,1362.42,98.14
C0002520,Mid-Market,APAC,referral,2024-01-27,2025-03-01,400,23895.71,15967.66,7928.05,0.331777,27,885.03,59.74
C0002530,Enterprise,EMEA,referral,2025-04-07,2025-10-28,205,40245.19,27641.48,12603.71,0.313173,16,2515.32,196.32
C0002531,SMB,APAC,referral,2025-03-29,2025-08-31,156,764.3,456.11,308.19,0.403232,4,191.08,4.9
C0002537,SMB,LATAM,referral,2025-08-18,2025-12-26,131,1665.15,879.87,785.28,0.471597,4,416.29,12.71
C0002547,SMB,EMEA,referral,2025-12-16,2025-12-17,2,244.04,162.37,81.67,0.334658,2,122.02,122.02
C0002550,Enterprise,EMEA,referral,2024-04-28,2024-08-08,103,23216.03,14695.39,8520.64,0.367015,14,1658.29,225.4
C0002553,SMB,North America,referral,2025-05-06,2025-11-19,198,2918.25,1616.8,1301.45,0.445969,8,364.78,14.74
C0002560,SMB,APAC,referral,2023-04-03,2025-11-12,955,17784.61,12282.12,5502.49,0.309396,23,773.24,18.62
C0002562,Mid-Market,EMEA,referral,2025-07-10,2025-12-27,171,13797.59,10411.4,3386.19,0.245419,7,1971.08,80.69
C0002570,Enterprise,EMEA,referral,,,0,0.0,0.0,0.0,0.0,0,0.0,0.0
C0002580,SMB,EMEA,referral,2025-11-22,2025-11-22,1,245.51,138.35,107.16,0.436479,1,245.51,245.51
C0002581,Startup,North America,referral,2023-04-26,2025-12-14,964,5005.24,2702.84,2302.4,0.459998,31,161.46,5.19
C0002607,SMB,North America,referral,2025-03-29,2025-12-06,253,3770.59,2434.98,1335.61,0.354218,12,314.22,14.9
C0002612,Mid-Market,North America,referral,2025-08-29,2025-12-27,121,10150.3,5735.54,4414.76,0.434939,12,845.86,83.89
C0002623,Mid-Market,LATAM,referral,2024-02-10,2024-11-30,295,9302.4,6519.34,2783.06,0.299177,11,845.67,31.53
C0002632,SMB,EMEA,referral,,,0,0.0,0.0,0.0,0.0,0,0.0,0.0
C0002635,SMB,EMEA,referral,2025-02-14,2025-10-29,258,8000.55,6032.41,1968.14,0.246001,8,1000.07,31.01
C0002636,Mid-Market,EMEA,referral,2024-12-20,2025-03-16,87,1945.68,996.27,949.41,0.487958,3,648.56,22.36
C0002644,SMB,EMEA,referral,2025-09-28,2025-10-23,26,163.43,91.63,71.8,0.439332,2,81.72,6.29
C0002645,Mid-Market,EMEA,referral,2024-05-06,2025-12-14,588,46106.25,29017.29,17088.96,0.370643,27,1707.64,78.41
C0002647,Mid-Market,EMEA,referral,2025-06-29,2025-11-18,143,8006.07,4415.56,3590.51,0.448473,12,667.17,55.99
C0002652,SMB,APAC,referral,2024-09-25,2025-12-12,444,3203.87,2163.05,1040.82,0.324863,12,266.99,7.22
C0002653,Enterprise,APAC,referral,2025-09-23,2025-12-29,98,12904.11,8496.79,4407.32,0.341544,8,1613.01,131.67
C0002654,Mid-Market,North America,referral,2025-06-29,2025-12-03,158,2951.68,1470.04,1481.64,0.501965,7,421.67,18.68
C0002656,SMB,LATAM,referral,2025-11-21,2025-11-21,1,639.74,368.27,271.47,0.424344,1,639.74,639.74
C0002658,SMB,EMEA,referral,2025-02-23,2025-11-25,276,2369.31,1280.89,1088.42,0.459383,10,236.93,8.58
C0002666,Mid-Market,LATAM,referral,2025-08-16,2025-12-03,110,9235.34,5205.8,4029.54,0.436317,18,513.07,83.96
C0002672,Startup,EMEA,referral,2024-10-29,2025-12-23,421,2397.78,1404.93,992.85,0.414071,10,239.78,5.7
C0002679,SMB,LATAM,referral,2025-10-13,2025-10-15,3,206.39,97.72,108.67,0.526527,2,103.2,68.8
C0002689,Mid-Market,EMEA,referral,2024-03-16,2024-03-21,6,542.88,300.15,242.73,0.447115,3,180.96,90.48
C0002690,SMB,LATAM,referral,2025-01-06,2025-11-15,314,2381.55,1303.47,1078.08,0.45268,11,216.5,7.58
C0002698,SMB,LATAM,referral,2023-07-08,2023-08-29,53,2949.66,2131.78,817.88,0.277279,6,491.61,55.65
C0002704,SMB,EMEA,referral,2025-08-18,2025-10-10,54,1224.85,691.53,533.32,0.435417,5,244.97,22.68
C0002707,Mid-Market,APAC,referral,2025-12-11,2025-12-23,13,2021.96,1695.57,326.39,0.161423,2,1010.98,155.54
C0002710,Mid-Market,APAC,referral,2025-04-24,2025-07-31,99,8330.78,5315.35,3015.43,0.361963,12,694.23,84.15
C0002711,Mid-Market,EMEA,referral,,,0,0.0,0.0,0.0,0.0,0,0.0,0.0
C0002719,Enterprise,North America,referral,2023-03-08,2024-04-29,419,69297.3,50090.83,19206.47,0.27716,24,2887.39,165.39
C0002722,SMB,APAC,referral,2025-08-20,2025-12-24,127,1492.61,880.22,612.39,0.410281,8,186.58,11.75
C0002723,SMB,North America,referral,2024-07-06,2024-11-17,135,2147.1,1163.65,983.45,0.458036,8,268.39,15.9
C0002741,SMB,EMEA,referral,2023-06-28,2025-02-10,594,4757.99,3005.93,1752.06,0.368235,26,183.0,8.01
C0002753,Startup,EMEA,referral,2025-10-05,2025-11-03,30,159.69,122.95,36.74,0.230071,2,79.84,5.32
C0002754,Mid-Market,APAC,referral,2023-06-15,2023-07-07,23,685.38,435.21,250.17,0.365009,2,342.69,29.8
C0002760,Startup,APAC,referral,2025-01-26,2025-12-30,339,1142.84,619.22,523.62,0.458174,8,142.85,3.37
C0002767,Mid-Market,EMEA,referral,2024-10-24,2025-11-26,399,11034.91,7362.63,3672.28,0.332787,22,501.59,27.66
C0002772,SMB,North America,referral,,,0,0.0,0.0,0.0,0.0,0,0.0,0.0
C0002774,Enterprise,EMEA,referral,2023-04-13,2025-08-26,867,109588.03,75934.2,33653.83,0.307094,63,1739.49,126.4
C0002782,SMB,North America,referral,2023-07-25,2025-08-27,765,10444.44,7096.09,3348.35,0.320587,23,454.11,13.65
C0002783,Enterprise,APAC,referral,2025-06-06,2025-12-28,206,39558.29,27967.93,11590.36,0.292994,21,1883.73,192.03
C0002785,Mid-Market,LATAM,referral,2024-01-27,2025-12-31,705,8644.0,5096.18,3547.82,0.410437,23,375.83,12.26
C0002787,SMB,LATAM,referral,2025-08-23,2025-10-24,63,1057.07,551.27,505.8,0.478492,3,352.36,16.78
C0002792,SMB,North America,referral,2023-06-13,2024-09-18,464,4132.45,2201.48,1930.97,0.46727,17,243.09,8.91
C0002793,Mid-Market,EMEA,referral,2025-06-28,2025-12-21,177,26586.71,19342.3,7244.41,0.272482,12,2215.56,150.21
C0002797,Mid-Market,LATAM,referral,2025-04-06,2025-12-28,267,15673.71,11216.87,4456.84,0.284351,15,1044.91,58.7
C0002807,Mid-Market,North America,referral,2024-06-26,2025-12-29,552,12442.07,7579.58,4862.49,0.39081,25,497.68,22.54
C0002808,Enterprise,EMEA,referral,2025-06-18,2025-10-31,136,95457.03,78596.62,16860.41,0.176628,16,5966.06,701.89
C0002815,SMB,North America,referral,2023-02-28,2025-12-16,1023,11822.79,6936.53,4886.26,0.413292,43,274.95,11.56
C0002817,Mid-Market,LATAM,referral,2024-04-15,2025-12-30,625,28197.91,17867.27,10330.64,0.366362,28,1007.07,45.12
C0002824,SMB,LATAM,referral,,,0,0.0,0.0,0.0,0.0,0,0.0,0.0
C0002833,Startup,North America,referral,2024-11-22,2024-11-22,1,157.65,81.14,76.51,0.485316,1,157.65,157.65
C0002837,Mid-Market,EMEA,referral,2025-04-24,2025-10-01,161,5746.79,3408.78,2338.01,0.406838,8,718.35,35.69
C0002839,Enterprise,APAC,referral,2024-07-26,2024-07-27,2,13418.29,8732.36,4685.93,0.34922,4,3354.57,6709.14
C0002843,SMB,APAC,referral,2024-12-09,2025-12-17,374,6921.6,4163.93,2757.67,0.398415,16,432.6,18.51
C0002844,Mid-Market,APAC,referral,2024-06-25,2025-12-19,543,22586.3,15095.89,7490.41,0.331635,21,1075.54,41.6
C0002846,Mid-Market,LATAM,referral,2025-03-28,2025-11-05,223,15759.07,9946.89,5812.18,0.368815,21,750.43,70.67
C0002848,SMB,North America,referral,2023-06-29,2025-12-05,891,12222.78,7427.29,4795.49,0.39234,27,452.7,13.72
C0002858,Startup,EMEA,referral,2024-10-13,2025-10-05,358,4244.62,2682.92,1561.7,0.367925,12,353.72,11.86
C0002859,Startup,LATAM,referral,2025-08-19,2025-10-02,45,386.15,261.64,124.51,0.322439,2,193.08,8.58
C0002860,Startup,North America,referral,2024-11-11,2025-11-29,384,2432.69,1216.7,1215.99,0.499854,7,347.53,6.34
C0002866,SMB,LATAM,referral,2023-08-22,2023-10-20,60,4978.69,3527.16,1451.53,0.291549,6,829.78,82.98
C0002872,Startup,LATAM,referral,2024-12-06,2025-11-19,349,1166.5,629.24,537.26,0.460574,10,116.65,3.34
C0002875,SMB,APAC,referral,2023-11-06,2025-11-08,734,5094.31,3045.71,2048.6,0.402135,28,181.94,6.94
C0002880,Startup,North America,referral,2023-01-28,2025-01-09,713,3915.86,2567.8,1348.06,0.344256,21,186.47,5.49
C0002881,SMB,EMEA,referral,2024-01-05,2024-02-23,50,1759.1,1049.67,709.43,0.403291,6,293.18,35.18
C0002883,Mid-Market,North America,referral,2025-02-06,2025-12-08,306,7930.32,4672.75,3257.57,0.410774,18,440.57,25.92
C0002891,SMB,LATAM,referral,2023-11-13,2024-03-29,138,2084.0,1304.32,779.68,0.374127,8,260.5,15.1
C0002893,Startup,LATAM,referral,2025-03-30,2025-12-29,275,976.62,698.9,277.72,0.284369,8,122.08,3.55
C0002907,Mid-Market,APAC,referral,2025-12-29,2025-12-29,1,948.57,509.56,439.01,0.462812,1,948.57,948.57
C0002910,Mid-Market,EMEA,referral,2025-02-28,2025-12-28,304,5153.6,3067.22,2086.38,0.404839,9,572.62,16.95
C0002932,Mid-Market,North America,referral,2024-04-10,2025-10-30,569,15951.7,9182.76,6768.94,0.42434,28,569.7,28.03
C0002934,Enterprise,LATAM,referral,2025-10-13,2025-11-26,45,57349.72,42648.67,14701.05,0.25634,8,7168.72,1274.44
C0002936,Mid-Market,LATAM,referral,2024-11-29,2025-08-28,273,12293.53,8343.75,3949.78,0.321289,18,682.97,45.03
C0002941,Mid-Market,North America,referral,,,0,0.0,0.0,0.0,0.0,0,0.0,0.0
C0002946,SMB,LATAM,referral,2024-09-28,2025-12-09,438,2164.31,1379.54,784.77,0.362596,11,196.76,4.94
C0002949,Startup,North America,referral,,,0,0.0,0.0,0.0,0.0,0,0.0,0.0
C0002961,SMB,North America,referral,2025-10-03,2025-10-03,1,118.94,69.76,49.18,0.413486,1,118.94,118.94
C0002969,SMB,North America,referral,2025-02-26,2025-12-26,304,5136.72,3012.46,2124.26,0.413544,15,342.45,16.9
C0002981,Enterprise,EMEA,referral,2025-03-28,2025-11-23,241,46803.6,34036.35,12767.25,0.272784,19,2463.35,194.21
C0003000,SMB,North America,referral,2023-09-01,2023-09-03,3,526.09,262.27,263.82,0.501473,3,175.36,175.36
C0003001,SMB,North America,referral,2025-10-05,2025-12-11,68,7893.81,4033.5,3860.31,0.48903,4,1973.45,116.09
C0003019,SMB,EMEA,referral,2024-06-04,2025-12-27,572,6528.3,3663.52,2864.78,0.438825,21,310.87,11.41
C0003025,SMB,North America,referral,2024-07-18,2025-06-28,346,1003.16,600.65,402.51,0.401242,6,167.19,2.9
C0003026,SMB,APAC,referral,2023-11-01,2025-07-09,617,4902.51,3216.57,1685.94,0.343893,18,272.36,7.95
C0003030,Mid-Market,APAC,referral,2024-08-27,2025-11-13,444,21757.18,14424.44,7332.74,0.337026,27,805.82,49.0
C0003032,Mid-Market,LATAM,referral,2023-05-09,2023-08-20,104,4175.54,2395.19,1780.35,0.426376,9,463.95,40.15
C0003037,SMB,North America,referral,,,0,0.0,0.0,0.0,0.0,0,0.0,0.0
C0003038,Mid-Market,EMEA,referral,2023-01-18,2023-01-31,14,2391.5,1680.64,710.86,0.297244,5,478.3,170.82
C0003040,SMB,LATAM,referral,2025-04-14,2025-12-06,237,2917.83,1352.47,1565.36,0.536481,9,324.2,12.31
C0003047,SMB,North America,referral,2024-11-17,2025-12-21,400,4373.78,2604.27,1769.51,0.404572,18,242.99,10.93
C0003049,Startup,North America,referral,2025-12-06,2025-12-12,7,154.67,81.71,72.96,0.471714,2,77.34,22.1
C0003051,SMB,EMEA,referral,2025-10-15,2025-11-09,26,1258.08,648.66,609.42,0.484405,4,314.52,48.39
C0003056,SMB,North America,referral,2024-12-24,2025-11-23,335,3294.84,2309.35,985.49,0.299101,14,235.35,9.84
C0003060,Startup,North America,referral,2024-05-04,2024-10-05,155,1174.13,685.84,488.29,0.415874,6,195.69,7.58
C0003070,Mid-Market,North America,referral,2024-10-30,2025-08-08,283,6918.04,4792.82,2125.22,0.3072,8,864.76,24.45
C0003075,Startup,EMEA,referral,2025-11-10,2025-12-19,40,703.38,506.14,197.24,0.280417,2,351.69,17.58
C0003087,SMB,North America,referral,,,0,0.0,0.0,0.0,0.0,0,0.0,0.0
C0003090,SMB,EMEA,referral,2025-12-29,2025-12-29,1,180.6,114.97,65.63,0.3634,1,180.6,180.6
C0003091,Enterprise,EMEA,referral,2025-11-03,2025-12-31,59,15847.42,11254.69,4592.73,0.289809,7,2263.92,268.6
C0003095,SMB,EMEA,referral,2024-11-21,2025-12-28,403,5071.84,3439.66,1632.18,0.321812,14,362.27,12.59
C0003100,Mid-Market,LATAM,referral,2024-01-20,2025-12-17,698,17399.77,11078.01,6321.76,0.363324,27,644.44,24.93
C0003104,Startup,APAC,referral,2025-07-10,2025-11-26,140,145.14,70.02,75.12,0.517569,3,48.38,1.04
C0003105,Mid-Market,APAC,referral,2025-04-25,2025-11-22,212,4994.53,3101.83,1892.7,0.378955,7,713.5,23.56
C0003106,Startup,North America,referral,2025-05-23,2025-05-23,1,135.51,74.16,61.35,0.452734,1,135.51,135.51
C0003115,SMB,EMEA,referral,2024-10-31,2024-11-26,27,1110.42,709.7,400.72,0.360872,6,185.07,41.13
C0003131,Mid-Market,EMEA,referral,2024-11-03,2025-11-18,381,22745.74,15833.0,6912.74,0.303914,25,909.83,59.7
C0003136,SMB,North America,referral,2025-07-13,2025-08-11,30,2127.87,1366.4,761.47,0.357856,7,303.98,70.93
C0003137,Startup,EMEA,referral,,,0,0.0,0.0,0.0,0.0,0,0.0,0.0
C0003142,Enterprise,APAC,referral,2024-02-04,2024-06-07,125,19114.28,12914.06,6200.22,0.324376,10,1911.43,152.91
C0003150,Startup,EMEA,referral,2024-01-01,2024-12-10,345,1057.18,537.66,519.52,0.491421,9,117.46,3.06
C0003154,SMB,LATAM,referral,2023-10-29,2025-07-31,642,8992.92,5626.71,3366.21,0.374318,27,333.07,14.01
C0003162,SMB,APAC,referral,,,0,0.0,0.0,0.0,0.0,0,0.0,0.0
C0003170,SMB,EMEA,referral,2025-06-09,2025-10-18,132,3663.83,2042.54,1621.29,0.442512,11,333.08,27.76
C0003171,SMB,North America,referral,,,0,0.0,0.0,0.0,0.0,0,0.0,0.0
C0003174,Mid-Market,North America,referral,2025-12-30,2025-12-30,1,8189.26,5404.66,2784.6,0.340031,1,8189.26,8189.26
C0003184,Startup,APAC,referral,2023-11-25,2025-04-22,515,2368.69,1498.06,870.63,0.367558,14,169.19,4.6
C0003185,SMB,North America,referral,2023-09-10,2023-11-16,68,1943.12,1476.25,466.87,0.240268,3,647.71,28.58
C0003191,Enterprise,LATAM,referral,2023-12-28,2025-01-31,401,70985.15,49026.74,21958.41,0.309338,36,1971.81,177.02
C0003199,SMB,EMEA,referral,2024-02-02,2025-06-23,508,4976.99,3087.15,1889.84,0.379715,15,331.8,9.8
C0003203,Mid-Market,APAC,referral,,,0,0.0,0.0,0.0,0.0,0,0.0,0.0
C0003205,Enterprise,North America,referral,2025-11-25,2025-12-23,29,16310.48,11717.37,4593.11,0.281605,10,1631.05,562.43
C0003206,SMB,LATAM,referral,2024-12-01,2025-11-22,357,1385.32,721.61,663.71,0.479102,8,173.16,3.88
C0003215,Mid-Market,LATAM,referral,2023-10-11,2024-07-24,288,12354.54,7625.95,4728.59,0.382741,17,726.74,42.9
C0003222,SMB,LATAM,referral,2025-08-22,2025-11-25,96,1163.27,719.79,443.48,0.381236,7,166.18,12.12
C0003228,SMB,EMEA,referral,2023-12-30,2024-02-16,49,1144.88,634.21,510.67,0.446047,3,381.63,23.36
C0003230,SMB,EMEA,referral,2025-06-19,2025-08-10,53,672.41,382.56,289.85,0.431061,7,96.06,12.69
C0003231,Startup,APAC,referral,2025-02-17,2025-03-29,41,543.88,352.06,191.82,0.352688,2,271.94,13.27
C0003243,Startup,EMEA,referral,2025-11-21,2025-12-10,20,105.13,60.02,45.11,0.429088,2,52.57,5.26
C0003246,Mid-Market,North America,referral,2025-02-27,2025-12-18,295,9304.0,5799.26,3504.74,0.376692,17,547.29,31.54
C0003247,Enterprise,EMEA,referral,2024-06-25,2024-11-18,147,26453.14,17366.81,9086.33,0.343488,12,2204.43,179.95
C0003249,SMB,EMEA,referral,2025-12-30,2025-12-30,1,159.53,86.07,73.46,0.460478,1,159.53,159.53
C0003267,Mid-Market,North America,referral,2024-03-14,2024-04-26,44,5627.94,3446.11,2181.83,0.387678,6,937.99,127.91
C0003279,SMB,EMEA,referral,2024-07-07,2025-12-18,530,3842.22,2409.37,1432.85,0.372922,17,226.01,7.25
C0003280,Mid-Market,EMEA,referral,2023-07-26,2024-05-05,285,14017.02,9649.06,4367.96,0.311618,13,1078.23,49.18
C0003285,Mid-Market,North America,referral,2024-01-09,2025-08-13,583,25348.63,15091.72,10256.91,0.404634,36,704.13,43.48
C0003287,Mid-Market,North America,referral,2025-05-08,2025-08-21,106,2995.52,1656.53,1338.99,0.446998,6,499.25,28.26
C0003294,Startup,EMEA,referral,2025-01-14,2025-12-03,324,1200.91,694.54,506.37,0.421655,14,85.78,3.71
C0003295,Mid-Market,APAC,referral,2024-12-10,2025-08-18,252,9056.32,6011.88,3044.44,0.336167,10,905.63,35.94
C0003309,Enterprise,North America,referral,2025-03-16,2025-12-14,274,41337.53,30838.56,10498.97,0.253982,16,2583.6,150.87
C0003312,Mid-Market,LATAM,referral,2025-11-24,2025-12-03,10,966.91,681.53,285.38,0.295146,3,322.3,96.69
C0003314,Startup,EMEA,referral,,,0,0.0,0.0,0.0,0.0,0,0.0,0.0
C0003318,SMB,North America,referral,2023-08-16,2023-10-20,66,969.05,582.78,386.27,0.398607,6,161.51,14.68
C0003327,SMB,LATAM,referral,2024-11-06,2025-03-21,136,1568.17,865.74,702.43,0.44793,6,261.36,11.53
C0003330,SMB,LATAM,referral,2024-03-05,2025-10-30,605,4843.86,3010.99,1832.87,0.37839,21,230.66,8.01
C0003332,Startup,North America,referral,2024-05-19,2024-09-17,122,635.17,333.74,301.43,0.474566,5,127.03,5.21
C0003336,Mid-Market,APAC,referral,2024-07-14,2024-07-14,1,1198.59,763.56,435.03,0.362951,1,1198.59,1198.59
C0003338,SMB,LATAM,referral,,,0,0.0,0.0,0.0,0.0,0,0.0,0.0
C0003340,SMB,EMEA,referral,2025-02-17,2025-12-21,308,1107.55,697.74,409.81,0.370015,6,184.59,3.6
C0003352,SMB,EMEA,referral,2023-08-12,2025-01-16,524,2206.68,1177.23,1029.45,0.466515,13,169.74,4.21
C0003354,Mid-Market,North America,referral,2024-07-14,2025-12-14,519,8594.06,4606.7,3987.36,0.463967,21,409.24,16.56
C0003362,Mid-Market,North America,referral,2024-09-15,2025-12-22,464,11970.61,7031.45,4939.16,0.412607,24,498.78,25.8
C0003364,Mid-Market,LATAM,referral,2025-04-01,2025-12-01,245,9744.28,5803.4,3940.88,0.40443,14,696.02,39.77
C0003369,SMB,APAC,referral,2023-10-09,2024-02-11,126,1215.29,681.41,533.88,0.439303,5,243.06,9.65
C0003385,SMB,APAC,referral,2024-01-09,2025-10-23,654,2408.99,1281.09,1127.9,0.468205,20,120.45,3.68
C0003388,Mid-Market,EMEA,referral,2025-12-31,2025-12-31,1,1500.14,991.19,508.95,0.339268,1,1500.14,1500.14
C0003392,Mid-Market,EMEA,referral,2025-06-01,2025-06-14,14,3338.88,1752.42,1586.46,0.475147,3,1112.96,238.49
C0003400,Startup,EMEA,referral,2025-08-15,2025-12-03,111,210.59,105.32,105.27,0.499881,2,105.29,1.9
C0003403,SMB,EMEA,referral,2025-04-29,2025-07-03,66,536.9,270.76,266.14,0.495698,3,178.97,8.13
C0003407,SMB,North America,referral,,,0,0.0,0.0,0.0,0.0,0,0.0,0.0
C0003409,SMB,LATAM,referral,2024-12-29,2025-06-02,156,763.6,419.89,343.71,0.450118,5,152.72,4.89
C0003410,SMB,North America,referral,2023-07-21,2025-10-16,819,6376.73,3572.7,2804.03,0.439729,27,236.18,7.79
C0003415,Enterprise,LATAM,referral,2024-05-06,2025-12-27,601,35965.88,25153.69,10812.19,0.300624,23,1563.73,59.84
C0003419,SMB,North America,referral,2023-06-26,2024-07-01,372,3396.67,2136.02,1260.65,0.371143,14,242.62,9.13
C0003423,SMB,LATAM,referral,2025-04-27,2025-11-18,206,2450.29,1600.87,849.42,0.346661,13,188.48,11.89
C0003427,Startup,APAC,referral,2023-07-04,2024-04-25,297,1082.74,682.45,400.29,0.369701,7,154.68,3.65
C0003436,Mid-Market,EMEA,referral,2025-02-15,2025-07-05,141,2281.31,1360.7,920.61,0.403544,8,285.16,16.18
C0003439,SMB,LATAM,referral,2023-01-22,2023-03-05,43,1932.41,1292.95,639.46,0.330913,6,322.07,44.94
C0003442,Mid-Market,EMEA,referral,2023-12-17,2024-04-09,115,19165.98,13696.02,5469.96,0.285399,7,2738.0,166.66
C0003445,Mid-Market,APAC,referral,2025-10-14,2025-12-25,73,5053.02,2965.88,2087.14,0.413048,9,561.45,69.22
C0003448,SMB,APAC,referral,2025-10-11,2025-12-06,57,2165.01,1379.74,785.27,0.36271,5,433.0,37.98
C0003455,Enterprise,APAC,referral,,,0,0.0,0.0,0.0,0.0,0,0.0,0.0
C0003475,SMB,LATAM,referral,2025-07-03,2025-12-20,171,780.51,427.41,353.1,0.452397,6,130.08,4.56
C0003477,Mid-Market,EMEA,referral,2025-10-21,2025-12-30,71,1786.57,1332.58,453.99,0.254113,2,893.29,25.16
C0003478,Startup,North America,referral,2025-12-02,2025-12-24,23,425.12,280.41,144.71,0.340398,3,141.71,18.48
C0003482,Mid-Market,North America,referral,2025-05-29,2025-12-31,217,11330.33,7193.4,4136.93,0.36512,13,871.56,52.21
C0003485,SMB,North America,referral,2025-05-28,2025-11-15,172,5704.16,3880.83,1823.33,0.319649,8,713.02,33.16
C0003486,Mid-Market,North America,referral,2025-07-01,2025-11-30,153,2851.48,1921.16,930.32,0.326259,7,407.35,18.64
C0003493,Enterprise,APAC,referral,2025-09-21,2025-12-31,102,15812.87,10987.31,4825.56,0.305167,10,1581.29,155.03
C0003495,Startup,EMEA,referral,2023-08-31,2023-11-18,80,372.19,206.44,165.75,0.445337,3,124.06,4.65
C0003505,SMB,North America,referral,2025-06-12,2025-07-20,39,854.23,516.23,338.0,0.395678,4,213.56,21.9
C0003508,Mid-Market,North America,referral,2025-09-24,2025-10-09,16,2748.53,1742.05,1006.48,0.366188,4,687.13,171.78
C0003515,SMB,EMEA,referral,,,0,0.0,0.0,0.0,0.0,0,0.0,0.0
C0003517,Mid-Market,LATAM,referral,2025-06-13,2025-11-22,163,5808.82,3363.51,2445.31,0.420965,10,580.88,35.64
C0003522,Enterprise,LATAM,referral,2025-10-07,2025-12-30,85,18380.07,13153.0,5227.07,0.284388,8,2297.51,216.24
C0003529,Mid-Market,APAC,referral,2025-09-16,2025-12-22,98,5312.21,3487.7,1824.51,0.343456,4,1328.05,54.21
C0003532,SMB,APAC,referral,2023-04-15,2023-04-15,1,70.46,38.18,32.28,0.458132,1,70.46,70.46
C0003538,SMB,North America,referral,2025-04-22,2025-12-30,253,795.08,466.47,328.61,0.413304,6,132.51,3.14
C0003542,SMB,EMEA,referral,2025-04-07,2025-08-02,118,977.18,599.57,377.61,0.386428,7,139.6,8.28
C0003544,Startup,EMEA,referral,2024-02-22,2024-11-11,264,2594.74,1600.06,994.68,0.383345,5,518.95,9.83
C0003551,Startup,EMEA,referral,2025-09-28,2025-10-30,33,478.9,286.28,192.62,0.402213,5,95.78,14.51
C0003553,Enterprise,APAC,referral,2024-06-25,2024-06-26,2,1153.43,726.49,426.94,0.370148,2,576.72,576.72
C0003554,Startup,EMEA,referral,2025-01-10,2025-10-13,277,2696.08,1511.8,1184.28,0.43926,11,245.1,9.73
C0003559,Mid-Market,North America,referral,2025-03-31,2025-12-25,270,9554.56,5952.77,3601.79,0.376971,17,562.03,35.39
C0003573,Mid-Market,North America,referral,2024-05-29,2025-06-06,374,22120.22,13251.25,8868.97,0.400944,22,1005.46,59.14
C0003575,Mid-Market,North America,referral,2024-05-29,2025-03-05,281,26149.78,17260.05,8889.73,0.339954,17,1538.22,93.06
C0003583,Enterprise,North America,referral,2024-08-31,2024-09-08,9,11005.89,7779.71,3226.18,0.293132,7,1572.27,1222.88
C0003585,Startup,APAC,referral,,,0,0.0,0.0,0.0,0.0,0,0.0,0.0
C0003589,Mid-Market,North America,referral,2025-07-23,2025-08-02,11,1739.56,911.63,827.93,0.475942,8,217.44,158.14
C0003591,SMB,APAC,referral,2025-08-18,2025-12-14,119,3853.47,2481.71,1371.76,0.35598,6,642.24,32.38
C0003595,SMB,EMEA,referral,2023-04-08,2024-09-13,525,8175.32,5026.05,3149.27,0.385217,24,340.64,15.57
C0003599,SMB,LATAM,referral,2025-12-02,2025-12-05,4,236.32,167.47,68.85,0.291342,2,118.16,59.08
C0003607,SMB,EMEA,referral,2023-10-02,2025-12-02,793,19370.91,13016.23,6354.68,0.328053,25,774.84,24.43
C0003617,Startup,APAC,referral,2024-07-29,2025-12-07,497,1490.73,830.48,660.25,0.442904,13,114.67,3.0
C0003624,Enterprise,North America,referral,2025-09-07,2025-10-18,42,11255.85,7562.0,3693.85,0.328172,8,1406.98,268.0
C0003626,SMB,EMEA,referral,2025-03-01,2025-03-01,1,366.13,165.14,200.99,0.548958,1,366.13,366.13
C0003627,SMB,North America,referral,2025-10-19,2025-12-03,46,824.16,438.49,385.67,0.467955,5,164.83,17.92
C0003639,Mid-Market,North America,referral,2025-09-08,2025-12-25,109,2962.04,2094.75,867.29,0.292802,3,987.35,27.17
C0003640,SMB,APAC,referral,2025-04-07,2025-09-11,158,2241.52,1312.54,928.98,0.414442,14,160.11,14.19
C0003641,Mid-Market,APAC,referral,2024-04-26,2025-06-18,419,5959.95,3634.19,2325.76,0.390231,13,458.46,14.22
C0003642,SMB,North America,referral,2023-03-20,2023-10-06,201,1962.71,1177.92,784.79,0.39985,7,280.39,9.76
C0003663,SMB,APAC,referral,2025-12-04,2025-12-17,14,487.9,250.66,237.24,0.486247,3,162.63,34.85
C0003674,Startup,North America,referral,2024-06-26,2025-08-09,410,1657.57,950.94,706.63,0.426305,16,103.6,4.04
C0003678,Startup,APAC,referral,2025-03-15,2025-12-02,263,1292.08,810.96,481.12,0.372361,8,161.51,4.91
C0003680,SMB,EMEA,referral,2023-04-20,2023-12-05,230,7683.35,4592.21,3091.14,0.402317,11,698.49,33.41
C0003690,SMB,APAC,referral,2024-09-12,2025-12-31,476,11296.09,6879.0,4417.09,0.391028,15,753.07,23.73
C0003692,SMB,APAC,referral,2025-03-31,2025-11-27,242,3366.37,1799.8,1566.57,0.465359,11,306.03,13.91
C0003695,SMB,North America,referral,2025-07-03,2025-12-18,169,562.59,317.15,245.44,0.436268,4,140.65,3.33
C0003700,SMB,EMEA,referral,2024-10-26,2025-12-31,432,3447.91,2144.44,1303.47,0.378046,22,156.72,7.98
C0003701,Startup,EMEA,referral,2025-11-12,2025-12-16,35,180.07,90.69,89.38,0.496363,2,90.04,5.14
C0003713,SMB,LATAM,referral,2025-12-27,2025-12-30,4,7201.96,4355.3,2846.66,0.395262,3,2400.65,1800.49
C0003714,SMB,EMEA,referral,2025-08-14,2025-08-14,1,1156.5,886.13,270.37,0.233783,1,1156.5,1156.5
C0003717,SMB,LATAM,referral,2025-06-19,2025-06-23,5,1338.16,930.87,407.29,0.304366,3,446.05,267.63
C0003730,SMB,EMEA,referral,2025-07-13,2025-07-13,1,290.64,176.66,113.98,0.392169,1,290.64,290.64
C0003744,Mid-Market,North America,referral,2025-01-19,2025-12-01,317,7842.64,4203.01,3639.63,0.464082,18,435.7,24.74
C0003753,Enterprise,EMEA,referral,2024-10-30,2025-11-17,384,28845.91,21076.21,7769.7,0.269352,24,1201.91,75.12
C0003762,Enterprise,LATAM,referral,2024-07-08,2025-12-08,519,114510.52,77194.66,37315.86,0.325873,37,3094.88,220.64
C0003769,Enterprise,North America,referral,2025-04-30,2025-11-09,194,23760.25,17667.24,6093.01,0.256437,13,1827.71,122.48
C0003771,Enterprise,North America,referral,2025-11-23,2025-12-10,18,8584.94,5807.66,2777.28,0.323506,8,1073.12,476.94
C0003783,SMB,EMEA,referral,2025-11-22,2025-12-21,30,1584.92,677.82,907.1,0.572332,2,792.46,52.83
C0003784,Mid-Market,APAC,referral,2024-02-24,2024-05-19,86,3671.42,2395.34,1276.08,0.347571,7,524.49,42.69
C0003785,Mid-Market,EMEA,referral,2025-01-22,2025-11-24,307,16711.52,11274.06,5437.46,0.325372,18,928.42,54.43
C0003791,SMB,APAC,referral,2024-04-22,2025-07-08,443,2937.93,1721.87,1216.06,0.413917,12,244.83,6.63
C0003793,Mid-Market,LATAM,referral,2023-02-23,2023-11-24,275,8838.22,6055.85,2782.37,0.314811,11,803.47,32.14
C0003796,Startup,EMEA,referral,2025-04-23,2025-09-01,132,638.1,324.52,313.58,0.491428,6,106.35,4.83
C0003799,Startup,EMEA,referral,2024-09-26,2025-09-17,357,1345.18,772.13,573.05,0.426002,9,149.46,3.77
C0003800,SMB,APAC,referral,2024-04-21,2024-11-29,223,1719.42,1099.74,619.68,0.360401,5,343.88,7.71
C0003802,Mid-Market,LATAM,referral,2024-02-10,2025-11-18,648,28721.34,18670.95,10050.39,0.349928,30,957.38,44.32
C0003805,Startup,EMEA,referral,2023-02-24,2023-05-02,68,655.19,350.88,304.31,0.464461,5,131.04,9.64
C0003820,Enterprise,APAC,referral,2025-10-12,2025-12-28,78,4209.92,2568.91,1641.01,0.389796,4,1052.48,53.97
C0003824,SMB,LATAM,referral,2023-04-08,2024-02-03,302,3756.18,2354.82,1401.36,0.373081,9,417.35,12.44
C0003825,Startup,North America,referral,2025-06-23,2025-11-30,161,363.75,211.78,151.97,0.417787,3,121.25,2.26
C0003832,Enterprise,North America,referral,2025-03-30,2025-12-17,263,19249.19,15095.89,4153.3,0.215765,14,1374.94,73.19
C0003839,SMB,APAC,referral,2025-08-08,2025-12-19,134,1229.9,647.53,582.37,0.47351,4,307.48,9.18
C0003841,Mid-Market,LATAM,referral,2025-06-06,2025-06-06,1,252.73,193.35,59.38,0.234954,1,252.73,252.73
C0003846,Mid-Market,North America,referral,2024-12-29,2025-10-27,303,32591.02,22081.12,10509.9,0.322478,20,1629.55,107.56
C0003850,SMB,EMEA,referral,2024-04-15,2025-12-21,616,7779.45,5239.78,2539.67,0.326459,21,370.45,12.63
C0003856,Mid-Market,LATAM,referral,2024-02-10,2024-12-04,299,12462.41,8842.14,3620.27,0.290495,8,1557.8,41.68
C0003860,Enterprise,LATAM,referral,2023-07-24,2024-08-26,400,81413.0,58070.94,23342.06,0.286712,33,2467.06,203.53
C0003861,Mid-Market,North America,referral,2025-01-03,2025-12-09,341,12236.65,7368.48,4868.17,0.397835,15,815.78,35.88
C0003865,Mid-Market,North America,referral,2025-11-29,2025-12-22,24,2795.98,1429.55,1366.43,0.488712,4,699.0,116.5
C0003879,Mid-Market,EMEA,referral,2023-02-20,2025-11-27,1012,39066.55,24952.2,14114.35,0.36129,50,781.33,38.6
C0003895,Enterprise,LATAM,referral,2025-11-20,2025-11-27,8,3986.98,2854.72,1132.26,0.283989,3,1328.99,498.37
C0003896,Mid-Market,North America,referral,2025-03-29,2025-10-28,214,7938.84,4821.65,3117.19,0.392651,11,721.71,37.1
C0003898,Enterprise,North America,referral,,,0,0.0,0.0,0.0,0.0,0,0.0,0.0
C0003911,Mid-Market,EMEA,referral,2025-01-02,2025-12-25,358,18535.27,11632.39,6902.88,0.372419,23,805.88,51.77
C0003917,SMB,North America,referral,2025-02-15,2025-06-29,135,970.01,644.87,325.14,0.335192,4,242.5,7.19
C0003920,Enterprise,APAC,referral,2024-10-09,2025-11-30,418,52465.94,35190.62,17275.32,0.329267,37,1418.0,125.52
C0003921,SMB,EMEA,referral,2024-01-31,2024-01-31,1,159.25,79.48,79.77,0.500911,1,159.25,159.25
C0003927,SMB,APAC,referral,2025-03-26,2025-12-16,266,1408.17,681.56,726.61,0.515996,10,140.82,5.29
C0003930,Mid-Market,LATAM,referral,2025-11-08,2025-12-29,52,1675.73,895.86,779.87,0.465391,5,335.15,32.23
C0003931,SMB,EMEA,referral,2025-02-10,2025-09-15,218,1128.53,617.17,511.36,0.45312,7,161.22,5.18
C0003932,SMB,EMEA,referral,2025-03-09,2025-07-22,136,3172.85,2055.76,1117.09,0.352078,6,528.81,23.33
C0003943,SMB,North America,referral,2024-01-30,2025-01-04,341,2657.37,1707.75,949.62,0.357353,13,204.41,7.79
C0003945,Startup,EMEA,referral,2023-11-30,2025-02-06,435,2603.53,1564.59,1038.94,0.399051,9,289.28,5.99
C0003948,SMB,North America,referral,2023-06-21,2025-05-02,682,13670.05,7393.1,6276.95,0.459175,29,471.38,20.04
C0003954,Startup,APAC,referral,2025-06-10,2025-10-10,123,992.76,676.45,316.31,0.318617,3,330.92,8.07
C0003962,Enterprise,North America,referral,2023-09-01,2025-07-04,673,124237.96,90086.13,34151.83,0.27489,69,1800.55,184.6
C0003965,SMB,APAC,referral,2024-06-23,2024-12-06,167,2296.87,1456.07,840.8,0.366063,9,255.21,13.75
C0003967,Mid-Market,North America,referral,2024-12-22,2024-12-27,6,1244.81,879.9,364.91,0.293145,2,622.4,207.47
C0003978,Startup,North America,referral,2023-09-20,2024-10-08,385,1409.12,909.85,499.27,0.354313,9,156.57,3.66
C0003984,Mid-Market,North America,referral,2024-02-27,2025-11-22,635,24505.61,15352.58,9153.03,0.373508,38,644.88,38.59
C0003989,SMB,EMEA,referral,2025-12-26,2025-12-26,1,53.1,24.54,28.56,0.537853,1,53.1,53.1
C0004000,SMB,LATAM,referral,2024-02-12,2025-11-17,645,19565.38,12144.98,7420.4,0.379262,24,815.22,30.33
C0004004,Startup,EMEA,referral,2024-04-24,2024-11-03,194,1285.55,771.23,514.32,0.400078,13,98.89,6.63
C0004006,Mid-Market,LATAM,referral,2023-12-29,2024-09-12,259,5802.32,3390.62,2411.7,0.415644,14,414.45,22.4
C0004007,Mid-Market,APAC,referral,2024-12-19,2025-11-26,343,5252.19,3132.35,2119.84,0.403611,12,437.68,15.31
C0004012,SMB,EMEA,referral,2023-11-22,2024-07-21,243,3009.6,1796.16,1213.44,0.40319,5,601.92,12.39
C0004023,Enterprise,LATAM,referral,2024-05-24,2025-09-14,479,56954.42,37956.37,18998.05,0.333566,40,1423.86,118.9
C0004038,Enterprise,North America,referral,2025-10-20,2025-12-23,65,3780.64,2850.28,930.36,0.246085,3,1260.21,58.16
C0004047,SMB,North America,referral,2024-03-08,2025-10-01,573,8672.46,5563.29,3109.17,0.358511,27,321.2,15.14
C0004048,SMB,EMEA,referral,2024-03-29,2024-04-04,7,1361.49,720.15,641.34,0.471057,3,453.83,194.5
C0004058,Mid-Market,APAC,referral,,,0,0.0,0.0,0.0,0.0,0,0.0,0.0
C0004060,Mid-Market,APAC,referral,2025-08-08,2025-08-09,2,2289.19,1391.72,897.47,0.392047,4,572.3,1144.6
C0004063,SMB,LATAM,referral,2023-11-24,2024-09-01,283,4119.36,2287.47,1831.89,0.444703,14,294.24,14.56
C0004070,Startup,EMEA,referral,2024-01-09,2025-12-19,711,1740.81,949.48,791.33,0.454576,15,116.05,2.45
C0004073,Mid-Market,North America,referral,2024-09-27,2024-11-11,46,5788.14,3946.94,1841.2,0.318099,6,964.69,125.83
C0004077,Mid-Market,EMEA,referral,2025-05-09,2025-11-23,199,8006.83,4776.9,3229.93,0.403397,7,1143.83,40.24
C0004084,SMB,North America,referral,2024-05-22,2024-11-17,180,2403.87,1305.22,1098.65,0.457034,7,343.41,13.35
C0004085,SMB,EMEA,referral,2025-01-28,2025-12-01,308,5917.49,3715.9,2201.59,0.372048,16,369.84,19.21
C0004093,Mid-Market,LATAM,referral,2025-09-10,2025-11-28,80,2213.41,1230.74,982.67,0.443962,4,553.35,27.67
C0004096,SMB,LATAM,referral,2024-06-12,2024-07-01,20,524.38,256.87,267.51,0.510145,2,262.19,26.22
C0004117,SMB,EMEA,referral,2025-03-21,2025-06-16,88,2924.41,1870.43,1053.98,0.360408,10,292.44,33.23
C0004119,Mid-Market,EMEA,referral,2024-08-09,2025-08-03,360,22565.02,13366.21,9198.81,0.407658,28,805.89,62.68
C0004120,SMB,EMEA,referral,2024-12-22,2025-12-21,365,1980.95,1097.6,883.35,0.445922,11,180.09,5.43
C0004122,Mid-Market,APAC,referral,2025-09-30,2025-12-05,67,2295.2,1418.49,876.71,0.381975,3,765.07,34.26
C0004127,Startup,North America,referral,2025-01-30,2025-12-30,335,1611.04,999.38,611.66,0.379668,12,134.25,4.81
C0004128,SMB,APAC,referral,2024-11-30,2024-12-18,19,419.19,194.73,224.46,0.535461,2,209.6,22.06
C0004129,Mid-Market,North America,referral,2025-08-30,2025-10-30,62,3675.83,2778.69,897.14,0.244065,6,612.64,59.29
C0004131,Enterprise,North America,referral,2025-08-21,2025-11-29,101,35431.3,26901.85,8529.45,0.240732,12,2952.61,350.8
C0004134,Startup,LATAM,referral,2024-12-31,2025-01-29,30,238.98,121.84,117.14,0.490167,2,119.49,7.97
C0004149,SMB,EMEA,referral,2024-10-20,2025-11-15,392,7166.47,4547.09,2619.38,0.365505,18,398.14,18.28
C0004154,Mid-Market,North America,referral,2024-12-17,2025-03-23,97,4367.59,2592.56,1775.03,0.406409,7,623.94,45.03
C0004166,SMB,APAC,referral,2024-05-20,2025-12-17,577,3006.89,1671.04,1335.85,0.444263,18,167.05,5.21
C0004177,Mid-Market,EMEA,referral,2025-03-23,2025-04-04,13,951.81,666.24,285.57,0.300028,2,475.9,73.22
C0004185,Enterprise,LATAM,referral,,,0,0.0,0.0,0.0,0.0,0,0.0,0.0
C0004196,Enterprise,LATAM,referral,2025-01-18,2025-12-24,341,30175.88,20150.02,10025.86,0.332247,23,1311.99,88.49
C0004203,Startup,APAC,referral,2023-08-09,2024-12-01,481,3141.58,1782.2,1359.38,0.432706,18,174.53,6.53
C0004209,Startup,North America,referral,2024-10-29,2025-10-13,350,3558.89,2071.49,1487.4,0.417939,21,169.47,10.17
C0004213,Startup,APAC,referral,2024-10-28,2025-01-08,73,339.25,187.92,151.33,0.446072,4,84.81,4.65
C0004218,SMB,LATAM,referral,2023-07-27,2025-03-08,591,8522.35,5153.46,3368.89,0.395301,18,473.46,14.42
C0004219,SMB,APAC,referral,,,0,0.0,0.0,0.0,0.0,0,0.0,0.0
C0004220,SMB,APAC,referral,2025-05-20,2025-12-06,201,2152.61,1302.22,850.39,0.395051,6,358.77,10.71
C0004221,SMB,EMEA,referral,2024-01-11,2025-12-28,718,6634.25,4088.7,2545.55,0.383698,28,236.94,9.24
C0004223,Startup,EMEA,referral,,,0,0.0,0.0,0.0,0.0,0,0.0,0.0
C0004225,SMB,North America,referral,2024-01-31,2024-06-19,141,1604.46,915.5,688.96,0.429403,5,320.89,11.38
C0004227,Startup,North America,referral,2025-03-22,2025-11-17,241,2010.8,1297.66,713.14,0.354655,10,201.08,8.34
C0004228,Mid-Market,North America,referral,2023-11-27,2025-12-18,753,19496.27,12413.7,7082.57,0.363278,33,590.8,25.89
C0004232,SMB,APAC,referral,2023-03-30,2023-08-11,135,959.88,474.58,485.3,0.505584,6,159.98,7.11
C0004234,Mid-Market,APAC,referral,2025-07-24,2025-12-06,136,743.62,384.12,359.5,0.483446,4,185.9,5.47
C0004266,Enterprise,LATAM,referral,2025-01-02,2025-12-28,361,49538.74,37276.69,12262.05,0.247524,20,2476.94,137.23
C0004267,Mid-Market,EMEA,referral,2024-10-22,2025-11-01,376,14161.37,10062.12,4099.25,0.289467,23,615.71,37.66
C0004272,SMB,EMEA,referral,2024-12-30,2025-07-25,208,1289.97,684.61,605.36,0.469282,7,184.28,6.2
C0004275,Startup,EMEA,referral,2024-01-22,2024-05-07,107,385.53,205.15,180.38,0.467875,6,64.26,3.6
C0004277,SMB,EMEA,referral,2024-10-13,2025-06-10,241,3093.78,1795.86,1297.92,0.419526,15,206.25,12.84
C0004280,Enterprise,North America,referral,2025-05-27,2025-11-17,175,13753.13,9860.45,3892.68,0.28304,7,1964.73,78.59
C0004286,SMB,LATAM,referral,2023-10-26,2024-06-17,236,951.0,582.18,368.82,0.387823,7,135.86,4.03
C0004289,Startup,LATAM,referral,2025-12-28,2025-12-28,1,151.29,71.55,79.74,0.527067,1,151.29,151.29
C0004292,Mid-Market,APAC,referral,2023-05-15,2025-10-23,893,19386.89,11874.69,7512.2,0.387489,40,484.67,21.71
C0004293,Startup,EMEA,referral,2023-05-29,2025-05-06,709,2589.43,1429.47,1159.96,0.44796,16,161.84,3.65
C0004299,SMB,North America,referral,2025-09-19,2025-12-18,91,655.85,393.86,261.99,0.399466,4,163.96,7.21
C0004300,SMB,North America,referral,2025-05-22,2025-12-13,206,2372.61,1372.48,1000.13,0.421532,12,197.72,11.52
C0004301,Mid-Market,North America,referral,2024-11-26,2025-12-16,386,13645.15,8644.4,5000.75,0.366486,20,682.26,35.35
C0004305,Mid-Market,APAC,referral,2023-01-27,2025-12-30,1069,23121.93,13465.64,9656.29,0.417625,39,592.87,21.63
C0004311,Mid-Market,EMEA,referral,2025-03-16,2025-12-22,282,8820.13,5435.24,3384.89,0.383769,11,801.83,31.28
C0004325,Mid-Market,North America,referral,2024-02-09,2025-12-29,690,42211.47,27148.23,15063.24,0.356852,42,1005.04,61.18
C0004326,Enterprise,APAC,referral,2025-02-05,2025-08-22,199,32761.53,23120.41,9641.12,0.294282,16,2047.6,164.63
C0004330,SMB,EMEA,referral,,,0,0.0,0.0,0.0,0.0,0,0.0,0.0
C0004335,SMB,LATAM,referral,2025-09-21,2025-11-15,56,656.76,352.38,304.38,0.463457,4,164.19,11.73
C0004349,Mid-Market,APAC,referral,2025-01-12,2025-04-25,104,7931.62,4675.21,3256.41,0.410561,9,881.29,76.27
C0004356,SMB,EMEA,referral,2025-06-26,2025-07-30,35,318.98,191.6,127.38,0.399335,3,106.33,9.11
C0004370,Mid-Market,North America,referral,2024-10-21,2025-12-30,436,17774.54,11342.03,6432.51,0.361895,25,710.98,40.77
C0004372,Startup,EMEA,referral,2023-08-27,2025-06-30,674,1688.03,903.5,784.53,0.464761,20,84.4,2.5
C0004385,Enterprise,North America,referral,2025-09-16,2025-11-21,67,7363.3,5596.12,1767.18,0.239998,6,1227.22,109.9
C0004389,Startup,EMEA,referral,2025-07-12,2025-12-20,162,425.74,220.41,205.33,0.48229,4,106.44,2.63
C0004399,SMB,LATAM,referral,2023-10-31,2024-11-06,373,2290.89,1400.36,890.53,0.388727,12,190.91,6.14
C0004406,Mid-Market,North America,referral,2025-03-22,2025-12-27,281,10094.28,6195.06,3899.22,0.38628,15,672.95,35.92
C0004408,Mid-Market,North America,referral,2024-07-30,2025-01-14,169,15961.11,9310.66,6650.45,0.416666,18,886.73,94.44
C0004420,Startup,North America,referral,2024-12-31,2025-11-24,329,1417.84,956.02,461.82,0.325721,8,177.23,4.31
C0004424,SMB,EMEA,referral,2024-03-18,2025-11-18,611,9799.64,6237.06,3562.58,0.363542,23,426.07,16.04
C0004428,Mid-Market,EMEA,referral,2023-10-24,2024-03-24,153,7715.08,4441.97,3273.11,0.424248,11,701.37,50.43
C0004436,SMB,EMEA,referral,2025-03-13,2025-12-19,282,6736.34,3674.57,3061.77,0.454515,16,421.02,23.89
C0004452,SMB,EMEA,referral,,,0,0.0,0.0,0.0,0.0,0,0.0,0.0
C0004454,SMB,APAC,referral,2025-05-22,2025-12-05,198,3300.9,2468.87,832.03,0.252062,6,550.15,16.67
C0004456,Mid-Market,APAC,referral,2024-06-12,2025-09-29,475,31059.74,20102.18,10957.56,0.35279,15,2070.65,65.39
C0004459,Startup,North America,referral,2023-03-31,2025-12-10,986,2358.26,1437.01,921.25,0.390648,21,112.3,2.39
C0004460,Enterprise,EMEA,referral,2025-08-27,2025-12-14,110,11408.7,8177.16,3231.54,0.283252,10,1140.87,103.72
C0004462,Mid-Market,North America,referral,2024-11-07,2025-12-23,412,9895.35,6225.38,3669.97,0.370878,19,520.81,24.02
C0004463,SMB,EMEA,referral,2024-08-02,2025-12-29,515,8209.73,4627.05,3582.68,0.436394,17,482.93,15.94
C0004471,Startup,North America,referral,2025-11-25,2025-11-25,1,47.92,24.64,23.28,0.48581,1,47.92,47.92
C0004476,SMB,North America,referral,2025-05-03,2025-10-10,161,810.61,443.68,366.93,0.452659,4,202.65,5.03
C0004478,SMB,LATAM,referral,2024-03-04,2024-05-10,68,1984.17,1091.69,892.48,0.4498,5,396.83,29.18
C0004489,Mid-Market,LATAM,referral,2024-05-18,2024-08-07,82,701.59,406.8,294.79,0.420174,4,175.4,8.56
C0004495,Enterprise,EMEA,referral,2024-05-30,2024-05-30,1,6599.1,4384.77,2214.33,0.33555,1,6599.1,6599.1
C0004503,Startup,EMEA,referral,2025-04-18,2025-12-24,251,2683.22,1437.66,1245.56,0.464203,13,206.4,10.69
C0004514,Mid-Market,North America,referral,2023-08-19,2025-11-28,833,25808.17,17430.88,8377.29,0.324598,34,759.06,30.98
C0004520,SMB,EMEA,referral,2024-05-02,2024-11-09,192,1344.44,751.55,592.89,0.440994,8,168.06,7.0
C0004521,Startup,EMEA,referral,2023-07-31,2024-12-05,494,2551.22,1390.38,1160.84,0.455014,19,134.27,5.16
C0004523,Mid-Market,APAC,referral,2025-07-21,2025-12-07,140,2436.01,1758.47,677.54,0.278135,2,1218.01,17.4
C0004529,Startup,North America,referral,2024-02-19,2025-12-02,653,1694.35,952.57,741.78,0.437796,15,112.96,2.59
C0004530,Startup,APAC,referral,2025-02-06,2025-12-06,304,3752.02,2370.28,1381.74,0.368266,9,416.89,12.34
C0004535,Mid-Market,North America,referral,2025-01-16,2025-11-01,290,30997.86,20981.52,10016.34,0.32313,15,2066.52,106.89
C0004557,Mid-Market,LATAM,referral,2025-07-18,2025-12-06,142,2241.05,1527.27,713.78,0.318502,5,448.21,15.78
C0004575,Mid-Market,North America,referral,2025-09-18,2025-12-27,101,19320.51,9928.19,9392.32,0.486132,6,3220.09,191.29
C0004583,Enterprise,North America,referral,2025-11-08,2025-12-02,25,5317.44,3288.57,2028.87,0.38155,7,759.63,212.7
C0004584,Mid-Market,EMEA,referral,,,0,0.0,0.0,0.0,0.0,0,0.0,0.0
C0004585,Startup,North America,referral,2025-05-18,2025-12-26,223,2467.71,1657.54,810.17,0.328308,8,308.46,11.07
C0004589,SMB,EMEA,referral,2025-09-13,2025-12-12,91,438.18,318.61,119.57,0.272879,3,146.06,4.82
C0004590,SMB,North America,referral,2025-10-30,2025-12-19,51,4779.54,3367.56,1411.98,0.295422,5,955.91,93.72
C0004592,SMB,North America,referral,2025-01-03,2025-01-06,4,1349.71,922.39,427.32,0.316601,2,674.86,337.43
C0004593,Startup,North America,referral,2025-06-27,2025-11-05,132,202.23,103.56,98.67,0.48791,3,67.41,1.53
C0004600,Mid-Market,APAC,referral,2024-08-26,2025-12-17,479,15638.85,8373.99,7264.86,0.464539,18,868.82,32.65
C0004601,Mid-Market,North America,referral,2025-04-01,2025-12-31,275,12455.88,8143.67,4312.21,0.346199,19,655.57,45.29
C0004606,SMB,EMEA,referral,2024-09-14,2025-12-17,460,6724.91,4185.95,2538.96,0.377546,16,420.31,14.62
C0004612,Startup,LATAM,referral,2024-07-04,2025-12-11,526,1700.87,1025.8,675.07,0.396897,12,141.74,3.23
C0004613,SMB,North America,referral,2025-05-09,2025-11-20,196,2576.69,1459.48,1117.21,0.433583,7,368.1,13.15
C0004621,SMB,North America,referral,,,0,0.0,0.0,0.0,0.0,0,0.0,0.0
C0004622,Startup,North America,referral,2025-12-28,2025-12-28,1,142.82,108.08,34.74,0.243243,1,142.82,142.82
C0004626,Startup,LATAM,referral,2025-03-31,2025-10-22,206,245.48,116.57,128.91,0.525134,4,61.37,1.19
C0004647,Mid-Market,EMEA,referral,2025-12-31,2025-12-31,1,373.18,206.43,166.75,0.446835,1,373.18,373.18
C0004658,SMB,APAC,referral,2023-07-20,2024-03-22,247,5934.62,3255.81,2678.81,0.451387,12,494.55,24.03
C0004659,SMB,North America,referral,2025-02-26,2025-12-18,296,2968.14,1637.59,1330.55,0.448277,9,329.79,10.03
C0004661,Mid-Market,North America,referral,2025-05-22,2025-12-30,223,6423.55,3954.51,2469.04,0.384373,15,428.24,28.81
C0004662,SMB,APAC,referral,,,0,0.0,0.0,0.0,0.0,0,0.0,0.0
C0004667,SMB,North America,referral,2025-08-18,2025-12-17,122,1219.26,810.98,408.28,0.334859,5,243.85,9.99
C0004669,SMB,LATAM,referral,2025-11-24,2025-12-27,34,1370.6,900.36,470.24,0.343091,5,274.12,40.31
C0004675,SMB,North America,referral,2025-04-30,2025-12-20,235,954.11,631.94,322.17,0.337665,6,159.02,4.06
C0004677,SMB,North America,referral,2023-07-28,2025-09-22,788,6943.56,3967.01,2976.55,0.428678,24,289.32,8.81
C0004679,SMB,North America,referral,2023-10-25,2024-07-27,277,909.03,530.96,378.07,0.415905,8,113.63,3.28
C0004687,SMB,APAC,referral,2024-04-23,2025-12-12,599,6604.81,3732.45,2872.36,0.434889,28,235.89,11.03
C0004704,Mid-Market,North America,referral,2024-10-01,2025-12-25,451,17962.81,11853.26,6109.55,0.340122,21,855.37,39.83
C0004712,Enterprise,EMEA,referral,2024-05-05,2025-11-28,573,91708.14,65471.31,26236.83,0.286091,53,1730.34,160.05
C0004715,Mid-Market,North America,referral,2025-02-21,2025-11-22,275,12824.43,7273.47,5550.96,0.432843,11,1165.86,46.63
C0004717,Mid-Market,EMEA,referral,2024-07-29,2025-06-10,317,9022.85,5048.84,3974.01,0.440438,21,429.66,28.46
C0004719,SMB,LATAM,referral,2024-12-27,2025-01-27,32,907.04,531.25,375.79,0.414304,5,181.41,28.34
C0004721,SMB,North America,referral,2024-10-28,2025-12-12,411,4199.63,2689.63,1510.0,0.359555,17,247.04,10.22
C0004731,Startup,EMEA,referral,2024-07-13,2025-09-29,444,2329.93,1602.14,727.79,0.312366,11,211.81,5.25
C0004737,SMB,EMEA,referral,2025-05-13,2025-07-19,68,742.81,398.2,344.61,0.463928,3,247.6,10.92
C0004740,SMB,LATAM,referral,2025-04-28,2025-11-24,211,2737.42,1750.17,987.25,0.36065,11,248.86,12.97
C0004741,SMB,North America,referral,2024-01-18,2025-09-18,610,4776.18,3131.24,1644.94,0.344405,18,265.34,7.83
C0004742,SMB,APAC,referral,2024-04-18,2025-12-01,593,3834.26,2281.66,1552.6,0.404928,21,182.58,6.47
C0004743,Enterprise,North America,referral,2025-09-16,2025-11-27,73,22339.51,14230.32,8109.19,0.362998,10,2233.95,306.02
C0004745,Enterprise,LATAM,referral,2023-05-21,2023-06-02,13,16680.31,12083.53,4596.78,0.275581,7,2382.9,1283.1
C0004750,Startup,EMEA,referral,2023-08-28,2025-12-03,829,8513.28,5114.58,3398.7,0.399223,25,340.53,10.27
C0004751,Mid-Market,APAC,referral,2023-12-30,2025-12-24,726,42606.32,27948.94,14657.38,0.344019,36,1183.51,58.69
C0004752,Mid-Market,North America,referral,2025-01-30,2025-08-04,187,7646.56,4704.47,2942.09,0.38476,6,1274.43,40.89
C0004762,Enterprise,North America,referral,2024-12-31,2025-12-09,344,32457.11,23621.96,8835.15,0.27221,19,1708.27,94.35
C0004765,SMB,APAC,referral,2024-10-21,2024-10-21,1,386.88,298.36,88.52,0.228805,1,386.88,386.88
C0004766,Mid-Market,EMEA,referral,2024-04-24,2025-12-31,617,43134.7,28789.77,14344.93,0.332561,26,1659.03,69.91
C0004773,SMB,EMEA,referral,2023-01-11,2025-12-31,1086,10629.19,6178.48,4450.71,0.418725,41,259.25,9.79
C0004774,Startup,EMEA,referral,2024-12-11,2025-11-10,335,1141.3,586.76,554.54,0.485885,8,142.66,3.41
C0004780,Mid-Market,APAC,referral,2025-05-14,2025-12-23,224,6441.98,4123.99,2317.99,0.359826,9,715.78,28.76
C0004787,SMB,LATAM,referral,2024-05-29,2024-08-14,78,622.3,385.93,236.37,0.379833,4,155.57,7.98
C0004790,SMB,North America,referral,2025-09-05,2025-11-03,60,768.35,441.63,326.72,0.425223,3,256.12,12.81
C0004794,SMB,EMEA,referral,2025-12-25,2025-12-25,1,917.94,425.07,492.87,0.536931,1,917.94,917.94
C0004796,Startup,APAC,referral,2024-01-28,2025-12-26,699,6459.42,3464.26,2995.16,0.463689,20,322.97,9.24
C0004800,SMB,EMEA,referral,2025-08-15,2025-12-04,112,1112.89,613.97,498.92,0.44831,4,278.22,9.94
C0004804,Enterprise,North America,referral,2024-12-04,2025-04-04,122,21037.58,13720.45,7317.13,0.347812,9,2337.51,172.44
C0004805,Startup,EMEA,referral,2025-09-11,2025-12-24,105,934.94,576.19,358.75,0.383714,4,233.74,8.9
C0004809,SMB,EMEA,referral,2024-10-18,2025-01-04,79,800.39,410.95,389.44,0.486563,3,266.8,10.13
C0004815,Enterprise,LATAM,referral,2024-11-12,2025-10-19,342,53252.43,40475.15,12777.28,0.239938,23,2315.32,155.71
C0004817,Startup,North America,referral,2024-05-10,2025-12-25,595,1969.6,1220.51,749.09,0.380326,13,151.51,3.31
C0004828,Startup,North America,referral,2025-01-11,2025-12-20,344,1486.79,874.39,612.4,0.411894,12,123.9,4.32
C0004839,Startup,EMEA,referral,2023-08-25,2024-05-26,276,1358.74,902.48,456.26,0.335796,9,150.97,4.92
C0004840,SMB,North America,referral,2023-10-22,2025-11-20,761,2535.13,1384.1,1151.03,0.454032,9,281.68,3.33
C0004842,Mid-Market,North America,referral,2024-09-29,2024-11-19,52,4264.83,2465.55,1799.28,0.421888,8,533.1,82.02
C0004844,Mid-Market,LATAM,referral,2024-12-13,2025-08-05,236,4323.84,2518.57,1805.27,0.417515,11,393.08,18.32
C0004851,SMB,North America,referral,2024-01-26,2025-12-11,686,4045.27,2365.78,1679.49,0.415174,22,183.88,5.9
C0004852,SMB,North America,referral,2025-06-19,2025-11-06,141,1666.66,1157.7,508.96,0.305377,4,416.66,11.82
C0004856,SMB,North America,referral,2025-11-30,2025-11-30,1,775.31,468.32,306.99,0.395958,2,387.66,775.31
C0004859,Mid-Market,LATAM,referral,2023-04-04,2025-10-25,936,39622.08,26158.7,13463.38,0.339795,55,720.4,42.33
C0004867,Mid-Market,North America,referral,2024-04-28,2025-12-19,601,9829.66,5936.77,3892.89,0.396035,23,427.38,16.36
C0004875,SMB,North America,referral,2025-01-12,2025-02-22,42,3515.88,2336.29,1179.59,0.335503,6,585.98,83.71
C0004885,Startup,APAC,referral,2025-12-19,2025-12-19,1,42.04,21.84,20.2,0.480495,1,42.04,42.04
C0004886,SMB,LATAM,referral,2025-09-17,2025-12-16,91,2165.78,1067.12,1098.66,0.507281,8,270.72,23.8
C0004900,SMB,EMEA,referral,2025-09-30,2025-12-28,90,989.68,523.98,465.7,0.470556,6,164.95,11.0
C0004903,Startup,LATAM,referral,,,0,0.0,0.0,0.0,0.0,0,0.0,0.0
C0004904,Mid-Market,EMEA,referral,2025-10-14,2025-11-26,44,1916.54,1208.26,708.28,0.369562,2,958.27,43.56
C0004916,Startup,North America,referral,2025-09-11,2025-11-26,77,1241.77,733.26,508.51,0.409504,6,206.96,16.13
C0004918,Startup,APAC,referral,2025-05-11,2025-12-31,235,910.27,484.11,426.16,0.468169,7,130.04,3.87
C0004922,SMB,North America,referral,2023-10-31,2024-07-12,256,1628.04,996.11,631.93,0.388154,12,135.67,6.36
C0004926,SMB,North America,referral,,,0,0.0,0.0,0.0,0.0,0,0.0,0.0
C0004930,SMB,APAC,referral,2024-04-19,2025-11-21,582,5340.82,3007.41,2333.41,0.436901,14,381.49,9.18
C0004932,Mid-Market,EMEA,referral,2025-04-21,2025-11-11,205,7211.41,4922.26,2289.15,0.317434,11,655.58,35.18
C0004933,Mid-Market,North America,referral,2025-07-29,2025-12-03,128,9313.18,6131.82,3181.36,0.341598,13,716.4,72.76
C0004956,SMB,North America,referral,2024-02-26,2024-03-01,5,327.15,164.8,162.35,0.496256,2,163.58,65.43
C0004964,Startup,LATAM,referral,2024-05-15,2024-06-30,47,653.36,314.14,339.22,0.519193,5,130.67,13.9
C0004981,Enterprise,LATAM,referral,,,0,0.0,0.0,0.0,0.0,0,0.0,0.0
C0004993,Mid-Market,LATAM,referral,2025-05-29,2025-12-27,213,7077.63,3835.71,3241.92,0.458052,13,544.43,33.23
C0005001,Mid-Market,North America,referral,2024-01-31,2024-02-21,22,4451.28,2381.95,2069.33,0.464884,4,1112.82,202.33
C0005010,Enterprise,LATAM,referral,2024-10-06,2024-11-16,42,5641.15,3122.29,2518.86,0.446515,3,1880.38,134.31
C0005025,SMB,EMEA,referral,2025-06-05,2025-09-17,105,2978.95,1760.52,1218.43,0.409013,8,372.37,28.37
C0005027,Startup,North America,referral,2024-10-18,2025-02-02,108,1615.11,861.91,753.2,0.466346,6,269.18,14.95
C0005035,SMB,EMEA,referral,2025-05-02,2025-12-24,237,3937.69,2246.47,1691.22,0.429495,9,437.52,16.61
C0005041,SMB,North America,referral,2024-03-18,2024-03-18,1,248.51,137.29,111.22,0.447547,1,248.51,248.51
C0005057,SMB,North America,referral,2025-08-15,2025-11-20,98,223.39,113.71,109.68,0.49098,3,74.46,2.28
C0005066,Mid-Market,North America,referral,2025-01-06,2025-12-14,343,11409.73,7547.21,3862.52,0.338529,20,570.49,33.26
C0005069,Startup,North America,referral,2024-04-25,2024-07-10,77,116.97,58.42,58.55,0.500556,2,58.48,1.52
C0005073,SMB,APAC,referral,2024-12-16,2025-10-07,296,2590.75,1597.17,993.58,0.383511,10,259.08,8.75
C0005074,SMB,North America,referral,2025-01-21,2025-05-29,129,439.28,300.73,138.55,0.315402,3,146.43,3.41
C0005080,Startup,APAC,referral,2025-07-11,2025-09-10,62,326.84,167.01,159.83,0.489016,4,81.71,5.27
C0005081,SMB,EMEA,referral,2023-11-25,2025-10-26,702,8281.86,5642.3,2639.56,0.318716,22,376.45,11.8
C0005089,Mid-Market,LATAM,referral,2025-11-22,2025-12-28,37,2984.89,2135.02,849.87,0.284724,4,746.22,80.67
C0005091,Mid-Market,APAC,referral,2024-09-18,2025-12-28,467,19063.88,12713.95,6349.93,0.333087,24,794.33,40.82
C0005092,SMB,LATAM,referral,2025-07-27,2025-12-07,134,1723.96,1181.61,542.35,0.314595,5,344.79,12.87
C0005094,SMB,North America,referral,2024-07-29,2025-12-08,498,1775.44,885.57,889.87,0.501211,10,177.54,3.57
C0005100,SMB,LATAM,referral,2025-09-26,2025-12-27,93,3645.85,2453.41,1192.44,0.327068,6,607.64,39.2
C0005113,Mid-Market,North America,referral,2025-07-16,2025-08-12,28,4738.8,3642.42,1096.38,0.231362,4,1184.7,169.24
C0005124,Mid-Market,APAC,referral,2025-02-14,2025-11-13,273,9645.76,5907.87,3737.89,0.387516,14,688.98,35.33
C0005125,Mid-Market,APAC,referral,2025-02-15,2025-12-31,320,9201.17,5315.76,3885.41,0.422273,22,418.24,28.75
C0005128,SMB,EMEA,referral,2024-03-24,2025-11-16,603,6556.09,3991.87,2564.22,0.39112,28,234.15,10.87
C0005134,Mid-Market,North America,referral,2024-11-30,2025-12-29,395,11344.67,7099.35,4245.32,0.374213,14,810.33,28.72
C0005136,SMB,EMEA,referral,2025-01-07,2025-11-19,317,3202.52,1971.83,1230.69,0.384288,7,457.5,10.1
C0005137,Mid-Market,EMEA,referral,2023-06-14,2023-07-08,25,3805.88,2503.69,1302.19,0.342152,5,761.18,152.24
C0005141,Mid-Market,EMEA,referral,2025-07-09,2025-11-29,144,3537.38,2224.04,1313.34,0.371275,10,353.74,24.57
C0005143,SMB,North America,referral,2024-06-25,2025-09-20,453,4732.95,3264.91,1468.04,0.310174,11,430.27,10.45
C0005145,Mid-Market,LATAM,referral,2024-06-24,2024-07-08,15,375.81,217.05,158.76,0.422448,3,125.27,25.05
C0005149,Mid-Market,EMEA,referral,2025-10-22,2025-11-24,34,6007.07,4359.39,1647.68,0.27429,3,2002.36,176.68
C0005161,SMB,APAC,referral,,,0,0.0,0.0,0.0,0.0,0,0.0,0.0
C0005162,SMB,North America,referral,2025-11-24,2025-12-11,18,668.99,352.16,316.83,0.473595,5,133.8,37.17
C0005167,SMB,North America,referral,2024-09-26,2025-02-25,153,1049.47,541.38,508.09,0.48414,6,174.91,6.86
C0005169,Startup,LATAM,referral,2023-08-21,2023-08-21,1,12.0,6.86,5.14,0.428333,1,12.0,12.0
C0005173,Mid-Market,North America,referral,2025-10-06,2025-12-14,70,4396.36,3323.35,1073.01,0.244068,6,732.73,62.81
C0005174,SMB,North America,referral,2023-08-04,2023-09-17,45,1552.68,1119.38,433.3,0.279066,6,258.78,34.5
C0005176,Enterprise,LATAM,referral,2023-04-06,2024-01-12,282,18476.64,12328.12,6148.52,0.332773,12,1539.72,65.52
C0005177,Startup,APAC,referral,2024-06-12,2024-12-19,191,218.47,110.69,107.78,0.49334,4,54.62,1.14
C0005181,Mid-Market,North America,referral,2025-04-29,2025-12-17,233,18700.53,12468.3,6232.23,0.333265,16,1168.78,80.26
C0005183,SMB,EMEA,referral,2023-01-23,2025-04-26,825,7633.09,4799.7,2833.39,0.371198,27,282.71,9.25
C0005200,SMB,EMEA,referral,2025-02-07,2025-12-13,310,2277.08,1522.67,754.41,0.331306,6,379.51,7.35
C0005201,SMB,LATAM,referral,2024-04-02,2024-04-04,3,411.84,217.57,194.27,0.471712,2,205.92,137.28
C0005212,Mid-Market,APAC,referral,2024-03-29,2025-09-22,543,13545.47,8433.5,5111.97,0.377393,26,520.98,24.95
C0005238,Mid-Market,APAC,referral,2023-07-22,2025-08-27,768,28115.82,17525.21,10590.61,0.376678,42,669.42,36.61
C0005239,Enterprise,North America,referral,2024-10-27,2025-12-24,424,79516.22,59144.89,20371.33,0.256191,33,2409.58,187.54
C0005246,Enterprise,APAC,referral,2025-07-10,2025-12-16,160,7723.94,4907.06,2816.88,0.364695,8,965.49,48.27
C0005247,Mid-Market,North America,referral,2025-01-31,2025-12-14,318,8641.43,5212.66,3428.77,0.396783,16,540.09,27.17
C0005261,Mid-Market,EMEA,referral,2025-06-24,2025-12-30,190,15774.03,9900.43,5873.6,0.372359,13,1213.39,83.02
C0005262,Mid-Market,LATAM,referral,2025-06-20,2025-06-20,1,331.28,204.05,127.23,0.384056,1,331.28,331.28
C0005266,Startup,North America,referral,2023-04-25,2023-07-31,98,580.32,307.37,272.95,0.470344,6,96.72,5.92
C0005269,SMB,North America,referral,2025-11-17,2025-12-29,43,575.44,347.67,227.77,0.395819,3,191.81,13.38
C0005270,Enterprise,North America,referral,2024-12-19,2024-12-26,8,13671.22,10479.43,3191.79,0.233468,3,4557.07,1708.9
C0005279,Mid-Market,APAC,referral,2023-11-29,2024-03-23,116,12482.88,9339.15,3143.73,0.251843,11,1134.81,107.61
C0005285,Startup,North America,referral,2024-02-17,2025-12-16,669,1983.59,1195.51,788.08,0.3973,20,99.18,2.97
C0005287,Startup,North America,referral,2025-08-01,2025-08-01,1,421.11,302.64,118.47,0.281328,1,421.11,421.11
C0005293,Mid-Market,EMEA,referral,2025-09-30,2025-10-24,25,3122.77,1911.08,1211.69,0.388018,5,624.55,124.91
C0005300,Enterprise,North America,referral,2023-06-23,2025-02-03,592,69802.44,52167.89,17634.55,0.252635,39,1789.81,117.91
C0005302,Enterprise,North America,referral,2025-03-25,2025-10-25,215,23726.97,17249.93,6477.04,0.272982,14,1694.78,110.36
C0005303,SMB,North America,referral,2025-10-05,2025-11-25,52,2715.33,2130.09,585.24,0.215532,6,452.56,52.22
C0005314,SMB,EMEA,referral,2025-05-24,2025-11-27,188,2251.15,1256.92,994.23,0.441654,11,204.65,11.97
C0005317,SMB,North America,referral,2023-03-27,2023-09-02,160,1374.8,677.87,696.93,0.506932,3,458.27,8.59
C0005319,Startup,APAC,referral,2024-09-09,2025-10-23,410,1309.93,669.48,640.45,0.488919,8,163.74,3.19
C0005320,SMB,EMEA,referral,2024-07-06,2025-11-21,504,15722.24,10083.42,5638.82,0.358652,27,582.31,31.19
C0005321,SMB,North America,referral,2023-06-14,2025-12-13,914,12681.64,7436.01,5245.63,0.41364,26,487.76,13.87
C0005326,SMB,APAC,referral,2023-10-05,2025-11-29,787,6514.56,4306.69,2207.87,0.338913,19,342.87,8.28
C0005332,Enterprise,EMEA,referral,2025-06-26,2025-10-15,112,15048.9,9579.38,5469.52,0.36345,13,1157.61,134.37
C0005341,Mid-Market,EMEA,referral,2024-06-29,2025-11-20,510,19554.26,12682.12,6872.14,0.35144,26,752.09,38.34
C0005353,Startup,APAC,referral,,,0,0.0,0.0,0.0,0.0,0,0.0,0.0
C0005364,Enterprise,APAC,referral,2025-10-27,2025-12-18,53,41525.42,28645.63,12879.79,0.310166,9,4613.94,783.5
C0005371,Startup,North America,referral,2024-04-04,2025-11-30,606,1587.55,1031.87,555.68,0.350024,15,105.84,2.62
C0005378,SMB,EMEA,referral,2025-06-15,2025-12-12,181,1208.96,713.51,495.45,0.409815,7,172.71,6.68
C0005380,Mid-Market,North America,referral,2025-09-02,2025-09-28,27,4801.77,3422.63,1379.14,0.287215,3,1600.59,177.84
C0005381,Mid-Market,North America,referral,2024-03-01,2025-12-06,646,17513.62,10003.33,7510.29,0.428826,26,673.6,27.11
C0005386,Startup,North America,referral,2025-07-29,2025-12-19,144,189.27,108.75,80.52,0.425424,4,47.32,1.31
C0005387,Mid-Market,EMEA,referral,2023-06-21,2024-12-23,552,15585.11,9666.89,5918.22,0.379736,24,649.38,28.23
C0005397,SMB,LATAM,referral,2024-05-17,2025-01-14,243,3474.15,2213.45,1260.7,0.36288,10,347.42,14.3
C0005408,SMB,EMEA,referral,2024-02-02,2025-03-27,420,3310.09,1856.5,1453.59,0.439139,16,206.88,7.88
C0005416,Startup,EMEA,referral,2024-12-06,2025-12-17,377,643.08,415.4,227.68,0.354046,7,91.87,1.71
C0005422,Startup,North America,referral,2024-12-16,2025-12-10,360,2190.44,1156.54,1033.9,0.472006,11,199.13,6.08
C0005442,SMB,LATAM,referral,2025-09-03,2025-11-08,67,1061.84,554.49,507.35,0.477803,7,151.69,15.85
C0005445,Startup,North America,referral,,,0,0.0,0.0,0.0,0.0,0,0.0,0.0
C0005449,Mid-Market,EMEA,referral,2025-01-24,2025-10-01,251,5526.05,3546.68,1979.37,0.358189,14,394.72,22.02
C0005454,Mid-Market,EMEA,referral,2023-11-24,2023-12-10,17,3356.91,1992.16,1364.75,0.406549,7,479.56,197.47
C0005459,Startup,EMEA,referral,2023-12-24,2025-10-07,654,2128.41,1273.16,855.25,0.401826,14,152.03,3.25
C0005462,Enterprise,APAC,referral,2023-07-31,2025-02-09,560,100408.98,73794.36,26614.62,0.265062,39,2574.59,179.3
C0005463,SMB,EMEA,referral,2023-07-29,2025-11-03,829,5938.48,3535.23,2403.25,0.404691,25,237.54,7.16
C0005485,SMB,EMEA,referral,2025-10-14,2025-12-23,71,620.4,373.88,246.52,0.397357,2,310.2,8.74
C0005496,Startup,EMEA,referral,2024-07-02,2025-12-21,538,2897.5,1631.52,1265.98,0.436921,25,115.9,5.39
C0005503,Startup,APAC,referral,2023-07-30,2023-11-01,95,852.15,515.98,336.17,0.394496,9,94.68,8.97
C0005505,Enterprise,EMEA,referral,2025-10-06,2025-12-22,78,30060.07,20517.57,9542.5,0.317448,8,3757.51,385.39
C0005509,SMB,North America,referral,2025-07-28,2025-12-22,148,1476.98,880.3,596.68,0.403987,9,164.11,9.98
C0005513,SMB,North America,referral,2024-11-20,2025-03-13,114,1833.2,888.79,944.41,0.51517,4,458.3,16.08
C0005514,Startup,APAC,referral,2024-06-03,2025-12-01,547,4270.15,2385.69,1884.46,0.44131,15,284.68,7.81
C0005515,Startup,North America,referral,2023-07-29,2024-05-13,290,1424.93,995.75,429.18,0.301194,8,178.12,4.91
C0005516,Startup,EMEA,referral,,,0,0.0,0.0,0.0,0.0,0,0.0,0.0
C0005517,SMB,APAC,referral,2023-11-26,2024-09-08,288,4333.77,2650.03,1683.74,0.388516,14,309.56,15.05
C0005520,SMB,APAC,referral,2025-02-23,2025-11-22,273,5138.34,3194.25,1944.09,0.37835,17,302.26,18.82
C0005526,SMB,North America,referral,2025-12-16,2025-12-16,1,184.27,137.4,46.87,0.254355,1,184.27,184.27
C0005533,SMB,North America,referral,2025-02-27,2025-07-18,142,1584.94,1001.05,583.89,0.368399,4,396.24,11.16
C0005536,Mid-Market,LATAM,referral,2025-10-12,2025-12-09,59,4458.27,3047.75,1410.52,0.316383,5,891.65,75.56
C0005543,Mid-Market,North America,referral,2025-03-29,2025-12-26,273,8108.02,4775.72,3332.3,0.410988,20,405.4,29.7
C0005546,Mid-Market,APAC,referral,2024-04-30,2025-12-09,589,12870.51,8370.88,4499.63,0.349608,22,585.02,21.85
C0005547,Startup,North America,referral,2025-12-15,2025-12-15,1,28.44,16.31,12.13,0.426512,1,28.44,28.44
C0005555,Mid-Market,North America,referral,2025-04-29,2025-12-28,244,14215.48,9550.67,4664.81,0.32815,16,888.47,58.26
C0005561,SMB,North America,referral,,,0,0.0,0.0,0.0,0.0,0,0.0,0.0
C0005566,Startup,North America,referral,2024-03-21,2024-03-21,1,108.32,56.54,51.78,0.478028,1,108.32,108.32
C0005575,Startup,North America,referral,2024-07-30,2025-10-07,435,1182.28,698.88,483.4,0.408871,13,90.94,2.72
C0005577,SMB,North America,referral,2025-12-30,2025-12-30,1,21.47,12.5,8.97,0.417792,1,21.47,21.47
C0005584,SMB,LATAM,referral,2025-06-16,2025-12-28,196,1965.29,1085.95,879.34,0.447435,10,196.53,10.03
C0005589,SMB,North America,referral,2024-12-31,2025-06-29,181,2119.96,1343.48,776.48,0.366271,9,235.55,11.71
C0005596,Startup,APAC,referral,2025-04-27,2025-07-03,68,430.49,235.39,195.1,0.453204,4,107.62,6.33
C0005599,Mid-Market,North America,referral,2025-02-25,2025-12-28,307,10772.66,6597.82,4174.84,0.38754,13,828.67,35.09
C0005603,SMB,LATAM,referral,2025-11-13,2025-11-13,1,97.74,53.42,44.32,0.453448,1,97.74,97.74
C0005608,SMB,APAC,referral,2025-03-31,2025-08-28,151,3065.71,1805.05,1260.66,0.411213,9,340.63,20.3
C0005621,Startup,EMEA,referral,2024-10-24,2025-12-14,417,1777.66,954.3,823.36,0.463171,13,136.74,4.26
C0005622,Startup,North America,referral,2024-05-24,2024-05-29,6,140.59,77.45,63.14,0.449107,2,70.3,23.43
C0005628,Startup,EMEA,referral,2025-08-23,2025-08-23,1,26.27,17.04,9.23,0.351351,1,26.27,26.27
C0005636,Mid-Market,EMEA,referral,2025-05-21,2025-12-30,224,3887.47,2276.19,1611.28,0.41448,4,971.87,17.35
C0005638,Mid-Market,EMEA,referral,2025-07-03,2025-07-04,2,3249.32,1765.78,1483.54,0.456569,2,1624.66,1624.66
C0005641,Startup,North America,referral,2024-09-07,2025-05-21,257,1002.35,664.1,338.25,0.337457,7,143.19,3.9
C0005643,Enterprise,LATAM,referral,2025-07-28,2025-09-12,47,21786.06,16012.79,5773.27,0.264998,8,2723.26,463.53
C0005650,SMB,North America,referral,2023-12-31,2024-11-19,325,1296.27,772.09,524.18,0.404376,7,185.18,3.99
C0005651,Startup,EMEA,referral,2025-12-06,2025-12-06,1,159.38,91.22,68.16,0.427657,1,159.38,159.38
C0005654,Mid-Market,EMEA,referral,2024-07-29,2025-04-06,252,11655.87,6928.18,4727.69,0.405606,23,506.78,46.25
C0005661,Enterprise,EMEA,referral,2024-09-23,2025-03-07,166,16465.1,11760.69,4704.41,0.28572,13,1266.55,99.19
C0005664,SMB,EMEA,referral,2023-09-11,2024-10-09,395,3220.74,1862.61,1358.13,0.421683,15,214.72,8.15
C0005666,SMB,LATAM,referral,2025-05-30,2025-08-13,76,1953.17,1591.75,361.42,0.185043,3,651.06,25.7
C0005673,Mid-Market,North America,referral,2024-07-27,2025-11-05,467,16921.52,10706.91,6214.61,0.367261,25,676.86,36.23
C0005677,Mid-Market,EMEA,referral,2023-11-07,2025-12-20,775,28678.78,19218.33,9460.45,0.329876,38,754.7,37.0
C0005680,Startup,North America,referral,2024-08-23,2024-09-06,15,105.65,40.7,64.95,0.614766,2,52.82,7.04
C0005688,SMB,APAC,referral,2024-01-02,2025-12-23,722,8224.43,5083.75,3140.68,0.381872,29,283.6,11.39
C0005700,SMB,North America,referral,2023-04-19,2025-12-28,985,22898.54,13187.78,9710.76,0.424078,43,532.52,23.25
C0005702,SMB,EMEA,referral,2023-07-08,2023-07-08,1,202.95,99.75,103.2,0.5085,1,202.95,202.95
C0005703,SMB,EMEA,referral,2023-05-13,2023-10-03,144,1403.5,656.88,746.62,0.53197,10,140.35,9.75
C0005709,Mid-Market,APAC,referral,,,0,0.0,0.0,0.0,0.0,0,0.0,0.0
C0005712,SMB,LATAM,referral,2025-03-08,2025-05-07,61,1030.06,583.96,446.1,0.433082,3,343.35,16.89
C0005715,SMB,LATAM,referral,2023-08-06,2023-08-06,1,75.57,41.3,34.27,0.453487,1,75.57,75.57
C0005717,Startup,APAC,referral,,,0,0.0,0.0,0.0,0.0,0,0.0,0.0
C0005724,SMB,EMEA,referral,,,0,0.0,0.0,0.0,0.0,0,0.0,0.0
C0005727,SMB,North America,referral,2025-04-24,2025-10-21,181,1614.67,1045.45,569.22,0.35253,5,322.93,8.92
C0005730,Startup,APAC,referral,2024-06-06,2025-10-06,488,2180.93,1476.67,704.26,0.322917,15,145.4,4.47
C0005738,SMB,North America,referral,2025-05-27,2025-12-22,210,1926.45,1256.47,669.98,0.34778,6,321.08,9.17
C0005741,Mid-Market,North America,referral,2025-06-25,2025-11-28,157,2812.6,1484.15,1328.45,0.472321,7,401.8,17.91
C0005742,Mid-Market,APAC,referral,2025-06-04,2025-12-30,210,9370.15,5815.4,3554.75,0.37937,12,780.85,44.62
C0005744,Startup,APAC,referral,2025-10-25,2025-11-09,16,341.92,189.28,152.64,0.44642,2,170.96,21.37
C0005762,SMB,EMEA,referral,2025-11-04,2025-12-25,52,2605.61,1688.99,916.62,0.351787,6,434.27,50.11
C0005763,SMB,EMEA,referral,2025-07-13,2025-11-21,132,2684.6,1765.39,919.21,0.342401,8,335.58,20.34
C0005768,SMB,APAC,referral,2025-03-27,2025-05-29,64,850.2,499.95,350.25,0.411962,3,283.4,13.28
C0005781,Mid-Market,EMEA,referral,2025-12-30,2025-12-30,1,139.44,49.82,89.62,0.642714,1,139.44,139.44
C0005782,Startup,North America,referral,2025-12-30,2025-12-31,2,163.09,93.25,69.84,0.42823,3,54.36,81.54
C0005783,Startup,LATAM,referral,2024-11-30,2024-12-03,4,295.84,186.2,109.64,0.370606,2,147.92,73.96
C0005789,Startup,LATAM,referral,2025-08-31,2025-12-02,94,1011.46,506.9,504.56,0.498843,6,168.58,10.76
C0005790,Startup,APAC,referral,2024-11-16,2025-09-14,303,1910.21,1200.11,710.1,0.371739,9,212.25,6.3
C0005796,Mid-Market,North America,referral,,,0,0.0,0.0,0.0,0.0,0,0.0,0.0
C0005797,SMB,LATAM,referral,2025-01-16,2025-11-02,291,2285.29,1376.51,908.78,0.397665,11,207.75,7.85
C0005800,SMB,EMEA,referral,2024-08-27,2025-11-07,438,3571.46,2046.45,1525.01,0.426999,18,198.41,8.15
C0005805,SMB,EMEA,referral,2025-01-04,2025-09-02,242,1045.11,621.19,423.92,0.405622,8,130.64,4.32
C0005807,Mid-Market,APAC,referral,2025-05-30,2025-08-16,79,3415.77,1749.52,1666.25,0.487811,10,341.58,43.24
C0005809,Startup,North America,referral,2023-05-18,2025-12-11,939,11487.41,6506.08,4981.33,0.433634,29,396.12,12.23
C0005819,SMB,North America,referral,2024-07-04,2024-07-04,1,299.79,138.68,161.11,0.53741,1,299.79,299.79
C0005822,SMB,North America,referral,2025-09-19,2025-12-14,87,2742.91,1726.65,1016.26,0.370504,5,548.58,31.53
C0005825,Enterprise,North America,referral,2024-07-27,2025-06-20,329,32287.02,23257.93,9029.09,0.279651,16,2017.94,98.14
C0005832,SMB,APAC,referral,2024-05-03,2025-10-19,535,5826.31,3430.45,2395.86,0.411214,19,306.65,10.89
C0005837,SMB,North America,referral,2025-10-27,2025-12-09,44,1288.09,695.64,592.45,0.459945,2,644.04,29.27
C0005839,SMB,EMEA,referral,2024-12-04,2025-03-22,109,1159.54,655.29,504.25,0.434871,6,193.26,10.64
C0005844,Mid-Market,EMEA,referral,2025-03-31,2025-11-26,241,6956.55,4371.5,2585.05,0.371599,13,535.12,28.87
C0005851,Startup,EMEA,referral,,,0,0.0,0.0,0.0,0.0,0,0.0,0.0
C0005856,SMB,APAC,referral,2025-08-24,2025-12-17,116,1463.8,834.07,629.73,0.430202,5,292.76,12.62
C0005857,SMB,LATAM,referral,2025-05-06,2025-12-26,235,6170.97,3527.97,2643.0,0.428296,12,514.25,26.26
C0005869,SMB,EMEA,referral,2023-08-30,2024-04-02,217,4345.8,2864.76,1481.04,0.340798,9,482.87,20.03
C0005871,SMB,LATAM,referral,2025-05-14,2025-12-19,220,1189.15,641.26,547.89,0.460741,8,148.64,5.41
C0005874,Startup,North America,referral,2023-11-04,2024-03-18,136,2312.01,1513.2,798.81,0.345505,5,462.4,17.0
C0005878,Mid-Market,LATAM,referral,2024-01-11,2025-12-13,703,14614.4,9336.08,5278.32,0.361173,30,487.15,20.79
C0005887,Mid-Market,EMEA,referral,2024-03-20,2025-12-30,651,27492.29,16877.95,10614.34,0.386084,36,763.67,42.23
C0005900,Startup,North America,referral,2023-04-28,2023-06-29,63,270.37,158.69,111.68,0.413064,2,135.18,4.29
C0005906,SMB,EMEA,referral,,,0,0.0,0.0,0.0,0.0,0,0.0,0.0
C0005907,Mid-Market,North America,referral,2025-05-07,2025-10-01,148,11414.67,7652.44,3762.23,0.329596,8,1426.83,77.13
C0005910,Mid-Market,APAC,referral,2023-09-10,2025-12-31,844,35181.78,23172.65,12009.13,0.341345,49,718.0,41.68
C0005913,Mid-Market,APAC,referral,2025-01-25,2025-04-02,68,525.51,323.5,202.01,0.384408,2,262.76,7.73
C0005937,Mid-Market,North America,referral,2024-02-26,2025-12-26,670,20018.83,12920.38,7098.45,0.354589,27,741.44,29.88
C0005941,SMB,APAC,referral,2025-06-02,2025-10-23,144,1975.32,1308.91,666.41,0.337368,7,282.19,13.72
C0005943,Startup,North America,referral,2023-10-06,2024-04-28,206,1254.04,780.83,473.21,0.377348,7,179.15,6.09
C0005948,Mid-Market,LATAM,referral,2025-06-18,2025-10-03,108,906.68,537.21,369.47,0.407498,5,181.34,8.4
C0005965,SMB,North America,referral,2025-05-24,2025-11-08,169,1550.59,823.12,727.47,0.469157,8,193.82,9.18
C0005978,Startup,North America,referral,2024-08-03,2024-11-26,116,888.27,519.36,368.91,0.415313,7,126.9,7.66
C0005980,Mid-Market,North America,referral,2025-06-24,2025-12-26,186,5845.05,3419.06,2425.99,0.41505,16,365.32,31.42
C0005984,Enterprise,LATAM,referral,2024-06-16,2024-10-07,114,17553.59,11703.26,5850.33,0.333284,7,2507.66,153.98
C0005997,SMB,EMEA,referral,2025-03-23,2025-05-30,69,1196.66,703.34,493.32,0.412247,6,199.44,17.34
C0006005,SMB,APAC,referral,2023-04-28,2023-10-10,166,3889.04,2340.97,1548.07,0.39806,6,648.17,23.43
C0006030,SMB,APAC,referral,2023-11-30,2023-12-14,15,856.65,572.72,283.93,0.331442,3,285.55,57.11
C0006044,Startup,LATAM,referral,,,0,0.0,0.0,0.0,0.0,0,0.0,0.0
C0006045,Enterprise,North America,referral,2025-01-18,2025-03-24,66,5468.81,3680.45,1788.36,0.327011,5,1093.76,82.86
C0006049,SMB,North America,referral,2024-03-26,2025-12-22,637,10207.61,6383.93,3823.68,0.374591,33,309.32,16.02
C0006053,SMB,North America,referral,2025-09-16,2025-10-29,44,1354.09,875.15,478.94,0.353699,3,451.36,30.77
C0006054,Startup,North America,referral,2024-05-01,2024-05-01,1,128.38,69.4,58.98,0.459417,1,128.38,128.38
C0006063,SMB,North America,referral,2023-10-30,2023-11-07,9,639.73,411.34,228.39,0.35701,3,213.24,71.08
C0006065,Mid-Market,APAC,referral,2024-06-24,2025-11-13,508,21230.52,13591.0,7639.52,0.359837,29,732.09,41.79
C0006066,Mid-Market,North America,referral,2025-10-13,2025-11-10,29,1259.34,633.3,626.04,0.497118,4,314.83,43.43
C0006074,Mid-Market,APAC,referral,2023-12-14,2025-12-25,743,35842.8,21401.24,14441.56,0.402914,35,1024.08,48.24
C0006075,Startup,APAC,referral,2025-11-16,2025-12-28,43,840.09,450.64,389.45,0.463581,2,420.04,19.54
C0006076,Mid-Market,LATAM,referral,2025-03-21,2025-12-15,270,13560.91,9488.33,4072.58,0.300318,9,1506.77,50.23
C0006077,Mid-Market,APAC,referral,2025-04-06,2025-11-14,223,8080.66,5208.48,2872.18,0.355439,14,577.19,36.24
C0006079,SMB,EMEA,referral,2023-05-25,2023-08-12,80,2001.09,1157.97,843.12,0.42133,4,500.27,25.01
C0006082,Enterprise,North America,referral,2023-03-09,2023-05-17,70,15958.21,12292.72,3665.49,0.229693,4,3989.55,227.97
C0006090,Startup,EMEA,referral,2025-09-27,2025-09-27,1,133.34,83.93,49.41,0.370556,1,133.34,133.34
C0006092,Mid-Market,North America,referral,2023-09-02,2024-11-13,439,19278.15,13034.09,6244.06,0.323893,23,838.18,43.91
C0006095,SMB,North America,referral,,,0,0.0,0.0,0.0,0.0,0,0.0,0.0
C0006098,SMB,LATAM,referral,2025-01-31,2025-07-27,178,3190.72,1986.82,1203.9,0.377313,12,265.89,17.93
C0006101,SMB,North America,referral,2025-02-28,2025-05-31,93,1978.35,1230.58,747.77,0.377977,4,494.59,21.27
C0006106,SMB,LATAM,referral,2025-12-11,2025-12-11,1,375.22,218.36,156.86,0.418048,1,375.22,375.22
C0006116,Mid-Market,EMEA,referral,2025-08-15,2025-10-22,69,32694.2,23027.81,9666.39,0.295661,7,4670.6,473.83
C0006122,Startup,EMEA,referral,2024-07-31,2024-08-12,13,508.37,259.9,248.47,0.488758,3,169.46,39.11
C0006125,Mid-Market,EMEA,referral,2023-05-19,2025-12-19,946,49453.59,29735.1,19718.49,0.398727,39,1268.04,52.28
C0006126,SMB,EMEA,referral,2024-05-28,2025-03-24,301,4992.01,3247.96,1744.05,0.349368,13,384.0,16.58
C0006134,Startup,APAC,referral,2024-03-29,2024-12-03,250,979.32,528.45,450.87,0.460391,8,122.42,3.92
C0006135,Mid-Market,EMEA,referral,2024-07-12,2025-11-02,479,27225.41,17366.22,9859.19,0.362132,24,1134.39,56.84
C0006136,SMB,North America,referral,2024-03-19,2024-07-29,133,516.14,293.28,222.86,0.431782,5,103.23,3.88
C0006141,Mid-Market,EMEA,referral,2023-12-20,2025-12-24,736,18453.31,11149.45,7303.86,0.395802,31,595.27,25.07
C0006155,SMB,North America,referral,2024-09-27,2025-09-20,359,5432.81,3326.92,2105.89,0.387624,21,258.71,15.13
C0006159,SMB,North America,referral,2023-01-09,2023-03-22,73,1035.53,625.19,410.34,0.396261,7,147.93,14.19
C0006165,SMB,EMEA,referral,2025-10-25,2025-12-19,56,2084.19,1207.58,876.61,0.4206,10,208.42,37.22
C0006168,Mid-Market,EMEA,referral,2024-12-11,2025-10-03,297,10841.98,6845.33,3996.65,0.368627,19,570.63,36.5
C0006179,Enterprise,North America,referral,2024-08-09,2024-11-13,97,4750.07,3246.89,1503.18,0.316454,2,2375.04,48.97
C0006184,Mid-Market,EMEA,referral,2025-05-08,2025-12-07,214,2123.14,1100.62,1022.52,0.481607,7,303.31,9.92
C0006195,SMB,APAC,referral,2023-05-18,2023-08-16,91,3190.57,1912.5,1278.07,0.400577,10,319.06,35.06
C0006200,Startup,North America,referral,2025-12-29,2025-12-29,1,277.97,156.4,121.57,0.437349,1,277.97,277.97
C0006203,SMB,EMEA,referral,2025-02-19,2025-12-11,296,4113.33,2528.13,1585.2,0.385381,7,587.62,13.9
C0006207,SMB,EMEA,referral,2024-08-29,2025-12-28,487,3097.55,1714.3,1383.25,0.446563,14,221.25,6.36
C0006213,SMB,LATAM,referral,2024-08-06,2025-06-20,319,3424.57,1751.61,1672.96,0.488517,14,244.61,10.74
C0006220,Mid-Market,LATAM,referral,2024-10-13,2025-12-07,421,16100.38,10875.65,5224.73,0.32451,21,766.68,38.24
C0006222,Mid-Market,APAC,referral,2024-01-25,2024-06-27,155,11826.41,8090.1,3736.31,0.315929,15,788.43,76.3
C0006224,Mid-Market,APAC,referral,2023-10-12,2025-12-29,810,26340.49,17200.47,9140.02,0.346995,46,572.62,32.52
C0006225,Mid-Market,LATAM,referral,2024-12-31,2025-05-10,131,4331.73,3036.05,1295.68,0.299114,6,721.96,33.07
C0006231,Startup,North America,referral,2025-11-05,2025-11-25,21,519.45,248.72,270.73,0.521186,2,259.73,24.74
C0006234,Mid-Market,North America,referral,2024-04-18,2025-12-26,618,20039.76,13615.92,6423.84,0.320555,33,607.27,32.43
C0006238,Enterprise,EMEA,referral,,,0,0.0,0.0,0.0,0.0,0,0.0,0.0
C0006241,Mid-Market,LATAM,referral,2025-06-06,2025-08-22,78,2175.29,1293.03,882.26,0.405583,5,435.06,27.89
C0006249,SMB,North America,referral,2025-03-28,2025-12-31,279,2932.96,1497.4,1435.56,0.489458,10,293.3,10.51
C0006263,Mid-Market,North America,referral,2023-09-03,2023-10-05,33,8162.58,5699.05,2463.53,0.301808,6,1360.43,247.35
C0006275,SMB,EMEA,referral,2023-03-21,2024-06-20,458,7723.94,4458.66,3265.28,0.422748,12,643.66,16.86
C0006294,SMB,North America,referral,2025-12-26,2025-12-26,1,137.21,92.14,45.07,0.328475,1,137.21,137.21
C0006309,Enterprise,APAC,referral,2024-06-28,2025-12-08,529,76731.17,56556.07,20175.1,0.262932,38,2019.24,145.05
C0006311,Mid-Market,EMEA,referral,2023-12-31,2025-07-27,575,33101.86,21815.74,11286.12,0.340951,37,894.64,57.57
C0006316,Enterprise,North America,referral,2024-12-30,2025-07-27,210,12028.22,7380.84,4647.38,0.386373,12,1002.35,57.28
C0006322,SMB,North America,referral,2024-10-02,2025-11-03,398,432.4,205.72,226.68,0.524237,4,108.1,1.09
C0006329,SMB,LATAM,referral,2024-09-22,2025-12-25,460,4956.96,3236.24,1720.72,0.347132,19,260.89,10.78
C0006334,Startup,LATAM,referral,2024-11-25,2025-12-31,402,1917.01,1115.96,801.05,0.417864,10,191.7,4.77
C0006337,Startup,APAC,referral,2024-10-12,2025-09-06,330,3973.93,2001.09,1972.84,0.496446,13,305.69,12.04
C0006340,SMB,APAC,referral,2025-06-04,2025-12-26,206,3859.61,2352.55,1507.06,0.39047,8,482.45,18.74
C0006343,Enterprise,North America,referral,2025-10-11,2025-12-29,80,13458.28,8527.12,4931.16,0.366403,4,3364.57,168.23
C0006345,Startup,LATAM,referral,2024-04-23,2025-09-03,499,2725.78,1577.1,1148.68,0.421413,15,181.72,5.46
C0006352,SMB,APAC,referral,2025-11-23,2025-11-23,1,270.78,212.84,57.94,0.213974,1,270.78,270.78
C0006368,Mid-Market,APAC,referral,2024-01-18,2025-12-27,710,19705.91,13364.56,6341.35,0.321799,27,729.85,27.75
C0006386,Startup,EMEA,referral,2025-12-15,2025-12-15,1,100.75,40.89,59.86,0.594144,1,100.75,100.75
C0006389,Startup,EMEA,referral,,,0,0.0,0.0,0.0,0.0,0,0.0,0.0
C0006394,Enterprise,EMEA,referral,2023-09-20,2023-10-17,28,13936.24,9120.2,4816.04,0.345577,6,2322.71,497.72
C0006405,SMB,North America,referral,2024-02-02,2025-07-26,541,2804.35,1563.7,1240.65,0.442402,11,254.94,5.18
C0006423,SMB,North America,referral,2025-05-11,2025-10-19,162,2720.84,1758.27,962.57,0.353777,7,388.69,16.8
C0006425,SMB,North America,referral,2023-06-01,2023-07-27,57,1092.1,683.47,408.63,0.374169,4,273.02,19.16
C0006438,Startup,North America,referral,2024-07-19,2025-12-29,529,4243.93,2478.2,1765.73,0.41606,19,223.36,8.02
C0006440,Startup,APAC,referral,2025-02-28,2025-12-28,304,1862.09,960.06,902.03,0.484418,11,169.28,6.13
C0006447,Mid-Market,EMEA,referral,2025-05-20,2025-10-10,144,2725.55,1575.98,1149.57,0.421775,11,247.78,18.93
C0006462,Startup,North America,referral,,,0,0.0,0.0,0.0,0.0,0,0.0,0.0
C0006473,SMB,EMEA,referral,2025-12-27,2025-12-27,1,65.86,33.39,32.47,0.493015,1,65.86,65.86
C0006475,Mid-Market,North America,referral,2023-08-07,2025-06-26,690,21921.05,13841.92,8079.13,0.368556,27,811.89,31.77
C0006476,SMB,North America,referral,2023-03-31,2025-10-22,937,8817.12,5486.32,3330.8,0.377765,34,259.33,9.41
C0006483,SMB,North America,referral,2025-11-24,2025-12-15,22,325.33,257.67,67.66,0.207973,2,162.66,14.79
C0006488,SMB,North America,referral,2025-04-29,2025-09-07,132,904.82,527.93,376.89,0.416536,3,301.61,6.85
C0006501,Mid-Market,EMEA,referral,2025-11-18,2025-12-25,38,2308.95,1129.04,1179.91,0.511016,5,461.79,60.76
C0006512,Mid-Market,North America,referral,2023-10-10,2025-12-26,809,21776.67,13833.72,7942.95,0.364746,42,518.49,26.92
C0006517,Enterprise,EMEA,referral,2025-06-17,2025-12-17,184,21184.93,13379.18,7805.75,0.368458,15,1412.33,115.14
C0006518,Mid-Market,EMEA,referral,2025-04-22,2025-12-15,238,8298.2,4665.99,3632.21,0.437711,12,691.52,34.87
C0006522,SMB,North America,referral,2024-10-31,2024-10-31,1,460.31,272.33,187.98,0.408377,1,460.31,460.31
C0006525,Mid-Market,North America,referral,2024-06-22,2025-12-03,530,14308.8,8814.03,5494.77,0.384013,32,447.15,27.0
C0006529,SMB,APAC,referral,2025-02-05,2025-12-31,330,925.06,430.37,494.69,0.534765,5,185.01,2.8
C0006537,SMB,EMEA,referral,2023-09-29,2024-12-03,432,7306.41,4529.41,2777.0,0.380077,13,562.03,16.91
C0006539,SMB,APAC,referral,2025-01-09,2025-12-16,342,3127.74,1877.27,1250.47,0.3998,14,223.41,9.15
C0006542,SMB,North America,referral,2024-03-14,2025-06-10,454,2922.82,1709.23,1213.59,0.415212,12,243.57,6.44
C0006544,SMB,LATAM,referral,2025-01-19,2025-04-15,87,4149.55,2612.56,1536.99,0.370399,7,592.79,47.7
C0006547,Startup,EMEA,referral,2023-04-15,2025-03-31,717,8587.17,4788.05,3799.12,0.442418,18,477.06,11.98
C0006553,Enterprise,LATAM,referral,2025-11-16,2025-11-20,5,1870.69,1140.03,730.66,0.390583,2,935.34,374.14
C0006554,Startup,North America,referral,2023-05-31,2024-08-28,456,1496.23,765.5,730.73,0.488381,9,166.25,3.28
C0006556,Mid-Market,EMEA,referral,2024-08-05,2024-08-08,4,946.91,408.55,538.36,0.568544,3,315.64,236.73
C0006563,SMB,LATAM,referral,2023-09-10,2024-04-27,231,2448.73,1186.04,1262.69,0.515651,11,222.61,10.6
C0006565,Mid-Market,APAC,referral,2024-12-08,2025-11-21,349,8875.91,4523.73,4352.18,0.490336,19,467.15,25.43
C0006568,Mid-Market,North America,referral,2024-12-23,2025-12-29,372,7651.56,4500.29,3151.27,0.411847,10,765.16,20.57
C0006575,SMB,EMEA,referral,2024-10-13,2025-12-25,439,2349.44,1370.26,979.18,0.416772,12,195.79,5.35
C0006579,SMB,North America,referral,2025-12-12,2025-12-27,16,1192.76,852.99,339.77,0.28486,3,397.59,74.55
C0006586,Enterprise,North America,referral,2024-04-17,2025-07-06,446,49208.58,35640.77,13567.81,0.27572,24,2050.36,110.33
C0006591,SMB,North America,referral,2024-03-19,2025-12-30,652,4328.17,2334.57,1993.6,0.46061,21,206.1,6.64
C0006593,SMB,North America,referral,2024-11-06,2025-12-02,392,6213.4,4071.64,2141.76,0.3447,18,345.19,15.85
C0006594,Enterprise,EMEA,referral,2025-08-20,2025-12-24,127,2072.75,1100.18,972.57,0.469217,5,414.55,16.32
C0006595,Mid-Market,EMEA,referral,2025-12-31,2025-12-31,1,4019.5,2440.75,1578.75,0.392773,7,574.21,4019.5
C0006605,Startup,LATAM,referral,2025-07-04,2025-12-09,159,744.23,400.04,344.19,0.462478,8,93.03,4.68
C0006608,SMB,EMEA,referral,2024-03-03,2024-12-07,280,1850.23,1064.96,785.27,0.424418,3,616.74,6.61
C0006610,Startup,North America,referral,2023-01-26,2025-12-20,1060,3846.73,2289.09,1557.64,0.404926,26,147.95,3.63
C0006613,Startup,EMEA,referral,2025-01-20,2025-03-11,51,1803.62,899.83,903.79,0.501098,6,300.6,35.37
C0006615,Enterprise,EMEA,referral,,,0,0.0,0.0,0.0,0.0,0,0.0,0.0
C0006626,Startup,EMEA,referral,2025-11-12,2025-12-12,31,269.68,189.47,80.21,0.297427,2,134.84,8.7
C0006628,SMB,APAC,referral,2025-04-17,2025-11-17,215,1345.28,803.57,541.71,0.402675,9,149.48,6.26
C0006631,Mid-Market,APAC,referral,2025-07-14,2025-12-23,163,14289.45,9180.08,5109.37,0.357562,9,1587.72,87.67
C0006632,Mid-Market,North America,referral,2023-04-27,2024-11-14,568,6403.92,3950.38,2453.54,0.383131,14,457.42,11.27
C0006647,Startup,EMEA,referral,2023-05-21,2023-10-09,142,482.38,267.88,214.5,0.44467,6,80.4,3.4
C0006649,SMB,LATAM,referral,,,0,0.0,0.0,0.0,0.0,0,0.0,0.0
C0006651,Enterprise,EMEA,referral,2025-06-05,2025-10-21,139,23836.83,15748.23,8088.6,0.339332,13,1833.6,171.49
C0006656,Mid-Market,North America,referral,2024-07-31,2025-03-02,215,13488.78,8450.77,5038.01,0.373496,18,749.38,62.74
C0006662,Mid-Market,North America,referral,2025-10-13,2025-12-26,75,6185.68,3537.21,2648.47,0.428161,15,412.38,82.48
C0006664,Startup,North America,referral,2025-09-17,2025-10-05,19,367.96,202.98,164.98,0.448364,4,91.99,19.37
C0006673,Mid-Market,North America,referral,2025-01-16,2025-03-01,45,3393.24,2030.34,1362.9,0.401652,6,565.54,75.41
C0006674,Enterprise,APAC,referral,2024-10-16,2025-11-30,411,74577.73,57160.39,17417.34,0.233546,28,2663.49,181.45
C0006681,SMB,APAC,referral,2025-06-04,2025-06-04,1,65.61,45.01,20.6,0.313977,1,65.61,65.61
C0006699,Startup,North America,referral,2025-07-04,2025-10-12,101,417.02,222.69,194.33,0.465997,5,83.4,4.13
C0006705,Enterprise,EMEA,referral,2024-12-15,2025-02-26,74,17000.84,11461.43,5539.41,0.325832,7,2428.69,229.74
C0006707,SMB,EMEA,referral,2023-11-19,2025-12-22,765,6222.1,3857.59,2364.51,0.380018,26,239.31,8.13
C0006715,Mid-Market,EMEA,referral,2025-04-17,2025-12-31,259,10560.05,6266.77,4293.28,0.406559,18,586.67,40.77
C0006719,SMB,APAC,referral,2025-04-09,2025-12-07,243,1709.77,1097.58,612.19,0.358054,9,189.97,7.04
C0006732,Mid-Market,LATAM,referral,2025-01-30,2025-12-21,326,18685.05,12186.61,6498.44,0.347788,25,747.4,57.32
C0006740,SMB,EMEA,referral,,,0,0.0,0.0,0.0,0.0,0,0.0,0.0
C0006741,SMB,North America,referral,2025-04-06,2025-10-28,206,1369.15,861.18,507.97,0.371011,3,456.38,6.65
C0006742,Startup,North America,referral,2024-07-14,2025-08-07,390,1731.46,1063.94,667.52,0.385524,12,144.29,4.44
C0006744,SMB,APAC,referral,2023-02-02,2024-06-04,489,5856.93,3188.85,2668.08,0.455542,17,344.53,11.98
C0006747,Startup,APAC,referral,2025-03-29,2025-11-30,247,717.91,468.37,249.54,0.347592,8,89.74,2.91
C0006749,SMB,EMEA,referral,2024-11-16,2025-09-13,302,4695.66,2933.23,1762.43,0.375332,13,361.2,15.55
C0006753,Mid-Market,LATAM,referral,2025-09-03,2025-11-30,89,3100.42,1864.02,1236.4,0.398785,5,620.08,34.84
C0006754,Mid-Market,APAC,referral,2025-12-12,2025-12-30,19,2133.11,1257.75,875.36,0.410368,4,533.28,112.27
C0006764,Mid-Market,LATAM,referral,2025-05-15,2025-08-07,85,4986.73,3349.43,1637.3,0.328331,11,453.34,58.67
C0006779,Mid-Market,LATAM,referral,2024-07-10,2025-08-16,403,11471.33,7460.28,4011.05,0.349659,22,521.42,28.46
C0006782,SMB,North America,referral,2024-08-23,2025-12-25,490,5728.84,3157.86,2570.98,0.448778,21,272.8,11.69
C0006783,SMB,North America,referral,2025-03-27,2025-07-17,113,5230.07,3273.24,1956.83,0.37415,9,581.12,46.28
C0006785,Mid-Market,North America,referral,2025-04-25,2025-12-30,250,13455.53,9306.8,4148.73,0.308329,10,1345.55,53.82
C0006789,SMB,North America,referral,2025-07-15,2025-11-19,128,2911.96,1472.04,1439.92,0.494485,7,415.99,22.75
C0006802,SMB,North America,referral,2025-04-30,2025-10-31,185,3237.14,1880.24,1356.9,0.419166,15,215.81,17.5
C0006811,Enterprise,North America,referral,2023-11-12,2025-10-23,712,90790.22,61342.51,29447.71,0.324349,45,2017.56,127.51
C0006812,SMB,LATAM,referral,2024-04-26,2024-09-07,135,1644.31,938.48,705.83,0.429256,4,411.08,12.18
C0006817,SMB,APAC,referral,2025-04-28,2025-11-17,204,6569.05,4475.33,2093.72,0.318725,12,547.42,32.2
C0006823,Mid-Market,APAC,referral,2025-01-23,2025-03-09,46,911.08,479.63,431.45,0.473559,2,455.54,19.81
C0006824,Startup,EMEA,referral,2023-04-18,2023-07-09,83,671.16,322.39,348.77,0.519653,4,167.79,8.09
C0006826,SMB,EMEA,referral,2025-02-13,2025-09-13,213,3952.97,2307.8,1645.17,0.416186,14,282.35,18.56
C0006834,Startup,North America,referral,,,0,0.0,0.0,0.0,0.0,0,0.0,0.0
C0006841,SMB,APAC,referral,2025-05-29,2025-12-30,216,1379.82,831.8,548.02,0.397168,6,229.97,6.39
C0006842,SMB,EMEA,referral,,,0,0.0,0.0,0.0,0.0,0,0.0,0.0
C0006865,SMB,EMEA,referral,2025-01-26,2025-06-22,148,1122.84,642.6,480.24,0.427701,4,280.71,7.59
C0006876,Enterprise,LATAM,referral,2025-01-08,2025-11-07,304,39007.97,27343.23,11664.74,0.299035,20,1950.4,128.32
C0006879,Enterprise,North America,referral,2025-05-20,2025-08-08,81,5414.68,3936.39,1478.29,0.273015,5,1082.94,66.85
C0006886,Startup,APAC,referral,2025-12-10,2025-12-10,1,118.04,60.47,57.57,0.487716,1,118.04,118.04
C0006892,Mid-Market,North America,referral,2024-05-30,2024-11-05,160,5718.75,3793.21,1925.54,0.336706,7,816.96,35.74
C0006900,Mid-Market,APAC,referral,2025-12-05,2025-12-25,21,316.09,233.04,83.05,0.262742,2,158.04,15.05
C0006907,SMB,LATAM,referral,2025-06-27,2025-12-14,171,7629.83,4392.92,3236.91,0.424244,9,847.76,44.62
C0006912,SMB,EMEA,referral,2025-03-20,2025-12-13,269,2743.35,1588.2,1155.15,0.421073,13,211.03,10.2
C0006914,SMB,APAC,referral,2025-06-25,2025-06-30,6,346.11,203.29,142.82,0.412643,3,115.37,57.68
C0006924,Startup,EMEA,referral,2025-04-09,2025-11-30,236,2585.04,1587.46,997.58,0.385905,5,517.01,10.95
C0006925,Mid-Market,EMEA,referral,2024-06-12,2025-03-27,289,8596.85,4662.63,3934.22,0.457635,10,859.68,29.75
C0006931,Enterprise,LATAM,referral,2024-02-27,2024-12-23,301,36615.98,29051.32,7564.66,0.206594,14,2615.43,121.65
C0006932,SMB,EMEA,referral,2025-07-06,2025-07-17,12,1979.53,1337.62,641.91,0.324274,6,329.92,164.96
C0006938,Mid-Market,EMEA,referral,2025-04-02,2025-12-30,273,16198.35,10866.74,5331.61,0.329145,15,1079.89,59.33
C0006942,SMB,EMEA,referral,2024-12-31,2025-12-17,352,3746.47,2391.83,1354.64,0.361578,15,249.76,10.64
C0006951,SMB,North America,referral,,,0,0.0,0.0,0.0,0.0,0,0.0,0.0
C0006953,SMB,APAC,referral,,,0,0.0,0.0,0.0,0.0,0,0.0,0.0
C0006958,SMB,APAC,referral,2025-02-15,2025-10-01,229,1317.09,685.73,631.36,0.47936,7,188.16,5.75
C0006962,SMB,North America,referral,2024-01-22,2025-06-01,497,5113.16,2964.08,2149.08,0.420304,15,340.88,10.29
C0006963,Mid-Market,EMEA,referral,2025-02-25,2025-12-29,308,8248.74,5526.2,2722.54,0.330055,17,485.22,26.78
C0006967,Startup,North America,referral,2025-01-26,2025-07-16,172,1248.89,718.25,530.64,0.424889,6,208.15,7.26
C0006970,SMB,EMEA,referral,2025-02-25,2025-12-30,309,653.08,341.03,312.05,0.477813,8,81.64,2.11
C0006975,SMB,APAC,referral,2025-04-01,2025-05-02,32,402.89,212.64,190.25,0.472213,2,201.44,12.59
C0006976,Enterprise,LATAM,referral,2023-04-04,2025-09-29,910,112088.95,73397.5,38691.45,0.345185,45,2490.87,123.17
C0006988,Mid-Market,North America,referral,2023-04-18,2025-01-02,626,20668.21,14111.84,6556.37,0.31722,22,939.46,33.02
C0006994,Startup,LATAM,referral,2025-01-21,2025-01-21,1,42.8,22.08,20.72,0.484112,1,42.8,42.8
C0006995,Startup,North America,referral,2025-12-24,2025-12-24,1,118.86,63.86,55.0,0.462729,1,118.86,118.86
C0006996,Startup,North America,referral,2025-09-27,2025-11-03,38,282.86,133.17,149.69,0.529202,2,141.43,7.44
C0007009,Mid-Market,North America,referral,2023-01-23,2025-12-19,1062,28258.77,17366.39,10892.38,0.385451,42,672.83,26.61
C0007015,Startup,North America,referral,2024-02-29,2025-11-23,634,3833.45,2106.38,1727.07,0.450526,22,174.25,6.05
C0007024,SMB,EMEA,referral,2024-12-15,2025-11-26,347,1911.39,1185.42,725.97,0.379813,11,173.76,5.51
C0007029,SMB,APAC,referral,2025-03-25,2025-12-26,277,1388.59,790.63,597.96,0.430624,5,277.72,5.01
C0007030,Startup,EMEA,referral,2025-12-20,2025-12-27,8,154.18,93.21,60.97,0.395447,2,77.09,19.27
C0007039,Startup,North America,referral,2025-10-31,2025-10-31,1,159.12,92.09,67.03,0.421254,1,159.12,159.12
C0007042,SMB,APAC,referral,2023-12-30,2025-12-04,706,3937.38,2229.48,1707.9,0.433766,19,207.23,5.58
C0007046,Enterprise,North America,referral,2025-12-08,2025-12-08,1,5451.35,4256.18,1195.17,0.219243,1,5451.35,5451.35
C0007061,Mid-Market,APAC,referral,2023-11-23,2025-03-30,494,32774.12,21645.37,11128.75,0.339559,37,885.79,66.34
C0007063,Startup,APAC,referral,2024-04-18,2025-04-13,361,3462.24,2364.47,1097.77,0.317069,11,314.75,9.59
C0007076,SMB,North America,referral,2024-11-13,2025-11-30,383,3498.63,2256.36,1242.27,0.355073,17,205.8,9.13
C0007086,Mid-Market,EMEA,referral,2025-07-23,2025-12-11,142,3009.52,1714.32,1295.2,0.430368,5,601.9,21.19
C0007089,Startup,EMEA,referral,2023-12-23,2024-03-08,77,2077.77,1266.58,811.19,0.390414,9,230.86,26.98
C0007105,SMB,EMEA,referral,2024-03-31,2025-01-17,293,3271.25,1834.03,1437.22,0.439349,9,363.47,11.16
C0007112,SMB,EMEA,referral,2025-04-22,2025-10-21,183,4297.93,2656.29,1641.64,0.381961,8,537.24,23.49
C0007125,Mid-Market,LATAM,referral,2024-04-29,2025-12-09,590,18488.69,11153.37,7335.32,0.396746,28,660.31,31.34
C0007141,SMB,North America,referral,2024-10-10,2025-09-25,351,4225.74,2641.08,1584.66,0.375002,19,222.41,12.04
C0007154,SMB,North America,referral,2025-03-01,2025-11-21,266,3067.54,1888.55,1178.99,0.384344,8,383.44,11.53
C0007163,Mid-Market,EMEA,referral,2025-02-25,2025-12-15,294,5416.15,3201.1,2215.05,0.408971,10,541.62,18.42
C0007167,Mid-Market,APAC,referral,2025-07-08,2025-12-10,156,5180.29,3052.76,2127.53,0.410697,11,470.94,33.21
C0007187,Startup,EMEA,referral,2024-03-23,2024-09-04,166,749.96,432.29,317.67,0.423583,5,149.99,4.52
C0007195,Mid-Market,North America,referral,2025-08-28,2025-12-29,124,4310.52,2915.02,1395.5,0.323743,8,538.82,34.76
C0007196,SMB,APAC,referral,2025-12-17,2025-12-17,1,59.58,29.65,29.93,0.50235,1,59.58,59.58
C0007197,SMB,North America,referral,2023-10-07,2024-04-04,181,1821.04,1123.29,697.75,0.38316,10,182.1,10.06
C0007202,Mid-Market,LATAM,referral,2024-06-22,2025-12-01,528,22881.86,13980.8,8901.06,0.389001,33,693.39,43.34
C0007205,Mid-Market,North America,referral,2025-04-02,2025-06-05,65,5603.53,3663.37,1940.16,0.346239,6,933.92,86.21
C0007206,Startup,EMEA,referral,2024-12-20,2025-10-26,311,964.21,600.43,363.78,0.377283,7,137.74,3.1
C0007209,Enterprise,EMEA,referral,2023-11-23,2024-12-05,379,109602.14,75145.91,34456.23,0.314376,29,3779.38,289.19
C0007212,Enterprise,North America,referral,2025-07-30,2025-12-30,154,37273.27,26309.63,10963.64,0.294142,13,2867.17,242.03
C0007219,SMB,APAC,referral,2024-04-16,2025-11-03,567,3530.53,2103.51,1427.02,0.404194,17,207.68,6.23
C0007220,Startup,North America,referral,2024-03-12,2025-12-17,646,1482.86,794.58,688.28,0.464157,17,87.23,2.3
C0007222,SMB,EMEA,referral,,,0,0.0,0.0,0.0,0.0,0,0.0,0.0
C0007223,SMB,EMEA,referral,2025-01-19,2025-12-29,345,4963.62,3379.41,1584.21,0.319164,14,354.54,14.39
C0007238,Startup,North America,referral,2025-07-05,2025-10-05,93,2067.95,1364.3,703.65,0.340265,9,229.77,22.24
C0007241,Mid-Market,APAC,referral,2025-02-25,2025-03-15,19,963.69,480.59,483.1,0.501302,4,240.92,50.72
C0007247,Mid-Market,North America,referral,2025-10-10,2025-12-30,82,5150.48,3120.82,2029.66,0.394072,5,1030.1,62.81
C0007257,Startup,North America,referral,2024-11-20,2025-01-30,72,289.4,165.02,124.38,0.429786,2,144.7,4.02
C0007274,SMB,APAC,referral,,,0,0.0,0.0,0.0,0.0,0,0.0,0.0
C0007288,Mid-Market,EMEA,referral,2023-09-07,2025-12-27,843,22599.37,14849.54,7749.83,0.342922,34,664.69,26.81
C0007290,Mid-Market,APAC,referral,2024-02-01,2024-11-16,290,10629.31,6881.06,3748.25,0.352633,17,625.25,36.65
C0007294,Mid-Market,North America,referral,2023-09-30,2025-09-06,708,21892.16,13773.12,8119.04,0.370865,34,643.89,30.92
C0007307,Mid-Market,North America,referral,2023-05-29,2025-12-22,939,25182.98,15979.3,9203.68,0.365472,39,645.72,26.82
C0007318,Startup,North America,referral,,,0,0.0,0.0,0.0,0.0,0,0.0,0.0
C0007322,Enterprise,LATAM,referral,2023-04-07,2025-12-22,991,118897.69,84547.23,34350.46,0.288908,56,2123.17,119.98
C0007324,Startup,EMEA,referral,,,0,0.0,0.0,0.0,0.0,0,0.0,0.0
C0007326,Mid-Market,APAC,referral,2024-06-29,2025-12-30,550,14940.93,9184.02,5756.91,0.385311,21,711.47,27.17
C0007327,SMB,APAC,referral,2025-12-13,2025-12-28,16,580.12,291.19,288.93,0.498052,5,116.02,36.26
C0007328,Mid-Market,North America,referral,2024-12-03,2025-11-21,354,9732.48,5600.35,4132.13,0.424571,21,463.45,27.49
C0007332,SMB,APAC,referral,2025-12-06,2025-12-06,1,233.92,172.32,61.6,0.263338,1,233.92,233.92
C0007339,Enterprise,EMEA,referral,2023-09-21,2025-01-02,470,44075.53,31206.37,12869.16,0.29198,31,1421.79,93.78
C0007341,Mid-Market,North America,referral,2025-02-05,2025-10-26,264,4356.34,2790.55,1565.79,0.359428,10,435.63,16.5
C0007345,SMB,North America,referral,2024-05-26,2025-02-20,271,2735.87,1566.85,1169.02,0.427294,17,160.93,10.1
C0007352,Startup,LATAM,referral,2023-12-14,2024-10-30,322,3784.88,2224.92,1559.96,0.412156,18,210.27,11.75
C0007359,Mid-Market,LATAM,referral,2024-05-06,2024-09-11,129,6776.41,4677.11,2099.3,0.309795,11,616.04,52.53
C0007368,Mid-Market,North America,referral,2025-08-18,2025-12-19,124,5366.74,3455.99,1910.75,0.356036,9,596.3,43.28
C0007372,Startup,North America,referral,2025-09-15,2025-10-10,26,593.23,310.46,282.77,0.476662,3,197.74,22.82
C0007374,Startup,APAC,referral,2025-08-26,2025-11-28,95,166.15,94.02,72.13,0.434126,4,41.54,1.75
C0007375,Startup,EMEA,referral,2025-02-07,2025-02-07,1,147.69,89.28,58.41,0.395491,1,147.69,147.69
C0007389,Mid-Market,LATAM,referral,2023-04-08,2024-08-16,497,17978.32,10853.94,7124.38,0.396276,35,513.67,36.17
C0007390,Mid-Market,EMEA,referral,2024-02-05,2024-09-11,220,9382.41,5389.87,3992.54,0.425535,16,586.4,42.65
C0007393,Startup,APAC,referral,2024-01-30,2024-02-25,27,175.41,80.25,95.16,0.5425,2,87.7,6.5
C0007398,Mid-Market,North America,referral,2024-05-25,2025-10-02,496,29971.63,19168.7,10802.93,0.360439,26,1152.76,60.43
C0007399,SMB,LATAM,referral,,,0,0.0,0.0,0.0,0.0,0,0.0,0.0
C0007400,SMB,EMEA,referral,2025-07-15,2025-10-29,107,3136.56,1713.05,1423.51,0.453844,11,285.14,29.31
C0007404,Mid-Market,APAC,referral,2025-01-13,2025-12-03,325,28409.16,18784.53,9624.63,0.338786,25,1136.37,87.41
C0007405,Mid-Market,LATAM,referral,2025-04-02,2025-11-26,239,1108.48,731.75,376.73,0.339862,5,221.7,4.64
C0007415,Mid-Market,APAC,referral,2025-05-14,2025-06-28,46,3655.46,2321.61,1333.85,0.364893,5,731.09,79.47
C0007416,Mid-Market,LATAM,referral,2025-10-06,2025-12-27,83,3082.82,1722.81,1360.01,0.441158,7,440.4,37.14
C0007423,SMB,EMEA,referral,2024-05-17,2025-10-01,503,1203.64,785.21,418.43,0.347637,8,150.45,2.39
C0007424,SMB,APAC,referral,2024-12-19,2025-12-26,373,5426.3,3072.93,2353.37,0.433697,18,301.46,14.55
C0007439,Startup,North America,referral,2024-03-24,2025-12-28,645,1731.91,1009.44,722.47,0.417152,16,108.24,2.69
C0007446,Mid-Market,EMEA,referral,2025-04-25,2025-11-12,202,5414.04,3453.47,1960.57,0.362127,10,541.4,26.8
C0007475,Enterprise,North America,referral,2024-10-02,2024-10-22,21,8906.84,6702.89,2203.95,0.247445,2,4453.42,424.14
C0007483,Startup,EMEA,referral,2025-02-07,2025-11-06,273,1356.4,743.58,612.82,0.451799,9,150.71,4.97
C0007487,Mid-Market,EMEA,referral,2024-03-24,2024-09-26,187,10261.31,5749.45,4511.86,0.439696,13,789.33,54.87
C0007489,SMB,EMEA,referral,2024-02-02,2025-11-30,668,7549.53,4272.56,3276.97,0.434063,22,343.16,11.3
C0007493,Enterprise,LATAM,referral,2025-07-10,2025-12-02,146,5245.55,3429.03,1816.52,0.346297,6,874.26,35.93
C0007509,Mid-Market,North America,referral,2025-03-30,2025-12-17,263,18496.26,13111.25,5385.01,0.29114,14,1321.16,70.33
C0007516,SMB,North America,referral,2025-01-29,2025-11-26,302,2478.99,1517.08,961.91,0.388025,11,225.36,8.21
C0007517,Mid-Market,APAC,referral,2025-12-03,2025-12-03,1,65.4,35.53,29.87,0.456728,1,65.4,65.4
C0007518,Enterprise,EMEA,referral,2025-07-06,2025-07-08,3,9180.37,5896.36,3284.01,0.357721,4,2295.09,3060.12
C0007519,SMB,LATAM,referral,2024-07-14,2025-06-02,324,3578.31,2388.84,1189.47,0.332411,14,255.59,11.04
C0007525,Startup,LATAM,referral,2023-12-18,2024-01-02,16,787.74,528.49,259.25,0.329106,2,393.87,49.23
C0007526,Startup,EMEA,referral,2024-06-23,2025-10-19,484,1243.3,673.95,569.35,0.457935,12,103.61,2.57
C0007531,SMB,EMEA,referral,2023-12-03,2024-05-30,180,3321.39,1645.49,1675.9,0.504578,11,301.94,18.45
C0007542,Mid-Market,EMEA,referral,2024-08-13,2025-01-10,151,6914.5,4098.21,2816.29,0.407302,10,691.45,45.79
C0007546,Mid-Market,LATAM,referral,2024-06-08,2025-11-30,541,18684.4,11541.75,7142.65,0.382279,30,622.81,34.54
C0007548,Mid-Market,APAC,referral,2023-04-18,2024-04-20,369,17288.98,10961.44,6327.54,0.365987,21,823.28,46.85
C0007552,SMB,EMEA,referral,2025-05-08,2025-09-12,128,1017.28,645.37,371.91,0.365593,6,169.55,7.95
C0007558,Mid-Market,North America,referral,2024-05-28,2025-10-28,519,39750.44,23888.69,15861.75,0.399033,37,1074.34,76.59
C0007564,SMB,North America,referral,2024-11-19,2025-12-25,402,4382.71,2906.29,1476.42,0.336874,14,313.05,10.9
C0007568,SMB,North America,referral,2025-04-22,2025-11-18,211,3593.3,2192.0,1401.3,0.389976,14,256.66,17.03
C0007571,Mid-Market,EMEA,referral,2025-04-23,2025-12-09,231,8674.69,5325.45,3349.24,0.386093,12,722.89,37.55
C0007590,Startup,North America,referral,2024-10-20,2025-12-25,432,1973.98,1114.52,859.46,0.435394,10,197.4,4.57
C0007595,Startup,North America,referral,2025-04-06,2025-09-24,172,1464.11,739.68,724.43,0.494792,8,183.01,8.51
C0007605,SMB,North America,referral,2025-12-11,2025-12-23,13,309.18,219.25,89.93,0.290866,2,154.59,23.78
C0007617,SMB,North America,referral,2024-05-17,2024-09-11,118,5721.27,3311.21,2410.06,0.421246,10,572.13,48.49
C0007619,Mid-Market,North America,referral,2025-06-22,2025-11-29,161,8178.91,5598.41,2580.5,0.315507,8,1022.36,50.8
C0007628,Mid-Market,LATAM,referral,2025-10-27,2025-10-28,2,1162.22,686.91,475.31,0.408967,2,581.11,581.11
C0007635,Mid-Market,North America,referral,2023-10-10,2025-12-31,814,41297.32,25591.08,15706.24,0.380321,51,809.75,50.73
C0007643,Startup,North America,referral,2024-07-28,2025-11-08,469,2708.87,1339.14,1369.73,0.505646,14,193.49,5.78
C0007645,SMB,APAC,referral,2025-05-24,2025-12-25,216,4496.6,2874.99,1621.61,0.36063,12,374.72,20.82
C0007654,SMB,North America,referral,2023-05-02,2024-07-31,457,3408.98,2136.95,1272.03,0.373141,18,189.39,7.46
C0007659,SMB,North America,referral,2023-09-27,2023-12-04,69,2051.93,1153.47,898.46,0.437861,5,410.39,29.74
C0007664,Mid-Market,APAC,referral,2025-11-22,2025-12-25,34,2339.46,1640.19,699.27,0.298902,3,779.82,68.81
C0007668,Mid-Market,EMEA,referral,2024-07-20,2024-12-08,142,7801.51,4454.41,3347.1,0.429032,16,487.59,54.94
C0007669,Mid-Market,North America,referral,2025-04-19,2025-10-31,196,6774.2,4190.39,2583.81,0.381419,10,677.42,34.56
C0007670,SMB,EMEA,referral,2025-01-01,2025-04-11,101,2193.2,1175.49,1017.71,0.46403,7,313.31,21.71
C0007675,SMB,North America,referral,2024-11-20,2024-12-31,42,2105.71,1417.36,688.35,0.326897,5,421.14,50.14
C0007682,Startup,EMEA,referral,2025-05-09,2025-07-02,55,709.03,375.19,333.84,0.47084,6,118.17,12.89
C0007684,SMB,EMEA,referral,2025-09-21,2025-12-15,86,614.13,357.31,256.82,0.418185,4,153.53,7.14
C0007689,SMB,North America,referral,2024-08-29,2025-12-16,475,8780.02,5422.6,3357.42,0.382393,18,487.78,18.48
C0007693,SMB,North America,referral,2024-09-14,2024-12-26,104,1455.91,823.39,632.52,0.43445,6,242.65,14.0
C0007704,SMB,North America,referral,2025-07-04,2025-11-21,141,1288.09,638.88,649.21,0.50401,6,214.68,9.14
C0007709,SMB,EMEA,referral,2024-09-07,2025-09-27,386,4947.4,3004.89,1942.51,0.392632,10,494.74,12.82
C0007710,Mid-Market,APAC,referral,2025-06-01,2025-12-12,195,8860.68,5466.59,3394.09,0.383051,13,681.59,45.44
C0007712,Startup,APAC,referral,2025-07-31,2025-10-31,93,415.7,236.36,179.34,0.431417,5,83.14,4.47
C0007714,Mid-Market,LATAM,referral,2024-02-20,2025-12-21,671,26823.05,15504.88,11318.17,0.421957,49,547.41,39.97
C0007717,SMB,APAC,referral,2025-06-07,2025-12-08,185,619.12,329.98,289.14,0.467018,3,206.37,3.35
C0007719,Startup,EMEA,referral,2025-12-26,2025-12-26,1,78.54,43.06,35.48,0.451744,1,78.54,78.54
C0007722,Mid-Market,LATAM,referral,2025-09-30,2025-12-15,77,16605.38,11886.2,4719.18,0.284196,7,2372.2,215.65
C0007732,Mid-Market,EMEA,referral,2024-10-19,2025-07-13,268,10374.05,7543.28,2830.77,0.27287,13,798.0,38.71
C0007733,SMB,EMEA,referral,2024-07-07,2025-01-15,193,6923.75,4470.26,2453.49,0.354359,8,865.47,35.87
C0007734,Startup,EMEA,referral,2024-02-27,2025-08-02,523,2185.11,1191.48,993.63,0.454728,18,121.4,4.18
C0007742,Startup,EMEA,referral,2024-11-26,2025-12-25,395,1168.6,658.35,510.25,0.436634,12,97.38,2.96
C0007744,SMB,EMEA,referral,2025-11-03,2025-11-11,9,205.77,114.1,91.67,0.445497,2,102.88,22.86
C0007746,Mid-Market,EMEA,referral,2025-03-11,2025-11-26,261,19255.85,10399.18,8856.67,0.459947,14,1375.42,73.78
C0007749,Startup,LATAM,referral,2024-04-27,2025-12-18,601,6400.85,3199.08,3201.77,0.50021,17,376.52,10.65
C0007750,SMB,North America,referral,2025-08-20,2025-12-15,118,468.41,319.21,149.2,0.318524,3,156.14,3.97
C0007752,SMB,APAC,referral,2024-05-11,2025-10-27,535,9593.47,5178.72,4414.75,0.460183,16,599.59,17.93
C0007755,Mid-Market,APAC,referral,2024-11-28,2025-12-21,389,14863.11,9261.73,5601.38,0.376865,21,707.77,38.21
C0007756,Mid-Market,North America,referral,2025-11-11,2025-12-14,34,4162.55,2630.73,1531.82,0.368,5,832.51,122.43
C0007758,Enterprise,North America,referral,2023-03-12,2024-03-24,379,47371.99,34311.86,13060.13,0.275693,26,1822.0,124.99
C0007775,SMB,APAC,referral,2025-08-13,2025-11-01,81,1072.18,529.5,542.68,0.506146,3,357.39,13.24
C0007779,Mid-Market,EMEA,referral,2024-01-08,2025-11-30,693,30132.82,19600.77,10532.05,0.349521,48,627.77,43.48
C0007781,Mid-Market,LATAM,referral,2025-07-16,2025-07-16,1,342.11,197.6,144.51,0.422408,2,171.06,342.11
C0007785,Mid-Market,EMEA,referral,2024-08-19,2025-06-25,311,28641.74,19313.81,9327.93,0.325676,26,1101.61,92.1
C0007786,Mid-Market,LATAM,referral,2025-12-25,2025-12-25,1,2423.38,1650.62,772.76,0.318877,1,2423.38,2423.38
C0007791,Mid-Market,North America,referral,2025-06-27,2025-11-27,154,12711.2,7856.2,4855.0,0.381947,11,1155.56,82.54
C0007792,Mid-Market,LATAM,referral,2025-04-18,2025-09-27,163,10734.78,6552.6,4182.18,0.389592,14,766.77,65.86
C0007794,Startup,LATAM,referral,2024-09-27,2025-12-02,432,1377.44,751.57,625.87,0.454372,14,98.39,3.19
C0007796,Mid-Market,EMEA,referral,2025-09-05,2025-12-01,88,2490.48,1397.8,1092.68,0.438743,7,355.78,28.3
C0007797,SMB,EMEA,referral,2024-03-03,2024-03-10,8,671.57,456.16,215.41,0.320756,2,335.78,83.95
C0007800,SMB,EMEA,referral,2024-06-07,2024-10-01,117,4862.05,3075.02,1787.03,0.367547,12,405.17,41.56
C0007807,Mid-Market,LATAM,referral,2025-07-26,2025-12-25,153,8450.31,5384.41,3065.9,0.362815,10,845.03,55.23
C0007809,SMB,EMEA,referral,,,0,0.0,0.0,0.0,0.0,0,0.0,0.0
C0007814,Mid-Market,North America,referral,2024-03-11,2024-09-04,178,15921.24,10713.4,5207.84,0.3271,14,1137.23,89.45
C0007816,Startup,North America,referral,2024-06-03,2025-09-22,477,3107.13,1727.37,1379.76,0.444063,19,163.53,6.51
C0007826,Startup,LATAM,referral,2024-01-20,2024-02-09,21,300.05,153.91,146.14,0.487052,2,150.02,14.29
C0007830,Mid-Market,North America,referral,2023-12-23,2024-09-21,274,14389.57,8834.27,5555.3,0.386064,20,719.48,52.52
C0007836,Mid-Market,EMEA,referral,2024-06-21,2025-12-25,553,52575.84,33615.47,18960.37,0.360629,36,1460.44,95.07
C0007837,SMB,EMEA,referral,2024-03-26,2024-07-24,121,604.06,318.21,285.85,0.473215,4,151.01,4.99
C0007844,SMB,EMEA,referral,2025-03-23,2025-12-27,280,3798.23,2708.89,1089.34,0.286802,9,422.03,13.57
C0007852,SMB,EMEA,referral,2025-10-03,2025-10-18,16,590.9,345.75,245.15,0.414876,4,147.72,36.93
C0007854,Mid-Market,North America,referral,2024-12-09,2025-09-28,294,4898.69,2949.99,1948.7,0.3978,12,408.22,16.66
C0007868,Mid-Market,APAC,referral,2024-01-06,2024-06-06,153,6411.69,3707.74,2703.95,0.421722,12,534.31,41.91
C0007870,SMB,North America,referral,2025-05-25,2025-09-27,126,1838.77,1081.37,757.4,0.411906,8,229.85,14.59
C0007880,Mid-Market,LATAM,referral,2025-11-30,2025-12-25,26,1246.19,693.44,552.75,0.443552,3,415.4,47.93
C0007883,Startup,EMEA,referral,2024-06-08,2024-06-17,10,650.55,503.8,146.75,0.225578,3,216.85,65.05
C0007885,Mid-Market,LATAM,referral,2023-05-15,2025-10-02,872,33435.09,21502.29,11932.8,0.356895,44,759.89,38.34
C0007903,Mid-Market,North America,referral,2025-11-28,2025-11-29,2,261.08,126.63,134.45,0.514976,2,130.54,130.54
C0007934,SMB,LATAM,referral,2023-11-30,2025-01-02,400,1851.08,1025.12,825.96,0.446204,8,231.38,4.63
C0007935,Enterprise,North America,referral,2025-03-31,2025-12-26,271,39933.65,30270.2,9663.45,0.241988,13,3071.82,147.36
C0007936,SMB,LATAM,referral,2024-05-24,2025-01-20,242,3040.27,1695.82,1344.45,0.442214,11,276.39,12.56
C0007938,Mid-Market,North America,referral,2024-02-24,2024-09-10,200,8206.84,5096.85,3109.99,0.378951,10,820.68,41.03
C0007942,Mid-Market,North America,referral,2024-07-30,2025-08-01,368,7520.52,4359.9,3160.62,0.420266,22,341.84,20.44
C0007955,SMB,North America,referral,2025-10-21,2025-12-03,44,3178.55,2178.53,1000.02,0.314615,3,1059.52,72.24
C0007965,Mid-Market,LATAM,referral,2023-11-12,2025-12-22,772,30987.94,19369.86,11618.08,0.374923,40,774.7,40.14
C0007970,Enterprise,North America,referral,2023-03-27,2024-07-27,489,52114.34,36395.98,15718.36,0.301613,29,1797.05,106.57
C0007985,Startup,APAC,referral,2025-07-22,2025-08-03,13,313.25,161.09,152.16,0.485746,3,104.42,24.1
C0007986,Enterprise,LATAM,referral,2024-01-14,2025-03-23,435,42738.15,29848.13,12890.02,0.301605,28,1526.36,98.25
C0007989,SMB,EMEA,referral,2025-05-24,2025-12-29,220,2220.65,1281.65,939.0,0.422849,11,201.88,10.09
C0008000,Startup,North America,referral,2025-12-11,2025-12-11,1,122.49,70.86,51.63,0.421504,1,122.49,122.49
C0008001,SMB,North America,referral,2025-04-15,2025-12-10,240,1642.6,957.69,684.91,0.416967,9,182.51,6.84
C0008005,Mid-Market,EMEA,referral,2025-08-11,2025-09-18,39,692.51,418.16,274.35,0.396168,3,230.84,17.76
C0008009,SMB,LATAM,referral,2025-09-22,2025-11-16,56,315.65,163.31,152.34,0.482623,2,157.82,5.64
C0008014,Enterprise,EMEA,referral,2024-09-02,2025-11-01,426,92151.57,62842.43,29309.14,0.318054,25,3686.06,216.32
C0008018,SMB,LATAM,referral,2025-06-13,2025-12-20,191,1916.13,1093.65,822.48,0.42924,10,191.61,10.03
C0008021,Mid-Market,LATAM,referral,2023-12-29,2025-12-28,731,23170.66,15371.77,7798.89,0.336585,40,579.27,31.7
C0008029,SMB,North America,referral,2025-12-29,2025-12-29,1,76.35,31.93,44.42,0.581794,1,76.35,76.35
C0008033,Mid-Market,EMEA,referral,2025-02-15,2025-11-13,272,17509.56,11208.53,6301.03,0.359862,25,700.38,64.37
C0008034,Mid-Market,LATAM,referral,2024-05-25,2024-05-31,7,2260.53,1413.07,847.46,0.374894,3,753.51,322.93
C0008051,SMB,North America,referral,2024-08-25,2025-10-03,405,3286.44,1885.74,1400.7,0.426206,22,149.38,8.11
C0008055,SMB,North America,referral,2025-11-21,2025-11-21,1,735.2,397.54,337.66,0.459276,1,735.2,735.2
C0008064,SMB,APAC,referral,2025-08-02,2025-12-19,140,2478.25,1380.96,1097.29,0.442768,11,225.3,17.7
C0008076,SMB,LATAM,referral,2025-04-08,2025-09-30,176,2721.72,1559.97,1161.75,0.426844,5,544.34,15.46
C0008087,Startup,EMEA,referral,,,0,0.0,0.0,0.0,0.0,0,0.0,0.0
C0008089,SMB,LATAM,referral,2024-12-29,2025-12-10,347,4023.8,2470.38,1553.42,0.386058,12,335.32,11.6
C0008098,SMB,LATAM,referral,2025-01-23,2025-03-06,43,1459.41,917.62,541.79,0.371239,4,364.85,33.94
C0008102,Mid-Market,North America,referral,2023-12-11,2025-10-18,678,24478.55,15162.74,9315.81,0.38057,39,627.66,36.1
C0008106,Mid-Market,North America,referral,2023-03-07,2025-02-05,702,51179.86,32713.45,18466.41,0.360814,33,1550.9,72.91
C0008110,Startup,EMEA,referral,2025-06-17,2025-06-17,1,725.79,423.57,302.22,0.416401,1,725.79,725.79
C0008111,SMB,EMEA,referral,2024-08-19,2025-12-30,499,5044.96,3032.0,2012.96,0.399004,19,265.52,10.11
C0008123,Enterprise,LATAM,referral,2025-06-06,2025-07-20,45,9961.79,6570.0,3391.79,0.34048,7,1423.11,221.37
C0008137,SMB,EMEA,referral,2025-04-26,2025-07-05,71,1232.0,729.55,502.45,0.407833,4,308.0,17.35
C0008139,SMB,APAC,referral,2025-07-27,2025-12-11,138,2879.51,1896.74,982.77,0.341298,7,411.36,20.87
C0008143,Startup,APAC,referral,2024-04-27,2025-06-14,414,1465.99,784.9,681.09,0.464594,11,133.27,3.54
C0008153,SMB,APAC,referral,2025-02-25,2025-11-26,275,3378.26,1813.22,1565.04,0.463268,12,281.52,12.28
C0008156,SMB,LATAM,referral,,,0,0.0,0.0,0.0,0.0,0,0.0,0.0
C0008157,SMB,EMEA,referral,,,0,0.0,0.0,0.0,0.0,0,0.0,0.0
C0008160,Startup,APAC,referral,2024-06-24,2024-08-15,53,310.7,159.05,151.65,0.488091,3,103.57,5.86
C0008162,SMB,APAC,referral,2025-02-13,2025-04-19,66,1178.71,649.96,528.75,0.448584,5,235.74,17.86
C0008177,Mid-Market,North America,referral,2025-04-08,2025-07-23,107,5829.73,4196.94,1632.79,0.28008,8,728.72,54.48
C0008185,SMB,APAC,referral,2024-08-29,2024-12-01,95,2149.12,1444.92,704.2,0.327669,8,268.64,22.62
C0008186,Startup,LATAM,referral,2025-12-17,2025-12-17,1,68.27,37.5,30.77,0.45071,1,68.27,68.27
C0008191,SMB,EMEA,referral,2025-05-12,2025-05-22,11,742.14,350.35,391.79,0.527919,3,247.38,67.47
C0008192,Enterprise,EMEA,referral,2025-09-21,2025-12-10,81,11282.09,7403.18,3878.91,0.343811,9,1253.57,139.29
C0008197,Enterprise,North America,referral,2025-04-09,2025-11-27,233,17875.95,12003.1,5872.85,0.328534,10,1787.6,76.72
C0008203,Mid-Market,APAC,referral,2024-03-20,2024-03-31,12,1985.66,1299.09,686.57,0.345764,3,661.89,165.47
C0008213,Mid-Market,EMEA,referral,,,0,0.0,0.0,0.0,0.0,0,0.0,0.0
C0008216,Startup,North America,referral,2023-07-06,2025-02-18,594,3256.0,2201.43,1054.57,0.323885,15,217.07,5.48
C0008228,Startup,North America,referral,2023-11-03,2023-11-03,1,43.11,23.58,19.53,0.453027,1,43.11,43.11
C0008235,SMB,North America,referral,2025-11-29,2025-12-15,17,177.9,114.98,62.92,0.353682,2,88.95,10.46
C0008238,SMB,APAC,referral,2025-02-18,2025-02-19,2,1849.32,973.59,875.73,0.473542,2,924.66,924.66
C0008242,Enterprise,EMEA,referral,2025-12-26,2025-12-28,3,1040.79,532.28,508.51,0.488581,2,520.4,346.93
C0008244,Mid-Market,North America,referral,2024-08-08,2025-12-29,509,77790.03,56940.96,20849.07,0.268017,35,2222.57,152.83
C0008251,SMB,North America,referral,2024-08-31,2025-05-08,251,2664.62,1667.24,997.38,0.374305,9,296.07,10.62
C0008257,Mid-Market,EMEA,referral,2025-07-18,2025-11-15,121,17768.37,12521.43,5246.94,0.295297,11,1615.31,146.85
C0008261,SMB,North America,referral,2024-07-28,2025-02-12,200,845.21,439.44,405.77,0.480082,3,281.74,4.23
C0008264,SMB,EMEA,referral,2025-11-23,2025-11-28,6,221.57,151.99,69.58,0.314032,2,110.78,36.93
C0008266,Enterprise,LATAM,referral,,,0,0.0,0.0,0.0,0.0,0,0.0,0.0
C0008274,Enterprise,North America,referral,2025-06-13,2025-10-25,135,17879.02,12937.4,4941.62,0.276392,14,1277.07,132.44
C0008276,Enterprise,EMEA,referral,2024-07-27,2025-04-11,259,23658.2,17546.1,6112.1,0.25835,15,1577.21,91.34
C0008287,SMB,North America,referral,2024-08-30,2025-04-04,218,3100.81,1864.65,1236.16,0.398657,10,310.08,14.22
C0008290,Startup,North America,referral,2024-03-12,2025-12-18,647,2166.02,1304.95,861.07,0.397536,17,127.41,3.35
C0008291,SMB,LATAM,referral,2025-06-29,2025-12-12,167,2752.92,1435.24,1317.68,0.478648,9,305.88,16.48
C0008303,Startup,North America,referral,2024-04-08,2025-12-12,614,1170.99,684.41,486.58,0.415529,12,97.58,1.91
C0008315,SMB,EMEA,referral,2024-02-08,2025-12-12,674,6766.96,4033.09,2733.87,0.404003,25,270.68,10.04
C0008326,SMB,EMEA,referral,2024-03-06,2025-12-22,657,6149.97,4163.3,1986.67,0.323037,22,279.54,9.36
C0008328,SMB,North America,referral,2025-02-20,2025-12-30,314,3583.64,2356.17,1227.47,0.34252,9,398.18,11.41
C0008338,SMB,North America,referral,2023-07-24,2023-11-15,115,787.18,460.62,326.56,0.414848,5,157.44,6.85
C0008339,SMB,North America,referral,2024-08-29,2025-07-20,326,2496.57,1590.12,906.45,0.363078,14,178.33,7.66
C0008341,Mid-Market,LATAM,referral,2024-01-30,2025-12-31,702,21241.11,13403.8,7837.31,0.368969,35,606.89,30.26
C0008344,Mid-Market,APAC,referral,2024-08-13,2025-03-18,218,3939.98,2400.04,1539.94,0.39085,8,492.5,18.07
C0008347,SMB,APAC,referral,2025-04-07,2025-12-31,269,1216.66,695.32,521.34,0.428501,7,173.81,4.52
C0008352,SMB,North America,referral,2025-12-17,2025-12-17,1,127.06,59.03,68.03,0.535416,1,127.06,127.06
C0008353,Startup,EMEA,referral,2025-08-23,2025-12-08,108,445.48,226.48,219.0,0.491605,5,89.1,4.12
C0008355,SMB,EMEA,referral,2025-01-20,2025-01-26,7,733.75,620.8,112.95,0.153935,2,366.88,104.82
C0008357,Mid-Market,North America,referral,2025-05-11,2025-05-11,1,143.59,70.47,73.12,0.509228,1,143.59,143.59
C0008358,SMB,APAC,referral,2023-08-10,2024-03-09,213,6023.55,3475.06,2548.49,0.423088,11,547.6,28.28
C0008359,Mid-Market,North America,referral,2025-10-25,2025-12-08,45,8917.86,6276.24,2641.62,0.296217,8,1114.73,198.17
C0008369,Startup,EMEA,referral,2024-06-18,2024-12-14,180,953.32,510.47,442.85,0.464534,5,190.66,5.3
C0008374,Enterprise,EMEA,referral,2024-09-05,2025-05-04,242,41155.26,31370.72,9784.54,0.237747,16,2572.2,170.06
C0008380,Enterprise,North America,referral,2024-09-30,2025-11-23,420,81743.59,51100.22,30643.37,0.374872,27,3027.54,194.63
C0008382,SMB,North America,referral,2025-03-06,2025-12-19,289,1442.34,952.09,490.25,0.339899,7,206.05,4.99
C0008389,SMB,North America,referral,2024-10-06,2024-10-22,17,3564.27,2440.37,1123.9,0.315324,3,1188.09,209.66
C0008391,Mid-Market,North America,referral,2025-05-25,2025-08-18,86,864.22,550.79,313.43,0.362674,5,172.84,10.05
C0008393,Enterprise,APAC,referral,2024-11-30,2025-09-09,284,35500.03,26611.27,8888.76,0.250387,21,1690.48,125.0
C0008395,Mid-Market,APAC,referral,2023-04-28,2024-01-18,266,16261.76,10569.21,5692.55,0.350057,28,580.78,61.13
C0008403,Mid-Market,LATAM,referral,2025-08-06,2025-12-17,134,2143.59,1364.54,779.05,0.363432,2,1071.8,16.0
C0008406,Mid-Market,North America,referral,2025-08-28,2025-11-04,69,4006.06,2379.77,1626.29,0.405957,9,445.12,58.06
C0008415,SMB,North America,referral,2023-06-22,2025-12-22,915,5731.03,3297.03,2434.0,0.424706,29,197.62,6.26
C0008420,Startup,APAC,referral,2023-06-26,2025-04-28,673,1175.75,667.96,507.79,0.431886,12,97.98,1.75
C0008421,Startup,LATAM,referral,2024-04-16,2025-01-11,271,992.4,551.7,440.7,0.444075,7,141.77,3.66
C0008422,Enterprise,EMEA,referral,2025-10-02,2025-10-05,4,3168.2,2503.71,664.49,0.209737,2,1584.1,792.05
C0008427,Mid-Market,EMEA,referral,2025-07-31,2025-08-18,19,3745.01,2839.12,905.89,0.241893,2,1872.5,197.11
C0008429,SMB,North America,referral,2025-12-17,2025-12-31,15,219.08,99.63,119.45,0.545235,2,109.54,14.61
C0008437,Startup,EMEA,referral,2024-11-19,2025-11-10,357,963.37,517.25,446.12,0.463083,8,120.42,2.7
C0008443,Mid-Market,APAC,referral,2024-07-01,2025-03-02,245,9696.21,5932.01,3764.2,0.388214,16,606.01,39.58
C0008449,SMB,EMEA,referral,2023-07-26,2024-04-20,270,3292.06,1958.25,1333.81,0.40516,8,411.51,12.19
C0008458,SMB,North America,referral,2025-10-31,2025-11-19,20,286.61,208.1,78.51,0.273926,2,143.3,14.33
C0008465,Mid-Market,North America,referral,2025-04-22,2025-12-26,249,19201.82,13552.84,5648.98,0.29419,17,1129.52,77.12
C0008466,Mid-Market,North America,referral,2024-12-28,2025-12-12,350,11063.62,6701.36,4362.26,0.394289,19,582.3,31.61
C0008473,SMB,North America,referral,2024-09-19,2025-11-28,436,3799.92,2277.63,1522.29,0.400611,13,292.3,8.72
C0008474,SMB,EMEA,referral,2023-03-01,2025-11-22,998,8072.64,4546.71,3525.93,0.436775,39,206.99,8.09
C0008476,SMB,EMEA,referral,2024-03-12,2024-06-09,90,1974.5,1371.68,602.82,0.305303,7,282.07,21.94
C0008478,Mid-Market,North America,referral,2024-11-10,2025-01-04,56,1679.77,810.87,868.9,0.517273,5,335.95,30.0
C0008479,Mid-Market,EMEA,referral,2024-06-12,2025-11-14,521,13864.1,9114.05,4750.05,0.342615,25,554.56,26.61
C0008480,Enterprise,North America,referral,2025-08-26,2025-12-31,128,95812.97,71333.79,24479.18,0.255489,14,6843.78,748.54
C0008484,SMB,LATAM,referral,2025-02-05,2025-12-29,328,4718.63,2720.42,1998.21,0.423472,24,196.61,14.39
C0008487,Mid-Market,EMEA,referral,2025-11-30,2025-12-02,3,1664.77,1239.84,424.93,0.255248,2,832.38,554.92
C0008489,SMB,North America,referral,2025-08-12,2025-09-08,28,1796.51,1036.36,760.15,0.423126,5,359.3,64.16
C0008495,Enterprise,North America,referral,2025-04-19,2025-12-26,252,30067.95,21344.01,8723.94,0.290141,18,1670.44,119.32
C0008504,Startup,APAC,referral,2025-03-31,2025-09-20,174,699.61,458.15,241.46,0.345135,6,116.6,4.02
C0008506,Enterprise,North America,referral,2024-04-13,2025-12-30,627,114016.71,79249.89,34766.82,0.304927,44,2591.29,181.84
C0008507,Mid-Market,North America,referral,2025-02-23,2025-12-31,312,7539.2,4241.24,3297.96,0.437442,15,502.61,24.16
C0008513,SMB,North America,referral,2024-12-23,2025-12-23,366,4740.2,2890.11,1850.09,0.390298,15,316.01,12.95
C0008515,Enterprise,APAC,referral,2024-08-22,2025-12-14,480,47553.76,33519.46,14034.3,0.295125,23,2067.55,99.07
C0008517,Mid-Market,North America,referral,2025-11-18,2025-12-14,27,2861.42,1913.35,948.07,0.331329,4,715.36,105.98
C0008522,Mid-Market,LATAM,referral,2024-07-26,2024-08-20,26,952.39,570.23,382.16,0.401264,2,476.2,36.63
C0008523,Mid-Market,APAC,referral,2025-12-16,2025-12-16,1,116.48,53.11,63.37,0.544042,1,116.48,116.48
C0008539,SMB,EMEA,referral,2023-09-01,2025-01-13,501,4615.92,2756.32,1859.6,0.402867,16,288.5,9.21
C0008545,SMB,EMEA,referral,2024-06-29,2025-10-09,468,4128.23,2365.03,1763.2,0.427108,13,317.56,8.82
C0008549,SMB,EMEA,referral,2025-06-29,2025-11-17,142,988.26,491.65,496.61,0.502509,4,247.06,6.96
C0008560,Mid-Market,APAC,referral,2025-10-14,2025-12-26,74,1164.51,893.04,271.47,0.23312,2,582.26,15.74
C0008564,SMB,North America,referral,2024-03-08,2025-12-01,634,6690.33,4355.9,2334.43,0.348926,27,247.79,10.55
C0008565,Mid-Market,North America,referral,2024-09-17,2025-12-21,461,39240.8,27889.3,11351.5,0.289278,26,1509.26,85.12
C0008568,Enterprise,LATAM,referral,2024-11-09,2025-12-17,404,28399.12,21490.43,6908.69,0.243271,19,1494.69,70.29
C0008573,Startup,APAC,referral,2025-08-20,2025-11-22,95,454.94,262.74,192.2,0.422473,5,90.99,4.79
C0008575,SMB,LATAM,referral,,,0,0.0,0.0,0.0,0.0,0,0.0,0.0
C0008576,Mid-Market,North America,referral,2025-01-22,2025-12-24,337,9255.78,5487.87,3767.91,0.407087,15,617.05,27.47
C0008579,Mid-Market,North America,referral,2025-04-05,2025-12-05,245,9924.09,5333.83,4590.26,0.462537,19,522.32,40.51
C0008589,Startup,APAC,referral,2024-12-20,2025-11-22,338,749.92,523.33,226.59,0.302152,9,83.32,2.22
C0008592,Startup,North America,referral,2023-05-09,2025-09-18,864,8524.63,4741.39,3783.24,0.443801,30,284.15,9.87
C0008594,Mid-Market,North America,referral,2025-03-06,2025-06-03,90,16771.82,11423.54,5348.28,0.318885,6,2795.3,186.35
C0008601,Mid-Market,EMEA,referral,2025-02-13,2025-11-16,277,6159.0,3759.78,2399.22,0.389547,14,439.93,22.23
C0008606,Mid-Market,APAC,referral,2024-10-01,2025-12-03,429,9772.56,6240.46,3532.1,0.36143,17,574.86,22.78
C0008612,Mid-Market,EMEA,referral,2025-06-23,2025-12-31,192,6092.3,4010.05,2082.25,0.341784,12,507.69,31.73
C0008614,Startup,LATAM,referral,2023-06-03,2025-08-13,803,2902.5,1818.58,1083.92,0.373444,24,120.94,3.61
C0008631,Startup,APAC,referral,2025-01-29,2025-04-18,80,338.31,214.35,123.96,0.36641,3,112.77,4.23
C0008643,Startup,APAC,referral,2023-07-10,2024-08-29,417,1296.09,730.57,565.52,0.436328,8,162.01,3.11
C0008647,Startup,EMEA,referral,2025-06-23,2025-12-21,182,435.1,217.42,217.68,0.500299,2,217.55,2.39
C0008657,Mid-Market,North America,referral,2023-12-17,2024-01-16,31,1906.43,929.39,977.04,0.512497,5,381.29,61.5
C0008669,Startup,EMEA,referral,,,0,0.0,0.0,0.0,0.0,0,0.0,0.0
C0008671,SMB,North America,referral,2023-05-08,2023-05-10,3,375.83,200.84,174.99,0.465609,3,125.28,125.28
C0008672,SMB,EMEA,referral,2024-06-30,2024-12-11,165,1452.65,823.01,629.64,0.433442,5,290.53,8.8
C0008678,Mid-Market,EMEA,referral,2025-06-18,2025-11-28,164,6266.03,3666.75,2599.28,0.414821,14,447.57,38.21
C0008679,Startup,LATAM,referral,2025-07-21,2025-07-28,8,377.43,193.99,183.44,0.486024,3,125.81,47.18
C0008680,Mid-Market,EMEA,referral,2025-05-24,2025-11-08,169,6948.02,4320.14,2627.88,0.37822,12,579.0,41.11
C0008685,SMB,EMEA,referral,2024-04-06,2024-10-30,208,1908.78,1163.56,745.22,0.390417,9,212.09,9.18
C0008694,Mid-Market,EMEA,referral,2023-03-25,2025-04-14,752,21155.57,12393.14,8762.43,0.41419,37,571.77,28.13
C0008695,Mid-Market,EMEA,referral,2025-08-21,2025-12-31,133,3716.54,2101.3,1615.24,0.434609,8,464.57,27.94
C0008707,SMB,LATAM,referral,2023-10-23,2025-04-22,548,4557.15,2710.68,1846.47,0.405181,21,217.01,8.32
C0008714,Mid-Market,North America,referral,2025-06-18,2025-11-24,160,6759.5,4215.06,2544.44,0.376424,12,563.29,42.25
C0008715,SMB,North America,referral,2023-01-16,2025-04-28,834,13125.35,7461.21,5664.14,0.431542,25,525.01,15.74
C0008717,Mid-Market,APAC,referral,2023-12-30,2025-12-30,732,41671.64,25217.17,16454.47,0.39486,38,1096.62,56.93
C0008718,Startup,LATAM,referral,2023-04-21,2025-12-27,982,2011.17,1225.84,785.33,0.390484,22,91.42,2.05
C0008740,Startup,EMEA,referral,2025-05-18,2025-10-23,159,512.83,306.05,206.78,0.403214,4,128.21,3.23
C0008746,Startup,North America,referral,2024-08-31,2025-12-20,477,3316.0,2022.08,1293.92,0.390205,18,184.22,6.95
C0008749,Startup,LATAM,referral,2025-07-25,2025-12-25,154,1659.4,834.68,824.72,0.496999,5,331.88,10.78
C0008761,Mid-Market,EMEA,referral,2025-04-05,2025-12-02,242,13865.03,8526.83,5338.2,0.385012,20,693.25,57.29
C0008762,Enterprise,APAC,referral,2023-08-05,2025-12-12,861,116779.49,86616.78,30162.71,0.258288,63,1853.64,135.63
C0008768,SMB,North America,referral,2025-12-26,2025-12-26,1,621.71,410.18,211.53,0.340239,1,621.71,621.71
C0008770,Enterprise,EMEA,referral,2023-05-30,2023-12-17,202,86511.25,68173.0,18338.25,0.211975,13,6654.71,428.27
C0008773,SMB,North America,referral,2025-06-07,2025-12-13,190,2450.86,1294.04,1156.82,0.472006,8,306.36,12.9
C0008777,SMB,APAC,referral,2024-11-25,2025-12-24,395,1251.64,724.67,526.97,0.421024,8,156.45,3.17
C0008785,SMB,APAC,referral,2025-08-20,2025-12-08,111,942.56,619.34,323.22,0.342917,5,188.51,8.49
C0008796,Enterprise,North America,referral,2025-03-23,2025-06-12,82,62950.87,42895.21,20055.66,0.318592,16,3934.43,767.69
C0008801,Enterprise,North America,referral,2023-11-29,2025-09-03,645,91480.96,63128.8,28352.16,0.309924,50,1829.62,141.83
C0008816,Startup,North America,referral,2024-10-04,2025-10-17,379,1023.28,562.46,460.82,0.450336,9,113.7,2.7
C0008817,SMB,EMEA,referral,2025-10-19,2025-11-27,40,254.97,171.33,83.64,0.328039,3,84.99,6.37
C0008825,SMB,EMEA,referral,2025-11-26,2025-12-25,30,752.8,389.57,363.23,0.482505,4,188.2,25.09
C0008829,Startup,EMEA,referral,2024-01-03,2024-01-26,24,70.18,38.55,31.63,0.450698,2,35.09,2.92
C0008833,Startup,LATAM,referral,2023-06-24,2023-08-01,39,228.74,123.25,105.49,0.461179,3,76.25,5.87
C0008835,SMB,APAC,referral,2024-10-18,2025-12-30,439,3112.27,1709.99,1402.28,0.450565,11,282.93,7.09
C0008839,SMB,APAC,referral,2023-12-03,2024-02-02,62,785.62,585.47,200.15,0.254767,3,261.87,12.67
C0008844,Mid-Market,North America,referral,2025-03-18,2025-12-25,283,7427.05,4457.97,2969.08,0.399766,13,571.31,26.24
C0008850,SMB,APAC,referral,2025-12-30,2025-12-30,1,275.59,142.34,133.25,0.483508,1,275.59,275.59
C0008852,Startup,LATAM,referral,2023-10-31,2023-11-29,30,175.69,103.77,71.92,0.409357,3,58.56,5.86
C0008858,SMB,EMEA,referral,2025-12-31,2025-12-31,1,576.08,263.15,312.93,0.543206,1,576.08,576.08
C0008864,SMB,APAC,referral,2025-03-12,2025-12-30,294,2547.34,1505.56,1041.78,0.408968,15,169.82,8.66
C0008866,Mid-Market,EMEA,referral,2024-11-24,2025-04-25,153,7669.32,5060.49,2608.83,0.340164,7,1095.62,50.13
C0008874,SMB,North America,referral,2025-07-25,2025-09-12,50,1544.33,963.57,580.76,0.37606,5,308.87,30.89
C0008880,Startup,LATAM,referral,2024-12-12,2025-12-21,375,1047.17,622.87,424.3,0.405187,13,80.55,2.79
C0008883,Mid-Market,North America,referral,2025-06-09,2025-10-12,126,5044.84,2949.72,2095.12,0.4153,10,504.48,40.04
C0008901,SMB,North America,referral,2024-01-01,2024-02-04,35,868.35,664.91,203.44,0.234283,2,434.17,24.81
C0008902,SMB,LATAM,referral,,,0,0.0,0.0,0.0,0.0,0,0.0,0.0
C0008907,Mid-Market,EMEA,referral,2024-09-07,2025-10-17,406,17854.69,10687.73,7166.96,0.401405,26,686.72,43.98
C0008908,Startup,APAC,referral,2025-08-23,2025-10-03,42,341.18,210.77,130.41,0.382232,3,113.73,8.12
C0008917,Startup,North America,referral,2025-02-16,2025-08-01,167,1035.74,722.75,312.99,0.30219,4,258.94,6.2
C0008919,Mid-Market,North America,referral,,,0,0.0,0.0,0.0,0.0,0,0.0,0.0
C0008924,Mid-Market,APAC,referral,2024-07-23,2025-12-16,512,27003.71,17100.62,9903.09,0.366731,36,750.1,52.74
C0008929,Enterprise,EMEA,referral,2024-08-05,2025-12-12,495,132336.79,90324.84,42011.95,0.317462,37,3576.67,267.35
C0008936,Mid-Market,LATAM,referral,2025-12-24,2025-12-29,6,1267.63,960.69,306.94,0.242137,3,422.54,211.27
C0008938,Mid-Market,EMEA,referral,2023-02-13,2024-11-02,629,19868.36,13472.02,6396.34,0.321936,33,602.07,31.59
C0008941,Startup,EMEA,referral,2023-11-17,2024-07-07,234,1438.17,1006.56,431.61,0.300111,9,159.8,6.15
C0008948,SMB,North America,referral,2025-06-23,2025-12-21,182,2077.2,1079.91,997.29,0.480113,12,173.1,11.41
C0008960,Mid-Market,LATAM,referral,2025-04-22,2025-12-28,251,3616.59,2020.85,1595.74,0.441228,8,452.07,14.41
C0008961,Mid-Market,North America,referral,2024-06-08,2025-12-28,569,28085.03,18766.89,9318.14,0.331783,38,739.08,49.36
C0008968,Startup,North America,referral,2024-05-31,2024-11-07,161,1153.3,577.84,575.46,0.498968,5,230.66,7.16
C0008972,Mid-Market,APAC,referral,2024-09-11,2025-08-21,345,37714.45,24539.95,13174.5,0.349322,23,1639.76,109.32
C0008977,Mid-Market,APAC,referral,2023-03-21,2025-12-31,1017,24261.1,14352.13,9908.97,0.40843,56,433.23,23.86
C0008982,SMB,EMEA,referral,2025-02-24,2025-12-21,301,13873.64,8206.39,5667.25,0.40849,25,554.95,46.09
C0008985,Enterprise,APAC,referral,2025-03-27,2025-12-09,258,67735.36,51031.62,16703.74,0.246603,19,3565.02,262.54
C0008997,Mid-Market,North America,referral,2025-09-15,2025-11-11,58,13326.74,8850.48,4476.26,0.335886,8,1665.84,229.77
C0008998,Mid-Market,North America,referral,2024-12-13,2025-09-02,264,6704.02,4526.09,2177.93,0.324869,10,670.4,25.39
C0000011,SMB,EMEA,social_ads,,,0,0.0,0.0,0.0,0.0,0,0.0,0.0
C0000014,Startup,EMEA,social_ads,2025-10-17,2025-12-12,57,366.35,292.55,73.8,0.201447,2,183.18,6.43
C0000018,Startup,LATAM,social_ads,,,0,0.0,0.0,0.0,0.0,0,0.0,0.0
C0000021,Mid-Market,EMEA,social_ads,2025-07-26,2025-10-25,92,1242.82,801.95,440.87,0.354734,6,207.14,13.51
C0000031,Startup,LATAM,social_ads,2025-07-07,2025-07-18,12,565.34,433.01,132.33,0.234072,2,282.67,47.11
C0000033,Startup,EMEA,social_ads,2024-10-15,2024-10-15,1,131.92,95.29,36.63,0.277668,1,131.92,131.92
C0000035,Startup,EMEA,social_ads,,,0,0.0,0.0,0.0,0.0,0,0.0,0.0
C0000036,Startup,North America,social_ads,2023-12-27,2024-02-13,49,330.17,207.91,122.26,0.370294,3,110.06,6.74
C0000039,Mid-Market,North America,social_ads,2024-02-20,2024-10-13,237,3569.58,2709.92,859.66,0.240829,7,509.94,15.06
C0000043,SMB,EMEA,social_ads,2025-05-26,2025-11-01,160,2826.65,2259.68,566.97,0.20058,8,353.33,17.67
C0000045,Mid-Market,LATAM,social_ads,2025-09-03,2025-09-04,2,3900.26,2907.56,992.7,0.254521,2,1950.13,1950.13
C0000047,Startup,EMEA,social_ads,2024-11-08,2025-08-29,295,1038.52,662.23,376.29,0.362333,9,115.39,3.52
C0000048,SMB,LATAM,social_ads,2024-04-22,2025-05-23,397,1992.97,1539.76,453.21,0.227404,11,181.18,5.02
C0000050,SMB,North America,social_ads,2023-10-06,2025-12-03,790,23895.74,20082.62,3813.12,0.159573,23,1038.95,30.25
C0000063,Mid-Market,EMEA,social_ads,2025-02-16,2025-09-05,202,6167.15,4894.32,1272.83,0.206389,9,685.24,30.53
C0000067,Startup,LATAM,social_ads,2025-03-03,2025-03-03,1,166.11,101.0,65.11,0.391969,1,166.11,166.11
C0000070,Startup,North America,social_ads,2024-10-30,2024-10-30,1,473.13,366.56,106.57,0.225245,1,473.13,473.13
C0000072,Enterprise,APAC,social_ads,2024-11-01,2025-06-20,232,14493.83,11793.29,2700.54,0.186323,9,1610.43,62.47
C0000080,Enterprise,North America,social_ads,2025-07-29,2025-07-29,1,25944.13,27132.55,-1188.42,-0.045807,1,25944.13,25944.13
C0000081,Mid-Market,North America,social_ads,2025-04-30,2025-12-23,238,10340.57,7608.93,2731.64,0.264167,20,517.03,43.45
C0000082,SMB,North America,social_ads,2024-11-09,2025-09-15,311,2619.86,1944.3,675.56,0.257861,8,327.48,8.42
C0000087,Startup,APAC,social_ads,2025-08-06,2025-09-03,29,102.74,88.74,14.0,0.136266,2,51.37,3.54
C0000090,Startup,EMEA,social_ads,2024-12-30,2025-01-08,10,71.15,43.59,27.56,0.387351,2,35.58,7.12
C0000097,Startup,EMEA,social_ads,2024-08-23,2025-02-01,163,1691.7,1590.05,101.65,0.060087,5,338.34,10.38
C0000098,SMB,EMEA,social_ads,2023-06-15,2024-04-09,300,5646.31,4497.51,1148.8,0.20346,14,403.31,18.82
C0000101,Startup,North America,social_ads,,,0,0.0,0.0,0.0,0.0,0,0.0,0.0
C0000108,SMB,North America,social_ads,2024-06-06,2025-06-13,373,2017.95,1438.85,579.1,0.286974,10,201.8,5.41
C0000110,Mid-Market,EMEA,social_ads,2025-10-30,2025-12-05,37,1528.95,1008.62,520.33,0.340319,3,509.65,41.32
C0000112,Mid-Market,LATAM,social_ads,,,0,0.0,0.0,0.0,0.0,0,0.0,0.0
C0000114,Startup,LATAM,social_ads,2025-02-28,2025-04-27,59,256.07,185.32,70.75,0.276292,3,85.36,4.34
C0000115,Startup,LATAM,social_ads,2023-11-28,2024-10-14,322,1594.48,1279.49,314.99,0.19755,8,199.31,4.95
C0000124,Startup,North America,social_ads,2024-09-19,2025-12-23,461,827.93,674.14,153.79,0.185752,10,82.79,1.8
C0000129,Enterprise,APAC,social_ads,2023-08-13,2025-12-19,860,93031.64,80129.32,12902.32,0.138687,52,1789.07,108.18
C0000133,Startup,LATAM,social_ads,2025-03-01,2025-09-15,199,258.47,205.49,52.98,0.204975,4,64.62,1.3
C0000139,SMB,North America,social_ads,2025-09-17,2025-09-17,1,45.7,33.82,11.88,0.259956,1,45.7,45.7
C0000141,SMB,LATAM,social_ads,2024-12-23,2025-04-29,128,445.67,349.55,96.12,0.215675,3,148.56,3.48
C0000148,Mid-Market,EMEA,social_ads,2025-05-01,2025-09-09,132,7476.45,6001.46,1474.99,0.197285,6,1246.08,56.64
C0000149,Mid-Market,APAC,social_ads,2024-10-29,2024-11-26,29,4998.16,3739.68,1258.48,0.251789,4,1249.54,172.35
C0000151,SMB,North America,social_ads,2025-08-29,2025-09-12,15,118.56,87.49,31.07,0.262061,2,59.28,7.9
C0000152,Startup,LATAM,social_ads,,,0,0.0,0.0,0.0,0.0,0,0.0,0.0
C0000155,SMB,EMEA,social_ads,,,0,0.0,0.0,0.0,0.0,0,0.0,0.0
C0000157,SMB,LATAM,social_ads,2024-04-16,2024-11-07,206,864.82,745.74,119.08,0.137693,8,108.1,4.2
C0000160,Startup,EMEA,social_ads,2025-07-21,2025-07-21,1,61.49,52.3,9.19,0.149455,1,61.49,61.49
C0000161,Mid-Market,North America,social_ads,2023-07-27,2023-08-08,13,409.11,335.46,73.65,0.180025,2,204.56,31.47
C0000166,Startup,North America,social_ads,2024-07-28,2024-08-03,7,620.73,428.12,192.61,0.310296,2,310.36,88.68
C0000170,Mid-Market,EMEA,social_ads,,,0,0.0,0.0,0.0,0.0,0,0.0,0.0
C0000181,Startup,North America,social_ads,2025-10-19,2025-12-30,73,880.95,636.14,244.81,0.277893,3,293.65,12.07
C0000183,SMB,LATAM,social_ads,2025-01-08,2025-04-04,87,1792.27,1226.13,566.14,0.315879,3,597.42,20.6
C0000191,Mid-Market,North America,social_ads,2025-11-21,2025-11-21,1,546.83,335.98,210.85,0.385586,1,546.83,546.83
C0000192,Startup,LATAM,social_ads,2024-02-27,2024-02-27,1,23.87,18.04,5.83,0.24424,1,23.87,23.87
C0000199,Mid-Market,APAC,social_ads,2024-01-09,2024-02-02,25,3973.03,3114.86,858.17,0.215999,7,567.58,158.92
C0000203,Startup,North America,social_ads,,,0,0.0,0.0,0.0,0.0,0,0.0,0.0
C0000204,Startup,North America,social_ads,2023-10-04,2024-02-29,149,643.85,427.62,216.23,0.335839,2,321.92,4.32
C0000208,Mid-Market,EMEA,social_ads,2025-06-11,2025-06-17,7,6311.76,5246.8,1064.96,0.168726,2,3155.88,901.68
C0000212,SMB,EMEA,social_ads,,,0,0.0,0.0,0.0,0.0,0,0.0,0.0
C0000222,Mid-Market,EMEA,social_ads,2024-12-10,2025-02-12,65,892.1,620.63,271.47,0.304304,3,297.37,13.72
C0000223,Startup,EMEA,social_ads,2025-06-24,2025-06-24,1,23.39,17.61,5.78,0.247114,1,23.39,23.39
C0000230,SMB,North America,social_ads,2023-08-07,2023-08-07,1,92.62,76.44,16.18,0.174692,1,92.62,92.62
C0000236,SMB,LATAM,social_ads,2025-11-14,2025-11-14,1,78.77,50.41,28.36,0.360036,1,78.77,78.77
C0000237,SMB,EMEA,social_ads,2025-01-08,2025-08-12,217,646.19,444.83,201.36,0.311611,6,107.7,2.98
C0000241,SMB,EMEA,social_ads,2025-08-31,2025-11-19,81,1529.74,1167.2,362.54,0.236995,6,254.96,18.89
C0000245,Startup,North America,social_ads,2025-03-28,2025-05-10,44,103.8,63.2,40.6,0.391137,2,51.9,2.36
C0000247,SMB,North America,social_ads,2025-03-17,2025-04-26,41,481.2,328.07,153.13,0.318225,2,240.6,11.74
C0000248,SMB,EMEA,social_ads,2024-09-16,2025-01-01,108,2988.9,2233.89,755.01,0.252605,7,426.99,27.67
C0000252,Startup,APAC,social_ads,2025-09-30,2025-12-18,80,251.63,208.32,43.31,0.172118,3,83.88,3.15
C0000259,Startup,LATAM,social_ads,2023-05-12,2023-05-12,1,562.8,392.32,170.48,0.302914,1,562.8,562.8
C0000260,SMB,APAC,social_ads,2025-03-10,2025-11-11,247,847.41,649.7,197.71,0.233311,5,169.48,3.43
C0000267,Startup,North America,social_ads,2024-04-18,2024-04-18,1,77.86,56.71,21.15,0.271641,1,77.86,77.86
C0000279,Startup,North America,social_ads,,,0,0.0,0.0,0.0,0.0,0,0.0,0.0
C0000283,Mid-Market,EMEA,social_ads,2024-02-21,2025-03-27,401,7386.91,5876.13,1510.78,0.204521,13,568.22,18.42
C0000289,Startup,APAC,social_ads,2025-01-18,2025-05-22,125,959.09,672.7,286.39,0.298606,5,191.82,7.67
C0000291,SMB,EMEA,social_ads,2025-09-27,2025-12-03,68,248.06,208.25,39.81,0.160485,2,124.03,3.65
C0000296,Mid-Market,EMEA,social_ads,,,0,0.0,0.0,0.0,0.0,0,0.0,0.0
C0000302,Startup,EMEA,social_ads,2023-10-26,2024-12-30,432,3774.44,2740.17,1034.27,0.274019,22,171.57,8.74
C0000306,SMB,EMEA,social_ads,2024-11-12,2025-03-06,115,2054.92,1596.07,458.85,0.223293,7,293.56,17.87
C0000309,Startup,North America,social_ads,2024-03-30,2024-10-04,189,1343.22,951.55,391.67,0.29159,8,167.9,7.11
C0000318,Enterprise,APAC,social_ads,2025-05-19,2025-12-22,218,24104.74,20452.44,3652.3,0.151518,10,2410.47,110.57
C0000322,SMB,EMEA,social_ads,2024-12-05,2025-03-01,87,633.74,409.75,223.99,0.353441,5,126.75,7.28
C0000325,Startup,APAC,social_ads,2025-10-06,2025-10-06,1,354.75,378.5,-23.75,-0.066949,1,354.75,354.75
C0000333,Startup,EMEA,social_ads,2025-05-31,2025-05-31,1,25.28,20.16,5.12,0.202532,1,25.28,25.28
C0000337,Startup,EMEA,social_ads,2023-07-10,2024-02-20,226,892.33,745.64,146.69,0.16439,11,81.12,3.95
C0000340,SMB,North America,social_ads,2025-11-22,2025-11-22,1,195.86,160.92,34.94,0.178393,1,195.86,195.86
C0000347,SMB,APAC,social_ads,2025-12-03,2025-12-03,1,329.59,219.57,110.02,0.333809,1,329.59,329.59
C0000353,SMB,North America,social_ads,2025-03-16,2025-09-24,193,777.79,648.18,129.61,0.166639,6,129.63,4.03
C0000356,Startup,EMEA,social_ads,2025-02-11,2025-02-11,1,109.82,80.65,29.17,0.265616,1,109.82,109.82
C0000361,SMB,LATAM,social_ads,2025-12-17,2025-12-17,1,112.64,73.58,39.06,0.346768,1,112.64,112.64
C0000362,SMB,North America,social_ads,2023-09-16,2024-03-05,172,1847.26,1509.93,337.33,0.182611,4,461.82,10.74
C0000366,Startup,EMEA,social_ads,2024-09-26,2025-01-05,102,1035.56,1040.66,-5.1,-0.004925,4,258.89,10.15
C0000379,Mid-Market,APAC,social_ads,2024-08-11,2024-11-05,87,2016.12,1304.98,711.14,0.352727,4,504.03,23.17
C0000381,Startup,North America,social_ads,,,0,0.0,0.0,0.0,0.0,0,0.0,0.0
C0000382,Startup,APAC,social_ads,,,0,0.0,0.0,0.0,0.0,0,0.0,0.0
C0000385,SMB,APAC,social_ads,2024-07-31,2024-08-17,18,839.65,718.72,120.93,0.144024,2,419.82,46.65
C0000404,Startup,LATAM,social_ads,2023-07-28,2023-11-06,102,974.57,792.57,182.0,0.186749,5,194.91,9.55
C0000411,Mid-Market,North America,social_ads,2025-06-19,2025-08-07,50,1692.39,1362.44,329.95,0.194961,5,338.48,33.85
C0000412,SMB,North America,social_ads,2025-05-08,2025-12-06,213,2648.55,2106.64,541.91,0.204606,6,441.42,12.43
C0000417,Startup,EMEA,social_ads,2023-09-28,2023-09-28,1,204.45,148.93,55.52,0.271558,1,204.45,204.45
C0000428,Mid-Market,North America,social_ads,2025-12-11,2025-12-11,1,326.58,228.7,97.88,0.299712,1,326.58,326.58
C0000434,SMB,APAC,social_ads,2025-10-03,2025-11-23,52,452.5,319.21,133.29,0.294564,4,113.12,8.7
C0000437,Startup,North America,social_ads,2023-09-15,2023-09-15,1,25.39,20.15,5.24,0.20638,1,25.39,25.39
C0000444,SMB,APAC,social_ads,2023-12-27,2023-12-28,2,286.44,212.8,73.64,0.257087,2,143.22,143.22
C0000446,Startup,APAC,social_ads,2025-06-17,2025-10-12,118,662.98,520.24,142.74,0.215301,5,132.6,5.62
C0000450,Startup,LATAM,social_ads,2025-03-29,2025-04-24,27,39.02,26.59,12.43,0.318555,2,19.51,1.45
C0000463,Startup,North America,social_ads,2025-12-11,2025-12-11,1,77.33,60.91,16.42,0.212337,1,77.33,77.33
C0000475,SMB,EMEA,social_ads,2024-04-19,2024-12-01,227,3250.77,2498.61,752.16,0.231379,9,361.2,14.32
C0000479,SMB,North America,social_ads,2025-04-22,2025-12-23,246,2154.36,1638.82,515.54,0.239301,10,215.44,8.76
C0000482,Startup,LATAM,social_ads,2024-01-27,2024-05-22,117,961.34,804.32,157.02,0.163335,6,160.22,8.22
C0000491,Startup,LATAM,social_ads,2025-07-01,2025-11-16,139,265.42,195.02,70.4,0.26524,4,66.36,1.91
C0000512,SMB,EMEA,social_ads,,,0,0.0,0.0,0.0,0.0,0,0.0,0.0
C0000518,Enterprise,EMEA,social_ads,2025-08-30,2025-09-26,28,1245.46,1143.56,101.9,0.081817,2,622.73,44.48
C0000519,SMB,APAC,social_ads,2023-03-05,2023-04-16,43,1212.53,926.62,285.91,0.235796,4,303.13,28.2
C0000530,Startup,APAC,social_ads,2024-05-19,2024-12-09,205,1115.07,1007.25,107.82,0.096693,4,278.77,5.44
C0000536,Startup,North America,social_ads,,,0,0.0,0.0,0.0,0.0,0,0.0,0.0
C0000543,SMB,EMEA,social_ads,2025-09-10,2025-09-10,1,134.11,91.98,42.13,0.314145,1,134.11,134.11
C0000546,SMB,APAC,social_ads,2024-10-27,2024-10-27,1,372.91,223.02,149.89,0.401947,1,372.91,372.91
C0000557,SMB,North America,social_ads,2024-06-08,2024-11-14,160,494.15,376.66,117.49,0.237762,3,164.72,3.09
C0000573,Startup,North America,social_ads,2024-12-20,2025-10-19,304,899.68,678.19,221.49,0.246188,10,89.97,2.96
C0000587,Startup,North America,social_ads,2024-02-09,2024-10-13,248,738.14,609.97,128.17,0.173639,4,184.54,2.98
C0000598,Startup,APAC,social_ads,2025-04-09,2025-06-09,62,267.37,182.27,85.1,0.318286,3,89.12,4.31
C0000604,SMB,North America,social_ads,2025-06-19,2025-08-30,73,737.94,580.83,157.11,0.212903,3,245.98,10.11
C0000610,Mid-Market,North America,social_ads,2024-10-21,2025-11-14,390,6657.05,4881.08,1775.97,0.26678,12,554.75,17.07
C0000616,Startup,North America,social_ads,2025-07-04,2025-12-21,171,357.13,282.11,75.02,0.210064,4,89.28,2.09
C0000628,Startup,LATAM,social_ads,,,0,0.0,0.0,0.0,0.0,0,0.0,0.0
C0000634,Startup,APAC,social_ads,2024-08-11,2024-08-11,1,74.35,52.29,22.06,0.296705,2,37.18,74.35
C0000640,Enterprise,APAC,social_ads,2025-10-05,2025-12-24,81,6542.92,5660.67,882.25,0.13484,7,934.7,80.78
C0000647,Startup,EMEA,social_ads,,,0,0.0,0.0,0.0,0.0,0,0.0,0.0
C0000650,Startup,EMEA,social_ads,2023-03-12,2023-07-10,121,1627.12,1434.97,192.15,0.118092,5,325.42,13.45
C0000657,Mid-Market,EMEA,social_ads,2025-11-01,2025-11-29,29,2058.62,1576.07,482.55,0.234405,3,686.21,70.99
C0000660,SMB,EMEA,social_ads,2024-11-01,2025-03-26,146,309.65,203.94,105.71,0.341385,2,154.82,2.12
C0000661,SMB,APAC,social_ads,2024-07-19,2025-01-15,181,834.16,593.99,240.17,0.287918,6,139.03,4.61
C0000663,SMB,APAC,social_ads,2023-12-17,2023-12-17,1,135.95,113.49,22.46,0.165208,1,135.95,135.95
C0000671,Mid-Market,EMEA,social_ads,2023-11-19,2024-10-08,325,9170.4,7317.0,1853.4,0.202107,15,611.36,28.22
C0000675,Enterprise,North America,social_ads,2025-03-21,2025-08-11,144,30916.63,28455.91,2460.72,0.079592,12,2576.39,214.7
C0000679,Mid-Market,North America,social_ads,2023-09-15,2024-03-22,190,9890.64,8455.13,1435.51,0.145138,9,1098.96,52.06
C0000680,SMB,North America,social_ads,2024-08-12,2024-11-12,93,949.87,719.2,230.67,0.242844,3,316.62,10.21
C0000684,SMB,EMEA,social_ads,2024-11-24,2024-12-14,21,495.68,411.61,84.07,0.169605,2,247.84,23.6
C0000691,Startup,North America,social_ads,2024-06-21,2024-12-13,176,461.31,388.83,72.48,0.157118,4,115.33,2.62
C0000696,Mid-Market,APAC,social_ads,2025-01-18,2025-02-12,26,2895.22,2672.23,222.99,0.07702,3,965.07,111.35
C0000697,Startup,North America,social_ads,,,0,0.0,0.0,0.0,0.0,0,0.0,0.0
C0000698,SMB,EMEA,social_ads,,,0,0.0,0.0,0.0,0.0,0,0.0,0.0
C0000704,Startup,EMEA,social_ads,2025-10-09,2025-10-09,1,14.06,10.02,4.04,0.28734,1,14.06,14.06
C0000705,Startup,North America,social_ads,2024-04-30,2024-05-01,2,138.42,83.37,55.05,0.397703,2,69.21,69.21
C0000712,SMB,EMEA,social_ads,2025-11-09,2025-11-09,1,178.48,155.78,22.7,0.127185,1,178.48,178.48
C0000717,SMB,APAC,social_ads,,,0,0.0,0.0,0.0,0.0,0,0.0,0.0
C0000724,Mid-Market,North America,social_ads,,,0,0.0,0.0,0.0,0.0,0,0.0,0.0
C0000731,Mid-Market,APAC,social_ads,2024-09-01,2024-09-01,1,1280.25,1134.8,145.45,0.113611,2,640.12,1280.25
C0000732,Startup,APAC,social_ads,2023-04-19,2025-05-24,767,2328.97,1673.63,655.34,0.281386,11,211.72,3.04
C0000742,Startup,EMEA,social_ads,2023-09-06,2024-03-24,201,302.36,278.33,24.03,0.079475,3,100.79,1.5
C0000753,Mid-Market,North America,social_ads,2024-02-27,2024-11-19,267,7417.86,5870.95,1546.91,0.208539,8,927.23,27.78
C0000756,SMB,North America,social_ads,2024-03-26,2024-09-10,169,1887.39,1489.58,397.81,0.210773,5,377.48,11.17
C0000764,Startup,APAC,social_ads,2023-10-30,2023-10-30,1,140.06,132.91,7.15,0.05105,1,140.06,140.06
C0000765,Startup,LATAM,social_ads,2025-12-29,2025-12-29,1,129.2,93.94,35.26,0.27291,1,129.2,129.2
C0000771,SMB,EMEA,social_ads,2024-02-27,2025-01-04,313,2662.11,2199.04,463.07,0.173948,10,266.21,8.51
C0000788,Startup,North America,social_ads,,,0,0.0,0.0,0.0,0.0,0,0.0,0.0
C0000798,Startup,North America,social_ads,2023-11-28,2024-01-01,35,177.06,129.09,47.97,0.270925,2,88.53,5.06
C0000800,Startup,LATAM,social_ads,2025-07-04,2025-09-01,60,898.22,711.12,187.1,0.208301,4,224.56,14.97
C0000809,Mid-Market,LATAM,social_ads,2024-12-30,2025-09-26,271,3267.8,2393.48,874.32,0.267556,10,326.78,12.06
C0000811,SMB,EMEA,social_ads,2023-02-03,2023-03-13,39,441.87,291.99,149.88,0.339195,3,147.29,11.33
C0000812,SMB,North America,social_ads,2023-02-15,2023-09-04,202,2106.01,1843.82,262.19,0.124496,11,191.46,10.43
C0000819,SMB,EMEA,social_ads,2025-03-31,2025-03-31,1,902.02,728.13,173.89,0.192778,1,902.02,902.02
C0000824,SMB,APAC,social_ads,2025-05-12,2025-11-04,177,2131.31,1647.51,483.8,0.226997,4,532.83,12.04
C0000825,Startup,APAC,social_ads,,,0,0.0,0.0,0.0,0.0,0,0.0,0.0
C0000829,SMB,North America,social_ads,,,0,0.0,0.0,0.0,0.0,0,0.0,0.0
C0000838,SMB,LATAM,social_ads,,,0,0.0,0.0,0.0,0.0,0,0.0,0.0
C0000848,Mid-Market,LATAM,social_ads,2025-06-17,2025-11-14,151,1677.85,1190.49,487.36,0.290467,5,335.57,11.11
C0000849,Enterprise,APAC,social_ads,2023-10-19,2024-04-07,172,18948.97,15328.07,3620.9,0.191087,14,1353.5,110.17
C0000853,SMB,EMEA,social_ads,2025-09-26,2025-11-16,52,684.16,422.09,262.07,0.383054,3,228.05,13.16
C0000866,Startup,North America,social_ads,,,0,0.0,0.0,0.0,0.0,0,0.0,0.0
C0000876,SMB,EMEA,social_ads,2025-11-30,2025-11-30,1,228.35,186.64,41.71,0.182658,1,228.35,228.35
C0000880,SMB,North America,social_ads,2025-04-10,2025-05-15,36,2222.19,1822.88,399.31,0.179692,2,1111.1,61.73
C0000884,SMB,North America,social_ads,2024-11-24,2025-07-25,244,1463.19,1131.56,331.63,0.226649,7,209.03,6.0
C0000909,Startup,EMEA,social_ads,,,0,0.0,0.0,0.0,0.0,0,0.0,0.0
C0000915,SMB,EMEA,social_ads,2025-12-24,2025-12-24,1,784.85,764.35,20.5,0.02612,1,784.85,784.85
C0000916,Startup,LATAM,social_ads,2025-12-21,2025-12-21,1,55.51,43.15,12.36,0.222663,1,55.51,55.51
C0000918,SMB,North America,social_ads,2023-10-09,2024-02-11,126,193.55,156.77,36.78,0.190028,3,64.52,1.54
C0000936,SMB,North America,social_ads,,,0,0.0,0.0,0.0,0.0,0,0.0,0.0
C0000937,Startup,North America,social_ads,2025-11-26,2025-12-16,21,17.55,13.15,4.4,0.250712,2,8.78,0.84
C0000938,Mid-Market,EMEA,social_ads,2023-10-29,2023-12-30,63,2680.27,1959.27,721.0,0.269003,7,382.9,42.54
C0000945,Startup,North America,social_ads,2024-12-29,2025-01-13,16,241.94,204.67,37.27,0.154046,2,120.97,15.12
C0000956,Mid-Market,LATAM,social_ads,2025-10-23,2025-12-16,55,1774.74,1352.7,422.04,0.237804,7,253.53,32.27
C0000959,SMB,North America,social_ads,2024-12-22,2025-03-03,72,2959.44,2368.83,590.61,0.199568,4,739.86,41.1
C0000960,Startup,North America,social_ads,2025-02-01,2025-02-01,1,645.72,446.51,199.21,0.308508,1,645.72,645.72
C0000961,Startup,North America,social_ads,2025-02-27,2025-02-27,1,36.71,23.18,13.53,0.368564,1,36.71,36.71
C0000962,Startup,APAC,social_ads,2024-10-11,2024-10-11,1,125.96,80.08,45.88,0.364243,1,125.96,125.96
C0000967,SMB,North America,social_ads,,,0,0.0,0.0,0.0,0.0,0,0.0,0.0
C0000974,Startup,North America,social_ads,,,0,0.0,0.0,0.0,0.0,0,0.0,0.0
C0000981,Startup,North America,social_ads,2025-12-30,2025-12-30,1,30.33,16.57,13.76,0.453676,1,30.33,30.33
C0000989,SMB,APAC,social_ads,,,0,0.0,0.0,0.0,0.0,0,0.0,0.0
C0000990,Startup,LATAM,social_ads,2025-08-18,2025-08-18,1,32.75,21.64,11.11,0.339237,1,32.75,32.75
C0000991,SMB,EMEA,social_ads,2025-05-01,2025-06-06,37,127.86,80.86,47.0,0.36759,3,42.62,3.46
C0000992,SMB,LATAM,social_ads,2025-08-01,2025-10-24,85,1305.75,907.28,398.47,0.305166,5,261.15,15.36
C0000993,SMB,North America,social_ads,2025-08-22,2025-09-14,24,679.56,441.98,237.58,0.349609,5,135.91,28.32
C0000995,Startup,APAC,social_ads,2025-11-18,2025-11-18,1,313.75,232.67,81.08,0.258422,1,313.75,313.75
C0000996,Mid-Market,EMEA,social_ads,2024-10-26,2025-01-02,69,1456.23,1011.19,445.04,0.305611,4,364.06,21.1
C0000997,SMB,North America,social_ads,2025-05-21,2025-07-04,45,848.98,631.77,217.21,0.255848,5,169.8,18.87
C0000999,SMB,North America,social_ads,2025-12-31,2025-12-31,1,996.92,789.13,207.79,0.208432,1,996.92,996.92
C0001005,SMB,APAC,social_ads,2025-04-25,2025-04-25,1,53.71,34.13,19.58,0.36455,1,53.71,53.71
C0001007,Mid-Market,LATAM,social_ads,2025-12-08,2025-12-25,18,2406.32,2342.79,63.53,0.026401,2,1203.16,133.68
C0001010,SMB,EMEA,social_ads,,,0,0.0,0.0,0.0,0.0,0,0.0,0.0
C0001019,Startup,North America,social_ads,2023-03-23,2023-05-15,54,423.41,278.47,144.94,0.342316,3,141.14,7.84
C0001022,SMB,EMEA,social_ads,2025-07-22,2025-09-13,54,730.64,524.54,206.1,0.282081,5,146.13,13.53
C0001023,SMB,North America,social_ads,2025-12-30,2025-12-30,1,141.65,101.73,39.92,0.281821,1,141.65,141.65
C0001045,Startup,North America,social_ads,2023-03-05,2023-03-05,1,24.93,20.6,4.33,0.173686,1,24.93,24.93
C0001046,Mid-Market,EMEA,social_ads,2024-08-12,2025-07-17,340,6021.19,4481.66,1539.53,0.255685,14,430.08,17.71
C0001048,Startup,North America,social_ads,,,0,0.0,0.0,0.0,0.0,0,0.0,0.0
C0001054,SMB,LATAM,social_ads,2023-09-24,2025-09-19,727,7708.12,6233.52,1474.6,0.191305,22,350.37,10.6
C0001058,Startup,EMEA,social_ads,2024-02-19,2024-03-31,42,512.17,432.53,79.64,0.155495,2,256.08,12.19
C0001067,SMB,North America,social_ads,2024-08-31,2024-09-29,30,665.57,430.02,235.55,0.353907,3,221.86,22.19
C0001073,Mid-Market,EMEA,social_ads,2024-10-24,2025-09-25,337,16500.22,12771.45,3728.77,0.225983,16,1031.26,48.96
C0001106,Startup,North America,social_ads,,,0,0.0,0.0,0.0,0.0,0,0.0,0.0
C0001107,SMB,EMEA,social_ads,2023-08-06,2023-08-06,1,592.11,570.1,22.01,0.037172,1,592.11,592.11
C0001110,Startup,EMEA,social_ads,2024-01-02,2024-11-14,318,2674.62,2216.61,458.01,0.171243,6,445.77,8.41
C0001111,Startup,North America,social_ads,,,0,0.0,0.0,0.0,0.0,0,0.0,0.0
C0001112,Startup,EMEA,social_ads,2024-12-01,2025-02-22,84,474.32,351.26,123.06,0.259445,3,158.11,5.65
C0001113,SMB,North America,social_ads,2025-03-31,2025-09-13,167,929.21,660.61,268.6,0.289063,5,185.84,5.56
C0001116,Startup,North America,social_ads,2023-07-12,2023-07-23,12,406.98,318.39,88.59,0.217677,2,203.49,33.92
C0001119,SMB,North America,social_ads,2024-03-31,2024-08-02,125,1806.33,1292.24,514.09,0.284605,7,258.05,14.45
C0001120,Startup,EMEA,social_ads,2025-10-31,2025-10-31,1,58.77,53.15,5.62,0.095627,1,58.77,58.77
C0001126,Mid-Market,APAC,social_ads,2025-02-06,2025-09-10,217,2530.85,2158.64,372.21,0.147069,4,632.71,11.66
C0001130,SMB,LATAM,social_ads,2025-12-28,2025-12-28,1,56.14,37.73,18.41,0.32793,1,56.14,56.14
C0001139,Startup,EMEA,social_ads,2023-05-14,2023-06-04,22,168.0,115.19,52.81,0.314345,2,84.0,7.64
C0001143,Startup,EMEA,social_ads,2025-12-02,2025-12-02,1,135.85,101.46,34.39,0.253147,1,135.85,135.85
C0001149,Startup,North America,social_ads,2024-12-29,2025-09-20,266,961.88,730.43,231.45,0.240623,4,240.47,3.62
C0001151,Startup,EMEA,social_ads,2023-10-05,2023-10-05,1,108.81,79.1,29.71,0.273045,1,108.81,108.81
C0001154,SMB,North America,social_ads,2023-10-18,2024-02-13,119,321.1,233.98,87.12,0.271317,5,64.22,2.7
C0001155,Enterprise,EMEA,social_ads,2025-01-27,2025-12-01,309,40232.26,35619.93,4612.33,0.114643,9,4470.25,130.2
C0001156,Mid-Market,APAC,social_ads,2023-06-25,2023-09-04,72,2109.91,1773.6,336.31,0.159395,3,703.3,29.3
C0001159,Startup,EMEA,social_ads,2025-02-17,2025-04-04,47,511.02,474.77,36.25,0.070937,3,170.34,10.87
C0001163,Startup,APAC,social_ads,2025-09-02,2025-09-02,1,36.79,32.33,4.46,0.121229,1,36.79,36.79
C0001172,SMB,EMEA,social_ads,2025-06-30,2025-12-08,162,943.89,914.69,29.2,0.030936,3,314.63,5.83
C0001179,SMB,North America,social_ads,2024-01-29,2024-01-29,1,131.32,90.63,40.69,0.309854,1,131.32,131.32
C0001188,Mid-Market,North America,social_ads,2025-12-29,2025-12-29,1,94.34,67.06,27.28,0.289167,1,94.34,94.34
C0001193,Startup,LATAM,social_ads,2025-10-21,2025-10-21,1,36.35,36.07,0.28,0.007703,1,36.35,36.35
C0001194,Mid-Market,North America,social_ads,2025-12-22,2025-12-25,4,3829.25,3145.61,683.64,0.178531,4,957.31,957.31
C0001203,Startup,EMEA,social_ads,2025-11-07,2025-11-07,1,22.72,18.1,4.62,0.203345,1,22.72,22.72
C0001210,Enterprise,LATAM,social_ads,2024-10-05,2025-11-25,417,79877.57,72762.06,7115.51,0.08908,23,3472.94,191.55
C0001212,Startup,North America,social_ads,,,0,0.0,0.0,0.0,0.0,0,0.0,0.0
C0001230,Startup,North America,social_ads,2023-04-26,2024-06-12,414,1751.23,1516.14,235.09,0.134243,10,175.12,4.23
C0001233,SMB,North America,social_ads,2023-12-28,2024-02-02,37,231.63,170.86,60.77,0.262358,2,115.82,6.26
C0001234,Mid-Market,APAC,social_ads,2025-08-16,2025-11-09,86,1991.84,1561.6,430.24,0.216001,5,398.37,23.16
C0001239,Startup,APAC,social_ads,2023-12-12,2024-01-08,28,227.23,185.48,41.75,0.183735,3,75.74,8.12
C0001240,SMB,EMEA,social_ads,2023-10-23,2024-02-08,109,1745.69,1237.94,507.75,0.290859,8,218.21,16.02
C0001241,SMB,North America,social_ads,2025-09-29,2025-09-29,1,110.39,75.82,34.57,0.313162,1,110.39,110.39
C0001244,Mid-Market,EMEA,social_ads,2023-06-03,2023-06-03,1,195.46,140.28,55.18,0.282308,1,195.46,195.46
C0001245,SMB,EMEA,social_ads,2024-07-31,2025-10-19,446,2536.29,1909.63,626.66,0.247077,10,253.63,5.69
C0001248,SMB,North America,social_ads,2024-01-10,2024-01-18,9,1026.48,717.06,309.42,0.301438,2,513.24,114.05
C0001254,Startup,North America,social_ads,2025-05-27,2025-06-03,8,150.42,121.31,29.11,0.193525,3,50.14,18.8
C0001256,Startup,APAC,social_ads,2025-12-27,2025-12-27,1,67.45,49.17,18.28,0.271016,1,67.45,67.45
C0001258,SMB,North America,social_ads,2025-09-10,2025-11-26,78,788.62,608.43,180.19,0.228488,4,197.16,10.11
C0001259,Mid-Market,North America,social_ads,2025-01-26,2025-03-10,44,3868.74,3261.69,607.05,0.156912,4,967.18,87.93
C0001265,Startup,North America,social_ads,2025-04-19,2025-06-18,61,1647.89,1415.27,232.62,0.141162,5,329.58,27.01
C0001266,Mid-Market,EMEA,social_ads,2025-08-20,2025-10-07,49,1975.68,1390.07,585.61,0.296409,6,329.28,40.32
C0001267,Enterprise,North America,social_ads,2024-01-06,2024-04-20,106,16674.34,15329.93,1344.41,0.080627,10,1667.43,157.31
C0001268,SMB,North America,social_ads,,,0,0.0,0.0,0.0,0.0,0,0.0,0.0
C0001274,Startup,LATAM,social_ads,2025-03-11,2025-05-15,66,257.19,232.6,24.59,0.09561,2,128.6,3.9
C0001278,Startup,APAC,social_ads,2023-08-25,2024-04-19,239,730.25,647.13,83.12,0.113824,8,91.28,3.06
C0001283,SMB,North America,social_ads,2024-12-25,2024-12-25,1,85.4,49.25,36.15,0.423302,1,85.4,85.4
C0001291,Startup,North America,social_ads,2024-11-15,2025-08-17,276,1666.3,1368.0,298.3,0.179019,10,166.63,6.04
C0001294,Startup,EMEA,social_ads,2024-06-06,2024-06-07,2,102.31,77.3,25.01,0.244453,2,51.16,51.16
C0001298,SMB,EMEA,social_ads,2024-03-16,2024-10-25,224,1633.36,1177.68,455.68,0.278983,6,272.23,7.29
C0001317,SMB,EMEA,social_ads,2025-03-10,2025-04-02,24,605.82,470.25,135.57,0.223779,2,302.91,25.24
C0001320,Startup,North America,social_ads,,,0,0.0,0.0,0.0,0.0,0,0.0,0.0
C0001329,Startup,APAC,social_ads,2024-04-20,2024-08-13,116,166.58,128.2,38.38,0.2304,2,83.29,1.44
C0001331,SMB,North America,social_ads,2025-07-27,2025-12-29,156,573.46,391.25,182.21,0.317738,5,114.69,3.68
C0001339,Mid-Market,North America,social_ads,2025-10-09,2025-11-10,33,5438.96,4374.34,1064.62,0.19574,9,604.33,164.82
C0001345,SMB,North America,social_ads,,,0,0.0,0.0,0.0,0.0,0,0.0,0.0
C0001349,Mid-Market,North America,social_ads,2024-11-01,2025-01-06,67,270.09,191.09,79.0,0.292495,2,135.05,4.03
C0001351,Startup,EMEA,social_ads,2025-08-08,2025-10-31,85,1318.97,1179.98,138.99,0.105378,4,329.74,15.52
C0001355,Enterprise,North America,social_ads,2025-10-14,2025-12-23,71,15385.56,13703.15,1682.41,0.10935,6,2564.26,216.7
C0001368,Mid-Market,APAC,social_ads,2023-09-27,2023-09-27,1,251.99,150.62,101.37,0.402278,1,251.99,251.99
C0001386,Mid-Market,EMEA,social_ads,2023-03-22,2023-03-26,5,852.16,605.57,246.59,0.289371,3,284.05,170.43
C0001396,SMB,EMEA,social_ads,2023-10-25,2024-10-02,344,5313.7,4145.14,1168.56,0.219915,16,332.11,15.45
C0001398,Startup,APAC,social_ads,2025-11-21,2025-11-21,1,245.3,200.31,44.99,0.183408,1,245.3,245.3
C0001410,Mid-Market,LATAM,social_ads,2025-06-03,2025-12-26,207,6229.46,5017.98,1211.48,0.194476,8,778.68,30.09
C0001415,Startup,EMEA,social_ads,,,0,0.0,0.0,0.0,0.0,0,0.0,0.0
C0001417,SMB,LATAM,social_ads,2025-02-14,2025-02-14,1,188.05,133.98,54.07,0.28753,1,188.05,188.05
C0001423,Mid-Market,North America,social_ads,,,0,0.0,0.0,0.0,0.0,0,0.0,0.0
C0001424,Enterprise,EMEA,social_ads,2024-10-13,2025-01-04,84,8905.01,7544.16,1360.85,0.152818,6,1484.17,106.01
C0001429,Startup,LATAM,social_ads,2025-07-24,2025-12-27,157,488.11,382.0,106.11,0.21739,5,97.62,3.11
C0001433,SMB,LATAM,social_ads,2023-04-17,2023-10-04,171,1426.31,937.58,488.73,0.342653,5,285.26,8.34
C0001435,Mid-Market,North America,social_ads,2024-02-03,2025-01-14,347,12498.47,9773.73,2724.74,0.218006,15,833.23,36.02
C0001440,Startup,EMEA,social_ads,,,0,0.0,0.0,0.0,0.0,0,0.0,0.0
C0001441,Startup,LATAM,social_ads,2024-03-06,2024-06-05,92,467.79,339.6,128.19,0.274033,2,233.9,5.08
C0001442,Startup,EMEA,social_ads,,,0,0.0,0.0,0.0,0.0,0,0.0,0.0
C0001450,Enterprise,EMEA,social_ads,2024-01-05,2024-05-04,121,7669.94,6758.65,911.29,0.118813,9,852.22,63.39
C0001451,Mid-Market,EMEA,social_ads,2025-08-20,2025-12-02,105,6543.95,5015.17,1528.78,0.233617,14,467.42,62.32
C0001455,SMB,North America,social_ads,2024-06-28,2024-11-03,129,433.68,299.38,134.3,0.309675,5,86.74,3.36
C0001459,SMB,APAC,social_ads,2025-11-30,2025-11-30,1,961.9,921.33,40.57,0.042177,1,961.9,961.9
C0001467,Startup,EMEA,social_ads,2024-12-08,2025-02-05,60,904.17,717.22,186.95,0.206764,2,452.08,15.07
C0001469,SMB,EMEA,social_ads,2025-06-14,2025-07-11,28,923.78,789.77,134.01,0.145067,2,461.89,32.99
C0001475,Startup,North America,social_ads,2025-01-09,2025-01-09,1,12.55,11.21,1.34,0.106773,1,12.55,12.55
C0001478,SMB,North America,social_ads,,,0,0.0,0.0,0.0,0.0,0,0.0,0.0
C0001485,Startup,North America,social_ads,2025-06-08,2025-06-08,1,496.5,458.32,38.18,0.076898,1,496.5,496.5
C0001492,Mid-Market,North America,social_ads,2025-10-02,2025-10-02,1,331.75,231.33,100.42,0.302698,1,331.75,331.75
C0001494,Startup,LATAM,social_ads,2025-11-09,2025-11-09,1,371.71,386.26,-14.55,-0.039143,1,371.71,371.71
C0001497,Startup,EMEA,social_ads,2025-10-15,2025-10-15,1,46.51,30.89,15.62,0.335842,1,46.51,46.51
C0001501,Mid-Market,North America,social_ads,2025-05-13,2025-11-02,174,1883.83,1262.12,621.71,0.330024,4,470.96,10.83
C0001514,Mid-Market,EMEA,social_ads,,,0,0.0,0.0,0.0,0.0,0,0.0,0.0
C0001526,Mid-Market,LATAM,social_ads,,,0,0.0,0.0,0.0,0.0,0,0.0,0.0
C0001533,SMB,North America,social_ads,2025-02-12,2025-02-12,1,37.86,25.24,12.62,0.333333,1,37.86,37.86
C0001536,Mid-Market,EMEA,social_ads,2024-12-22,2025-03-15,84,5015.84,4228.76,787.08,0.156919,8,626.98,59.71
C0001542,SMB,North America,social_ads,2024-03-18,2024-04-01,15,536.66,440.55,96.11,0.179089,2,268.33,35.78
C0001548,SMB,EMEA,social_ads,2025-07-24,2025-11-27,127,1226.03,891.67,334.36,0.272718,6,204.34,9.65
C0001557,Startup,LATAM,social_ads,2025-12-10,2025-12-10,1,267.36,202.97,64.39,0.240836,1,267.36,267.36
C0001561,Startup,EMEA,social_ads,2025-12-31,2025-12-31,1,25.45,17.79,7.66,0.300982,1,25.45,25.45
C0001566,SMB,EMEA,social_ads,,,0,0.0,0.0,0.0,0.0,0,0.0,0.0
C0001569,Enterprise,North America,social_ads,2024-12-19,2025-04-18,121,16307.49,14740.29,1567.2,0.096103,6,2717.92,134.77
C0001573,Mid-Market,EMEA,social_ads,,,0,0.0,0.0,0.0,0.0,0,0.0,0.0
C0001574,SMB,APAC,social_ads,2025-09-09,2025-09-13,5,853.59,775.36,78.23,0.091648,2,426.8,170.72
C0001578,SMB,EMEA,social_ads,2025-10-06,2025-11-24,50,734.6,499.4,235.2,0.320174,4,183.65,14.69
C0001579,Startup,EMEA,social_ads,,,0,0.0,0.0,0.0,0.0,0,0.0,0.0
C0001582,Startup,EMEA,social_ads,2024-05-23,2024-05-23,1,41.6,26.8,14.8,0.355769,1,41.6,41.6
C0001584,Startup,EMEA,social_ads,2024-03-29,2025-09-09,530,4109.82,3490.78,619.04,0.150625,12,342.48,7.75
C0001585,Startup,LATAM,social_ads,2025-06-07,2025-12-10,187,2040.9,2000.17,40.73,0.019957,3,680.3,10.91
C0001594,Startup,LATAM,social_ads,2024-09-26,2024-11-20,56,166.96,151.25,15.71,0.094094,2,83.48,2.98
C0001596,Mid-Market,EMEA,social_ads,2025-05-14,2025-08-11,90,4414.1,3528.99,885.11,0.200519,8,551.76,49.05
C0001598,Startup,EMEA,social_ads,2023-11-25,2023-12-03,9,150.94,101.42,49.52,0.328077,3,50.31,16.77
C0001605,Startup,North America,social_ads,2024-02-22,2024-06-16,116,257.56,191.22,66.34,0.257571,3,85.85,2.22
C0001607,Enterprise,EMEA,social_ads,2025-12-13,2025-12-13,1,554.8,584.18,-29.38,-0.052956,1,554.8,554.8
C0001616,Startup,APAC,social_ads,2024-01-28,2024-01-28,1,479.2,413.91,65.29,0.136248,1,479.2,479.2
C0001617,Mid-Market,North America,social_ads,2023-01-10,2025-12-06,1062,35382.12,27443.25,7938.87,0.224375,38,931.11,33.32
C0001622,SMB,North America,social_ads,2025-05-06,2025-06-14,40,1227.22,968.08,259.14,0.21116,2,613.61,30.68
C0001632,Enterprise,EMEA,social_ads,2025-09-29,2025-11-23,56,23478.84,21324.99,2153.85,0.091736,9,2608.76,419.26
C0001640,SMB,North America,social_ads,2025-06-21,2025-09-28,100,9496.42,8517.49,978.93,0.103084,5,1899.28,94.96
C0001646,SMB,North America,social_ads,2024-12-08,2025-04-10,124,5801.29,5569.45,231.84,0.039964,5,1160.26,46.78
C0001649,Startup,EMEA,social_ads,2025-11-13,2025-12-08,26,167.34,102.29,65.05,0.38873,2,83.67,6.44
C0001652,Startup,LATAM,social_ads,2024-04-07,2024-06-06,61,91.04,76.28,14.76,0.162127,2,45.52,1.49
C0001655,SMB,LATAM,social_ads,,,0,0.0,0.0,0.0,0.0,0,0.0,0.0
C0001656,SMB,North America,social_ads,,,0,0.0,0.0,0.0,0.0,0,0.0,0.0
C0001659,Startup,APAC,social_ads,2024-08-29,2025-04-13,228,629.16,501.8,127.36,0.202429,6,104.86,2.76
C0001660,Startup,LATAM,social_ads,2023-03-14,2023-09-06,177,1542.87,1047.13,495.74,0.32131,4,385.72,8.72
C0001667,Mid-Market,EMEA,social_ads,2025-11-05,2025-11-14,10,1900.26,1553.92,346.34,0.182259,3,633.42,190.03
C0001673,Mid-Market,EMEA,social_ads,2025-07-08,2025-10-24,109,2641.1,2225.15,415.95,0.157491,7,377.3,24.23
C0001680,Startup,North America,social_ads,2025-01-19,2025-02-19,32,114.02,106.42,7.6,0.066655,2,57.01,3.56
C0001697,SMB,EMEA,social_ads,2024-01-17,2024-08-07,204,810.03,624.64,185.39,0.228868,4,202.51,3.97
C0001702,SMB,LATAM,social_ads,2025-12-24,2025-12-27,4,865.6,678.95,186.65,0.215631,4,216.4,216.4
C0001712,Startup,North America,social_ads,2024-08-22,2024-08-22,1,34.43,26.92,7.51,0.218124,1,34.43,34.43
C0001716,Startup,North America,social_ads,2025-07-17,2025-07-17,1,95.18,77.96,17.22,0.18092,1,95.18,95.18
C0001722,Mid-Market,North America,social_ads,,,0,0.0,0.0,0.0,0.0,0,0.0,0.0
C0001736,SMB,North America,social_ads,2025-06-29,2025-11-27,152,1634.71,1218.3,416.41,0.25473,6,272.45,10.75
C0001737,SMB,EMEA,social_ads,2025-10-28,2025-11-16,20,1070.21,1006.04,64.17,0.05996,3,356.74,53.51
C0001738,Enterprise,EMEA,social_ads,2024-04-29,2024-05-14,16,895.55,705.46,190.09,0.212261,3,298.52,55.97
C0001740,Startup,North America,social_ads,2025-07-28,2025-12-22,148,649.9,503.49,146.41,0.225281,4,162.48,4.39
C0001749,Startup,APAC,social_ads,2024-11-30,2025-09-01,276,1647.9,1166.26,481.64,0.292275,4,411.98,5.97
C0001751,Startup,North America,social_ads,2025-04-28,2025-07-18,82,459.04,384.52,74.52,0.162339,3,153.01,5.6
C0001752,SMB,LATAM,social_ads,,,0,0.0,0.0,0.0,0.0,0,0.0,0.0
C0001756,SMB,EMEA,social_ads,2025-02-26,2025-12-05,283,586.02,445.81,140.21,0.239258,5,117.2,2.07
C0001766,Mid-Market,North America,social_ads,2023-06-02,2024-05-23,357,11077.63,8931.26,2146.37,0.193757,16,692.35,31.03
C0001768,Startup,North America,social_ads,2023-05-24,2023-08-17,86,377.68,254.86,122.82,0.325196,3,125.89,4.39
C0001772,Startup,APAC,social_ads,2025-08-29,2025-09-14,17,75.81,49.29,26.52,0.349822,2,37.9,4.46
C0001773,SMB,APAC,social_ads,,,0,0.0,0.0,0.0,0.0,0,0.0,0.0
C0001776,Startup,North America,social_ads,2025-02-25,2025-02-25,1,37.18,26.34,10.84,0.291555,1,37.18,37.18
C0001778,Startup,EMEA,social_ads,2024-12-22,2024-12-22,1,45.1,35.86,9.24,0.204878,1,45.1,45.1
C0001781,Mid-Market,EMEA,social_ads,2023-11-16,2024-02-18,95,5685.54,4088.73,1596.81,0.280855,5,1137.11,59.85
C0001798,Startup,North America,social_ads,2024-05-07,2024-07-01,56,526.74,566.7,-39.96,-0.075863,2,263.37,9.41
C0001807,Startup,North America,social_ads,2023-05-21,2023-11-01,165,491.0,373.77,117.23,0.238758,6,81.83,2.98
C0001808,SMB,LATAM,social_ads,2024-11-17,2025-11-01,350,3674.83,2923.37,751.46,0.204488,12,306.24,10.5
C0001811,Startup,North America,social_ads,2024-03-05,2024-04-10,37,541.47,364.5,176.97,0.326833,2,270.74,14.63
C0001813,SMB,North America,social_ads,2025-07-02,2025-11-16,138,1656.69,1284.02,372.67,0.224949,6,276.12,12.0
C0001819,Mid-Market,LATAM,social_ads,2024-12-30,2025-02-27,60,1518.67,1065.0,453.67,0.298728,4,379.67,25.31
C0001820,Mid-Market,APAC,social_ads,2025-04-11,2025-10-17,190,6428.9,5321.0,1107.9,0.172331,8,803.61,33.84
C0001824,Mid-Market,APAC,social_ads,2025-03-20,2025-10-25,220,3437.86,2801.27,636.59,0.18517,12,286.49,15.63
C0001825,Startup,APAC,social_ads,2025-08-18,2025-09-25,39,347.16,305.24,41.92,0.120751,2,173.58,8.9
C0001830,Mid-Market,North America,social_ads,2024-12-23,2025-06-16,176,8471.96,6628.51,1843.45,0.217594,11,770.18,48.14
C0001833,SMB,North America,social_ads,2024-10-30,2025-07-14,258,1329.04,1119.74,209.3,0.157482,6,221.51,5.15
C0001835,Mid-Market,APAC,social_ads,,,0,0.0,0.0,0.0,0.0,0,0.0,0.0
C0001837,Mid-Market,LATAM,social_ads,2023-03-01,2024-06-08,466,15005.3,10807.15,4198.15,0.279778,23,652.4,32.2
C0001851,SMB,North America,social_ads,2024-02-13,2025-03-24,406,4699.32,3925.6,773.72,0.164645,12,391.61,11.57
C0001852,Mid-Market,APAC,social_ads,2025-11-03,2025-12-18,46,1118.7,834.01,284.69,0.254483,4,279.68,24.32
C0001856,Startup,North America,social_ads,2025-12-31,2025-12-31,1,42.28,28.69,13.59,0.321429,1,42.28,42.28
C0001861,Startup,North America,social_ads,2025-08-06,2025-08-06,1,31.37,23.32,8.05,0.256615,1,31.37,31.37
C0001863,Mid-Market,EMEA,social_ads,2025-12-29,2025-12-29,1,2592.19,2538.96,53.23,0.020535,1,2592.19,2592.19
C0001866,SMB,EMEA,social_ads,2025-09-25,2025-09-25,1,36.6,24.52,12.08,0.330055,1,36.6,36.6
C0001871,Startup,APAC,social_ads,,,0,0.0,0.0,0.0,0.0,0,0.0,0.0
C0001874,Startup,EMEA,social_ads,2025-12-24,2025-12-24,1,388.21,369.29,18.92,0.048737,1,388.21,388.21
C0001879,Startup,APAC,social_ads,2025-02-05,2025-02-09,5,208.57,163.4,45.17,0.21657,2,104.28,41.71
C0001889,Startup,EMEA,social_ads,2025-09-23,2025-09-23,1,38.73,24.18,14.55,0.375678,1,38.73,38.73
C0001891,SMB,EMEA,social_ads,2024-02-27,2024-04-23,57,1906.86,1844.5,62.36,0.032703,3,635.62,33.45
C0001894,SMB,North America,social_ads,,,0,0.0,0.0,0.0,0.0,0,0.0,0.0
C0001897,SMB,EMEA,social_ads,2025-04-25,2025-04-25,1,592.26,554.38,37.88,0.063958,1,592.26,592.26
C0001902,Startup,EMEA,social_ads,2023-02-23,2023-02-23,1,22.96,18.74,4.22,0.183798,1,22.96,22.96
C0001903,Enterprise,EMEA,social_ads,2025-09-19,2025-12-07,80,5010.89,4772.75,238.14,0.047524,4,1252.72,62.64
C0001904,Startup,EMEA,social_ads,2023-10-31,2024-01-10,72,475.5,324.34,151.16,0.317897,4,118.88,6.6
C0001917,Startup,North America,social_ads,2025-05-30,2025-09-29,123,412.42,330.86,81.56,0.19776,3,137.47,3.35
C0001924,SMB,North America,social_ads,2024-11-03,2025-06-07,217,6976.46,4949.85,2026.61,0.290493,13,536.65,32.15
C0001925,Startup,EMEA,social_ads,2024-05-08,2024-07-02,56,278.01,265.62,12.39,0.044567,3,92.67,4.96
C0001930,Enterprise,North America,social_ads,2024-10-20,2025-10-17,363,37987.17,36091.11,1896.06,0.049913,14,2713.37,104.65
C0001935,SMB,APAC,social_ads,2025-06-27,2025-09-03,69,472.56,347.31,125.25,0.265046,2,236.28,6.85
C0001939,Startup,North America,social_ads,2024-04-16,2024-06-02,48,367.68,249.63,118.05,0.321067,2,183.84,7.66
C0001943,Startup,North America,social_ads,2024-10-02,2025-11-21,416,771.78,701.83,69.95,0.090635,8,96.47,1.86
C0001944,Startup,EMEA,social_ads,2024-01-31,2024-03-28,58,74.77,59.53,15.24,0.203825,2,37.38,1.29
C0001949,Startup,LATAM,social_ads,2023-03-28,2023-03-28,1,32.97,25.24,7.73,0.234456,1,32.97,32.97
C0001951,Mid-Market,LATAM,social_ads,2025-12-20,2025-12-29,10,1098.14,816.39,281.75,0.25657,3,366.05,109.81
C0001953,SMB,EMEA,social_ads,2025-08-17,2025-12-31,137,749.85,499.6,250.25,0.333733,5,149.97,5.47
C0001970,Startup,North America,social_ads,2024-12-31,2025-07-08,190,1246.77,1046.61,200.16,0.160543,6,207.8,6.56
C0001974,SMB,North America,social_ads,2024-09-16,2024-10-13,28,643.58,415.71,227.87,0.354066,3,214.53,22.99
C0001976,Startup,LATAM,social_ads,2024-06-20,2024-08-27,69,360.62,287.74,72.88,0.202096,3,120.21,5.23
C0001977,SMB,APAC,social_ads,2024-11-15,2024-11-17,3,611.3,563.87,47.43,0.077589,3,203.77,203.77
C0001981,Startup,EMEA,social_ads,2025-10-04,2025-10-04,1,19.88,16.0,3.88,0.195171,1,19.88,19.88
C0001982,SMB,LATAM,social_ads,,,0,0.0,0.0,0.0,0.0,0,0.0,0.0
C0001997,SMB,North America,social_ads,2024-07-08,2024-10-20,105,839.65,559.25,280.4,0.333949,5,167.93,8.0
C0002009,Mid-Market,EMEA,social_ads,,,0,0.0,0.0,0.0,0.0,0,0.0,0.0
C0002014,SMB,APAC,social_ads,2024-11-27,2024-11-27,1,980.39,782.36,198.03,0.201991,1,980.39,980.39
C0002018,Startup,APAC,social_ads,2023-03-23,2023-04-08,17,242.31,162.51,79.8,0.32933,2,121.16,14.25
C0002021,Mid-Market,LATAM,social_ads,2025-04-23,2025-12-19,241,6411.76,4799.71,1612.05,0.251421,21,305.32,26.6
C0002031,Startup,EMEA,social_ads,2023-10-31,2023-10-31,1,9.32,5.75,3.57,0.383047,1,9.32,9.32
C0002032,SMB,EMEA,social_ads,2025-01-31,2025-03-31,60,682.81,513.28,169.53,0.248283,3,227.6,11.38
C0002038,Startup,North America,social_ads,2023-03-04,2023-05-29,87,292.18,241.68,50.5,0.172839,2,146.09,3.36
C0002042,Startup,LATAM,social_ads,2025-07-29,2025-07-29,1,89.54,89.9,-0.36,-0.004021,1,89.54,89.54
C0002044,Startup,EMEA,social_ads,,,0,0.0,0.0,0.0,0.0,0,0.0,0.0
C0002048,Startup,LATAM,social_ads,,,0,0.0,0.0,0.0,0.0,0,0.0,0.0
C0002049,Startup,APAC,social_ads,2023-11-21,2025-10-14,694,1403.69,1081.6,322.09,0.229459,12,116.97,2.02
C0002052,SMB,North America,social_ads,2023-02-15,2023-06-02,108,1927.49,1353.78,573.71,0.297646,5,385.5,17.85
C0002054,Startup,APAC,social_ads,2025-10-07,2025-10-07,1,64.19,55.55,8.64,0.1346,1,64.19,64.19
C0002055,Mid-Market,APAC,social_ads,2024-06-07,2024-06-07,1,513.06,468.31,44.75,0.087222,1,513.06,513.06
C0002061,Mid-Market,APAC,social_ads,2025-11-28,2025-11-29,2,1140.01,801.56,338.45,0.296883,3,380.0,570.0
C0002064,Startup,North America,social_ads,2023-07-27,2023-08-02,7,427.91,281.61,146.3,0.341894,3,142.64,61.13
C0002066,SMB,EMEA,social_ads,2025-12-05,2025-12-10,6,228.99,160.36,68.63,0.299707,2,114.5,38.16
C0002068,SMB,LATAM,social_ads,2025-12-29,2025-12-29,1,872.56,654.9,217.66,0.24945,1,872.56,872.56
C0002069,SMB,APAC,social_ads,2024-03-21,2024-07-24,126,1126.97,811.08,315.89,0.2803,6,187.83,8.94
C0002070,Startup,North America,social_ads,2024-12-26,2025-03-07,72,380.59,319.4,61.19,0.160777,3,126.86,5.29
C0002074,Startup,North America,social_ads,2025-09-28,2025-11-13,47,867.39,626.85,240.54,0.277315,3,289.13,18.46
C0002076,Enterprise,EMEA,social_ads,2025-02-02,2025-10-06,247,49653.09,39027.94,10625.15,0.213988,11,4513.92,201.02
C0002085,Enterprise,North America,social_ads,2025-06-25,2025-12-22,181,28176.65,24311.35,3865.3,0.137181,15,1878.44,155.67
C0002094,Startup,North America,social_ads,2024-01-25,2024-01-25,1,69.13,56.0,13.13,0.189932,1,69.13,69.13
C0002100,Startup,North America,social_ads,2024-02-27,2024-10-10,227,1566.29,1399.17,167.12,0.106698,8,195.79,6.9
C0002108,SMB,EMEA,social_ads,2025-12-27,2025-12-27,1,296.51,202.71,93.8,0.316347,1,296.51,296.51
C0002109,SMB,North America,social_ads,2024-08-12,2024-10-07,57,272.64,212.99,59.65,0.218787,2,136.32,4.78
C0002110,Startup,North America,social_ads,2024-04-13,2024-07-02,81,504.38,388.55,115.83,0.229648,3,168.13,6.23
C0002111,Mid-Market,APAC,social_ads,2025-01-18,2025-02-06,20,4396.85,3602.48,794.37,0.180668,4,1099.21,219.84
C0002114,Startup,North America,social_ads,2025-05-16,2025-09-19,127,355.03,302.7,52.33,0.147396,3,118.34,2.8
C0002118,Startup,North America,social_ads,2023-03-23,2025-08-08,870,2751.43,2200.96,550.47,0.200067,19,144.81,3.16
C0002119,Startup,APAC,social_ads,,,0,0.0,0.0,0.0,0.0,0,0.0,0.0
C0002126,Mid-Market,North America,social_ads,,,0,0.0,0.0,0.0,0.0,0,0.0,0.0
C0002127,Startup,EMEA,social_ads,2024-06-25,2024-09-21,89,325.22,255.97,69.25,0.212933,3,108.41,3.65
C0002132,SMB,EMEA,social_ads,2025-08-04,2025-12-09,128,2052.96,2119.24,-66.28,-0.032285,5,410.59,16.04
C0002139,SMB,North America,social_ads,2025-09-05,2025-10-02,28,391.17,238.15,153.02,0.391185,4,97.79,13.97
C0002141,Startup,APAC,social_ads,2025-12-01,2025-12-01,1,43.63,33.83,9.8,0.224616,1,43.63,43.63
C0002142,Startup,APAC,social_ads,2024-10-23,2024-10-23,1,25.84,20.72,5.12,0.198142,1,25.84,25.84
C0002160,Mid-Market,APAC,social_ads,2023-03-29,2023-03-29,1,701.02,564.04,136.98,0.195401,1,701.02,701.02
C0002177,SMB,North America,social_ads,2024-10-18,2024-10-18,1,140.78,106.26,34.52,0.245205,1,140.78,140.78
C0002186,Mid-Market,North America,social_ads,2023-12-29,2024-07-21,206,2038.35,1598.05,440.3,0.216008,6,339.72,9.89
C0002190,SMB,EMEA,social_ads,,,0,0.0,0.0,0.0,0.0,0,0.0,0.0
C0002191,Startup,North America,social_ads,2023-08-04,2023-08-04,1,81.81,64.71,17.1,0.209021,1,81.81,81.81
C0002213,Startup,North America,social_ads,2025-10-10,2025-11-12,34,360.35,264.19,96.16,0.266852,2,180.18,10.6
C0002218,SMB,North America,social_ads,2025-11-27,2025-12-03,7,417.2,314.68,102.52,0.245733,2,208.6,59.6
C0002221,Startup,North America,social_ads,2024-07-27,2024-07-30,4,160.54,117.38,43.16,0.268843,2,80.27,40.14
C0002227,Mid-Market,North America,social_ads,2025-08-29,2025-08-29,1,447.53,389.04,58.49,0.130695,1,447.53,447.53
C0002237,SMB,North America,social_ads,2023-11-01,2024-09-04,309,1705.67,1133.06,572.61,0.33571,9,189.52,5.52
C0002246,Startup,North America,social_ads,2023-12-30,2024-03-08,70,1090.28,873.98,216.3,0.198389,3,363.43,15.58
C0002251,SMB,North America,social_ads,2025-01-27,2025-07-15,170,518.3,353.38,164.92,0.318194,4,129.57,3.05
C0002255,Startup,North America,social_ads,,,0,0.0,0.0,0.0,0.0,0,0.0,0.0
C0002258,SMB,LATAM,social_ads,2025-12-16,2025-12-16,1,48.06,39.28,8.78,0.182688,1,48.06,48.06
C0002260,Mid-Market,North America,social_ads,2024-11-06,2025-06-27,234,7709.59,5652.42,2057.17,0.266833,11,700.87,32.95
C0002264,Mid-Market,EMEA,social_ads,2023-11-30,2023-12-06,7,2425.47,1701.66,723.81,0.298421,4,606.37,346.5
C0002271,SMB,APAC,social_ads,2025-06-06,2025-10-06,123,248.69,189.21,59.48,0.239173,3,82.9,2.02
C0002272,SMB,APAC,social_ads,2025-03-25,2025-09-01,161,2265.59,1925.25,340.34,0.150221,4,566.4,14.07
C0002276,Startup,North America,social_ads,2023-04-08,2023-11-06,213,307.99,225.53,82.46,0.267736,4,77.0,1.45
C0002279,Startup,EMEA,social_ads,2025-10-09,2025-11-25,48,68.04,55.06,12.98,0.19077,2,34.02,1.42
C0002280,Mid-Market,EMEA,social_ads,2025-04-19,2025-07-08,81,839.52,576.82,262.7,0.312917,2,419.76,10.36
C0002286,Startup,LATAM,social_ads,2023-08-05,2023-08-05,1,441.23,394.72,46.51,0.10541,1,441.23,441.23
C0002289,Mid-Market,North America,social_ads,,,0,0.0,0.0,0.0,0.0,0,0.0,0.0
C0002292,SMB,North America,social_ads,2025-06-08,2025-06-10,3,203.35,143.84,59.51,0.292648,2,101.68,67.78
C0002311,Startup,LATAM,social_ads,2025-12-31,2025-12-31,1,102.99,68.46,34.53,0.335275,1,102.99,102.99
C0002317,Mid-Market,LATAM,social_ads,2023-12-05,2025-12-22,749,24875.72,20635.1,4240.62,0.170472,27,921.32,33.21
C0002321,Startup,APAC,social_ads,2023-03-14,2024-01-15,308,763.08,609.21,153.87,0.201643,6,127.18,2.48
C0002322,Mid-Market,APAC,social_ads,2023-07-12,2024-01-13,186,4449.49,3167.47,1282.02,0.288127,13,342.27,23.92
C0002326,Mid-Market,EMEA,social_ads,,,0,0.0,0.0,0.0,0.0,0,0.0,0.0
C0002333,Startup,EMEA,social_ads,2025-12-04,2025-12-04,1,44.99,28.09,16.9,0.375639,1,44.99,44.99
C0002334,Startup,LATAM,social_ads,,,0,0.0,0.0,0.0,0.0,0,0.0,0.0
C0002338,Startup,EMEA,social_ads,2024-07-23,2024-08-19,28,35.02,25.75,9.27,0.264706,2,17.51,1.25
C0002343,Mid-Market,EMEA,social_ads,2025-07-26,2025-10-08,75,1680.24,1205.66,474.58,0.282448,3,560.08,22.4
C0002349,Startup,North America,social_ads,,,0,0.0,0.0,0.0,0.0,0,0.0,0.0
C0002352,SMB,North America,social_ads,2025-09-22,2025-11-27,67,593.38,431.22,162.16,0.273282,3,197.79,8.86
C0002355,Startup,North America,social_ads,2024-12-26,2025-01-06,12,121.69,88.17,33.52,0.275454,2,60.84,10.14
C0002362,Startup,LATAM,social_ads,2023-07-14,2024-03-09,240,1594.6,1043.85,550.75,0.345384,9,177.18,6.64
C0002364,Startup,APAC,social_ads,,,0,0.0,0.0,0.0,0.0,0,0.0,0.0
C0002372,Startup,EMEA,social_ads,2024-06-08,2024-06-14,7,480.3,386.81,93.49,0.194649,2,240.15,68.61
C0002378,Mid-Market,EMEA,social_ads,2025-03-22,2025-05-05,45,4418.63,3318.05,1100.58,0.249077,5,883.73,98.19
C0002380,SMB,North America,social_ads,2025-06-15,2025-10-16,124,899.09,1010.31,-111.22,-0.123703,2,449.54,7.25
C0002383,Startup,LATAM,social_ads,2023-10-17,2023-10-17,1,28.4,20.61,7.79,0.274296,1,28.4,28.4
C0002385,SMB,EMEA,social_ads,,,0,0.0,0.0,0.0,0.0,0,0.0,0.0
C0002390,SMB,North America,social_ads,,,0,0.0,0.0,0.0,0.0,0,0.0,0.0
C0002391,SMB,EMEA,social_ads,2025-04-01,2025-07-14,105,460.44,352.09,108.35,0.235318,2,230.22,4.39
C0002392,Mid-Market,APAC,social_ads,2025-07-05,2025-07-05,1,5982.92,5478.64,504.28,0.084287,1,5982.92,5982.92
C0002394,SMB,EMEA,social_ads,2023-01-26,2023-01-28,3,183.07,128.39,54.68,0.298684,4,45.77,61.02
C0002406,Mid-Market,APAC,social_ads,2024-03-14,2024-08-31,171,4984.63,4105.74,878.89,0.17632,8,623.08,29.15
C0002408,SMB,EMEA,social_ads,2024-06-19,2025-02-11,238,1361.92,1314.8,47.12,0.034598,5,272.38,5.72
C0002437,Mid-Market,EMEA,social_ads,2025-06-15,2025-09-11,89,3699.8,2918.03,781.77,0.211301,4,924.95,41.57
C0002441,Mid-Market,North America,social_ads,,,0,0.0,0.0,0.0,0.0,0,0.0,0.0
C0002442,Mid-Market,North America,social_ads,2023-11-08,2024-03-29,143,1209.31,975.99,233.32,0.192936,4,302.33,8.46
C0002443,SMB,EMEA,social_ads,2024-04-28,2024-06-29,63,1341.8,1151.9,189.9,0.141526,3,447.27,21.3
C0002445,Startup,North America,social_ads,2025-03-04,2025-07-24,143,391.94,312.74,79.2,0.202072,5,78.39,2.74
C0002453,Startup,EMEA,social_ads,2025-04-29,2025-04-29,1,123.12,83.88,39.24,0.318713,1,123.12,123.12
C0002462,SMB,APAC,social_ads,2025-05-21,2025-05-21,1,69.11,40.51,28.6,0.413833,1,69.11,69.11
C0002464,Startup,North America,social_ads,,,0,0.0,0.0,0.0,0.0,0,0.0,0.0
C0002467,SMB,EMEA,social_ads,2025-11-25,2025-12-30,36,1938.28,1817.52,120.76,0.062303,2,969.14,53.84
C0002468,Startup,EMEA,social_ads,2025-03-23,2025-11-18,241,1029.04,913.35,115.69,0.112425,8,128.63,4.27
C0002471,SMB,APAC,social_ads,2024-11-04,2024-11-04,1,232.22,154.36,77.86,0.335286,1,232.22,232.22
C0002472,Enterprise,North America,social_ads,,,0,0.0,0.0,0.0,0.0,0,0.0,0.0
C0002485,Mid-Market,APAC,social_ads,,,0,0.0,0.0,0.0,0.0,0,0.0,0.0
C0002496,Mid-Market,North America,social_ads,2025-01-22,2025-05-10,109,1435.47,940.39,495.08,0.344891,3,478.49,13.17
C0002500,Startup,EMEA,social_ads,2025-04-01,2025-04-01,1,234.7,180.93,53.77,0.229101,1,234.7,234.7
C0002503,Startup,EMEA,social_ads,2025-12-19,2025-12-29,11,135.55,112.45,23.1,0.170417,2,67.78,12.32
C0002506,SMB,EMEA,social_ads,2023-04-17,2023-05-24,38,790.52,754.49,36.03,0.045578,3,263.51,20.8
C0002510,Startup,EMEA,social_ads,2025-04-22,2025-10-19,181,946.14,763.18,182.96,0.193375,5,189.23,5.23
C0002511,Startup,North America,social_ads,2024-11-18,2024-12-19,32,185.01,156.98,28.03,0.151505,2,92.51,5.78
C0002515,Mid-Market,North America,social_ads,2024-02-25,2024-08-18,176,4508.2,3304.06,1204.14,0.2671,10,450.82,25.61
C0002516,Startup,APAC,social_ads,2025-11-23,2025-12-04,12,230.41,193.14,37.27,0.161755,3,76.8,19.2
C0002518,Enterprise,North America,social_ads,2024-02-16,2024-07-17,153,10580.78,9239.55,1341.23,0.126761,7,1511.54,69.16
C0002521,Mid-Market,EMEA,social_ads,2024-02-12,2024-11-02,265,6403.19,4555.19,1848.0,0.288606,11,582.11,24.16
C0002543,Mid-Market,APAC,social_ads,2024-06-24,2024-06-26,3,845.16,533.44,311.72,0.36883,2,422.58,281.72
C0002545,Startup,APAC,social_ads,2025-01-19,2025-02-07,20,460.89,315.32,145.57,0.315845,2,230.44,23.04
C0002548,SMB,EMEA,social_ads,2023-12-02,2025-05-23,539,5604.72,4479.47,1125.25,0.200768,18,311.37,10.4
C0002549,SMB,North America,social_ads,2024-05-30,2025-12-27,577,4399.69,3023.02,1376.67,0.312902,16,274.98,7.63
C0002556,SMB,North America,social_ads,2025-05-26,2025-06-25,31,812.21,738.33,73.88,0.090962,6,135.37,26.2
C0002563,SMB,APAC,social_ads,2025-06-29,2025-06-29,1,97.41,61.28,36.13,0.370906,1,97.41,97.41
C0002566,Startup,APAC,social_ads,2024-08-27,2025-03-04,190,1826.13,1324.43,501.7,0.274734,9,202.9,9.61
C0002567,SMB,EMEA,social_ads,2023-09-28,2024-05-21,237,1587.17,1385.39,201.78,0.127132,8,198.4,6.7
C0002569,SMB,APAC,social_ads,2025-04-23,2025-04-27,5,523.64,326.98,196.66,0.375563,2,261.82,104.73
C0002573,SMB,North America,social_ads,2025-07-11,2025-09-07,59,132.78,83.8,48.98,0.368881,2,66.39,2.25
C0002577,Startup,APAC,social_ads,2025-07-29,2025-11-03,98,525.88,365.91,159.97,0.304195,4,131.47,5.37
C0002583,Startup,APAC,social_ads,2023-06-08,2024-07-30,419,1391.44,1178.6,212.84,0.152964,10,139.14,3.32
C0002584,Startup,APAC,social_ads,2024-01-02,2024-08-04,216,796.67,691.03,105.64,0.132602,4,199.17,3.69
C0002591,SMB,LATAM,social_ads,2025-09-26,2025-12-17,83,1134.57,790.18,344.39,0.303542,6,189.1,13.67
C0002595,SMB,North America,social_ads,2024-05-08,2025-04-07,335,3476.33,3105.74,370.59,0.106604,9,386.26,10.38
C0002596,SMB,EMEA,social_ads,,,0,0.0,0.0,0.0,0.0,0,0.0,0.0
C0002597,Mid-Market,APAC,social_ads,2023-07-08,2024-05-12,310,13102.26,10953.3,2148.96,0.164014,13,1007.87,42.27
C0002598,SMB,APAC,social_ads,2024-11-09,2025-04-12,155,926.77,735.89,190.88,0.205963,7,132.4,5.98
C0002603,Startup,North America,social_ads,,,0,0.0,0.0,0.0,0.0,0,0.0,0.0
C0002608,Startup,North America,social_ads,2024-03-04,2024-08-17,167,1791.91,1350.54,441.37,0.246313,10,179.19,10.73
C0002617,SMB,North America,social_ads,2023-12-30,2024-01-27,29,437.28,421.29,15.99,0.036567,2,218.64,15.08
C0002619,Mid-Market,APAC,social_ads,2025-09-12,2025-12-08,88,4533.15,2945.43,1587.72,0.350247,7,647.59,51.51
C0002622,SMB,North America,social_ads,2025-12-06,2025-12-06,1,293.17,211.45,81.72,0.278746,1,293.17,293.17
C0002626,Startup,North America,social_ads,2024-12-28,2025-04-12,106,627.24,466.99,160.25,0.255484,6,104.54,5.92
C0002629,SMB,EMEA,social_ads,2024-06-07,2025-05-04,332,1287.76,1055.42,232.34,0.180422,5,257.55,3.88
C0002643,SMB,EMEA,social_ads,2025-02-23,2025-06-13,111,1005.69,731.86,273.83,0.272281,4,251.42,9.06
C0002648,SMB,LATAM,social_ads,,,0,0.0,0.0,0.0,0.0,0,0.0,0.0
C0002649,SMB,North America,social_ads,2025-04-30,2025-12-01,216,2233.24,1696.45,536.79,0.240364,8,279.16,10.34
C0002651,Startup,EMEA,social_ads,,,0,0.0,0.0,0.0,0.0,0,0.0,0.0
C0002657,Mid-Market,LATAM,social_ads,2024-08-29,2025-03-20,204,6411.55,5319.15,1092.4,0.17038,8,801.44,31.43
C0002662,Startup,EMEA,social_ads,2024-08-25,2024-09-12,19,390.35,321.46,68.89,0.176483,6,65.06,20.54
C0002663,SMB,North America,social_ads,2024-08-26,2025-11-12,444,1743.38,1242.51,500.87,0.287298,8,217.92,3.93
C0002664,Startup,North America,social_ads,2024-07-09,2024-10-08,92,961.17,809.29,151.88,0.158016,4,240.29,10.45
C0002669,Startup,LATAM,social_ads,2025-02-28,2025-11-04,250,958.0,689.01,268.99,0.280783,8,119.75,3.83
C0002671,SMB,EMEA,social_ads,2025-05-01,2025-05-09,9,385.08,277.23,107.85,0.280072,2,192.54,42.79
C0002673,Enterprise,APAC,social_ads,2025-01-10,2025-02-19,41,4360.98,3911.64,449.34,0.103036,4,1090.24,106.37
C0002677,Mid-Market,EMEA,social_ads,2024-11-24,2025-12-13,385,8879.24,6943.47,1935.77,0.218011,11,807.2,23.06
C0002680,Startup,EMEA,social_ads,2024-06-25,2024-06-25,1,27.5,23.41,4.09,0.148727,1,27.5,27.5
C0002681,SMB,North America,social_ads,2025-08-28,2025-12-29,124,299.96,241.95,58.01,0.193392,4,74.99,2.42
C0002682,SMB,North America,social_ads,2025-09-21,2025-10-30,40,4135.74,3039.15,1096.59,0.26515,3,1378.58,103.39
C0002688,Startup,APAC,social_ads,,,0,0.0,0.0,0.0,0.0,0,0.0,0.0
C0002694,Mid-Market,North America,social_ads,,,0,0.0,0.0,0.0,0.0,0,0.0,0.0
C0002695,SMB,North America,social_ads,2025-12-11,2025-12-11,1,110.44,75.88,34.56,0.31293,1,110.44,110.44
C0002701,Mid-Market,APAC,social_ads,2025-05-18,2025-12-02,199,5919.58,4216.24,1703.34,0.287747,10,591.96,29.75
C0002706,Mid-Market,EMEA,social_ads,2024-11-30,2024-11-30,1,315.36,212.68,102.68,0.325596,1,315.36,315.36
C0002709,Mid-Market,EMEA,social_ads,2023-11-22,2024-01-01,41,5486.61,4431.27,1055.34,0.192348,8,685.83,133.82
C0002714,SMB,EMEA,social_ads,2023-09-29,2023-10-12,14,454.37,367.54,86.83,0.1911,2,227.18,32.46
C0002717,Startup,North America,social_ads,,,0,0.0,0.0,0.0,0.0,0,0.0,0.0
C0002724,Startup,EMEA,social_ads,2024-09-20,2025-08-04,319,941.47,803.5,137.97,0.146547,6,156.91,2.95
C0002727,Startup,North America,social_ads,2025-07-30,2025-11-22,116,540.19,406.73,133.46,0.247061,4,135.05,4.66
C0002732,Startup,North America,social_ads,2024-09-21,2024-09-21,1,169.2,125.76,43.44,0.256738,1,169.2,169.2
C0002739,Mid-Market,EMEA,social_ads,2025-08-31,2025-12-14,106,1435.39,1003.35,432.04,0.300991,3,478.46,13.54
C0002742,Enterprise,EMEA,social_ads,2025-10-01,2025-10-01,1,5421.75,4614.78,806.97,0.148839,2,2710.88,5421.75
C0002744,Startup,APAC,social_ads,,,0,0.0,0.0,0.0,0.0,0,0.0,0.0
C0002745,Startup,EMEA,social_ads,2024-07-20,2024-07-20,1,54.49,42.52,11.97,0.219673,1,54.49,54.49
C0002747,Startup,APAC,social_ads,2024-01-16,2024-01-16,1,124.85,89.4,35.45,0.283941,1,124.85,124.85
C0002749,SMB,APAC,social_ads,2025-01-20,2025-02-05,17,209.18,157.52,51.66,0.246964,2,104.59,12.3
C0002758,SMB,North America,social_ads,2025-08-15,2025-11-27,105,464.88,325.93,138.95,0.298894,3,154.96,4.43
C0002759,Startup,APAC,social_ads,2025-05-22,2025-05-22,1,92.32,69.88,22.44,0.243068,1,92.32,92.32
C0002761,Startup,North America,social_ads,2025-08-02,2025-08-02,1,136.25,80.73,55.52,0.407486,1,136.25,136.25
C0002762,Mid-Market,North America,social_ads,2025-12-07,2025-12-30,24,4487.48,3414.19,1073.29,0.239174,5,897.5,186.98
C0002771,Startup,LATAM,social_ads,2023-12-04,2024-01-09,37,168.2,105.57,62.63,0.372354,2,84.1,4.55
C0002773,Mid-Market,North America,social_ads,2025-10-28,2025-11-20,24,1849.58,1399.17,450.41,0.24352,2,924.79,77.07
C0002778,Mid-Market,North America,social_ads,,,0,0.0,0.0,0.0,0.0,0,0.0,0.0
C0002779,Startup,EMEA,social_ads,,,0,0.0,0.0,0.0,0.0,0,0.0,0.0
C0002788,Startup,LATAM,social_ads,2025-01-26,2025-01-26,1,38.29,27.92,10.37,0.270828,1,38.29,38.29
C0002798,Startup,EMEA,social_ads,2024-08-07,2024-08-17,11,108.46,104.96,3.5,0.03227,2,54.23,9.86
C0002800,Startup,EMEA,social_ads,2025-07-27,2025-07-27,1,102.46,83.21,19.25,0.187878,1,102.46,102.46
C0002802,Enterprise,North America,social_ads,2025-04-03,2025-12-17,259,33221.63,28687.22,4534.41,0.13649,15,2214.78,128.27
C0002812,Mid-Market,North America,social_ads,2025-10-08,2025-10-16,9,1694.61,1380.2,314.41,0.185535,4,423.65,188.29
C0002820,Mid-Market,APAC,social_ads,,,0,0.0,0.0,0.0,0.0,0,0.0,0.0
C0002822,Startup,EMEA,social_ads,,,0,0.0,0.0,0.0,0.0,0,0.0,0.0
C0002826,Startup,North America,social_ads,,,0,0.0,0.0,0.0,0.0,0,0.0,0.0
C0002827,Mid-Market,North America,social_ads,2024-12-03,2025-03-06,94,14781.59,12109.98,2671.61,0.180739,13,1137.05,157.25
C0002834,SMB,North America,social_ads,2025-08-31,2025-10-04,35,1661.15,1175.67,485.48,0.292255,7,237.31,47.46
C0002835,Startup,APAC,social_ads,2025-06-18,2025-10-24,129,958.02,762.92,195.1,0.203649,7,136.86,7.43
C0002845,Startup,EMEA,social_ads,2024-01-25,2024-04-12,79,263.06,230.72,32.34,0.122938,2,131.53,3.33
C0002853,SMB,North America,social_ads,2025-08-26,2025-11-26,93,528.86,409.01,119.85,0.22662,4,132.22,5.69
C0002856,SMB,APAC,social_ads,2025-12-03,2025-12-30,28,1053.41,830.83,222.58,0.211295,5,210.68,37.62
C0002865,Startup,APAC,social_ads,,,0,0.0,0.0,0.0,0.0,0,0.0,0.0
C0002867,Startup,EMEA,social_ads,2024-11-04,2024-11-06,3,166.93,138.01,28.92,0.173246,2,83.46,55.64
C0002876,Startup,LATAM,social_ads,2024-02-13,2025-05-02,445,1201.97,1036.7,165.27,0.137499,6,200.33,2.7
C0002885,SMB,North America,social_ads,2025-02-15,2025-02-26,12,391.41,249.52,141.89,0.36251,3,130.47,32.62
C0002886,Startup,APAC,social_ads,,,0,0.0,0.0,0.0,0.0,0,0.0,0.0
C0002897,SMB,EMEA,social_ads,2025-12-19,2025-12-19,1,655.36,502.18,153.18,0.233734,1,655.36,655.36
C0002899,SMB,EMEA,social_ads,,,0,0.0,0.0,0.0,0.0,0,0.0,0.0
C0002902,SMB,LATAM,social_ads,2025-12-21,2025-12-21,1,133.29,83.35,49.94,0.374672,1,133.29,133.29
C0002903,Startup,North America,social_ads,2023-10-21,2024-03-25,157,1283.82,905.67,378.15,0.294551,8,160.48,8.18
C0002904,SMB,North America,social_ads,,,0,0.0,0.0,0.0,0.0,0,0.0,0.0
C0002905,Startup,EMEA,social_ads,2024-09-26,2025-03-09,165,258.09,173.71,84.38,0.32694,3,86.03,1.56
C0002909,Startup,North America,social_ads,2025-12-08,2025-12-29,22,218.13,165.96,52.17,0.239169,2,109.06,9.91
C0002914,Mid-Market,North America,social_ads,2025-05-22,2025-09-16,118,2056.9,1790.24,266.66,0.129642,4,514.22,17.43
C0002920,Startup,EMEA,social_ads,,,0,0.0,0.0,0.0,0.0,0,0.0,0.0
C0002926,Mid-Market,EMEA,social_ads,2025-03-15,2025-04-10,27,1708.16,1363.7,344.46,0.201656,3,569.39,63.27
C0002927,SMB,North America,social_ads,2025-06-06,2025-06-06,1,51.65,44.6,7.05,0.136496,1,51.65,51.65
C0002939,SMB,APAC,social_ads,2024-04-25,2025-12-18,603,5539.9,3855.46,1684.44,0.304056,13,426.15,9.19
C0002942,SMB,North America,social_ads,2024-03-03,2024-08-23,174,1212.89,840.88,372.01,0.306714,5,242.58,6.97
C0002948,SMB,North America,social_ads,2025-08-20,2025-10-29,71,890.83,851.96,38.87,0.043633,2,445.42,12.55
C0002950,Startup,APAC,social_ads,2025-10-27,2025-12-03,38,483.63,360.17,123.46,0.255278,2,241.82,12.73
C0002952,Mid-Market,North America,social_ads,2025-07-25,2025-12-02,131,7643.1,6066.12,1576.98,0.206327,9,849.23,58.34
C0002968,SMB,EMEA,social_ads,2024-04-27,2024-09-26,153,2759.49,2147.54,611.95,0.221762,5,551.9,18.04
C0002970,Startup,EMEA,social_ads,2023-12-15,2024-06-18,187,349.4,236.32,113.08,0.323641,7,49.91,1.87
C0002974,Startup,LATAM,social_ads,2025-11-24,2025-11-24,1,21.77,14.83,6.94,0.318787,1,21.77,21.77
C0002978,SMB,EMEA,social_ads,2025-06-09,2025-11-09,154,1413.29,1072.76,340.53,0.240948,5,282.66,9.18
C0002983,Mid-Market,North America,social_ads,2023-07-06,2024-04-18,288,8957.57,6964.45,1993.12,0.222507,13,689.04,31.1
C0002986,SMB,North America,social_ads,,,0,0.0,0.0,0.0,0.0,0,0.0,0.0
C0002994,Mid-Market,EMEA,social_ads,2025-03-04,2025-07-16,135,1821.74,1430.15,391.59,0.214954,4,455.44,13.49
C0002998,Mid-Market,EMEA,social_ads,2024-01-20,2024-04-17,89,3402.27,2695.07,707.2,0.207861,6,567.04,38.23
C0003002,SMB,EMEA,social_ads,2025-03-24,2025-04-30,38,151.84,123.17,28.67,0.188817,2,75.92,4.0
C0003010,SMB,APAC,social_ads,2025-07-06,2025-10-11,98,540.33,411.9,128.43,0.237688,2,270.17,5.51
C0003015,Mid-Market,EMEA,social_ads,2024-04-24,2024-05-08,15,1130.08,790.57,339.51,0.30043,3,376.69,75.34
C0003021,SMB,EMEA,social_ads,2024-10-18,2024-10-18,1,203.38,180.42,22.96,0.112892,1,203.38,203.38
C0003022,Enterprise,North America,social_ads,2025-06-25,2025-08-01,38,22443.7,19036.65,3407.05,0.151804,6,3740.62,590.62
C0003023,Startup,North America,social_ads,2024-11-28,2024-11-28,1,102.45,86.11,16.34,0.159492,1,102.45,102.45
C0003028,SMB,EMEA,social_ads,2025-09-27,2025-12-03,68,758.94,496.15,262.79,0.346259,3,252.98,11.16
C0003029,Mid-Market,North America,social_ads,2025-03-19,2025-05-07,50,7308.9,5858.91,1449.99,0.198387,8,913.61,146.18
C0003035,SMB,North America,social_ads,,,0,0.0,0.0,0.0,0.0,0,0.0,0.0
C0003048,SMB,APAC,social_ads,2025-05-05,2025-10-08,157,421.15,298.95,122.2,0.290158,3,140.38,2.68
C0003054,SMB,LATAM,social_ads,2025-07-26,2025-07-26,1,1767.96,1398.61,369.35,0.208913,3,589.32,1767.96
C0003057,Mid-Market,APAC,social_ads,,,0,0.0,0.0,0.0,0.0,0,0.0,0.0
C0003059,SMB,North America,social_ads,2024-02-15,2024-04-20,66,125.07,85.24,39.83,0.318462,2,62.54,1.9
C0003065,Startup,LATAM,social_ads,2024-07-28,2024-07-30,3,200.93,157.95,42.98,0.213905,2,100.46,66.98
C0003066,SMB,North America,social_ads,2024-10-29,2025-03-25,148,1032.73,893.02,139.71,0.135282,3,344.24,6.98
C0003073,Mid-Market,North America,social_ads,2025-10-05,2025-11-15,42,2418.06,1734.79,683.27,0.282569,3,806.02,57.57
C0003077,Startup,North America,social_ads,2024-10-01,2024-11-08,39,110.2,82.3,27.9,0.253176,2,55.1,2.83
C0003080,SMB,North America,social_ads,2024-03-29,2024-04-23,26,1461.17,1067.9,393.27,0.269147,4,365.29,56.2
C0003083,Startup,LATAM,social_ads,2025-07-31,2025-07-31,1,250.13,231.2,18.93,0.075681,1,250.13,250.13
C0003093,SMB,North America,social_ads,2025-10-04,2025-12-21,79,435.66,305.06,130.6,0.299775,4,108.92,5.51
C0003094,SMB,EMEA,social_ads,,,0,0.0,0.0,0.0,0.0,0,0.0,0.0
C0003096,Startup,APAC,social_ads,2023-05-18,2023-05-18,1,127.74,94.26,33.48,0.262095,1,127.74,127.74
C0003097,Enterprise,EMEA,social_ads,2023-07-25,2024-04-02,253,19364.43,16184.23,3180.2,0.164229,13,1489.57,76.54
C0003102,Startup,LATAM,social_ads,2023-12-29,2024-11-08,316,899.55,660.31,239.24,0.265955,5,179.91,2.85
C0003103,Startup,EMEA,social_ads,,,0,0.0,0.0,0.0,0.0,0,0.0,0.0
C0003109,SMB,LATAM,social_ads,2024-01-02,2024-01-06,5,291.13,239.14,51.99,0.17858,2,145.56,58.23
C0003111,Startup,EMEA,social_ads,2024-10-24,2024-11-30,38,82.39,66.44,15.95,0.193591,2,41.2,2.17
C0003112,SMB,APAC,social_ads,2024-03-31,2025-01-12,288,2404.21,1669.21,735.0,0.305714,11,218.56,8.35
C0003116,Startup,North America,social_ads,2025-04-27,2025-12-21,239,380.73,299.83,80.9,0.212487,5,76.15,1.59
C0003117,SMB,North America,social_ads,2023-10-31,2023-11-19,20,319.56,267.2,52.36,0.16385,2,159.78,15.98
C0003120,SMB,APAC,social_ads,2024-04-20,2025-01-06,262,2232.91,1670.24,562.67,0.25199,8,279.11,8.52
C0003121,Startup,APAC,social_ads,2023-11-04,2024-02-11,100,817.77,759.12,58.65,0.071719,3,272.59,8.18
C0003127,SMB,North America,social_ads,2025-03-07,2025-12-16,285,2328.22,1900.23,427.99,0.183827,11,211.66,8.17
C0003133,Startup,North America,social_ads,2023-08-21,2023-10-01,42,256.1,192.33,63.77,0.249004,2,128.05,6.1
C0003141,SMB,EMEA,social_ads,2024-06-27,2025-10-08,469,3081.8,2418.32,663.48,0.21529,13,237.06,6.57
C0003145,Mid-Market,APAC,social_ads,2025-11-06,2025-12-15,40,3367.72,2805.55,562.17,0.166929,3,1122.57,84.19
C0003147,Startup,LATAM,social_ads,2025-06-23,2025-12-14,175,351.77,283.98,67.79,0.192711,4,87.94,2.01
C0003167,Startup,North America,social_ads,2023-06-30,2023-07-13,14,884.76,879.7,5.06,0.005719,2,442.38,63.2
C0003169,SMB,LATAM,social_ads,2023-05-29,2023-12-05,191,5966.92,4728.26,1238.66,0.207588,14,426.21,31.24
C0003173,Startup,LATAM,social_ads,2025-07-06,2025-07-06,1,189.63,136.61,53.02,0.279597,1,189.63,189.63
C0003176,Mid-Market,North America,social_ads,2023-03-25,2023-11-04,225,7373.7,5622.74,1750.96,0.23746,14,526.69,32.77
C0003177,Startup,APAC,social_ads,,,0,0.0,0.0,0.0,0.0,0,0.0,0.0
C0003179,Startup,North America,social_ads,2023-01-17,2023-02-11,26,158.39,112.74,45.65,0.288213,2,79.19,6.09
C0003180,Mid-Market,North America,social_ads,2024-12-31,2025-11-06,311,3357.31,2808.1,549.21,0.163586,7,479.62,10.8
C0003181,SMB,North America,social_ads,,,0,0.0,0.0,0.0,0.0,0,0.0,0.0
C0003186,Startup,North America,social_ads,2023-09-06,2023-09-06,1,19.33,13.44,5.89,0.304708,1,19.33,19.33
C0003194,SMB,APAC,social_ads,,,0,0.0,0.0,0.0,0.0,0,0.0,0.0
C0003207,Startup,EMEA,social_ads,2023-03-06,2023-04-25,51,228.71,212.16,16.55,0.072362,3,76.24,4.48
C0003208,SMB,EMEA,social_ads,2023-06-02,2023-06-02,1,93.05,70.44,22.61,0.242988,1,93.05,93.05
C0003209,SMB,LATAM,social_ads,2023-07-29,2024-02-15,202,603.1,400.47,202.63,0.335981,6,100.52,2.99
C0003217,Startup,EMEA,social_ads,2024-12-05,2025-01-17,44,287.14,188.79,98.35,0.342516,3,95.71,6.53
C0003218,Mid-Market,North America,social_ads,,,0,0.0,0.0,0.0,0.0,0,0.0,0.0
C0003250,Mid-Market,EMEA,social_ads,2024-12-16,2025-01-19,35,807.74,556.72,251.02,0.310768,3,269.25,23.08
C0003259,Startup,EMEA,social_ads,2025-03-30,2025-03-30,1,49.68,44.11,5.57,0.112118,1,49.68,49.68
C0003261,SMB,EMEA,social_ads,2023-05-30,2025-10-25,880,4013.76,2837.94,1175.82,0.292947,20,200.69,4.56
C0003262,Startup,EMEA,social_ads,,,0,0.0,0.0,0.0,0.0,0,0.0,0.0
C0003263,Startup,APAC,social_ads,2023-06-25,2023-10-26,124,218.92,198.85,20.07,0.091677,2,109.46,1.77
C0003273,Mid-Market,North America,social_ads,2025-04-15,2025-09-11,150,4061.58,3657.12,404.46,0.099582,5,812.32,27.08
C0003276,Mid-Market,EMEA,social_ads,2025-08-25,2025-12-26,124,4415.64,3324.61,1091.03,0.247083,7,630.81,35.61
C0003284,Startup,North America,social_ads,2023-07-20,2023-09-25,68,215.28,163.93,51.35,0.238527,2,107.64,3.17
C0003290,SMB,North America,social_ads,2024-11-10,2025-12-17,403,2228.55,2230.67,-2.12,-0.000951,10,222.86,5.53
C0003302,Startup,LATAM,social_ads,,,0,0.0,0.0,0.0,0.0,0,0.0,0.0
C0003304,Enterprise,EMEA,social_ads,,,0,0.0,0.0,0.0,0.0,0,0.0,0.0
C0003306,Startup,North America,social_ads,2023-08-08,2023-08-08,1,57.75,36.0,21.75,0.376623,1,57.75,57.75
C0003307,Mid-Market,APAC,social_ads,2023-04-29,2023-04-29,1,1076.19,777.75,298.44,0.277312,3,358.73,1076.19
C0003310,Startup,North America,social_ads,2023-08-06,2024-05-22,291,1113.91,952.55,161.36,0.144859,7,159.13,3.83
C0003316,SMB,APAC,social_ads,2023-05-26,2023-10-14,142,5114.09,4097.68,1016.41,0.198747,7,730.58,36.01
C0003319,SMB,APAC,social_ads,2023-09-10,2025-02-25,535,2535.89,1897.17,638.72,0.251872,11,230.54,4.74
C0003321,Mid-Market,EMEA,social_ads,2023-02-04,2023-09-07,216,8523.77,7185.64,1338.13,0.156988,12,710.31,39.46
C0003322,Startup,APAC,social_ads,,,0,0.0,0.0,0.0,0.0,0,0.0,0.0
C0003324,Startup,North America,social_ads,2025-08-26,2025-11-10,77,94.99,73.24,21.75,0.228971,2,47.5,1.23
C0003325,Startup,North America,social_ads,,,0,0.0,0.0,0.0,0.0,0,0.0,0.0
C0003331,SMB,North America,social_ads,2025-11-27,2025-12-26,30,243.58,176.37,67.21,0.275926,2,121.79,8.12
C0003334,Mid-Market,LATAM,social_ads,2024-03-06,2024-04-06,32,1259.02,996.57,262.45,0.208456,2,629.51,39.34
C0003341,Mid-Market,APAC,social_ads,2024-06-18,2025-03-24,280,7007.74,5462.32,1545.42,0.22053,13,539.06,25.03
C0003346,SMB,EMEA,social_ads,2025-05-13,2025-10-23,164,1466.98,993.33,473.65,0.322874,9,163.0,8.94
C0003353,SMB,EMEA,social_ads,2023-03-22,2023-04-21,31,182.1,129.91,52.19,0.286601,2,91.05,5.87
C0003356,Startup,EMEA,social_ads,2024-07-11,2024-09-27,79,1614.93,1369.57,245.36,0.151932,7,230.7,20.44
C0003382,SMB,APAC,social_ads,2025-10-03,2025-12-21,80,260.47,197.11,63.36,0.243253,3,86.82,3.26
C0003384,Startup,LATAM,social_ads,2025-02-16,2025-08-02,168,721.06,557.02,164.04,0.227498,6,120.18,4.29
C0003386,Startup,APAC,social_ads,2025-05-31,2025-10-15,138,619.15,469.59,149.56,0.241557,3,206.38,4.49
C0003391,Startup,North America,social_ads,,,0,0.0,0.0,0.0,0.0,0,0.0,0.0
C0003396,Startup,North America,social_ads,2025-11-21,2025-11-21,1,116.33,84.15,32.18,0.276627,1,116.33,116.33
C0003398,Startup,North America,social_ads,2023-08-01,2023-08-01,1,24.64,17.51,7.13,0.289367,1,24.64,24.64
C0003404,SMB,LATAM,social_ads,,,0,0.0,0.0,0.0,0.0,0,0.0,0.0
C0003421,Enterprise,EMEA,social_ads,2025-10-24,2025-10-24,1,965.98,699.12,266.86,0.276258,1,965.98,965.98
C0003422,SMB,APAC,social_ads,2024-08-20,2024-10-11,53,127.13,77.2,49.93,0.392748,2,63.56,2.4
C0003430,Startup,EMEA,social_ads,2025-09-07,2025-09-07,1,225.95,171.23,54.72,0.242177,2,112.98,225.95
C0003431,SMB,EMEA,social_ads,2025-03-25,2025-08-07,136,1232.2,987.48,244.72,0.198604,6,205.37,9.06
C0003440,SMB,APAC,social_ads,2025-03-29,2025-11-17,234,2188.45,1598.27,590.18,0.269679,7,312.64,9.35
C0003443,Startup,North America,social_ads,2023-05-18,2023-10-23,159,745.97,712.15,33.82,0.045337,6,124.33,4.69
C0003450,SMB,EMEA,social_ads,2025-11-23,2025-11-23,1,290.85,257.55,33.3,0.114492,1,290.85,290.85
C0003451,Startup,North America,social_ads,2025-05-31,2025-05-31,1,22.32,17.48,4.84,0.216846,1,22.32,22.32
C0003458,Enterprise,EMEA,social_ads,2025-10-27,2025-11-27,32,11553.91,8386.15,3167.76,0.274172,5,2310.78,361.06
C0003462,Mid-Market,APAC,social_ads,2025-09-28,2025-11-28,62,7120.14,6178.75,941.39,0.132215,9,791.13,114.84
C0003467,Mid-Market,EMEA,social_ads,2025-03-29,2025-12-24,271,16824.88,13568.64,3256.24,0.193537,11,1529.53,62.08
C0003480,Startup,LATAM,social_ads,2025-02-18,2025-05-01,73,420.82,326.71,94.11,0.223635,5,84.16,5.76
C0003488,SMB,APAC,social_ads,2025-06-28,2025-12-26,182,916.5,758.75,157.75,0.172122,5,183.3,5.04
C0003497,SMB,North America,social_ads,,,0,0.0,0.0,0.0,0.0,0,0.0,0.0
C0003498,Startup,LATAM,social_ads,2025-07-12,2025-07-12,1,21.35,16.67,4.68,0.219204,1,21.35,21.35
C0003518,Mid-Market,LATAM,social_ads,2023-11-20,2023-11-20,1,1368.22,1150.96,217.26,0.15879,1,1368.22,1368.22
C0003521,Mid-Market,North America,social_ads,2025-04-28,2025-12-09,226,4785.29,3958.27,827.02,0.172825,8,598.16,21.17
C0003533,SMB,APAC,social_ads,2024-12-31,2025-03-01,61,1332.8,964.67,368.13,0.276208,3,444.27,21.85
C0003534,Startup,EMEA,social_ads,2023-11-22,2024-02-04,75,191.15,139.88,51.27,0.268219,2,95.58,2.55
C0003535,SMB,APAC,social_ads,2025-05-31,2025-05-31,1,383.6,330.25,53.35,0.139077,1,383.6,383.6
C0003537,Startup,North America,social_ads,2024-03-08,2024-11-20,258,258.05,208.39,49.66,0.192443,5,51.61,1.0
C0003541,SMB,EMEA,social_ads,,,0,0.0,0.0,0.0,0.0,0,0.0,0.0
C0003545,Startup,EMEA,social_ads,2024-06-14,2025-12-17,552,1586.65,1234.57,352.08,0.221901,16,99.17,2.87
C0003550,SMB,EMEA,social_ads,2025-09-30,2025-10-16,17,1713.89,1298.99,414.9,0.242081,3,571.3,100.82
C0003552,SMB,EMEA,social_ads,2025-03-15,2025-03-17,3,393.6,360.89,32.71,0.083105,2,196.8,131.2
C0003556,SMB,EMEA,social_ads,2025-10-16,2025-10-16,1,229.2,155.95,73.25,0.31959,1,229.2,229.2
C0003558,Startup,EMEA,social_ads,2025-11-16,2025-12-21,36,1021.81,705.04,316.77,0.310009,5,204.36,28.38
C0003561,Startup,North America,social_ads,2025-06-22,2025-06-22,1,17.65,14.46,3.19,0.180737,1,17.65,17.65
C0003562,Mid-Market,LATAM,social_ads,2025-02-15,2025-12-21,310,14000.77,11747.61,2253.16,0.160931,17,823.57,45.16
C0003565,SMB,EMEA,social_ads,,,0,0.0,0.0,0.0,0.0,0,0.0,0.0
C0003567,SMB,APAC,social_ads,2025-09-27,2025-12-16,81,436.78,295.91,140.87,0.322519,3,145.59,5.39
C0003568,SMB,APAC,social_ads,2024-12-21,2024-12-21,1,632.83,394.08,238.75,0.377274,1,632.83,632.83
C0003570,Mid-Market,North America,social_ads,2024-08-01,2024-11-08,100,2954.96,2283.93,671.03,0.227086,7,422.14,29.55
C0003576,Startup,LATAM,social_ads,2024-09-12,2025-01-12,123,702.37,484.68,217.69,0.309936,4,175.59,5.71
C0003577,SMB,EMEA,social_ads,2025-09-06,2025-09-06,1,89.16,70.76,18.4,0.206371,1,89.16,89.16
C0003579,SMB,North America,social_ads,2025-07-25,2025-08-18,25,1065.74,810.48,255.26,0.239514,3,355.25,42.63
C0003580,Startup,EMEA,social_ads,2023-06-01,2023-12-02,185,628.67,565.93,62.74,0.099798,5,125.73,3.4
C0003586,Startup,North America,social_ads,,,0,0.0,0.0,0.0,0.0,0,0.0,0.0
C0003588,Startup,EMEA,social_ads,2025-01-20,2025-03-07,47,472.11,346.56,125.55,0.265934,2,236.06,10.04
C0003594,SMB,North America,social_ads,,,0,0.0,0.0,0.0,0.0,0,0.0,0.0
C0003598,Startup,North America,social_ads,2025-10-26,2025-10-26,1,119.13,80.76,38.37,0.322085,1,119.13,119.13
C0003600,Mid-Market,APAC,social_ads,2025-01-13,2025-11-24,316,8041.19,6466.77,1574.42,0.195794,16,502.57,25.45
C0003609,SMB,North America,social_ads,2024-01-18,2024-06-08,143,1518.42,1038.83,479.59,0.315848,6,253.07,10.62
C0003618,SMB,North America,social_ads,2023-10-29,2023-12-17,50,604.95,417.85,187.1,0.309282,3,201.65,12.1
C0003619,SMB,APAC,social_ads,2024-05-27,2025-06-15,385,1984.1,1306.53,677.57,0.3415,9,220.46,5.15
C0003628,Mid-Market,EMEA,social_ads,2025-05-17,2025-05-25,9,1482.18,993.31,488.87,0.329832,3,494.06,164.69
C0003629,SMB,EMEA,social_ads,2025-05-18,2025-12-21,218,829.12,543.7,285.42,0.344245,5,165.82,3.8
C0003631,Startup,LATAM,social_ads,2023-09-18,2024-05-07,233,343.8,279.93,63.87,0.185777,6,57.3,1.48
C0003634,SMB,EMEA,social_ads,2025-02-07,2025-02-07,1,153.94,99.47,54.47,0.353839,1,153.94,153.94
C0003643,SMB,APAC,social_ads,2025-09-16,2025-10-25,40,671.05,448.04,223.01,0.33233,4,167.76,16.78
C0003644,SMB,LATAM,social_ads,2024-02-20,2024-04-09,50,451.31,249.79,201.52,0.446522,2,225.65,9.03
C0003645,Startup,North America,social_ads,2023-10-09,2023-12-25,78,844.49,672.46,172.03,0.203709,3,281.5,10.83
C0003648,Startup,EMEA,social_ads,2024-09-10,2025-02-02,146,865.61,761.47,104.14,0.120308,5,173.12,5.93
C0003650,Mid-Market,North America,social_ads,2025-10-29,2025-10-29,1,165.56,126.4,39.16,0.236531,1,165.56,165.56
C0003655,Startup,EMEA,social_ads,2024-05-29,2024-06-16,19,721.97,606.72,115.25,0.159633,2,360.98,38.0
C0003656,Startup,APAC,social_ads,2023-06-06,2023-06-06,1,56.41,40.88,15.53,0.275306,1,56.41,56.41
C0003662,Enterprise,North America,social_ads,2025-11-28,2025-11-28,1,565.13,552.79,12.34,0.021836,1,565.13,565.13
C0003666,Startup,LATAM,social_ads,2024-10-21,2025-07-16,269,606.7,436.68,170.02,0.280237,8,75.84,2.26
C0003669,Startup,North America,social_ads,2024-08-25,2024-08-25,1,41.47,28.05,13.42,0.323607,1,41.47,41.47
C0003671,Startup,APAC,social_ads,2024-07-28,2024-08-01,5,193.79,156.48,37.31,0.192528,2,96.9,38.76
C0003675,Startup,North America,social_ads,2025-08-23,2025-10-20,59,98.21,69.71,28.5,0.290194,3,32.74,1.66
C0003682,Mid-Market,North America,social_ads,2024-02-12,2024-12-13,306,11209.57,9523.21,1686.36,0.150439,15,747.3,36.63
C0003686,Enterprise,North America,social_ads,2023-06-27,2023-08-04,39,4431.19,3451.86,979.33,0.221008,4,1107.8,113.62
C0003688,SMB,LATAM,social_ads,,,0,0.0,0.0,0.0,0.0,0,0.0,0.0
C0003691,Startup,EMEA,social_ads,,,0,0.0,0.0,0.0,0.0,0,0.0,0.0
C0003694,Mid-Market,North America,social_ads,2025-01-29,2025-01-30,2,267.72,158.97,108.75,0.406208,2,133.86,133.86
C0003705,Startup,North America,social_ads,2023-05-13,2023-08-09,89,382.02,256.36,125.66,0.328936,5,76.4,4.29
C0003709,Startup,APAC,social_ads,2024-10-23,2025-02-14,115,997.29,805.27,192.02,0.192542,5,199.46,8.67
C0003719,SMB,North America,social_ads,2025-12-17,2025-12-17,1,336.04,297.44,38.6,0.114867,1,336.04,336.04
C0003721,Mid-Market,North America,social_ads,2025-04-15,2025-07-01,78,1303.75,793.68,510.07,0.391233,4,325.94,16.71
C0003729,SMB,EMEA,social_ads,2025-06-24,2025-09-08,77,1540.89,1153.91,386.98,0.251141,3,513.63,20.01
C0003737,Startup,EMEA,social_ads,2024-03-17,2024-03-17,1,110.96,83.92,27.04,0.243691,1,110.96,110.96
C0003739,Startup,North America,social_ads,2025-10-23,2025-12-05,44,221.93,147.09,74.84,0.337223,3,73.98,5.04
C0003748,Mid-Market,APAC,social_ads,2025-10-26,2025-12-02,38,1328.34,916.13,412.21,0.31032,2,664.17,34.96
C0003749,SMB,APAC,social_ads,,,0,0.0,0.0,0.0,0.0,0,0.0,0.0
C0003750,SMB,EMEA,social_ads,2024-02-13,2024-11-08,270,4077.78,2889.89,1187.89,0.291308,7,582.54,15.1
C0003758,SMB,North America,social_ads,2024-06-01,2025-09-26,483,2911.05,2605.63,305.42,0.104917,10,291.1,6.03
C0003759,SMB,EMEA,social_ads,2025-11-23,2025-12-06,14,447.32,311.83,135.49,0.302893,3,149.11,31.95
C0003760,Mid-Market,APAC,social_ads,2023-12-21,2024-03-26,97,5437.01,4348.59,1088.42,0.200187,5,1087.4,56.05
C0003763,Startup,North America,social_ads,2023-07-12,2024-05-09,303,1372.89,1025.9,346.99,0.252744,8,171.61,4.53
C0003765,Mid-Market,EMEA,social_ads,2023-06-30,2024-11-09,499,4457.67,3219.79,1237.88,0.277697,15,297.18,8.93
C0003768,Startup,APAC,social_ads,,,0,0.0,0.0,0.0,0.0,0,0.0,0.0
C0003772,Startup,APAC,social_ads,,,0,0.0,0.0,0.0,0.0,0,0.0,0.0
C0003775,SMB,North America,social_ads,2025-10-20,2025-10-20,1,191.64,129.76,61.88,0.322897,1,191.64,191.64
C0003777,Startup,North America,social_ads,2025-05-31,2025-07-18,49,464.14,419.53,44.61,0.096113,3,154.71,9.47
C0003779,SMB,LATAM,social_ads,2025-08-14,2025-08-29,16,888.47,722.84,165.63,0.186422,3,296.16,55.53
C0003786,Mid-Market,APAC,social_ads,2025-12-27,2025-12-27,1,565.52,544.8,20.72,0.036639,1,565.52,565.52
C0003790,Mid-Market,EMEA,social_ads,2025-06-07,2025-12-28,205,5884.61,4770.37,1114.24,0.189348,12,490.38,28.71
C0003810,Startup,EMEA,social_ads,2025-08-13,2025-08-29,17,478.46,289.89,188.57,0.394119,3,159.49,28.14
C0003814,SMB,EMEA,social_ads,2023-05-08,2023-05-28,21,100.26,81.06,19.2,0.191502,2,50.13,4.77
C0003816,Mid-Market,APAC,social_ads,2024-09-02,2024-09-02,1,112.89,98.16,14.73,0.130481,1,112.89,112.89
C0003819,Startup,EMEA,social_ads,,,0,0.0,0.0,0.0,0.0,0,0.0,0.0
C0003822,SMB,APAC,social_ads,2025-04-26,2025-09-11,139,1221.07,977.06,244.01,0.199833,4,305.27,8.78
C0003831,Startup,EMEA,social_ads,2025-01-18,2025-01-18,1,4.97,3.83,1.14,0.229376,1,4.97,4.97
C0003835,SMB,LATAM,social_ads,2024-05-02,2024-05-02,1,1078.5,676.91,401.59,0.37236,1,1078.5,1078.5
C0003838,Mid-Market,North America,social_ads,2023-05-04,2024-08-02,457,12443.23,10348.51,2094.72,0.168342,15,829.55,27.23
C0003842,Enterprise,North America,social_ads,2025-04-24,2025-05-27,34,8734.83,7249.1,1485.73,0.170093,6,1455.8,256.91
C0003847,Startup,North America,social_ads,2025-10-02,2025-10-02,1,246.14,225.27,20.87,0.084789,1,246.14,246.14
C0003867,Mid-Market,North America,social_ads,2025-03-27,2025-07-04,100,2984.9,2098.78,886.12,0.296868,4,746.22,29.85
C0003875,Startup,LATAM,social_ads,2025-12-31,2025-12-31,1,58.42,46.76,11.66,0.199589,1,58.42,58.42
C0003876,Mid-Market,EMEA,social_ads,2024-10-21,2025-06-14,237,8393.67,6349.71,2043.96,0.243512,11,763.06,35.42
C0003880,SMB,North America,social_ads,2024-10-29,2024-11-01,4,180.35,153.78,26.57,0.147325,2,90.18,45.09
C0003883,SMB,North America,social_ads,2025-07-14,2025-07-17,4,284.94,181.93,103.01,0.361515,2,142.47,71.24
C0003887,Mid-Market,APAC,social_ads,2025-12-25,2025-12-31,7,1201.89,900.17,301.72,0.251038,3,400.63,171.7
C0003890,Mid-Market,LATAM,social_ads,2024-03-20,2024-04-06,18,1042.76,733.31,309.45,0.296761,2,521.38,57.93
C0003893,SMB,North America,social_ads,2025-02-28,2025-06-07,100,1043.68,661.32,382.36,0.366358,4,260.92,10.44
C0003897,Startup,North America,social_ads,,,0,0.0,0.0,0.0,0.0,0,0.0,0.0
C0003900,Mid-Market,North America,social_ads,2024-01-08,2024-01-12,5,208.86,151.01,57.85,0.27698,2,104.43,41.77
C0003909,SMB,EMEA,social_ads,2025-03-24,2025-03-24,1,59.55,57.7,1.85,0.031066,1,59.55,59.55
C0003912,SMB,EMEA,social_ads,2024-11-25,2024-11-25,1,3870.12,3681.23,188.89,0.048807,1,3870.12,3870.12
C0003913,SMB,LATAM,social_ads,2025-10-26,2025-11-15,21,388.36,341.96,46.4,0.119477,2,194.18,18.49
C0003919,Startup,APAC,social_ads,2025-05-10,2025-12-12,217,3198.4,2512.12,686.28,0.21457,7,456.91,14.74
C0003933,SMB,EMEA,social_ads,2024-12-31,2025-12-23,358,3432.67,2574.77,857.9,0.249922,13,264.05,9.59
C0003936,Mid-Market,EMEA,social_ads,2024-04-28,2025-12-30,612,15049.7,11161.39,3888.31,0.258365,21,716.65,24.59
C0003937,Startup,North America,social_ads,2024-06-22,2024-07-04,13,264.67,210.06,54.61,0.206332,2,132.34,20.36
C0003938,Startup,North America,social_ads,2025-04-25,2025-08-22,120,982.36,693.03,289.33,0.294525,4,245.59,8.19
C0003940,SMB,North America,social_ads,2023-06-27,2024-02-01,220,1833.58,1474.44,359.14,0.195868,7,261.94,8.33
C0003942,SMB,EMEA,social_ads,2024-01-15,2024-11-19,310,2315.79,1905.43,410.36,0.177201,6,385.96,7.47
C0003946,Mid-Market,North America,social_ads,2025-10-26,2025-10-26,1,580.62,528.32,52.3,0.090076,1,580.62,580.62
C0003947,Enterprise,EMEA,social_ads,2024-01-16,2024-04-22,98,19691.67,18194.72,1496.95,0.076019,11,1790.15,200.94
C0003949,Startup,APAC,social_ads,2025-11-30,2025-12-09,10,938.5,819.51,118.99,0.126787,2,469.25,93.85
C0003951,Startup,LATAM,social_ads,2024-11-12,2025-04-14,154,969.99,674.71,295.28,0.304416,5,194.0,6.3
C0003956,SMB,North America,social_ads,2025-03-17,2025-09-12,180,956.92,794.86,162.06,0.169356,6,159.49,5.32
C0003957,SMB,LATAM,social_ads,2025-12-28,2025-12-30,3,248.56,156.59,91.97,0.370011,2,124.28,82.85
C0003958,SMB,EMEA,social_ads,,,0,0.0,0.0,0.0,0.0,0,0.0,0.0
C0003970,Startup,EMEA,social_ads,2024-01-28,2024-07-20,175,704.06,591.4,112.66,0.160015,2,352.03,4.02
C0003972,Startup,LATAM,social_ads,2023-10-19,2023-10-19,1,27.01,21.63,5.38,0.199185,1,27.01,27.01
C0003985,Startup,LATAM,social_ads,2024-07-27,2025-04-09,257,338.74,241.32,97.42,0.287595,6,56.46,1.32
C0003991,Startup,EMEA,social_ads,,,0,0.0,0.0,0.0,0.0,0,0.0,0.0
C0003992,Startup,North America,social_ads,2024-09-29,2025-05-16,230,1566.72,1109.26,457.46,0.291986,5,313.34,6.81
C0003993,SMB,EMEA,social_ads,2023-06-13,2023-07-04,22,391.71,264.61,127.1,0.324475,3,130.57,17.81
C0003996,Startup,EMEA,social_ads,2023-02-22,2023-08-03,163,872.38,689.49,182.89,0.209645,5,174.48,5.35
C0003998,SMB,EMEA,social_ads,2024-11-06,2025-01-01,57,570.73,400.5,170.23,0.298267,3,190.24,10.01
C0004001,SMB,APAC,social_ads,2025-07-18,2025-08-16,30,511.09,526.1,-15.01,-0.029369,2,255.54,17.04
C0004005,SMB,LATAM,social_ads,2025-02-06,2025-02-06,1,316.83,266.22,50.61,0.159739,1,316.83,316.83
C0004008,Mid-Market,LATAM,social_ads,2023-12-11,2024-01-12,33,1628.89,1157.62,471.27,0.28932,4,407.22,49.36
C0004010,Mid-Market,EMEA,social_ads,2025-03-27,2025-10-26,214,8795.52,7364.89,1430.63,0.162654,6,1465.92,41.1
C0004011,SMB,APAC,social_ads,2024-06-02,2024-06-02,1,17.11,12.23,4.88,0.285213,1,17.11,17.11
C0004014,Startup,North America,social_ads,2023-04-21,2023-09-08,141,400.59,331.44,69.15,0.17262,3,133.53,2.84
C0004018,Startup,EMEA,social_ads,2025-01-12,2025-01-12,1,58.5,43.79,14.71,0.251453,1,58.5,58.5
C0004019,Mid-Market,EMEA,social_ads,2023-07-11,2023-08-01,22,960.89,757.1,203.79,0.212085,2,480.44,43.68
C0004022,Startup,EMEA,social_ads,2023-12-25,2024-01-12,19,86.89,72.74,14.15,0.16285,2,43.44,4.57
C0004027,Startup,APAC,social_ads,2025-04-28,2025-04-28,1,113.15,85.13,28.02,0.247636,1,113.15,113.15
C0004028,Startup,EMEA,social_ads,2025-06-01,2025-06-09,9,135.81,87.68,48.13,0.354392,2,67.9,15.09
C0004030,SMB,EMEA,social_ads,2025-10-31,2025-11-20,21,586.56,405.43,181.13,0.3088,2,293.28,27.93
C0004032,Startup,APAC,social_ads,2024-07-05,2024-07-05,1,141.2,118.79,22.41,0.158711,1,141.2,141.2
C0004042,Startup,LATAM,social_ads,2025-07-14,2025-11-16,126,1648.04,1157.8,490.24,0.297469,5,329.61,13.08
C0004054,Startup,North America,social_ads,2024-11-06,2025-08-25,293,918.92,796.11,122.81,0.133646,7,131.27,3.14
C0004055,Mid-Market,EMEA,social_ads,2025-08-30,2025-12-31,124,2690.81,2182.79,508.02,0.188798,7,384.4,21.7
C0004059,SMB,North America,social_ads,2024-08-30,2024-08-30,1,332.67,228.15,104.52,0.314185,1,332.67,332.67
C0004061,Startup,LATAM,social_ads,,,0,0.0,0.0,0.0,0.0,0,0.0,0.0
C0004065,SMB,North America,social_ads,2023-10-02,2025-05-27,604,3045.27,2303.19,742.08,0.243683,11,276.84,5.04
C0004081,SMB,LATAM,social_ads,2024-08-05,2024-10-01,58,114.32,85.25,29.07,0.254286,2,57.16,1.97
C0004082,Startup,EMEA,social_ads,2024-11-09,2024-11-09,1,156.08,105.02,51.06,0.32714,1,156.08,156.08
C0004083,Mid-Market,LATAM,social_ads,2025-07-13,2025-12-08,149,2823.71,2051.3,772.41,0.273544,8,352.96,18.95
C0004087,Startup,North America,social_ads,2025-01-27,2025-01-27,1,56.57,48.61,7.96,0.140711,1,56.57,56.57
C0004091,SMB,EMEA,social_ads,2023-09-16,2025-03-13,545,745.37,594.6,150.77,0.202275,6,124.23,1.37
C0004095,Mid-Market,APAC,social_ads,2024-01-30,2025-08-21,570,10425.3,8069.09,2356.21,0.226009,22,473.88,18.29
C0004100,Startup,EMEA,social_ads,2025-10-30,2025-10-31,2,179.4,158.62,20.78,0.115831,3,59.8,89.7
C0004103,Mid-Market,North America,social_ads,2025-02-13,2025-08-07,176,4971.91,3872.3,1099.61,0.221165,10,497.19,28.25
C0004105,Startup,APAC,social_ads,2025-10-31,2025-11-25,26,152.82,117.77,35.05,0.229355,3,50.94,5.88
C0004108,Startup,North America,social_ads,2025-06-29,2025-08-26,59,205.48,185.0,20.48,0.099669,3,68.49,3.48
C0004111,SMB,APAC,social_ads,2024-05-30,2024-10-09,133,784.42,545.35,239.07,0.304773,6,130.74,5.9
C0004123,Mid-Market,North America,social_ads,2025-10-16,2025-10-30,15,581.22,369.06,212.16,0.365025,2,290.61,38.75
C0004133,Startup,EMEA,social_ads,2024-11-27,2025-06-30,216,992.31,863.65,128.66,0.129657,4,248.08,4.59
C0004139,SMB,North America,social_ads,2025-06-28,2025-08-28,62,621.04,442.6,178.44,0.287324,3,207.01,10.02
C0004145,Mid-Market,EMEA,social_ads,2024-11-29,2025-08-25,270,13310.62,10608.37,2702.25,0.203015,13,1023.89,49.3
C0004153,Startup,North America,social_ads,,,0,0.0,0.0,0.0,0.0,0,0.0,0.0
C0004157,Startup,EMEA,social_ads,2025-11-28,2025-12-14,17,481.91,444.84,37.07,0.076923,2,240.96,28.35
C0004158,Startup,EMEA,social_ads,,,0,0.0,0.0,0.0,0.0,0,0.0,0.0
C0004165,Startup,North America,social_ads,2025-04-13,2025-04-13,1,77.56,59.45,18.11,0.233497,1,77.56,77.56
C0004168,Mid-Market,North America,social_ads,2024-09-10,2024-10-17,38,539.84,340.17,199.67,0.369869,3,179.95,14.21
C0004169,Enterprise,APAC,social_ads,2025-01-29,2025-04-29,91,4274.18,3700.73,573.45,0.134166,5,854.84,46.97
C0004174,Startup,North America,social_ads,2024-04-30,2025-02-04,281,899.21,746.79,152.42,0.169504,10,89.92,3.2
C0004178,Startup,APAC,social_ads,,,0,0.0,0.0,0.0,0.0,0,0.0,0.0
C0004181,Enterprise,EMEA,social_ads,2025-06-13,2025-07-26,44,2372.18,1947.57,424.61,0.178996,4,593.04,53.91
C0004186,Startup,LATAM,social_ads,2025-08-18,2025-11-01,76,624.7,451.4,173.3,0.277413,2,312.35,8.22
C0004191,SMB,EMEA,social_ads,2023-06-08,2023-06-08,1,98.08,69.91,28.17,0.287215,1,98.08,98.08
C0004194,Startup,APAC,social_ads,2025-09-17,2025-09-17,1,141.92,109.45,32.47,0.228791,1,141.92,141.92
C0004195,Startup,North America,social_ads,2024-06-28,2024-08-02,36,977.24,659.03,318.21,0.325621,5,195.45,27.15
C0004200,Mid-Market,EMEA,social_ads,2023-10-14,2023-12-05,53,1055.15,768.68,286.47,0.271497,3,351.72,19.91
C0004205,Startup,North America,social_ads,,,0,0.0,0.0,0.0,0.0,0,0.0,0.0
C0004206,Mid-Market,North America,social_ads,2025-07-20,2025-07-20,1,390.33,242.31,148.02,0.379218,1,390.33,390.33
C0004207,Startup,North America,social_ads,2023-12-27,2024-01-04,9,219.3,152.46,66.84,0.304788,2,109.65,24.37
C0004212,Mid-Market,EMEA,social_ads,2024-10-02,2025-12-23,448,9652.17,7258.79,2393.38,0.247963,12,804.35,21.55
C0004214,Mid-Market,EMEA,social_ads,2023-08-01,2023-08-29,29,4861.72,4089.53,772.19,0.158831,5,972.34,167.65
C0004226,Startup,EMEA,social_ads,2025-11-10,2025-12-01,22,194.09,145.0,49.09,0.252924,2,97.04,8.82
C0004231,SMB,APAC,social_ads,,,0,0.0,0.0,0.0,0.0,0,0.0,0.0
C0004242,SMB,North America,social_ads,2025-10-01,2025-10-01,1,388.45,242.79,145.66,0.374977,2,194.22,388.45
C0004245,Mid-Market,North America,social_ads,,,0,0.0,0.0,0.0,0.0,0,0.0,0.0
C0004253,SMB,North America,social_ads,2023-12-27,2024-03-09,74,1000.87,903.24,97.63,0.097545,4,250.22,13.53
C0004257,SMB,EMEA,social_ads,2023-06-21,2023-06-30,10,467.14,378.94,88.2,0.188808,2,233.57,46.71
C0004261,SMB,North America,social_ads,,,0,0.0,0.0,0.0,0.0,0,0.0,0.0
C0004264,Mid-Market,North America,social_ads,2025-09-01,2025-10-10,40,925.58,832.7,92.88,0.100348,2,462.79,23.14
C0004268,Startup,APAC,social_ads,2025-09-03,2025-12-10,99,1070.27,800.61,269.66,0.251955,4,267.57,10.81
C0004269,SMB,North America,social_ads,2025-10-23,2025-12-05,44,803.41,475.52,327.89,0.408123,2,401.7,18.26
C0004271,Startup,EMEA,social_ads,2025-12-30,2025-12-30,1,714.66,497.93,216.73,0.303263,1,714.66,714.66
C0004279,Startup,LATAM,social_ads,,,0,0.0,0.0,0.0,0.0,0,0.0,0.0
C0004281,SMB,LATAM,social_ads,2023-02-28,2023-05-06,68,216.93,158.28,58.65,0.270364,2,108.46,3.19
C0004297,Mid-Market,North America,social_ads,2024-12-21,2025-04-10,111,4003.84,3200.68,803.16,0.200597,6,667.31,36.07
C0004310,SMB,APAC,social_ads,2025-05-06,2025-10-03,151,1548.81,1388.49,160.32,0.103512,2,774.4,10.26
C0004316,Startup,North America,social_ads,2025-06-15,2025-12-25,194,521.8,445.9,75.9,0.145458,3,173.93,2.69
C0004317,Mid-Market,APAC,social_ads,2025-11-26,2025-11-30,5,216.16,159.81,56.35,0.260687,2,108.08,43.23
C0004318,SMB,North America,social_ads,2025-08-12,2025-12-15,126,385.42,284.69,100.73,0.261351,3,128.47,3.06
C0004331,SMB,EMEA,social_ads,2023-07-25,2023-07-25,1,477.62,303.01,174.61,0.365584,1,477.62,477.62
C0004332,Startup,APAC,social_ads,,,0,0.0,0.0,0.0,0.0,0,0.0,0.0
C0004333,SMB,APAC,social_ads,2023-06-19,2023-08-04,47,2622.02,2133.62,488.4,0.186269,4,655.5,55.79
C0004334,SMB,EMEA,social_ads,2024-11-27,2025-09-11,289,1362.82,1236.38,126.44,0.092778,7,194.69,4.72
C0004336,Startup,EMEA,social_ads,2023-05-31,2023-08-08,70,376.18,346.39,29.79,0.079191,3,125.39,5.37
C0004359,SMB,North America,social_ads,2024-12-24,2025-03-12,79,3219.06,2587.5,631.56,0.196194,4,804.76,40.75
C0004363,Startup,North America,social_ads,,,0,0.0,0.0,0.0,0.0,0,0.0,0.0
C0004365,SMB,APAC,social_ads,,,0,0.0,0.0,0.0,0.0,0,0.0,0.0
C0004367,Startup,North America,social_ads,2024-11-30,2024-11-30,1,13.57,10.75,2.82,0.207811,1,13.57,13.57
C0004368,Startup,North America,social_ads,2025-03-24,2025-03-30,7,303.45,239.61,63.84,0.210381,3,101.15,43.35
C0004382,Startup,APAC,social_ads,2024-05-26,2024-08-25,92,598.17,406.8,191.37,0.319926,4,149.54,6.5
C0004386,Startup,LATAM,social_ads,,,0,0.0,0.0,0.0,0.0,0,0.0,0.0
C0004398,Mid-Market,North America,social_ads,2025-07-31,2025-07-31,1,991.59,804.26,187.33,0.188919,1,991.59,991.59
C0004402,SMB,North America,social_ads,2025-10-07,2025-10-07,1,72.47,42.06,30.41,0.419622,1,72.47,72.47
C0004403,SMB,EMEA,social_ads,,,0,0.0,0.0,0.0,0.0,0,0.0,0.0
C0004414,Mid-Market,North America,social_ads,2023-11-25,2024-04-01,129,5261.06,4282.83,978.23,0.185938,8,657.63,40.78
C0004416,SMB,North America,social_ads,2025-07-28,2025-07-28,1,278.4,189.55,88.85,0.319145,1,278.4,278.4
C0004418,Startup,EMEA,social_ads,2023-01-31,2023-04-01,61,597.17,405.41,191.76,0.321115,5,119.43,9.79
C0004421,SMB,North America,social_ads,2024-05-11,2024-12-17,221,984.22,742.45,241.77,0.245646,7,140.6,4.45
C0004425,Mid-Market,LATAM,social_ads,2025-03-11,2025-05-08,59,7425.91,5285.18,2140.73,0.288278,9,825.1,125.86
C0004426,Mid-Market,North America,social_ads,2024-12-20,2025-05-06,138,3142.73,2232.17,910.56,0.289735,6,523.79,22.77
C0004432,Mid-Market,EMEA,social_ads,2025-10-27,2025-10-30,4,1258.85,987.5,271.35,0.215554,3,419.62,314.71
C0004433,Mid-Market,APAC,social_ads,2025-09-20,2025-09-20,1,636.99,602.03,34.96,0.054883,1,636.99,636.99
C0004437,Startup,North America,social_ads,2025-08-31,2025-09-02,3,355.63,274.76,80.87,0.227399,2,177.82,118.54
C0004438,Startup,North America,social_ads,2024-02-21,2024-02-21,1,494.17,341.1,153.07,0.309752,1,494.17,494.17
C0004439,Startup,LATAM,social_ads,2024-07-12,2024-09-13,64,1789.85,1481.6,308.25,0.172221,4,447.46,27.97
C0004443,SMB,North America,social_ads,2025-10-18,2025-12-10,54,997.34,767.01,230.33,0.230944,6,166.22,18.47
C0004445,SMB,North America,social_ads,2023-07-27,2023-08-13,18,362.62,250.93,111.69,0.308008,2,181.31,20.15
C0004446,Startup,EMEA,social_ads,2025-01-01,2025-01-01,1,67.62,44.11,23.51,0.347678,1,67.62,67.62
C0004451,Startup,EMEA,social_ads,2025-09-20,2025-11-30,72,206.56,175.89,30.67,0.14848,2,103.28,2.87
C0004453,Startup,EMEA,social_ads,2025-05-05,2025-05-05,1,19.9,11.57,8.33,0.418593,1,19.9,19.9
C0004464,Mid-Market,North America,social_ads,,,0,0.0,0.0,0.0,0.0,0,0.0,0.0
C0004475,SMB,North America,social_ads,2025-02-12,2025-12-06,298,1331.73,979.93,351.8,0.264168,7,190.25,4.47
C0004477,SMB,North America,social_ads,2025-03-22,2025-11-30,254,2403.68,2153.84,249.84,0.103941,6,400.61,9.46
C0004481,Mid-Market,LATAM,social_ads,2024-11-21,2025-10-21,335,6279.07,4766.96,1512.11,0.240818,12,523.26,18.74
C0004483,SMB,APAC,social_ads,2025-08-02,2025-08-02,1,198.83,142.72,56.11,0.282201,1,198.83,198.83
C0004485,SMB,APAC,social_ads,2025-09-29,2025-09-30,2,337.69,229.08,108.61,0.321626,2,168.84,168.84
C0004487,Startup,EMEA,social_ads,2025-07-31,2025-08-03,4,271.11,189.55,81.56,0.300837,2,135.56,67.78
C0004494,SMB,North America,social_ads,2023-09-04,2023-09-04,1,464.96,340.79,124.17,0.267055,2,232.48,464.96
C0004496,SMB,EMEA,social_ads,2024-09-30,2024-09-30,1,75.34,55.55,19.79,0.262676,1,75.34,75.34
C0004497,SMB,North America,social_ads,2024-12-10,2025-05-18,160,1417.58,1119.3,298.28,0.210415,7,202.51,8.86
C0004498,SMB,LATAM,social_ads,2024-12-24,2024-12-24,1,49.28,37.75,11.53,0.233969,1,49.28,49.28
C0004502,Startup,APAC,social_ads,,,0,0.0,0.0,0.0,0.0,0,0.0,0.0
C0004509,SMB,APAC,social_ads,2025-07-23,2025-10-31,101,1387.55,921.1,466.45,0.336168,4,346.89,13.74
C0004511,Startup,North America,social_ads,2025-03-09,2025-11-27,264,1500.43,1052.04,448.39,0.298841,10,150.04,5.68
C0004512,Enterprise,North America,social_ads,2025-01-07,2025-07-04,179,6298.71,4933.76,1364.95,0.216703,7,899.82,35.19
C0004517,SMB,EMEA,social_ads,2025-02-19,2025-07-14,146,1754.73,1537.12,217.61,0.124013,5,350.95,12.02
C0004519,Startup,EMEA,social_ads,2025-07-31,2025-12-18,141,666.68,516.06,150.62,0.225925,6,111.11,4.73
C0004525,SMB,APAC,social_ads,2025-07-15,2025-08-09,26,696.62,557.52,139.1,0.199678,4,174.16,26.79
C0004536,SMB,North America,social_ads,2023-06-19,2024-08-24,433,1471.07,1082.41,388.66,0.264202,8,183.88,3.4
C0004539,SMB,North America,social_ads,2024-01-06,2024-06-24,171,379.44,334.63,44.81,0.118095,4,94.86,2.22
C0004544,Startup,APAC,social_ads,2024-12-18,2024-12-18,1,5.84,6.19,-0.35,-0.059932,1,5.84,5.84
C0004548,Startup,EMEA,social_ads,,,0,0.0,0.0,0.0,0.0,0,0.0,0.0
C0004549,Mid-Market,North America,social_ads,2025-06-21,2025-10-02,104,3652.87,2802.36,850.51,0.232833,5,730.57,35.12
C0004550,SMB,EMEA,social_ads,,,0,0.0,0.0,0.0,0.0,0,0.0,0.0
C0004564,Startup,EMEA,social_ads,2025-08-21,2025-08-21,1,7.27,5.08,2.19,0.301238,1,7.27,7.27
C0004567,Startup,North America,social_ads,2025-09-16,2025-10-22,37,140.62,110.17,30.45,0.216541,3,46.87,3.8
C0004569,Enterprise,North America,social_ads,2025-03-01,2025-03-01,1,442.54,284.66,157.88,0.356759,1,442.54,442.54
C0004571,SMB,EMEA,social_ads,2024-05-14,2024-05-26,13,1201.88,832.18,369.7,0.307601,2,600.94,92.45
C0004577,SMB,LATAM,social_ads,2025-10-12,2025-11-29,49,720.16,554.3,165.86,0.23031,4,180.04,14.7
C0004580,Mid-Market,North America,social_ads,2023-05-24,2024-06-05,379,12753.76,9457.66,3296.1,0.258441,15,850.25,33.65
C0004581,Startup,North America,social_ads,2025-06-26,2025-08-02,38,416.49,294.39,122.1,0.293164,3,138.83,10.96
C0004582,Mid-Market,EMEA,social_ads,,,0,0.0,0.0,0.0,0.0,0,0.0,0.0
C0004587,Mid-Market,APAC,social_ads,2024-12-29,2025-08-05,220,15799.14,13820.79,1978.35,0.125219,15,1053.28,71.81
C0004596,Startup,APAC,social_ads,,,0,0.0,0.0,0.0,0.0,0,0.0,0.0
C0004597,Startup,EMEA,social_ads,,,0,0.0,0.0,0.0,0.0,0,0.0,0.0
C0004599,SMB,North America,social_ads,2024-08-02,2024-08-02,1,347.26,304.15,43.11,0.124143,1,347.26,347.26
C0004603,Startup,LATAM,social_ads,,,0,0.0,0.0,0.0,0.0,0,0.0,0.0
C0004609,SMB,EMEA,social_ads,2023-07-24,2023-09-05,44,318.81,211.19,107.62,0.337568,3,106.27,7.25
C0004610,Startup,EMEA,social_ads,,,0,0.0,0.0,0.0,0.0,0,0.0,0.0
C0004628,SMB,North America,social_ads,2024-08-12,2024-10-01,51,1144.75,803.44,341.31,0.298152,5,228.95,22.45
C0004630,Startup,APAC,social_ads,2024-03-26,2024-05-14,50,400.28,355.04,45.24,0.113021,2,200.14,8.01
C0004638,SMB,APAC,social_ads,2025-07-10,2025-07-10,1,532.85,380.54,152.31,0.28584,2,266.42,532.85
C0004643,SMB,APAC,social_ads,2025-02-13,2025-05-28,105,959.94,781.72,178.22,0.185657,5,191.99,9.14
C0004650,Startup,LATAM,social_ads,2024-11-28,2024-11-28,1,133.0,88.08,44.92,0.337744,1,133.0,133.0
C0004652,Startup,APAC,social_ads,,,0,0.0,0.0,0.0,0.0,0,0.0,0.0
C0004654,SMB,North America,social_ads,2023-08-23,2023-10-09,48,3453.36,2616.99,836.37,0.24219,6,575.56,71.95
C0004655,Mid-Market,APAC,social_ads,2024-09-21,2024-10-17,27,1574.56,1240.1,334.46,0.212415,4,393.64,58.32
C0004664,SMB,EMEA,social_ads,2023-06-26,2023-11-11,139,4208.02,3525.26,682.76,0.162252,4,1052.0,30.27
C0004666,Mid-Market,North America,social_ads,2024-09-22,2025-07-26,308,14509.13,11413.81,3095.32,0.213336,16,906.82,47.11
C0004678,SMB,LATAM,social_ads,2023-09-17,2023-11-28,73,1961.9,1554.44,407.46,0.207686,7,280.27,26.88
C0004685,SMB,North America,social_ads,2025-12-30,2025-12-30,1,16.82,12.16,4.66,0.277051,1,16.82,16.82
C0004688,Mid-Market,APAC,social_ads,2025-01-06,2025-10-13,281,2571.32,1873.36,697.96,0.27144,6,428.55,9.15
C0004689,Startup,LATAM,social_ads,2025-10-14,2025-10-14,1,31.72,24.39,7.33,0.231084,1,31.72,31.72
C0004690,SMB,LATAM,social_ads,2025-07-21,2025-12-30,163,1645.21,1258.8,386.41,0.23487,5,329.04,10.09
C0004696,SMB,EMEA,social_ads,2025-05-03,2025-07-21,80,304.84,204.46,100.38,0.329287,2,152.42,3.81
C0004698,Startup,LATAM,social_ads,2025-03-05,2025-03-05,1,8.36,6.77,1.59,0.190191,1,8.36,8.36
C0004702,Startup,EMEA,social_ads,,,0,0.0,0.0,0.0,0.0,0,0.0,0.0
C0004708,Startup,EMEA,social_ads,2024-11-10,2024-11-10,1,103.24,72.88,30.36,0.294072,1,103.24,103.24
C0004714,Startup,North America,social_ads,2025-10-27,2025-11-14,19,506.13,450.97,55.16,0.108984,2,253.06,26.64
C0004727,Startup,North America,social_ads,2025-08-28,2025-10-05,39,76.73,43.77,32.96,0.429558,2,38.36,1.97
C0004732,Mid-Market,APAC,social_ads,2025-11-06,2025-12-07,32,1430.68,1182.28,248.4,0.173624,5,286.14,44.71
C0004733,Startup,North America,social_ads,2024-06-27,2024-06-27,1,45.49,31.83,13.66,0.300286,1,45.49,45.49
C0004738,Startup,EMEA,social_ads,2023-05-04,2023-06-05,33,474.7,360.68,114.02,0.240194,3,158.23,14.38
C0004748,SMB,LATAM,social_ads,2025-03-28,2025-11-22,240,1366.91,1113.81,253.1,0.185162,5,273.38,5.7
C0004755,Startup,North America,social_ads,,,0,0.0,0.0,0.0,0.0,0,0.0,0.0
C0004758,Mid-Market,EMEA,social_ads,2025-12-28,2025-12-28,1,140.91,94.59,46.32,0.32872,1,140.91,140.91
C0004760,Startup,APAC,social_ads,,,0,0.0,0.0,0.0,0.0,0,0.0,0.0
C0004761,SMB,LATAM,social_ads,2025-01-30,2025-12-25,330,3899.75,2558.6,1341.15,0.343907,8,487.47,11.82
C0004763,Mid-Market,North America,social_ads,2025-12-29,2025-12-30,2,482.63,336.27,146.36,0.303255,2,241.32,241.32
C0004764,SMB,LATAM,social_ads,2024-12-30,2025-03-25,86,310.1,192.01,118.09,0.380813,3,103.37,3.61
C0004768,Enterprise,EMEA,social_ads,2025-02-21,2025-10-25,247,24944.45,22903.63,2040.82,0.081815,15,1662.96,100.99
C0004769,SMB,EMEA,social_ads,2024-02-13,2024-08-03,173,1893.47,1254.55,638.92,0.337433,8,236.68,10.94
C0004770,SMB,EMEA,social_ads,2025-07-05,2025-11-06,125,352.34,256.06,96.28,0.273259,4,88.08,2.82
C0004772,Startup,North America,social_ads,2024-09-22,2024-09-22,1,24.6,18.56,6.04,0.245528,1,24.6,24.6
C0004776,Startup,APAC,social_ads,2024-02-10,2024-04-30,81,2052.77,1669.81,382.96,0.186558,5,410.55,25.34
C0004777,SMB,North America,social_ads,2024-11-14,2025-03-21,128,267.2,216.91,50.29,0.188211,3,89.07,2.09
C0004781,Startup,APAC,social_ads,2024-06-16,2024-06-16,1,92.63,97.42,-4.79,-0.051711,1,92.63,92.63
C0004791,SMB,EMEA,social_ads,,,0,0.0,0.0,0.0,0.0,0,0.0,0.0
C0004793,Startup,North America,social_ads,2024-04-04,2024-05-06,33,940.12,743.36,196.76,0.209292,4,235.03,28.49
C0004798,SMB,North America,social_ads,2024-11-30,2025-11-12,348,2780.08,2065.69,714.39,0.256967,8,347.51,7.99
C0004801,Startup,North America,social_ads,,,0,0.0,0.0,0.0,0.0,0,0.0,0.0
C0004808,Mid-Market,LATAM,social_ads,2025-05-09,2025-12-17,223,6538.98,4756.45,1782.53,0.272601,9,726.55,29.32
C0004819,SMB,APAC,social_ads,2025-01-27,2025-03-13,46,360.56,247.71,112.85,0.312985,3,120.19,7.84
C0004823,SMB,EMEA,social_ads,2025-07-12,2025-07-12,1,610.12,391.11,219.01,0.358962,1,610.12,610.12
C0004827,SMB,North America,social_ads,2024-05-06,2024-10-18,166,1268.06,973.23,294.83,0.232505,4,317.02,7.64
C0004829,SMB,APAC,social_ads,2025-10-13,2025-12-16,65,1920.33,1592.19,328.14,0.170877,5,384.07,29.54
C0004833,Startup,EMEA,social_ads,2025-06-28,2025-08-19,53,158.15,107.62,50.53,0.319507,2,79.08,2.98
C0004838,Startup,APAC,social_ads,2023-01-29,2023-02-10,13,297.88,209.52,88.36,0.29663,2,148.94,22.91
C0004853,SMB,EMEA,social_ads,2025-08-24,2025-09-17,25,291.52,238.04,53.48,0.183452,2,145.76,11.66
C0004854,Startup,LATAM,social_ads,,,0,0.0,0.0,0.0,0.0,0,0.0,0.0
C0004858,Mid-Market,North America,social_ads,2025-07-01,2025-07-01,1,73.42,48.4,25.02,0.340779,1,73.42,73.42
C0004861,Mid-Market,North America,social_ads,2024-12-26,2024-12-27,2,10027.17,8142.7,1884.47,0.187936,3,3342.39,5013.58
C0004863,Mid-Market,EMEA,social_ads,2024-07-05,2024-12-15,164,6088.18,5038.27,1049.91,0.172451,7,869.74,37.12
C0004864,Startup,EMEA,social_ads,2025-07-29,2025-11-20,115,208.27,180.79,27.48,0.131944,3,69.42,1.81
C0004871,Mid-Market,EMEA,social_ads,2024-11-30,2024-12-25,26,2257.44,1919.29,338.15,0.149794,3,752.48,86.82
C0004872,SMB,North America,social_ads,2024-03-15,2024-03-22,8,571.11,338.61,232.5,0.407102,3,190.37,71.39
C0004876,Mid-Market,North America,social_ads,2025-02-25,2025-07-02,128,4561.46,3440.6,1120.86,0.245724,6,760.24,35.64
C0004878,Startup,APAC,social_ads,2025-05-23,2025-11-08,170,544.13,411.72,132.41,0.243343,3,181.38,3.2
C0004880,Startup,EMEA,social_ads,2024-07-31,2024-11-12,105,141.25,116.61,24.64,0.174442,2,70.62,1.35
C0004883,Startup,EMEA,social_ads,2025-03-30,2025-08-21,145,478.26,350.51,127.75,0.267114,5,95.65,3.3
C0004884,Startup,North America,social_ads,2024-07-29,2024-07-29,1,160.86,135.51,25.35,0.15759,1,160.86,160.86
C0004894,SMB,EMEA,social_ads,2024-03-30,2024-07-24,117,1355.92,1060.2,295.72,0.218095,7,193.7,11.59
C0004897,Startup,EMEA,social_ads,2024-05-06,2024-05-06,1,538.13,548.11,-9.98,-0.018546,1,538.13,538.13
C0004898,Startup,EMEA,social_ads,2024-12-30,2025-09-05,250,1431.22,1077.71,353.51,0.246999,7,204.46,5.72
C0004899,Startup,LATAM,social_ads,,,0,0.0,0.0,0.0,0.0,0,0.0,0.0
C0004901,Startup,North America,social_ads,2025-01-20,2025-01-20,1,36.06,30.45,5.61,0.155574,1,36.06,36.06
C0004907,SMB,North America,social_ads,,,0,0.0,0.0,0.0,0.0,0,0.0,0.0
C0004908,Startup,APAC,social_ads,2023-09-10,2023-12-29,111,169.3,112.66,56.64,0.334554,2,84.65,1.53
C0004909,Startup,North America,social_ads,2025-06-01,2025-06-01,1,601.38,530.83,70.55,0.117314,1,601.38,601.38
C0004910,Startup,North America,social_ads,,,0,0.0,0.0,0.0,0.0,0,0.0,0.0
C0004919,Startup,EMEA,social_ads,2025-11-14,2025-11-29,16,423.41,305.43,117.98,0.278642,2,211.7,26.46
C0004923,Mid-Market,APAC,social_ads,2024-04-28,2025-11-22,574,8006.42,6255.35,1751.07,0.218708,15,533.76,13.95
C0004927,Startup,EMEA,social_ads,2024-01-26,2025-06-15,507,1454.59,949.27,505.32,0.347397,10,145.46,2.87
C0004928,SMB,EMEA,social_ads,2025-02-20,2025-08-01,163,2092.34,1320.73,771.61,0.368778,8,261.54,12.84
C0004934,SMB,LATAM,social_ads,2024-06-22,2025-12-29,556,3122.04,2430.09,691.95,0.221634,18,173.45,5.62
C0004936,Startup,EMEA,social_ads,2024-01-22,2024-05-04,104,393.54,296.3,97.24,0.247091,4,98.38,3.78
C0004938,Startup,LATAM,social_ads,2025-06-21,2025-09-01,73,116.33,75.8,40.53,0.348405,2,58.16,1.59
C0004942,Startup,LATAM,social_ads,2023-05-02,2023-08-22,113,137.15,85.57,51.58,0.376085,2,68.57,1.21
C0004950,Mid-Market,APAC,social_ads,,,0,0.0,0.0,0.0,0.0,0,0.0,0.0
C0004958,Startup,EMEA,social_ads,2024-02-29,2024-02-29,1,271.09,190.33,80.76,0.297908,1,271.09,271.09
C0004967,SMB,LATAM,social_ads,2024-09-11,2024-10-30,50,602.05,355.43,246.62,0.409634,2,301.02,12.04
C0004972,Startup,LATAM,social_ads,2023-05-20,2023-06-13,25,53.32,41.26,12.06,0.226182,2,26.66,2.13
C0004974,Startup,North America,social_ads,2025-10-22,2025-11-05,15,316.41,220.49,95.92,0.303151,2,158.2,21.09
C0004977,Startup,EMEA,social_ads,2025-02-16,2025-09-06,203,1005.25,810.97,194.28,0.193265,10,100.52,4.95
C0004982,SMB,LATAM,social_ads,2024-02-08,2025-12-31,693,4960.56,3788.98,1171.58,0.236179,21,236.22,7.16
C0004986,Mid-Market,North America,social_ads,,,0,0.0,0.0,0.0,0.0,0,0.0,0.0
C0004994,Startup,EMEA,social_ads,,,0,0.0,0.0,0.0,0.0,0,0.0,0.0
C0004995,Mid-Market,North America,social_ads,2025-04-23,2025-05-04,12,395.55,248.07,147.48,0.372848,2,197.78,32.96
C0004997,Startup,APAC,social_ads,2023-11-21,2023-11-21,1,566.9,376.52,190.38,0.335826,1,566.9,566.9
C0004998,Mid-Market,APAC,social_ads,2024-11-25,2025-08-25,274,12323.94,10295.53,2028.41,0.164591,13,948.0,44.98
C0005000,SMB,EMEA,social_ads,2025-03-26,2025-09-17,176,3254.07,2520.97,733.1,0.225287,8,406.76,18.49
C0005012,Startup,EMEA,social_ads,2025-01-28,2025-02-04,8,456.1,322.3,133.8,0.293357,2,228.05,57.01
C0005016,SMB,LATAM,social_ads,2024-05-03,2024-05-04,2,263.55,193.43,70.12,0.26606,2,131.78,131.78
C0005017,Startup,North America,social_ads,2025-01-01,2025-01-31,31,2268.7,1885.54,383.16,0.16889,3,756.23,73.18
C0005018,SMB,EMEA,social_ads,2024-12-17,2025-11-07,326,2569.8,1734.83,834.97,0.324916,10,256.98,7.88
C0005019,SMB,APAC,social_ads,2025-06-13,2025-11-25,166,3000.54,2636.07,364.47,0.121468,7,428.65,18.08
C0005024,SMB,LATAM,social_ads,,,0,0.0,0.0,0.0,0.0,0,0.0,0.0
C0005026,Startup,North America,social_ads,2025-03-29,2025-04-21,24,451.18,320.08,131.1,0.290571,2,225.59,18.8
C0005031,Enterprise,North America,social_ads,2023-05-02,2023-05-10,9,11400.56,11435.89,-35.33,-0.003099,2,5700.28,1266.73
C0005034,Startup,North America,social_ads,2025-01-17,2025-04-09,83,482.59,409.01,73.58,0.152469,3,160.86,5.81
C0005038,SMB,North America,social_ads,2024-03-22,2025-08-30,527,2018.49,1530.71,487.78,0.241656,9,224.28,3.83
C0005040,SMB,APAC,social_ads,,,0,0.0,0.0,0.0,0.0,0,0.0,0.0
C0005046,Mid-Market,EMEA,social_ads,,,0,0.0,0.0,0.0,0.0,0,0.0,0.0
C0005049,Mid-Market,North America,social_ads,2023-10-29,2024-12-14,413,26441.53,19789.33,6652.2,0.251582,19,1391.66,64.02
C0005051,Startup,APAC,social_ads,2024-05-02,2024-05-02,1,119.77,91.42,28.35,0.236704,1,119.77,119.77
C0005055,Startup,North America,social_ads,2025-08-25,2025-08-25,1,104.39,82.45,21.94,0.210173,1,104.39,104.39
C0005058,SMB,North America,social_ads,2025-04-24,2025-10-10,170,918.56,749.79,168.77,0.183733,3,306.19,5.4
C0005064,Mid-Market,North America,social_ads,2023-10-27,2024-02-20,117,1028.7,726.35,302.35,0.293915,4,257.18,8.79
C0005065,Startup,EMEA,social_ads,,,0,0.0,0.0,0.0,0.0,0,0.0,0.0
C0005075,Startup,EMEA,social_ads,,,0,0.0,0.0,0.0,0.0,0,0.0,0.0
C0005076,Enterprise,North America,social_ads,2024-02-04,2024-02-25,22,14185.33,12229.26,1956.07,0.137894,5,2837.07,644.79
C0005077,Mid-Market,LATAM,social_ads,2025-01-04,2025-02-09,37,3937.44,2666.82,1270.62,0.322702,4,984.36,106.42
C0005078,Enterprise,North America,social_ads,2023-10-31,2025-01-05,433,49410.33,41066.65,8343.68,0.168865,23,2148.28,114.11
C0005079,SMB,EMEA,social_ads,2024-06-29,2025-01-04,190,1087.12,795.74,291.38,0.268029,6,181.19,5.72
C0005083,Startup,North America,social_ads,2025-01-25,2025-07-05,162,523.05,418.94,104.11,0.199044,8,65.38,3.23
C0005084,Startup,APAC,social_ads,2023-06-02,2023-06-24,23,371.23,387.61,-16.38,-0.044124,2,185.62,16.14
C0005086,Startup,EMEA,social_ads,,,0,0.0,0.0,0.0,0.0,0,0.0,0.0
C0005096,Mid-Market,North America,social_ads,2025-03-25,2025-09-21,181,10402.07,8222.98,2179.09,0.209486,10,1040.21,57.47
C0005098,Startup,North America,social_ads,2025-04-19,2025-04-22,4,235.03,206.97,28.06,0.119389,2,117.52,58.76
C0005106,SMB,EMEA,social_ads,2024-11-01,2024-12-02,32,645.67,517.6,128.07,0.198352,2,322.83,20.18
C0005109,Startup,EMEA,social_ads,2025-02-13,2025-02-13,1,37.35,29.98,7.37,0.197323,1,37.35,37.35
C0005112,Startup,APAC,social_ads,2025-03-28,2025-12-26,274,218.29,192.03,26.26,0.120299,2,109.14,0.8
C0005115,Startup,North America,social_ads,2023-08-30,2023-12-07,100,685.77,623.61,62.16,0.090643,5,137.15,6.86
C0005120,Startup,LATAM,social_ads,2025-04-13,2025-12-31,263,1408.41,1116.43,291.98,0.207312,9,156.49,5.36
C0005121,Enterprise,North America,social_ads,2025-03-31,2025-12-08,253,6959.86,6245.7,714.16,0.102611,7,994.27,27.51
C0005122,Startup,North America,social_ads,2024-11-13,2025-03-09,117,72.45,59.23,13.22,0.182471,3,24.15,0.62
C0005123,Startup,APAC,social_ads,2024-11-02,2024-11-02,1,57.91,46.45,11.46,0.197893,1,57.91,57.91
C0005127,Startup,EMEA,social_ads,2024-10-26,2025-01-26,93,326.35,249.75,76.6,0.234717,4,81.59,3.51
C0005130,Startup,EMEA,social_ads,2025-12-25,2025-12-25,1,687.67,678.31,9.36,0.013611,1,687.67,687.67
C0005147,Startup,APAC,social_ads,,,0,0.0,0.0,0.0,0.0,0,0.0,0.0
C0005151,Startup,LATAM,social_ads,2025-05-29,2025-05-29,1,110.74,85.99,24.75,0.223496,1,110.74,110.74
C0005152,Mid-Market,EMEA,social_ads,2023-06-15,2024-04-03,294,13496.94,10910.29,2586.65,0.191647,16,843.56,45.91
C0005155,Mid-Market,LATAM,social_ads,2023-05-01,2023-07-23,84,5119.5,4080.6,1038.9,0.20293,4,1279.88,60.95
C0005166,Startup,EMEA,social_ads,2025-07-25,2025-11-20,119,471.85,317.25,154.6,0.327646,3,157.28,3.97
C0005172,SMB,EMEA,social_ads,2025-05-25,2025-07-14,51,304.08,205.1,98.98,0.325506,3,101.36,5.96
C0005179,Mid-Market,North America,social_ads,2024-12-26,2025-05-27,153,2115.26,1690.06,425.2,0.201015,4,528.82,13.83
C0005184,Mid-Market,North America,social_ads,2025-05-14,2025-05-24,11,813.56,591.9,221.66,0.272457,3,271.19,73.96
C0005187,Startup,EMEA,social_ads,2023-02-22,2023-07-06,135,130.62,95.23,35.39,0.270939,2,65.31,0.97
C0005188,Mid-Market,EMEA,social_ads,2025-01-23,2025-10-12,263,8058.94,6666.37,1392.57,0.172798,10,805.89,30.64
C0005198,Startup,LATAM,social_ads,2024-06-23,2024-10-10,110,367.92,267.37,100.55,0.273293,3,122.64,3.34
C0005214,Startup,North America,social_ads,2025-11-11,2025-11-11,1,53.39,47.37,6.02,0.112755,1,53.39,53.39
C0005215,SMB,LATAM,social_ads,,,0,0.0,0.0,0.0,0.0,0,0.0,0.0
C0005216,Mid-Market,EMEA,social_ads,2024-10-31,2024-10-31,1,465.18,421.38,43.8,0.094157,2,232.59,465.18
C0005221,Startup,APAC,social_ads,2023-07-13,2024-05-17,310,968.91,817.67,151.24,0.156093,7,138.42,3.13
C0005222,Enterprise,LATAM,social_ads,2025-02-26,2025-03-02,5,5373.83,4925.0,448.83,0.083521,3,1791.28,1074.77
C0005225,Startup,North America,social_ads,2025-02-04,2025-10-16,255,204.33,171.96,32.37,0.15842,5,40.87,0.8
C0005228,Startup,EMEA,social_ads,2023-01-22,2023-01-22,1,18.69,15.94,2.75,0.147138,1,18.69,18.69
C0005230,Startup,North America,social_ads,2024-03-17,2024-06-22,98,367.93,250.31,117.62,0.31968,4,91.98,3.75
C0005236,Startup,EMEA,social_ads,2025-04-30,2025-04-30,1,23.78,18.93,4.85,0.203953,1,23.78,23.78
C0005245,Startup,LATAM,social_ads,,,0,0.0,0.0,0.0,0.0,0,0.0,0.0
C0005248,Mid-Market,North America,social_ads,2024-01-12,2024-10-18,281,7777.03,6157.79,1619.24,0.208208,12,648.09,27.68
C0005250,Mid-Market,LATAM,social_ads,2025-08-25,2025-08-27,3,1337.72,1105.21,232.51,0.173811,3,445.91,445.91
C0005258,Mid-Market,EMEA,social_ads,2024-09-28,2025-01-29,124,1476.67,970.06,506.61,0.343076,5,295.33,11.91
C0005259,Mid-Market,EMEA,social_ads,2024-10-05,2024-10-12,8,247.49,200.39,47.1,0.190311,2,123.74,30.94
C0005275,SMB,LATAM,social_ads,2024-08-15,2024-10-21,68,1419.51,1233.48,186.03,0.131052,4,354.88,20.88
C0005280,Startup,APAC,social_ads,2025-12-06,2025-12-30,25,518.58,453.16,65.42,0.126152,2,259.29,20.74
C0005281,SMB,EMEA,social_ads,,,0,0.0,0.0,0.0,0.0,0,0.0,0.0
C0005289,Startup,North America,social_ads,2024-05-21,2024-06-25,36,333.25,242.28,90.97,0.272978,4,83.31,9.26
C0005290,Startup,APAC,social_ads,2025-05-24,2025-08-05,74,164.61,113.37,51.24,0.311281,4,41.15,2.22
C0005292,SMB,North America,social_ads,2024-10-28,2024-10-29,2,241.38,161.96,79.42,0.329025,2,120.69,120.69
C0005295,Startup,North America,social_ads,2025-07-18,2025-07-18,1,22.47,15.14,7.33,0.326213,1,22.47,22.47
C0005298,Startup,North America,social_ads,2024-04-20,2025-04-02,348,533.83,389.48,144.35,0.270404,8,66.73,1.53
C0005304,Startup,LATAM,social_ads,2024-06-15,2024-06-15,1,75.56,55.06,20.5,0.271308,1,75.56,75.56
C0005306,Mid-Market,EMEA,social_ads,2025-06-13,2025-09-01,81,14848.8,12308.52,2540.28,0.171076,5,2969.76,183.32
C0005307,SMB,APAC,social_ads,2025-12-31,2025-12-31,1,97.7,68.0,29.7,0.303992,1,97.7,97.7
C0005309,Enterprise,APAC,social_ads,2023-12-14,2024-07-12,212,26954.76,22514.35,4440.41,0.164736,13,2073.44,127.15
C0005310,SMB,LATAM,social_ads,2024-06-09,2025-03-01,266,1481.48,1186.56,294.92,0.199071,8,185.18,5.57
C0005324,SMB,North America,social_ads,2023-03-24,2023-10-04,195,777.29,575.26,202.03,0.259916,6,129.55,3.99
C0005325,Startup,North America,social_ads,2023-12-03,2023-12-03,1,17.01,11.99,5.02,0.295121,1,17.01,17.01
C0005327,Enterprise,North America,social_ads,2025-03-17,2025-12-31,290,12253.08,10680.0,1573.08,0.128382,8,1531.64,42.25
C0005337,Mid-Market,EMEA,social_ads,2025-06-19,2025-10-05,109,5231.74,4266.56,965.18,0.184485,5,1046.35,48.0
C0005339,SMB,APAC,social_ads,2025-10-14,2025-10-14,1,118.79,88.18,30.61,0.257682,1,118.79,118.79
C0005340,Mid-Market,North America,social_ads,2024-04-08,2024-04-09,2,1354.17,1270.86,83.31,0.061521,2,677.08,677.08
C0005342,Startup,North America,social_ads,2023-03-31,2023-06-20,82,745.03,618.41,126.62,0.169953,5,149.01,9.09
C0005343,SMB,North America,social_ads,2025-10-05,2025-10-05,1,61.86,37.74,24.12,0.389913,1,61.86,61.86
C0005344,SMB,APAC,social_ads,2025-04-14,2025-09-05,145,1918.26,1258.94,659.32,0.343707,7,274.04,13.23
C0005345,Startup,North America,social_ads,2024-05-15,2024-09-12,121,574.93,469.3,105.63,0.183727,3,191.64,4.75
C0005346,Mid-Market,North America,social_ads,2023-05-15,2023-05-26,12,639.33,452.93,186.4,0.291555,2,319.66,53.28
C0005360,Startup,EMEA,social_ads,2025-09-01,2025-09-01,1,228.03,166.33,61.7,0.270578,1,228.03,228.03
C0005372,SMB,North America,social_ads,2025-12-30,2025-12-30,1,157.76,104.56,53.2,0.337221,1,157.76,157.76
C0005376,SMB,North America,social_ads,2025-08-30,2025-12-04,97,1744.3,1307.39,436.91,0.250479,5,348.86,17.98
C0005377,Mid-Market,LATAM,social_ads,2024-06-02,2025-03-16,288,3514.15,2945.76,568.39,0.161743,6,585.69,12.2
C0005382,Mid-Market,North America,social_ads,2025-07-04,2025-12-27,177,7996.26,6801.69,1194.57,0.149391,10,799.63,45.18
C0005388,Startup,LATAM,social_ads,2024-02-21,2024-11-27,281,742.43,553.76,188.67,0.254125,5,148.49,2.64
C0005389,Startup,North America,social_ads,2024-11-08,2025-09-30,327,340.18,282.95,57.23,0.168234,6,56.7,1.04
C0005392,Startup,EMEA,social_ads,2024-08-28,2025-08-11,349,1426.34,1185.14,241.2,0.169104,8,178.29,4.09
C0005393,SMB,APAC,social_ads,,,0,0.0,0.0,0.0,0.0,0,0.0,0.0
C0005402,Mid-Market,EMEA,social_ads,2024-01-26,2025-12-26,701,12938.91,9974.23,2964.68,0.229129,26,497.65,18.46
C0005407,SMB,LATAM,social_ads,2024-07-16,2024-08-09,25,1247.21,892.55,354.66,0.284363,4,311.8,49.89
C0005409,SMB,EMEA,social_ads,2024-02-11,2024-07-08,149,1407.14,1075.61,331.53,0.235606,6,234.52,9.44
C0005411,Mid-Market,APAC,social_ads,2024-03-29,2024-04-17,20,3514.42,2932.2,582.22,0.165666,6,585.74,175.72
C0005419,Startup,APAC,social_ads,,,0,0.0,0.0,0.0,0.0,0,0.0,0.0
C0005423,SMB,LATAM,social_ads,2025-07-30,2025-12-01,125,1042.95,775.51,267.44,0.256426,5,208.59,8.34
C0005426,Startup,North America,social_ads,2025-04-18,2025-12-22,249,304.79,290.13,14.66,0.048099,4,76.2,1.22
C0005429,SMB,North America,social_ads,2025-12-03,2025-12-03,1,1239.59,1247.66,-8.07,-0.00651,1,1239.59,1239.59
C0005431,Mid-Market,LATAM,social_ads,2024-07-09,2025-05-01,297,46474.58,38911.88,7562.7,0.162728,14,3319.61,156.48
C0005439,SMB,North America,social_ads,2025-12-11,2025-12-11,1,116.79,83.95,32.84,0.281188,1,116.79,116.79
C0005446,Startup,North America,social_ads,2024-09-22,2025-09-24,368,1520.66,1193.86,326.8,0.214907,9,168.96,4.13
C0005457,SMB,EMEA,social_ads,2023-11-30,2024-06-23,207,1309.82,1059.58,250.24,0.191049,3,436.61,6.33
C0005458,SMB,LATAM,social_ads,2025-04-26,2025-08-02,99,852.92,801.71,51.21,0.060041,3,284.31,8.62
C0005460,Mid-Market,EMEA,social_ads,2023-06-01,2024-12-02,551,13910.16,11158.23,2751.93,0.197836,18,772.79,25.25
C0005469,SMB,North America,social_ads,2025-02-14,2025-02-14,1,335.11,270.16,64.95,0.193817,1,335.11,335.11
C0005471,Startup,APAC,social_ads,2025-04-07,2025-10-11,188,95.9,71.86,24.04,0.250678,4,23.98,0.51
C0005475,Startup,LATAM,social_ads,2025-06-27,2025-11-08,135,513.43,365.47,147.96,0.288179,6,85.57,3.8
C0005477,Startup,North America,social_ads,2024-04-09,2025-04-14,371,360.84,295.68,65.16,0.180579,5,72.17,0.97
C0005480,Mid-Market,EMEA,social_ads,,,0,0.0,0.0,0.0,0.0,0,0.0,0.0
C0005484,Startup,North America,social_ads,2024-10-25,2025-02-16,115,362.12,267.71,94.41,0.260715,3,120.71,3.15
C0005489,SMB,North America,social_ads,2024-10-19,2025-05-13,207,1834.8,1591.21,243.59,0.132761,5,366.96,8.86
C0005495,Startup,EMEA,social_ads,,,0,0.0,0.0,0.0,0.0,0,0.0,0.0
C0005499,SMB,APAC,social_ads,,,0,0.0,0.0,0.0,0.0,0,0.0,0.0
C0005521,SMB,APAC,social_ads,2024-12-16,2025-02-11,58,491.58,314.12,177.46,0.360999,2,245.79,8.48
C0005522,SMB,APAC,social_ads,2024-06-04,2024-06-04,1,134.38,109.78,24.6,0.183063,1,134.38,134.38
C0005534,SMB,North America,social_ads,2024-09-12,2024-09-12,1,19.74,12.77,6.97,0.35309,1,19.74,19.74
C0005537,Startup,APAC,social_ads,2024-08-28,2025-08-31,369,990.67,647.77,342.9,0.346129,6,165.11,2.68
C0005551,Startup,EMEA,social_ads,2024-04-29,2024-09-02,127,244.76,201.4,43.36,0.177153,2,122.38,1.93
C0005553,Startup,North America,social_ads,2024-07-02,2024-07-02,1,298.89,243.2,55.69,0.186323,1,298.89,298.89
C0005560,Startup,EMEA,social_ads,2023-12-06,2025-11-25,721,618.0,587.25,30.75,0.049757,8,77.25,0.86
C0005569,Startup,North America,social_ads,,,0,0.0,0.0,0.0,0.0,0,0.0,0.0
C0005572,Mid-Market,EMEA,social_ads,2023-02-16,2024-11-16,640,18418.33,13997.94,4420.39,0.24,27,682.16,28.78
C0005580,SMB,EMEA,social_ads,2025-08-04,2025-10-02,60,619.53,446.66,172.87,0.279034,2,309.76,10.33
C0005582,Startup,EMEA,social_ads,2024-08-18,2025-12-19,489,1205.16,1178.86,26.3,0.021823,6,200.86,2.46
C0005583,Startup,APAC,social_ads,2024-05-31,2024-08-06,68,411.88,295.67,116.21,0.282145,3,137.29,6.06
C0005586,SMB,North America,social_ads,,,0,0.0,0.0,0.0,0.0,0,0.0,0.0
C0005588,SMB,North America,social_ads,2024-08-10,2024-11-08,91,1273.67,1076.8,196.87,0.154569,3,424.56,14.0
C0005590,Startup,North America,social_ads,2025-03-29,2025-06-16,80,1098.84,1031.73,67.11,0.061073,2,549.42,13.74
C0005598,SMB,EMEA,social_ads,,,0,0.0,0.0,0.0,0.0,0,0.0,0.0
C0005612,Startup,EMEA,social_ads,2025-06-29,2025-10-03,97,407.9,363.46,44.44,0.108948,6,67.98,4.21
C0005613,Mid-Market,North America,social_ads,2024-05-15,2024-12-22,222,5072.97,3366.43,1706.54,0.336399,12,422.75,22.85
C0005614,Mid-Market,North America,social_ads,2025-04-25,2025-06-30,67,1616.86,1162.73,454.13,0.280872,3,538.95,24.13
C0005617,Startup,EMEA,social_ads,2024-10-28,2025-10-23,361,308.31,280.16,28.15,0.091304,5,61.66,0.85
C0005619,SMB,LATAM,social_ads,2025-06-03,2025-07-26,54,1710.17,1222.92,487.25,0.284913,5,342.03,31.67
C0005630,Startup,APAC,social_ads,2024-07-16,2024-07-16,1,272.1,202.24,69.86,0.256744,1,272.1,272.1
C0005639,SMB,North America,social_ads,2023-06-07,2023-08-23,78,705.22,513.77,191.45,0.271476,4,176.3,9.04
C0005647,Startup,North America,social_ads,2025-02-28,2025-10-04,219,1102.81,902.53,200.28,0.181609,8,137.85,5.04
C0005653,Mid-Market,EMEA,social_ads,2025-04-29,2025-08-27,121,4944.68,4094.46,850.22,0.171946,8,618.08,40.87
C0005658,Startup,EMEA,social_ads,2025-08-27,2025-08-27,1,104.27,76.26,28.01,0.26863,1,104.27,104.27
C0005659,SMB,LATAM,social_ads,2023-09-10,2024-04-10,214,2161.55,1668.9,492.65,0.227915,7,308.79,10.1
C0005662,SMB,North America,social_ads,2023-02-08,2024-02-24,382,1927.83,1382.85,544.98,0.282691,12,160.65,5.05
C0005671,Startup,EMEA,social_ads,,,0,0.0,0.0,0.0,0.0,0,0.0,0.0
C0005674,Enterprise,EMEA,social_ads,2025-02-10,2025-10-15,248,17400.67,14270.93,3129.74,0.179863,13,1338.51,70.16
C0005685,SMB,North America,social_ads,2024-11-22,2025-07-03,224,3323.92,2447.08,876.84,0.263797,8,415.49,14.84
C0005699,SMB,LATAM,social_ads,2025-09-26,2025-09-26,1,232.57,161.97,70.6,0.303565,1,232.57,232.57
C0005707,Startup,North America,social_ads,2025-11-18,2025-11-18,1,73.88,52.1,21.78,0.294802,1,73.88,73.88
C0005708,Startup,EMEA,social_ads,2025-11-05,2025-12-05,31,1264.48,1163.81,100.67,0.079614,2,632.24,40.79
C0005720,SMB,APAC,social_ads,2023-10-06,2023-10-06,1,53.03,31.91,21.12,0.398265,1,53.03,53.03
C0005736,SMB,EMEA,social_ads,,,0,0.0,0.0,0.0,0.0,0,0.0,0.0
C0005739,Startup,APAC,social_ads,2025-11-16,2025-12-06,21,164.73,161.58,3.15,0.019122,2,82.36,7.84
C0005747,Startup,EMEA,social_ads,2023-12-18,2024-05-01,136,387.16,260.25,126.91,0.327797,5,77.43,2.85
C0005748,Startup,EMEA,social_ads,,,0,0.0,0.0,0.0,0.0,0,0.0,0.0
C0005752,Startup,APAC,social_ads,2024-08-17,2024-08-17,1,14.57,11.19,3.38,0.231984,1,14.57,14.57
C0005753,Mid-Market,EMEA,social_ads,2025-07-11,2025-11-22,135,5292.28,3678.45,1613.83,0.30494,7,756.04,39.2
C0005757,SMB,EMEA,social_ads,2023-09-27,2023-09-28,2,683.71,529.89,153.82,0.224978,2,341.86,341.86
C0005760,Mid-Market,APAC,social_ads,2023-04-19,2023-07-21,94,5045.7,4186.04,859.66,0.170375,8,630.71,53.68
C0005761,SMB,North America,social_ads,2023-05-31,2023-10-08,131,1608.67,1435.99,172.68,0.107343,7,229.81,12.28
C0005770,Mid-Market,North America,social_ads,2025-07-03,2025-12-19,170,6082.32,5025.26,1057.06,0.173792,9,675.81,35.78
C0005771,Startup,EMEA,social_ads,2025-12-14,2025-12-14,1,28.04,22.71,5.33,0.190086,1,28.04,28.04
C0005773,Startup,LATAM,social_ads,2024-04-13,2025-11-19,586,954.72,631.38,323.34,0.338675,14,68.19,1.63
C0005774,Startup,EMEA,social_ads,2025-01-15,2025-01-15,1,103.27,59.9,43.37,0.419967,1,103.27,103.27
C0005786,SMB,LATAM,social_ads,2025-06-27,2025-12-26,183,1440.64,1037.86,402.78,0.279584,4,360.16,7.87
C0005795,Startup,LATAM,social_ads,2025-07-21,2025-09-21,63,194.61,145.76,48.85,0.251015,2,97.3,3.09
C0005803,SMB,North America,social_ads,,,0,0.0,0.0,0.0,0.0,0,0.0,0.0
C0005812,Mid-Market,EMEA,social_ads,2023-05-27,2024-08-19,451,5929.9,4435.48,1494.42,0.252014,13,456.15,13.15
C0005816,Startup,EMEA,social_ads,2025-08-05,2025-08-05,1,54.54,37.22,17.32,0.317565,1,54.54,54.54
C0005820,Mid-Market,North America,social_ads,2024-09-12,2025-06-03,265,9455.93,7600.33,1855.6,0.196237,15,630.4,35.68
C0005823,Startup,EMEA,social_ads,,,0,0.0,0.0,0.0,0.0,0,0.0,0.0
C0005829,Startup,EMEA,social_ads,2025-01-16,2025-06-12,148,647.84,560.65,87.19,0.134586,5,129.57,4.38
C0005831,Startup,EMEA,social_ads,,,0,0.0,0.0,0.0,0.0,0,0.0,0.0
C0005836,SMB,APAC,social_ads,2023-07-22,2023-09-04,45,211.81,148.26,63.55,0.300033,3,70.6,4.71
C0005838,Mid-Market,EMEA,social_ads,2025-01-15,2025-11-04,294,19652.67,16498.54,3154.13,0.160494,13,1511.74,66.85
C0005842,SMB,LATAM,social_ads,2024-07-04,2024-11-06,126,1555.46,1349.41,206.05,0.132469,6,259.24,12.34
C0005843,SMB,LATAM,social_ads,2024-04-08,2024-09-13,159,979.35,757.55,221.8,0.226477,2,489.67,6.16
C0005848,Startup,North America,social_ads,2024-03-19,2024-04-09,22,80.5,59.38,21.12,0.26236,2,40.25,3.66
C0005854,SMB,North America,social_ads,2024-03-21,2024-03-23,3,1060.08,965.28,94.8,0.089427,2,530.04,353.36
C0005860,Enterprise,APAC,social_ads,2024-04-10,2024-10-14,188,22983.28,19854.59,3128.69,0.136129,10,2298.33,122.25
C0005863,Mid-Market,LATAM,social_ads,2025-04-24,2025-07-04,72,3835.3,2885.11,950.19,0.247749,8,479.41,53.27
C0005867,SMB,EMEA,social_ads,2025-08-31,2025-09-12,13,209.47,143.63,65.84,0.314317,2,104.74,16.11
C0005870,SMB,LATAM,social_ads,2024-02-03,2024-06-24,143,1674.66,1190.24,484.42,0.289265,5,334.93,11.71
C0005875,Startup,North America,social_ads,2023-11-29,2023-12-02,4,102.32,71.76,30.56,0.298671,2,51.16,25.58
C0005890,Startup,APAC,social_ads,2023-06-09,2023-06-11,3,396.46,282.06,114.4,0.288554,2,198.23,132.15
C0005892,Startup,APAC,social_ads,2025-04-14,2025-04-14,1,111.38,82.78,28.6,0.256779,1,111.38,111.38
C0005895,SMB,EMEA,social_ads,2023-04-13,2023-04-13,1,105.12,67.96,37.16,0.353501,1,105.12,105.12
C0005902,Startup,LATAM,social_ads,2023-03-21,2023-05-11,52,431.6,308.59,123.01,0.285009,4,107.9,8.3
C0005904,Mid-Market,EMEA,social_ads,2025-12-17,2025-12-17,1,279.57,245.54,34.03,0.121723,1,279.57,279.57
C0005905,Mid-Market,North America,social_ads,2024-12-02,2024-12-10,9,648.84,562.76,86.08,0.132668,2,324.42,72.09
C0005909,Startup,North America,social_ads,2024-04-25,2024-12-21,241,1449.12,1350.57,98.55,0.068007,7,207.02,6.01
C0005912,Enterprise,EMEA,social_ads,2023-09-07,2023-09-07,1,2677.28,2482.98,194.3,0.072574,1,2677.28,2677.28
C0005914,Startup,APAC,social_ads,2024-04-09,2024-05-21,43,532.41,376.0,156.41,0.293777,2,266.21,12.38
C0005920,SMB,LATAM,social_ads,2024-07-13,2025-10-21,466,2321.46,2182.55,138.91,0.059837,9,257.94,4.98
C0005921,Startup,EMEA,social_ads,2024-12-22,2025-08-24,246,312.0,263.42,48.58,0.155705,5,62.4,1.27
C0005923,SMB,LATAM,social_ads,2025-06-29,2025-12-11,166,4125.66,3093.91,1031.75,0.250081,10,412.57,24.85
C0005927,Mid-Market,North America,social_ads,2025-09-17,2025-12-01,76,4408.42,3229.55,1178.87,0.267413,9,489.82,58.01
C0005929,Mid-Market,EMEA,social_ads,2025-12-08,2025-12-08,1,499.7,446.92,52.78,0.105623,1,499.7,499.7
C0005930,SMB,North America,social_ads,2023-04-26,2023-04-26,1,140.99,100.41,40.58,0.287822,1,140.99,140.99
C0005931,Mid-Market,LATAM,social_ads,,,0,0.0,0.0,0.0,0.0,0,0.0,0.0
C0005946,Startup,North America,social_ads,2024-03-28,2024-05-12,46,656.07,556.14,99.93,0.152316,3,218.69,14.26
C0005950,SMB,APAC,social_ads,2025-05-04,2025-06-28,56,229.98,171.2,58.78,0.255587,2,114.99,4.11
C0005953,Startup,EMEA,social_ads,2024-12-15,2025-02-22,70,186.23,132.89,53.34,0.28642,3,62.08,2.66
C0005954,Enterprise,APAC,social_ads,2023-04-01,2023-08-09,131,37007.11,32098.0,4909.11,0.132653,14,2643.36,282.5
C0005956,Startup,North America,social_ads,2025-05-19,2025-09-24,129,574.24,488.8,85.44,0.148788,2,287.12,4.45
C0005958,SMB,North America,social_ads,2023-05-28,2023-08-04,69,193.08,148.56,44.52,0.230578,2,96.54,2.8
C0005960,Startup,APAC,social_ads,2024-05-19,2024-06-03,16,193.33,139.88,53.45,0.27647,2,96.66,12.08
C0005968,SMB,EMEA,social_ads,2024-05-09,2024-07-06,59,2146.04,1631.36,514.68,0.239828,6,357.67,36.37
C0005973,SMB,North America,social_ads,2025-06-13,2025-09-01,81,76.91,53.19,23.72,0.308412,2,38.46,0.95
C0005977,Mid-Market,LATAM,social_ads,2025-10-26,2025-10-26,1,823.2,541.46,281.74,0.34225,1,823.2,823.2
C0005988,Startup,EMEA,social_ads,2025-02-17,2025-02-17,1,63.95,48.16,15.79,0.246912,1,63.95,63.95
C0005989,SMB,APAC,social_ads,2025-12-01,2025-12-04,4,3301.09,3280.34,20.75,0.006286,2,1650.54,825.27
C0005994,SMB,APAC,social_ads,2025-10-31,2025-11-11,12,1502.17,1343.17,159.0,0.105847,3,500.72,125.18
C0005999,Startup,North America,social_ads,,,0,0.0,0.0,0.0,0.0,0,0.0,0.0
C0006001,Mid-Market,North America,social_ads,2025-01-09,2025-11-20,316,4388.92,3142.67,1246.25,0.283954,7,626.99,13.89
C0006003,Startup,LATAM,social_ads,2025-03-04,2025-03-04,1,9.59,5.62,3.97,0.413973,1,9.59,9.59
C0006007,Startup,APAC,social_ads,2025-04-27,2025-07-04,69,785.42,769.42,16.0,0.020371,5,157.08,11.38
C0006009,Startup,North America,social_ads,,,0,0.0,0.0,0.0,0.0,0,0.0,0.0
C0006010,Mid-Market,EMEA,social_ads,2025-09-28,2025-09-28,1,2302.89,1893.32,409.57,0.17785,1,2302.89,2302.89
C0006012,Startup,EMEA,social_ads,2025-05-28,2025-08-06,71,708.22,470.2,238.02,0.336082,4,177.06,9.97
C0006015,SMB,North America,social_ads,2023-08-24,2023-10-03,41,1841.55,1374.9,466.65,0.253401,3,613.85,44.92
C0006017,Mid-Market,APAC,social_ads,2023-10-31,2024-02-02,95,2398.73,2185.25,213.48,0.088997,5,479.75,25.25
C0006020,Startup,EMEA,social_ads,2025-12-23,2025-12-23,1,94.64,63.26,31.38,0.331572,1,94.64,94.64
C0006028,SMB,LATAM,social_ads,2023-09-10,2023-11-10,62,493.02,468.5,24.52,0.049734,6,82.17,7.95
C0006032,Startup,EMEA,social_ads,2024-11-15,2025-07-05,233,564.4,558.91,5.49,0.009727,6,94.07,2.42
C0006039,Mid-Market,North America,social_ads,2024-02-03,2024-02-09,7,3414.26,2590.82,823.44,0.241177,4,853.56,487.75
C0006041,Startup,EMEA,social_ads,2024-11-17,2025-09-17,305,563.03,426.12,136.91,0.243166,6,93.84,1.85
C0006048,Startup,LATAM,social_ads,2023-08-09,2023-08-09,1,59.42,47.81,11.61,0.195389,1,59.42,59.42
C0006061,Startup,North America,social_ads,2025-04-30,2025-09-13,137,515.96,448.64,67.32,0.130475,4,128.99,3.77
C0006070,SMB,North America,social_ads,2023-09-19,2023-09-19,1,194.13,144.88,49.25,0.253696,1,194.13,194.13
C0006081,SMB,EMEA,social_ads,2023-12-28,2024-07-13,199,2634.72,1773.32,861.4,0.326942,8,329.34,13.24
C0006083,SMB,APAC,social_ads,2025-02-23,2025-02-23,1,98.28,80.12,18.16,0.184778,1,98.28,98.28
C0006085,Startup,North America,social_ads,2023-06-30,2024-01-01,186,286.78,245.9,40.88,0.142548,3,95.59,1.54
C0006091,Startup,LATAM,social_ads,,,0,0.0,0.0,0.0,0.0,0,0.0,0.0
C0006102,Startup,APAC,social_ads,2024-01-24,2025-04-01,434,412.1,274.75,137.35,0.333293,6,68.68,0.95
C0006105,SMB,North America,social_ads,,,0,0.0,0.0,0.0,0.0,0,0.0,0.0
C0006107,Startup,North America,social_ads,,,0,0.0,0.0,0.0,0.0,0,0.0,0.0
C0006109,SMB,EMEA,social_ads,2024-11-14,2025-12-07,389,5497.1,4018.9,1478.2,0.268905,20,274.86,14.13
C0006112,Startup,APAC,social_ads,2024-08-18,2024-11-18,93,138.74,99.52,39.22,0.282687,2,69.37,1.49
C0006119,Startup,North America,social_ads,2025-09-30,2025-12-17,79,264.0,240.9,23.1,0.0875,3,88.0,3.34
C0006120,Mid-Market,LATAM,social_ads,2023-03-02,2023-07-06,127,3067.63,2063.64,1003.99,0.327285,5,613.53,24.15
C0006121,Startup,North America,social_ads,2023-04-22,2023-04-22,1,12.73,10.02,2.71,0.212883,1,12.73,12.73
C0006130,Startup,EMEA,social_ads,2023-08-15,2024-03-02,201,1374.9,1278.2,96.7,0.070332,6,229.15,6.84
C0006140,Mid-Market,EMEA,social_ads,2024-10-25,2025-05-05,193,10797.93,8866.99,1930.94,0.178825,16,674.87,55.95
C0006144,Startup,EMEA,social_ads,2025-04-19,2025-11-03,199,948.22,950.34,-2.12,-0.002236,5,189.64,4.76
C0006145,Startup,APAC,social_ads,,,0,0.0,0.0,0.0,0.0,0,0.0,0.0
C0006149,Startup,North America,social_ads,2025-12-17,2025-12-17,1,19.22,13.39,5.83,0.30333,1,19.22,19.22
C0006157,SMB,North America,social_ads,2024-12-19,2025-02-04,48,926.12,765.39,160.73,0.173552,2,463.06,19.29
C0006158,Startup,EMEA,social_ads,,,0,0.0,0.0,0.0,0.0,0,0.0,0.0
C0006164,Startup,North America,social_ads,2025-02-23,2025-12-26,307,801.49,625.99,175.5,0.218967,10,80.15,2.61
C0006171,Startup,APAC,social_ads,,,0,0.0,0.0,0.0,0.0,0,0.0,0.0
C0006173,SMB,North America,social_ads,2024-10-06,2025-02-14,132,1462.58,1087.77,374.81,0.256266,5,292.52,11.08
C0006177,Startup,LATAM,social_ads,,,0,0.0,0.0,0.0,0.0,0,0.0,0.0
C0006181,Enterprise,North America,social_ads,2023-03-25,2023-04-13,20,2801.21,2350.12,451.09,0.161034,3,933.74,140.06
C0006186,Startup,North America,social_ads,2025-07-30,2025-10-13,76,919.29,791.1,128.19,0.139445,5,183.86,12.1
C0006192,Startup,North America,social_ads,,,0,0.0,0.0,0.0,0.0,0,0.0,0.0
C0006193,Startup,North America,social_ads,2024-03-09,2024-03-09,1,25.53,20.16,5.37,0.210341,1,25.53,25.53
C0006194,Mid-Market,North America,social_ads,2024-12-09,2025-12-08,365,10371.94,8188.89,2183.05,0.210477,14,740.85,28.42
C0006202,SMB,EMEA,social_ads,2025-02-06,2025-04-22,76,667.02,444.15,222.87,0.334128,5,133.4,8.78
C0006209,Startup,APAC,social_ads,2023-03-10,2023-08-01,145,612.5,428.66,183.84,0.300147,4,153.12,4.22
C0006215,SMB,EMEA,social_ads,2024-03-31,2024-03-31,1,424.04,279.03,145.01,0.341972,1,424.04,424.04
C0006216,Startup,LATAM,social_ads,2023-11-05,2024-04-08,156,703.93,459.49,244.44,0.34725,4,175.98,4.51
C0006217,Startup,North America,social_ads,2025-03-12,2025-03-12,1,120.84,80.78,40.06,0.331513,1,120.84,120.84
C0006226,SMB,EMEA,social_ads,2023-08-01,2024-03-03,216,600.29,499.28,101.01,0.168269,2,300.14,2.78
C0006227,Startup,APAC,social_ads,2024-12-15,2025-08-08,237,661.58,436.43,225.15,0.340322,5,132.32,2.79
C0006233,SMB,APAC,social_ads,2025-08-28,2025-11-07,72,782.9,620.66,162.24,0.20723,4,195.72,10.87
C0006240,Startup,North America,social_ads,,,0,0.0,0.0,0.0,0.0,0,0.0,0.0
C0006248,Mid-Market,APAC,social_ads,2025-12-10,2025-12-28,19,851.47,523.73,327.74,0.384911,2,425.74,44.81
C0006261,SMB,APAC,social_ads,,,0,0.0,0.0,0.0,0.0,0,0.0,0.0
C0006264,SMB,North America,social_ads,2025-05-30,2025-12-21,206,3279.3,2578.56,700.74,0.213686,11,298.12,15.92
C0006267,Startup,North America,social_ads,2023-05-26,2023-05-26,1,107.37,65.06,42.31,0.394058,1,107.37,107.37
C0006271,Enterprise,APAC,social_ads,2025-01-05,2025-12-21,351,57618.41,50781.27,6837.14,0.118662,25,2304.74,164.16
C0006290,Startup,North America,social_ads,2025-10-28,2025-12-18,52,323.41,257.81,65.6,0.202839,3,107.8,6.22
C0006307,Startup,North America,social_ads,2025-11-15,2025-12-12,28,80.25,64.26,15.99,0.199252,2,40.12,2.87
C0006310,SMB,APAC,social_ads,,,0,0.0,0.0,0.0,0.0,0,0.0,0.0
C0006313,Startup,APAC,social_ads,,,0,0.0,0.0,0.0,0.0,0,0.0,0.0
C0006315,SMB,APAC,social_ads,,,0,0.0,0.0,0.0,0.0,0,0.0,0.0
C0006319,SMB,EMEA,social_ads,2025-01-11,2025-11-19,313,1639.74,1319.87,319.87,0.195074,8,204.97,5.24
C0006323,SMB,EMEA,social_ads,,,0,0.0,0.0,0.0,0.0,0,0.0,0.0
C0006326,SMB,North America,social_ads,2023-12-10,2023-12-10,1,53.96,33.98,19.98,0.370274,1,53.96,53.96
C0006327,Startup,North America,social_ads,,,0,0.0,0.0,0.0,0.0,0,0.0,0.0
C0006330,SMB,APAC,social_ads,2024-03-21,2024-09-29,193,415.29,349.83,65.46,0.157625,4,103.82,2.15
C0006347,SMB,EMEA,social_ads,2025-12-04,2025-12-04,1,64.21,38.17,26.04,0.405544,1,64.21,64.21
C0006348,Mid-Market,EMEA,social_ads,2025-06-21,2025-11-08,141,9360.62,8275.98,1084.64,0.115873,8,1170.08,66.39
C0006349,Startup,EMEA,social_ads,2024-12-22,2025-01-13,23,452.78,320.62,132.16,0.291886,2,226.39,19.69
C0006350,Startup,North America,social_ads,2025-06-30,2025-06-30,1,179.39,122.55,56.84,0.316852,1,179.39,179.39
C0006356,Startup,APAC,social_ads,2025-02-16,2025-04-01,45,643.39,459.84,183.55,0.285286,3,214.46,14.3
C0006358,SMB,APAC,social_ads,2025-11-29,2025-12-26,28,1626.88,1482.13,144.75,0.088974,2,813.44,58.1
C0006360,Startup,North America,social_ads,2024-11-27,2025-01-24,59,366.36,304.63,61.73,0.168495,2,183.18,6.21
C0006362,Mid-Market,EMEA,social_ads,2025-04-30,2025-04-30,1,1858.51,1703.59,154.92,0.083357,1,1858.51,1858.51
C0006369,Enterprise,EMEA,social_ads,2025-02-10,2025-02-26,17,2226.29,2006.64,219.65,0.098662,3,742.1,130.96
C0006370,SMB,North America,social_ads,2025-05-28,2025-12-23,210,1454.5,1029.2,425.3,0.292403,5,290.9,6.93
C0006374,Startup,EMEA,social_ads,2025-12-19,2025-12-19,1,150.89,136.83,14.06,0.09318,1,150.89,150.89
C0006376,Startup,LATAM,social_ads,2024-07-13,2024-11-30,141,367.37,277.3,90.07,0.245175,6,61.23,2.61
C0006379,Startup,North America,social_ads,,,0,0.0,0.0,0.0,0.0,0,0.0,0.0
C0006381,SMB,North America,social_ads,,,0,0.0,0.0,0.0,0.0,0,0.0,0.0
C0006382,Startup,LATAM,social_ads,,,0,0.0,0.0,0.0,0.0,0,0.0,0.0
C0006391,Startup,North America,social_ads,2023-09-21,2023-11-04,45,365.32,290.23,75.09,0.205546,3,121.77,8.12
C0006398,Startup,APAC,social_ads,,,0,0.0,0.0,0.0,0.0,0,0.0,0.0
C0006400,SMB,North America,social_ads,2025-09-01,2025-09-02,2,523.67,391.01,132.66,0.253327,2,261.83,261.83
C0006401,Enterprise,North America,social_ads,2023-10-31,2025-04-02,520,57893.31,48899.17,8994.14,0.155357,27,2144.2,111.33
C0006402,Startup,EMEA,social_ads,2024-04-28,2024-08-01,96,466.69,323.65,143.04,0.306499,4,116.67,4.86
C0006409,Mid-Market,APAC,social_ads,2025-04-26,2025-04-26,1,311.75,270.87,40.88,0.131131,1,311.75,311.75
C0006417,Enterprise,LATAM,social_ads,2024-10-29,2024-12-31,64,14560.85,11919.78,2641.07,0.181382,5,2912.17,227.51
C0006419,SMB,North America,social_ads,2025-11-24,2025-12-25,32,371.05,229.59,141.46,0.381242,2,185.52,11.6
C0006426,SMB,APAC,social_ads,2023-10-28,2025-05-09,560,2479.06,1925.13,553.93,0.223444,9,275.45,4.43
C0006436,Mid-Market,EMEA,social_ads,,,0,0.0,0.0,0.0,0.0,0,0.0,0.0
C0006437,SMB,APAC,social_ads,2025-02-28,2025-03-01,2,325.62,214.41,111.21,0.341533,2,162.81,162.81
C0006441,Startup,EMEA,social_ads,,,0,0.0,0.0,0.0,0.0,0,0.0,0.0
C0006444,SMB,LATAM,social_ads,2025-08-31,2025-08-31,1,233.27,136.35,96.92,0.415484,1,233.27,233.27
C0006446,SMB,North America,social_ads,2023-10-16,2023-10-16,1,53.57,39.58,13.99,0.261154,1,53.57,53.57
C0006448,Mid-Market,EMEA,social_ads,2024-11-22,2025-12-27,401,11336.39,9508.16,1828.23,0.161271,16,708.52,28.27
C0006450,Enterprise,EMEA,social_ads,2025-10-16,2025-11-20,36,2536.75,2472.34,64.41,0.025391,3,845.58,70.47
C0006451,Mid-Market,LATAM,social_ads,2024-05-06,2025-08-01,453,11257.27,7905.06,3352.21,0.297782,15,750.48,24.85
C0006458,SMB,EMEA,social_ads,2025-06-29,2025-06-29,1,773.12,532.67,240.45,0.311013,1,773.12,773.12
C0006459,Mid-Market,North America,social_ads,2025-01-05,2025-12-15,345,12113.1,10163.25,1949.85,0.16097,12,1009.42,35.11
C0006460,SMB,APAC,social_ads,,,0,0.0,0.0,0.0,0.0,0,0.0,0.0
C0006472,Mid-Market,EMEA,social_ads,2025-05-25,2025-08-03,71,695.78,575.12,120.66,0.173417,3,231.93,9.8
C0006477,SMB,North America,social_ads,2025-08-28,2025-12-15,110,1017.64,674.68,342.96,0.337015,4,254.41,9.25
C0006480,Startup,LATAM,social_ads,2024-08-29,2025-06-01,277,156.05,120.53,35.52,0.227619,3,52.02,0.56
C0006489,Enterprise,North America,social_ads,2023-02-17,2023-06-24,128,17155.54,13838.23,3317.31,0.193367,10,1715.55,134.03
C0006494,Startup,LATAM,social_ads,2023-10-31,2024-01-08,70,77.04,60.23,16.81,0.218198,2,38.52,1.1
C0006495,SMB,EMEA,social_ads,2025-11-16,2025-12-22,37,655.51,465.67,189.84,0.289607,3,218.5,17.72
C0006498,Startup,LATAM,social_ads,2025-01-20,2025-03-19,59,170.69,139.98,30.71,0.179917,3,56.9,2.89
C0006499,Startup,LATAM,social_ads,2024-07-29,2025-01-18,174,676.63,432.4,244.23,0.360951,5,135.33,3.89
C0006503,Mid-Market,EMEA,social_ads,2025-02-27,2025-06-04,98,9487.34,8626.01,861.33,0.090787,10,948.73,96.81
C0006510,SMB,LATAM,social_ads,2025-02-25,2025-10-03,221,1334.56,1218.45,116.11,0.087002,5,266.91,6.04
C0006514,SMB,North America,social_ads,2025-07-16,2025-09-08,55,1599.13,1404.28,194.85,0.121848,4,399.78,29.08
C0006516,Startup,EMEA,social_ads,2024-12-06,2025-05-25,171,333.03,275.63,57.4,0.172357,6,55.5,1.95
C0006523,Mid-Market,North America,social_ads,2023-04-17,2025-05-03,748,23518.17,19216.07,4302.1,0.182927,21,1119.91,31.44
C0006527,Startup,North America,social_ads,2024-06-11,2024-07-09,29,1082.42,809.61,272.81,0.252037,3,360.81,37.32
C0006530,Mid-Market,APAC,social_ads,2023-06-08,2023-06-08,1,2832.35,2083.72,748.63,0.264314,1,2832.35,2832.35
C0006541,Startup,APAC,social_ads,2025-12-27,2025-12-27,1,120.42,73.56,46.86,0.389138,1,120.42,120.42
C0006548,Startup,EMEA,social_ads,2025-03-31,2025-03-31,1,8.78,7.06,1.72,0.1959,1,8.78,8.78
C0006552,Startup,EMEA,social_ads,2024-03-08,2024-03-08,1,317.5,246.72,70.78,0.222929,1,317.5,317.5
C0006569,Startup,North America,social_ads,2025-03-27,2025-12-31,280,1085.69,866.47,219.22,0.201918,8,135.71,3.88
C0006573,Enterprise,APAC,social_ads,2025-04-16,2025-11-10,209,19762.48,17516.16,2246.32,0.113666,17,1162.5,94.56
C0006576,Startup,APAC,social_ads,2025-04-03,2025-12-08,250,478.44,337.11,141.33,0.295398,6,79.74,1.91
C0006580,Mid-Market,North America,social_ads,2025-12-07,2025-12-21,15,1961.86,1486.13,475.73,0.242489,3,653.95,130.79
C0006588,Startup,EMEA,social_ads,,,0,0.0,0.0,0.0,0.0,0,0.0,0.0
C0006598,SMB,North America,social_ads,2024-05-09,2024-07-03,56,1222.83,869.52,353.31,0.288928,3,407.61,21.84
C0006601,Startup,LATAM,social_ads,,,0,0.0,0.0,0.0,0.0,0,0.0,0.0
C0006606,Startup,EMEA,social_ads,,,0,0.0,0.0,0.0,0.0,0,0.0,0.0
C0006612,SMB,North America,social_ads,2024-04-04,2025-01-14,286,477.11,370.86,106.25,0.222695,4,119.28,1.67
C0006620,Startup,EMEA,social_ads,2024-05-11,2024-05-11,1,543.62,472.28,71.34,0.131231,1,543.62,543.62
C0006622,Startup,LATAM,social_ads,2024-05-15,2025-02-10,272,319.03,229.33,89.7,0.281165,5,63.81,1.17
C0006623,Startup,LATAM,social_ads,2023-07-07,2023-07-19,13,163.58,116.38,47.2,0.288544,2,81.79,12.58
C0006627,SMB,EMEA,social_ads,2025-06-13,2025-11-29,170,513.96,424.36,89.6,0.174333,3,171.32,3.02
C0006630,Startup,North America,social_ads,2025-06-16,2025-08-08,54,191.15,150.22,40.93,0.214125,2,95.58,3.54
C0006639,Mid-Market,North America,social_ads,,,0,0.0,0.0,0.0,0.0,0,0.0,0.0
C0006640,Startup,North America,social_ads,2024-09-18,2024-11-21,65,170.54,137.36,33.18,0.194558,4,42.64,2.62
C0006642,Mid-Market,EMEA,social_ads,2025-08-28,2025-08-28,1,62.35,40.32,22.03,0.353328,1,62.35,62.35
C0006643,Startup,LATAM,social_ads,2024-04-11,2024-04-11,1,188.43,120.19,68.24,0.36215,1,188.43,188.43
C0006654,SMB,North America,social_ads,2025-02-01,2025-09-10,222,1958.63,1423.83,534.8,0.273048,7,279.8,8.82
C0006670,Startup,EMEA,social_ads,2025-10-20,2025-11-02,14,124.51,87.46,37.05,0.297566,2,62.26,8.89
C0006682,Mid-Market,North America,social_ads,2025-10-17,2025-10-28,12,872.51,620.1,252.41,0.289292,2,436.26,72.71
C0006686,SMB,LATAM,social_ads,2024-07-21,2025-07-31,376,3370.87,2782.48,588.39,0.174551,10,337.09,8.97
C0006688,Startup,LATAM,social_ads,2025-10-27,2025-12-27,62,623.74,514.85,108.89,0.174576,4,155.94,10.06
C0006693,Startup,LATAM,social_ads,2025-11-24,2025-11-24,1,78.39,54.71,23.68,0.302079,1,78.39,78.39
C0006703,Startup,EMEA,social_ads,,,0,0.0,0.0,0.0,0.0,0,0.0,0.0
C0006709,SMB,North America,social_ads,2025-03-31,2025-07-26,118,680.87,518.0,162.87,0.239209,2,340.44,5.77
C0006712,Mid-Market,APAC,social_ads,2025-09-28,2025-10-04,7,1111.37,1026.12,85.25,0.076707,2,555.68,158.77
C0006713,Startup,EMEA,social_ads,2024-06-05,2024-06-05,1,30.81,23.68,7.13,0.231418,1,30.81,30.81
C0006716,SMB,APAC,social_ads,,,0,0.0,0.0,0.0,0.0,0,0.0,0.0
C0006727,Startup,APAC,social_ads,2023-04-07,2023-07-28,113,416.26,360.2,56.06,0.134675,4,104.06,3.68
C0006731,Mid-Market,North America,social_ads,2025-09-05,2025-10-22,48,1495.54,1334.17,161.37,0.107901,4,373.88,31.16
C0006737,SMB,North America,social_ads,2023-02-07,2023-07-05,149,2654.36,2025.21,629.15,0.237025,8,331.8,17.81
C0006750,Startup,APAC,social_ads,2025-11-15,2025-11-15,1,273.78,173.9,99.88,0.364818,1,273.78,273.78
C0006755,Startup,LATAM,social_ads,2024-10-23,2024-11-21,30,1139.51,912.06,227.45,0.199603,5,227.9,37.98
C0006756,Startup,LATAM,social_ads,2023-08-15,2025-05-11,636,1398.54,918.01,480.53,0.343594,10,139.85,2.2
C0006757,Mid-Market,LATAM,social_ads,2025-08-28,2025-12-18,113,4786.96,3935.27,851.69,0.177919,11,435.18,42.36
C0006760,SMB,APAC,social_ads,2024-04-03,2024-07-04,93,2836.0,2818.8,17.2,0.006065,5,567.2,30.49
C0006761,Startup,North America,social_ads,2023-03-31,2023-09-07,161,866.03,745.55,120.48,0.139118,5,173.21,5.38
C0006763,Startup,North America,social_ads,2025-11-04,2025-12-01,28,380.46,247.01,133.45,0.35076,4,95.12,13.59
C0006765,Startup,LATAM,social_ads,2024-05-24,2024-06-13,21,142.57,114.62,27.95,0.196044,2,71.28,6.79
C0006766,Startup,LATAM,social_ads,2025-08-28,2025-10-25,59,128.28,94.84,33.44,0.26068,2,64.14,2.17
C0006769,SMB,North America,social_ads,2025-08-31,2025-09-20,21,207.5,157.13,50.37,0.242747,2,103.75,9.88
C0006775,Mid-Market,LATAM,social_ads,2025-04-12,2025-04-15,4,596.69,421.09,175.6,0.29429,2,298.35,149.17
C0006780,Startup,LATAM,social_ads,2025-06-12,2025-08-31,81,208.16,158.28,49.88,0.239623,3,69.39,2.57
C0006788,Startup,North America,social_ads,2025-07-07,2025-07-07,1,210.0,127.51,82.49,0.39281,1,210.0,210.0
C0006795,Enterprise,North America,social_ads,2025-04-22,2025-05-12,21,15148.7,14860.06,288.64,0.019054,4,3787.18,721.37
C0006803,SMB,EMEA,social_ads,2025-01-05,2025-01-10,6,447.16,385.76,61.4,0.137311,2,223.58,74.53
C0006813,Mid-Market,APAC,social_ads,2024-08-03,2025-03-19,229,4853.93,3900.08,953.85,0.196511,12,404.49,21.2
C0006818,Startup,EMEA,social_ads,2023-12-24,2024-06-15,175,633.98,499.75,134.23,0.211726,4,158.5,3.62
C0006822,Startup,APAC,social_ads,2025-11-22,2025-12-13,22,552.18,416.27,135.91,0.246134,4,138.05,25.1
C0006825,Mid-Market,EMEA,social_ads,2025-02-27,2025-10-09,225,43854.0,41959.72,1894.28,0.043195,11,3986.73,194.91
C0006827,Startup,LATAM,social_ads,2023-06-19,2023-10-28,132,115.03,87.74,27.29,0.237242,2,57.52,0.87
C0006832,Startup,North America,social_ads,2025-04-02,2025-04-02,1,104.79,91.81,12.98,0.123867,1,104.79,104.79
C0006843,SMB,North America,social_ads,,,0,0.0,0.0,0.0,0.0,0,0.0,0.0
C0006846,SMB,EMEA,social_ads,2023-05-31,2025-07-23,785,5696.89,4400.92,1295.97,0.227487,18,316.49,7.26
C0006847,Mid-Market,North America,social_ads,2024-02-10,2024-11-21,286,5365.67,4308.15,1057.52,0.19709,7,766.52,18.76
C0006851,Mid-Market,APAC,social_ads,,,0,0.0,0.0,0.0,0.0,0,0.0,0.0
C0006852,SMB,EMEA,social_ads,2024-07-26,2025-02-21,211,2656.89,1736.94,919.95,0.346251,6,442.82,12.59
C0006854,Startup,North America,social_ads,,,0,0.0,0.0,0.0,0.0,0,0.0,0.0
C0006861,SMB,North America,social_ads,2024-02-13,2024-02-13,1,251.04,181.15,69.89,0.278402,1,251.04,251.04
C0006863,Mid-Market,North America,social_ads,2023-06-14,2023-08-15,63,591.83,366.64,225.19,0.380498,2,295.92,9.39
C0006867,Startup,North America,social_ads,2025-03-03,2025-03-03,1,66.7,50.17,16.53,0.247826,1,66.7,66.7
C0006869,Startup,LATAM,social_ads,2025-04-26,2025-07-28,94,196.74,167.39,29.35,0.149182,3,65.58,2.09
C0006882,Mid-Market,LATAM,social_ads,2025-04-23,2025-06-19,58,1193.54,866.53,327.01,0.273983,4,298.38,20.58
C0006883,Mid-Market,EMEA,social_ads,2024-08-31,2025-05-29,272,10304.88,9165.93,1138.95,0.110525,11,936.81,37.89
C0006891,Startup,North America,social_ads,2025-03-31,2025-10-29,213,948.13,642.77,305.36,0.322066,6,158.02,4.45
C0006893,SMB,LATAM,social_ads,2023-07-26,2023-12-08,136,2765.14,2277.25,487.89,0.176443,8,345.64,20.33
C0006902,Startup,North America,social_ads,2025-01-25,2025-07-04,161,1060.35,834.18,226.17,0.213297,4,265.09,6.59
C0006909,Startup,EMEA,social_ads,,,0,0.0,0.0,0.0,0.0,0,0.0,0.0
C0006910,Startup,EMEA,social_ads,2024-08-24,2025-03-27,216,1090.88,881.39,209.49,0.192038,8,136.36,5.05
C0006913,SMB,EMEA,social_ads,,,0,0.0,0.0,0.0,0.0,0,0.0,0.0
C0006929,Startup,EMEA,social_ads,2024-05-31,2024-10-26,149,273.88,191.48,82.4,0.300862,3,91.29,1.84
C0006935,Mid-Market,EMEA,social_ads,2025-04-26,2025-08-09,106,1653.46,1246.33,407.13,0.246229,3,551.15,15.6
C0006941,Mid-Market,North America,social_ads,2025-05-31,2025-11-29,183,2166.06,1546.37,619.69,0.286091,6,361.01,11.84
C0006948,SMB,North America,social_ads,2025-06-12,2025-09-01,82,566.18,465.5,100.68,0.177823,3,188.73,6.9
C0006955,SMB,North America,social_ads,,,0,0.0,0.0,0.0,0.0,0,0.0,0.0
C0006959,SMB,EMEA,social_ads,2024-07-27,2025-08-15,385,3230.08,2249.69,980.39,0.303519,9,358.9,8.39
C0006965,SMB,EMEA,social_ads,2023-06-30,2023-11-02,126,1516.81,1106.45,410.36,0.270541,7,216.69,12.04
C0006971,SMB,EMEA,social_ads,2025-07-20,2025-07-20,1,495.31,526.86,-31.55,-0.063697,1,495.31,495.31
C0006974,Startup,LATAM,social_ads,,,0,0.0,0.0,0.0,0.0,0,0.0,0.0
C0006977,SMB,LATAM,social_ads,2025-10-01,2025-10-01,1,322.22,202.37,119.85,0.371951,1,322.22,322.22
C0006985,Enterprise,LATAM,social_ads,2024-05-23,2024-06-01,10,13729.82,12161.73,1568.09,0.114211,5,2745.96,1372.98
C0006990,Startup,EMEA,social_ads,2023-05-18,2023-06-28,42,204.51,165.35,39.16,0.191482,2,102.26,4.87
C0006998,SMB,APAC,social_ads,2024-09-18,2024-09-18,1,391.28,266.6,124.68,0.318646,1,391.28,391.28
C0007000,SMB,North America,social_ads,2025-06-30,2025-11-17,141,2743.75,2146.41,597.34,0.217709,6,457.29,19.46
C0007002,Enterprise,LATAM,social_ads,2025-12-01,2025-12-24,24,3213.39,2462.71,750.68,0.23361,3,1071.13,133.89
C0007011,Startup,North America,social_ads,2023-07-05,2023-07-13,9,285.44,281.26,4.18,0.014644,2,142.72,31.72
C0007012,Startup,EMEA,social_ads,,,0,0.0,0.0,0.0,0.0,0,0.0,0.0
C0007034,SMB,North America,social_ads,2023-08-28,2023-09-13,17,812.57,726.19,86.38,0.106305,3,270.86,47.8
C0007035,Startup,EMEA,social_ads,2024-01-22,2024-02-18,28,142.87,109.8,33.07,0.231469,2,71.44,5.1
C0007038,Mid-Market,North America,social_ads,2025-07-07,2025-07-31,25,3390.63,2954.29,436.34,0.12869,3,1130.21,135.63
C0007044,Startup,EMEA,social_ads,,,0,0.0,0.0,0.0,0.0,0,0.0,0.0
C0007047,Startup,North America,social_ads,2024-08-11,2024-08-29,19,371.86,310.67,61.19,0.164551,3,123.95,19.57
C0007048,Startup,EMEA,social_ads,2024-06-10,2024-08-09,61,540.36,423.84,116.52,0.215634,5,108.07,8.86
C0007052,Enterprise,LATAM,social_ads,2024-02-17,2024-12-22,310,24398.32,20658.55,3739.77,0.15328,13,1876.79,78.7
C0007055,Startup,North America,social_ads,2023-10-01,2024-08-01,306,70.55,50.19,20.36,0.28859,2,35.28,0.23
C0007060,Startup,North America,social_ads,2024-09-25,2025-10-02,373,1628.71,1236.81,391.9,0.24062,9,180.97,4.37
C0007064,Startup,North America,social_ads,2023-05-07,2023-06-04,29,1921.73,1633.02,288.71,0.150234,2,960.86,66.27
C0007065,SMB,North America,social_ads,2024-10-10,2024-10-18,9,495.87,341.65,154.22,0.311009,2,247.94,55.1
C0007069,Mid-Market,EMEA,social_ads,2024-10-05,2025-03-16,163,5747.45,4467.45,1280.0,0.222707,8,718.43,35.26
C0007072,Startup,EMEA,social_ads,2024-03-06,2024-10-05,214,788.77,627.98,160.79,0.203849,6,131.46,3.69
C0007073,Startup,North America,social_ads,2024-05-26,2024-07-01,37,185.45,124.13,61.32,0.330655,3,61.82,5.01
C0007074,SMB,EMEA,social_ads,2025-01-26,2025-09-02,220,7817.26,5590.45,2226.81,0.284858,8,977.16,35.53
C0007078,Startup,North America,social_ads,2025-12-29,2025-12-29,1,183.31,149.68,33.63,0.18346,1,183.31,183.31
C0007087,Startup,LATAM,social_ads,2025-06-28,2025-07-01,4,78.15,62.41,15.74,0.201408,2,39.08,19.54
C0007090,Startup,North America,social_ads,2024-06-08,2024-06-08,1,42.05,33.19,8.86,0.210702,1,42.05,42.05
C0007096,SMB,North America,social_ads,2024-04-05,2024-04-05,1,406.14,282.71,123.43,0.30391,1,406.14,406.14
C0007097,SMB,North America,social_ads,2024-12-11,2024-12-11,1,912.36,790.23,122.13,0.133862,1,912.36,912.36
C0007099,Startup,North America,social_ads,2024-03-05,2024-03-05,1,151.77,125.97,25.8,0.169994,1,151.77,151.77
C0007102,SMB,North America,social_ads,2024-03-27,2024-11-02,221,2777.08,2021.04,756.04,0.272243,10,277.71,12.57
C0007103,Startup,APAC,social_ads,2025-02-27,2025-02-27,1,423.94,372.16,51.78,0.12214,1,423.94,423.94
C0007104,Startup,North America,social_ads,2023-06-17,2023-10-01,107,1070.78,713.61,357.17,0.333561,4,267.7,10.01
C0007116,Startup,North America,social_ads,2025-12-11,2025-12-12,2,167.65,164.7,2.95,0.017596,2,83.82,83.82
C0007121,Startup,EMEA,social_ads,2024-11-26,2024-11-26,1,76.38,61.82,14.56,0.190626,1,76.38,76.38
C0007128,SMB,EMEA,social_ads,2024-11-14,2025-09-16,307,4148.21,3121.73,1026.48,0.247451,10,414.82,13.51
C0007129,SMB,EMEA,social_ads,2025-09-22,2025-12-11,81,314.47,238.51,75.96,0.241549,2,157.24,3.88
C0007130,SMB,EMEA,social_ads,2024-07-19,2024-07-19,1,378.91,273.48,105.43,0.278245,1,378.91,378.91
C0007133,Startup,EMEA,social_ads,2023-09-16,2024-02-14,152,259.05,186.42,72.63,0.280371,6,43.18,1.7
C0007135,Mid-Market,EMEA,social_ads,2024-05-15,2024-05-15,1,1365.9,1055.59,310.31,0.227184,1,1365.9,1365.9
C0007142,Startup,North America,social_ads,,,0,0.0,0.0,0.0,0.0,0,0.0,0.0
C0007153,SMB,APAC,social_ads,,,0,0.0,0.0,0.0,0.0,0,0.0,0.0
C0007155,SMB,APAC,social_ads,,,0,0.0,0.0,0.0,0.0,0,0.0,0.0
C0007173,SMB,North America,social_ads,2025-06-29,2025-10-09,103,1470.81,1032.49,438.32,0.298013,5,294.16,14.28
C0007179,Startup,APAC,social_ads,,,0,0.0,0.0,0.0,0.0,0,0.0,0.0
C0007183,Startup,APAC,social_ads,,,0,0.0,0.0,0.0,0.0,0,0.0,0.0
C0007191,Startup,EMEA,social_ads,2025-01-23,2025-12-28,340,834.55,690.23,144.32,0.172932,9,92.73,2.45
C0007200,Startup,North America,social_ads,2025-05-21,2025-06-10,21,484.9,456.77,28.13,0.058012,2,242.45,23.09
C0007203,SMB,North America,social_ads,2023-01-17,2023-01-17,1,115.13,73.8,41.33,0.358985,1,115.13,115.13
C0007208,Mid-Market,EMEA,social_ads,2023-03-26,2024-01-01,282,5365.7,4000.88,1364.82,0.25436,10,536.57,19.03
C0007218,SMB,North America,social_ads,2025-09-23,2025-12-10,79,488.1,361.02,127.08,0.260356,3,162.7,6.18
C0007225,Mid-Market,APAC,social_ads,2025-04-29,2025-07-08,71,512.74,323.61,189.13,0.368861,2,256.37,7.22
C0007226,Enterprise,North America,social_ads,2023-08-23,2025-12-28,859,64616.02,56672.42,7943.6,0.122935,40,1615.4,75.22
C0007234,SMB,EMEA,social_ads,2024-07-29,2025-02-02,189,695.59,500.99,194.6,0.279763,6,115.93,3.68
C0007245,Startup,LATAM,social_ads,,,0,0.0,0.0,0.0,0.0,0,0.0,0.0
C0007246,Mid-Market,North America,social_ads,2025-12-25,2025-12-25,1,569.9,566.1,3.8,0.006668,1,569.9,569.9
C0007249,Startup,North America,social_ads,2025-07-30,2025-12-29,153,236.03,178.48,57.55,0.243825,5,47.21,1.54
C0007253,Mid-Market,North America,social_ads,2025-10-01,2025-12-16,77,1706.14,1624.35,81.79,0.047939,3,568.71,22.16
C0007266,Mid-Market,LATAM,social_ads,2023-05-22,2023-07-13,53,2929.98,1990.7,939.28,0.320576,7,418.57,55.28
C0007275,Startup,North America,social_ads,2025-06-02,2025-10-02,123,4294.65,3305.14,989.51,0.230405,4,1073.66,34.92
C0007283,Startup,North America,social_ads,,,0,0.0,0.0,0.0,0.0,0,0.0,0.0
C0007284,Startup,LATAM,social_ads,2023-09-20,2023-09-20,1,185.41,158.82,26.59,0.143412,1,185.41,185.41
C0007287,SMB,LATAM,social_ads,,,0,0.0,0.0,0.0,0.0,0,0.0,0.0
C0007291,SMB,North America,social_ads,2024-08-07,2024-11-24,110,250.87,177.05,73.82,0.294256,3,83.62,2.28
C0007292,Enterprise,North America,social_ads,2024-05-01,2025-12-12,591,44991.8,37809.57,7182.23,0.159634,36,1249.77,76.13
C0007293,Startup,EMEA,social_ads,2025-08-31,2025-12-09,101,505.51,366.6,138.91,0.274792,5,101.1,5.01
C0007295,SMB,APAC,social_ads,,,0,0.0,0.0,0.0,0.0,0,0.0,0.0
C0007296,SMB,North America,social_ads,,,0,0.0,0.0,0.0,0.0,0,0.0,0.0
C0007300,SMB,North America,social_ads,2025-04-16,2025-05-11,26,830.02,788.81,41.21,0.049649,2,415.01,31.92
C0007303,SMB,APAC,social_ads,2025-11-30,2025-11-30,1,100.39,73.95,26.44,0.263373,1,100.39,100.39
C0007304,Startup,EMEA,social_ads,,,0,0.0,0.0,0.0,0.0,0,0.0,0.0
C0007308,SMB,North America,social_ads,2025-07-29,2025-12-07,132,801.54,592.98,208.56,0.260199,4,200.38,6.07
C0007319,Mid-Market,EMEA,social_ads,2024-12-14,2024-12-14,1,163.25,134.6,28.65,0.175498,1,163.25,163.25
C0007320,Startup,EMEA,social_ads,2024-06-22,2024-07-02,11,342.82,325.22,17.6,0.051339,2,171.41,31.17
C0007336,Mid-Market,APAC,social_ads,2025-10-27,2025-11-05,10,973.92,774.32,199.6,0.204945,2,486.96,97.39
C0007343,Startup,North America,social_ads,2025-12-12,2025-12-12,1,191.76,140.02,51.74,0.269816,1,191.76,191.76
C0007347,Startup,EMEA,social_ads,2024-06-22,2024-08-19,59,758.04,531.02,227.02,0.299483,6,126.34,12.85
C0007350,Mid-Market,North America,social_ads,2023-09-13,2023-10-07,25,4683.34,3192.07,1491.27,0.31842,7,669.05,187.33
C0007353,Mid-Market,EMEA,social_ads,2025-12-03,2025-12-08,6,1943.76,1415.68,528.08,0.27168,2,971.88,323.96
C0007356,Enterprise,North America,social_ads,2024-10-01,2024-10-01,1,787.2,580.75,206.45,0.262259,1,787.2,787.2
C0007358,SMB,APAC,social_ads,2024-02-16,2024-05-27,102,1443.57,1298.47,145.1,0.100515,4,360.89,14.15
C0007362,SMB,North America,social_ads,2025-07-19,2025-10-01,75,348.52,267.29,81.23,0.233071,2,174.26,4.65
C0007364,SMB,EMEA,social_ads,2025-09-04,2025-09-04,1,73.52,51.63,21.89,0.297742,1,73.52,73.52
C0007365,SMB,EMEA,social_ads,2024-03-05,2024-10-02,212,1488.28,1024.79,463.49,0.311427,8,186.04,7.02
C0007367,Mid-Market,LATAM,social_ads,2023-12-06,2024-04-07,124,2528.05,1934.3,593.75,0.234865,4,632.01,20.39
C0007369,Startup,LATAM,social_ads,,,0,0.0,0.0,0.0,0.0,0,0.0,0.0
C0007370,Enterprise,LATAM,social_ads,2025-11-25,2025-12-13,19,5448.93,4858.54,590.39,0.10835,3,1816.31,286.79
C0007371,Mid-Market,EMEA,social_ads,2024-05-01,2025-12-21,600,33073.52,28220.44,4853.08,0.146736,24,1378.06,55.12
C0007378,Enterprise,North America,social_ads,2025-12-19,2025-12-21,3,3098.58,2596.46,502.12,0.162048,2,1549.29,1032.86
C0007380,Startup,North America,social_ads,2024-07-03,2024-07-03,1,41.67,29.15,12.52,0.300456,1,41.67,41.67
C0007382,SMB,APAC,social_ads,2024-08-13,2025-03-20,220,507.41,324.59,182.82,0.3603,4,126.85,2.31
C0007385,SMB,EMEA,social_ads,2023-08-22,2023-08-22,1,1210.27,880.48,329.79,0.272493,1,1210.27,1210.27
C0007386,SMB,APAC,social_ads,2025-09-04,2025-09-04,1,102.44,69.06,33.38,0.325849,1,102.44,102.44
C0007388,Mid-Market,North America,social_ads,2023-10-15,2024-03-23,161,5899.77,4626.82,1272.95,0.215763,4,1474.94,36.64
C0007396,SMB,APAC,social_ads,,,0,0.0,0.0,0.0,0.0,0,0.0,0.0
C0007397,Startup,LATAM,social_ads,2024-09-27,2024-09-27,1,22.58,16.84,5.74,0.254207,1,22.58,22.58
C0007402,Mid-Market,North America,social_ads,2024-03-18,2025-12-07,630,13982.33,10092.56,3889.77,0.278192,24,582.6,22.19
C0007406,Startup,LATAM,social_ads,2023-04-07,2023-04-07,1,98.4,75.79,22.61,0.229776,1,98.4,98.4
C0007407,Mid-Market,LATAM,social_ads,2025-12-23,2025-12-23,1,407.63,324.89,82.74,0.202978,1,407.63,407.63
C0007408,Mid-Market,EMEA,social_ads,2025-03-04,2025-09-06,187,3169.31,2657.17,512.14,0.161594,5,633.86,16.95
C0007410,Mid-Market,North America,social_ads,2024-01-19,2024-01-19,1,147.41,133.92,13.49,0.091513,1,147.41,147.41
C0007417,SMB,North America,social_ads,2024-01-20,2025-07-26,554,818.18,613.91,204.27,0.249664,5,163.64,1.48
C0007419,Startup,EMEA,social_ads,,,0,0.0,0.0,0.0,0.0,0,0.0,0.0
C0007427,SMB,North America,social_ads,,,0,0.0,0.0,0.0,0.0,0,0.0,0.0
C0007437,Startup,North America,social_ads,2023-06-21,2023-06-21,1,36.72,34.79,1.93,0.05256,1,36.72,36.72
C0007440,SMB,North America,social_ads,2025-11-28,2025-12-21,24,1125.57,813.29,312.28,0.277442,5,225.11,46.9
C0007441,Startup,EMEA,social_ads,2025-11-24,2025-11-24,1,25.42,17.69,7.73,0.304091,1,25.42,25.42
C0007447,Mid-Market,APAC,social_ads,2025-04-18,2025-11-09,206,3162.0,2445.92,716.08,0.226464,7,451.71,15.35
C0007450,SMB,North America,social_ads,,,0,0.0,0.0,0.0,0.0,0,0.0,0.0
C0007454,Startup,North America,social_ads,2025-03-29,2025-03-29,1,96.64,75.23,21.41,0.221544,1,96.64,96.64
C0007460,Enterprise,EMEA,social_ads,2025-04-27,2025-05-29,33,3948.81,3334.78,614.03,0.155497,5,789.76,119.66
C0007465,Startup,LATAM,social_ads,,,0,0.0,0.0,0.0,0.0,0,0.0,0.0
C0007469,Startup,APAC,social_ads,,,0,0.0,0.0,0.0,0.0,0,0.0,0.0
C0007470,Mid-Market,EMEA,social_ads,2025-04-02,2025-04-02,1,320.39,224.69,95.7,0.298698,1,320.39,320.39
C0007471,Mid-Market,EMEA,social_ads,2023-11-28,2024-01-15,49,1545.45,946.68,598.77,0.387441,4,386.36,31.54
C0007478,Startup,LATAM,social_ads,2024-04-28,2024-07-30,94,371.89,296.38,75.51,0.203044,2,185.94,3.96
C0007480,SMB,North America,social_ads,2025-12-05,2025-12-13,9,1043.09,730.49,312.6,0.299687,2,521.55,115.9
C0007490,SMB,North America,social_ads,2023-03-03,2023-09-08,190,1725.76,1392.17,333.59,0.1933,9,191.75,9.08
C0007491,SMB,North America,social_ads,2025-11-28,2025-11-28,1,36.92,22.89,14.03,0.380011,1,36.92,36.92
C0007505,SMB,APAC,social_ads,2025-03-15,2025-09-14,184,470.88,367.79,103.09,0.218931,4,117.72,2.56
C0007507,SMB,EMEA,social_ads,2025-12-23,2025-12-23,1,373.95,272.11,101.84,0.272336,1,373.95,373.95
C0007511,Mid-Market,APAC,social_ads,2025-03-23,2025-11-20,243,4792.11,3685.65,1106.46,0.230892,7,684.59,19.72
C0007513,SMB,North America,social_ads,,,0,0.0,0.0,0.0,0.0,0,0.0,0.0
C0007535,Startup,APAC,social_ads,2024-07-01,2024-12-18,171,1370.73,1086.06,284.67,0.207678,7,195.82,8.02
C0007537,SMB,LATAM,social_ads,2024-12-29,2025-07-27,211,996.29,699.31,296.98,0.298086,8,124.54,4.72
C0007539,SMB,EMEA,social_ads,,,0,0.0,0.0,0.0,0.0,0,0.0,0.0
C0007543,Startup,APAC,social_ads,,,0,0.0,0.0,0.0,0.0,0,0.0,0.0
C0007547,Startup,LATAM,social_ads,2025-03-08,2025-03-08,1,111.32,80.12,31.2,0.280273,1,111.32,111.32
C0007550,SMB,EMEA,social_ads,2023-02-01,2023-07-02,152,2533.98,1772.25,761.73,0.300606,11,230.36,16.67
C0007562,Startup,LATAM,social_ads,2024-04-28,2024-04-28,1,31.48,24.97,6.51,0.206798,1,31.48,31.48
C0007576,Startup,EMEA,social_ads,,,0,0.0,0.0,0.0,0.0,0,0.0,0.0
C0007579,Mid-Market,North America,social_ads,2023-02-24,2023-02-24,1,184.68,124.34,60.34,0.326727,1,184.68,184.68
C0007593,SMB,EMEA,social_ads,,,0,0.0,0.0,0.0,0.0,0,0.0,0.0
C0007596,Startup,EMEA,social_ads,2025-12-02,2025-12-02,1,25.67,20.23,5.44,0.211921,1,25.67,25.67
C0007597,SMB,LATAM,social_ads,,,0,0.0,0.0,0.0,0.0,0,0.0,0.0
C0007601,Mid-Market,North America,social_ads,2025-12-30,2025-12-30,1,258.28,197.68,60.6,0.234629,1,258.28,258.28
C0007608,Enterprise,North America,social_ads,2023-05-19,2023-05-19,1,192.8,151.49,41.31,0.214263,1,192.8,192.8
C0007611,Mid-Market,LATAM,social_ads,2025-08-08,2025-08-08,1,440.83,334.93,105.9,0.240229,1,440.83,440.83
C0007612,SMB,EMEA,social_ads,2025-07-14,2025-12-21,161,1139.49,931.07,208.42,0.182906,5,227.9,7.08
C0007615,Mid-Market,North America,social_ads,,,0,0.0,0.0,0.0,0.0,0,0.0,0.0
C0007622,SMB,EMEA,social_ads,2025-06-30,2025-07-17,18,272.94,184.23,88.71,0.325016,2,136.47,15.16
C0007627,Startup,APAC,social_ads,,,0,0.0,0.0,0.0,0.0,0,0.0,0.0
C0007636,Mid-Market,LATAM,social_ads,,,0,0.0,0.0,0.0,0.0,0,0.0,0.0
C0007640,SMB,LATAM,social_ads,2024-07-29,2024-11-30,125,1915.94,1491.12,424.82,0.221729,7,273.71,15.33
C0007641,SMB,EMEA,social_ads,2023-03-21,2023-08-01,134,2121.67,1770.29,351.38,0.165615,5,424.33,15.83
C0007642,SMB,APAC,social_ads,,,0,0.0,0.0,0.0,0.0,0,0.0,0.0
C0007646,SMB,APAC,social_ads,2024-06-06,2024-06-09,4,1582.34,1359.17,223.17,0.141038,2,791.17,395.58
C0007648,Startup,North America,social_ads,2024-09-15,2024-10-12,28,49.5,38.63,10.87,0.219596,2,24.75,1.77
C0007651,SMB,APAC,social_ads,2025-08-30,2025-12-16,109,645.35,523.39,121.96,0.188983,4,161.34,5.92
C0007657,Startup,EMEA,social_ads,2025-08-13,2025-08-13,1,85.04,72.14,12.9,0.151693,1,85.04,85.04
C0007660,SMB,EMEA,social_ads,,,0,0.0,0.0,0.0,0.0,0,0.0,0.0
C0007674,Enterprise,EMEA,social_ads,2024-08-31,2024-08-31,1,763.97,520.14,243.83,0.319162,1,763.97,763.97
C0007678,SMB,EMEA,social_ads,2025-12-14,2025-12-14,1,100.61,62.29,38.32,0.380877,1,100.61,100.61
C0007680,Startup,EMEA,social_ads,2025-12-28,2025-12-28,1,39.22,32.14,7.08,0.18052,1,39.22,39.22
C0007681,Startup,North America,social_ads,,,0,0.0,0.0,0.0,0.0,0,0.0,0.0
C0007683,SMB,North America,social_ads,2024-11-08,2025-09-19,316,747.93,605.8,142.13,0.190031,4,186.98,2.37
C0007685,Startup,APAC,social_ads,2023-02-25,2024-04-06,407,1482.73,1117.41,365.32,0.246383,7,211.82,3.64
C0007688,Mid-Market,North America,social_ads,2025-06-24,2025-07-01,8,462.57,419.19,43.38,0.09378,2,231.28,57.82
C0007696,Startup,EMEA,social_ads,2025-03-20,2025-10-06,201,324.46,243.79,80.67,0.248628,4,81.11,1.61
C0007701,SMB,APAC,social_ads,2023-12-17,2024-03-27,102,813.77,641.83,171.94,0.211288,2,406.88,7.98
C0007705,Startup,LATAM,social_ads,2024-10-24,2025-10-12,354,3314.81,2730.83,583.98,0.176173,12,276.23,9.36
C0007706,Enterprise,EMEA,social_ads,,,0,0.0,0.0,0.0,0.0,0,0.0,0.0
C0007707,Startup,North America,social_ads,,,0,0.0,0.0,0.0,0.0,0,0.0,0.0
C0007708,Startup,North America,social_ads,,,0,0.0,0.0,0.0,0.0,0,0.0,0.0
C0007713,Startup,EMEA,social_ads,,,0,0.0,0.0,0.0,0.0,0,0.0,0.0
C0007718,SMB,APAC,social_ads,2025-10-11,2025-10-11,1,41.49,27.46,14.03,0.338154,1,41.49,41.49
C0007720,SMB,North America,social_ads,2024-10-17,2024-12-12,57,308.16,199.15,109.01,0.353745,4,77.04,5.41
C0007723,SMB,North America,social_ads,2023-04-27,2023-05-11,15,331.46,251.95,79.51,0.239878,2,165.73,22.1
C0007726,Startup,North America,social_ads,2024-08-20,2024-08-20,1,66.35,57.81,8.54,0.128711,1,66.35,66.35
C0007735,Startup,APAC,social_ads,2025-08-27,2025-12-28,124,245.81,189.1,56.71,0.230707,4,61.45,1.98
C0007753,SMB,North America,social_ads,2025-10-31,2025-10-31,1,194.72,137.12,57.6,0.295809,1,194.72,194.72
C0007759,Startup,North America,social_ads,,,0,0.0,0.0,0.0,0.0,0,0.0,0.0
C0007763,Startup,North America,social_ads,2024-06-04,2024-11-19,169,948.58,861.51,87.07,0.09179,4,237.14,5.61
C0007769,Enterprise,APAC,social_ads,2025-12-18,2025-12-28,11,11368.04,10075.96,1292.08,0.113659,6,1894.67,1033.46
C0007778,Startup,LATAM,social_ads,2025-11-01,2025-11-01,1,36.35,23.6,12.75,0.350757,1,36.35,36.35
C0007787,Mid-Market,EMEA,social_ads,2025-05-22,2025-12-26,219,4869.6,4243.34,626.26,0.128606,3,1623.2,22.24
C0007793,SMB,APAC,social_ads,2024-01-26,2024-01-26,1,352.01,361.07,-9.06,-0.025738,1,352.01,352.01
C0007798,Enterprise,LATAM,social_ads,2025-10-19,2025-12-27,70,8406.66,7312.74,1093.92,0.130125,4,2101.66,120.1
C0007799,Startup,North America,social_ads,2025-01-26,2025-12-16,325,3565.63,2791.46,774.17,0.21712,9,396.18,10.97
C0007801,Enterprise,APAC,social_ads,2023-12-27,2024-02-05,41,20589.37,19209.52,1379.85,0.067018,9,2287.71,502.18
C0007802,SMB,North America,social_ads,2025-08-21,2025-11-05,77,2435.79,2172.56,263.23,0.108068,5,487.16,31.63
C0007810,SMB,North America,social_ads,2023-04-12,2023-04-29,18,349.76,250.85,98.91,0.282794,2,174.88,19.43
C0007821,SMB,North America,social_ads,2025-04-24,2025-04-25,2,429.92,292.67,137.25,0.319245,2,214.96,214.96
C0007831,Enterprise,North America,social_ads,,,0,0.0,0.0,0.0,0.0,0,0.0,0.0
C0007838,SMB,North America,social_ads,2025-11-25,2025-11-29,5,195.49,126.75,68.74,0.351629,2,97.74,39.1
C0007839,Startup,North America,social_ads,2025-06-27,2025-12-07,164,225.56,207.83,17.73,0.078604,3,75.19,1.38
C0007841,SMB,North America,social_ads,2025-10-17,2025-11-02,17,143.91,110.71,33.2,0.2307,2,71.96,8.47
C0007842,SMB,APAC,social_ads,2024-03-30,2024-04-18,20,1400.74,1004.41,396.33,0.282943,4,350.18,70.04
C0007843,Mid-Market,EMEA,social_ads,2023-06-02,2023-07-24,53,1424.74,1282.32,142.42,0.099962,3,474.91,26.88
C0007850,Mid-Market,EMEA,social_ads,2025-07-03,2025-11-25,146,6555.09,5299.23,1255.86,0.191585,7,936.44,44.9
C0007856,Startup,APAC,social_ads,,,0,0.0,0.0,0.0,0.0,0,0.0,0.0
C0007866,Mid-Market,North America,social_ads,2025-03-14,2025-05-19,67,4461.64,3559.8,901.84,0.202132,7,637.38,66.59
C0007867,SMB,APAC,social_ads,2023-05-08,2023-06-17,41,622.99,424.22,198.77,0.319058,2,311.5,15.19
C0007873,Startup,EMEA,social_ads,2024-03-31,2024-07-13,105,152.46,98.95,53.51,0.350977,3,50.82,1.45
C0007879,SMB,EMEA,social_ads,2025-12-30,2025-12-30,1,148.92,105.94,42.98,0.288611,1,148.92,148.92
C0007884,Mid-Market,North America,social_ads,2025-07-08,2025-10-16,101,2477.94,2004.94,473.0,0.190884,5,495.59,24.53
C0007886,Startup,APAC,social_ads,2024-07-20,2025-11-29,498,1354.38,1083.41,270.97,0.200069,12,112.86,2.72
C0007892,Startup,EMEA,social_ads,,,0,0.0,0.0,0.0,0.0,0,0.0,0.0
C0007893,Mid-Market,North America,social_ads,2023-08-13,2023-09-03,22,5272.05,4019.61,1252.44,0.237562,8,659.01,239.64
C0007900,SMB,EMEA,social_ads,2024-08-14,2024-08-17,4,377.34,264.12,113.22,0.300048,2,188.67,94.34
C0007905,SMB,North America,social_ads,2025-12-10,2025-12-10,1,128.79,83.56,45.23,0.351192,1,128.79,128.79
C0007907,Startup,EMEA,social_ads,,,0,0.0,0.0,0.0,0.0,0,0.0,0.0
C0007909,Startup,EMEA,social_ads,2025-02-09,2025-02-09,1,24.31,19.09,5.22,0.214726,1,24.31,24.31
C0007911,Mid-Market,North America,social_ads,,,0,0.0,0.0,0.0,0.0,0,0.0,0.0
C0007912,SMB,North America,social_ads,2023-09-30,2024-02-04,128,118.6,83.35,35.25,0.297218,2,59.3,0.93
C0007913,SMB,EMEA,social_ads,2024-09-29,2025-01-27,121,2609.39,1909.48,699.91,0.268227,9,289.93,21.57
C0007916,Startup,EMEA,social_ads,,,0,0.0,0.0,0.0,0.0,0,0.0,0.0
C0007917,SMB,North America,social_ads,2025-10-26,2025-11-30,36,533.55,459.97,73.58,0.137906,4,133.39,14.82
C0007928,Startup,LATAM,social_ads,2024-10-20,2024-11-13,25,120.47,83.1,37.37,0.310202,2,60.24,4.82
C0007933,SMB,North America,social_ads,2023-05-16,2023-08-01,78,641.52,542.0,99.52,0.155132,4,160.38,8.22
C0007948,SMB,North America,social_ads,2024-09-28,2025-03-12,166,1294.46,848.36,446.1,0.344622,6,215.74,7.8
C0007958,SMB,North America,social_ads,2024-03-30,2024-05-01,33,506.43,400.73,105.7,0.208716,3,168.81,15.35
C0007963,Mid-Market,APAC,social_ads,2025-06-27,2025-08-08,43,1622.46,1007.54,614.92,0.379005,3,540.82,37.73
C0007967,Mid-Market,APAC,social_ads,2025-03-24,2025-04-05,13,1421.77,1036.01,385.76,0.271324,2,710.88,109.37
C0007968,SMB,EMEA,social_ads,,,0,0.0,0.0,0.0,0.0,0,0.0,0.0
C0007988,Mid-Market,North America,social_ads,2025-11-29,2025-11-29,1,18606.1,15672.69,2933.41,0.157659,1,18606.1,18606.1
C0007991,SMB,EMEA,social_ads,2025-04-11,2025-06-15,66,1467.83,1327.38,140.45,0.095685,3,489.28,22.24
C0007992,SMB,EMEA,social_ads,,,0,0.0,0.0,0.0,0.0,0,0.0,0.0
C0007995,SMB,EMEA,social_ads,2023-06-05,2023-07-05,31,740.81,486.14,254.67,0.343772,4,185.2,23.9
C0008008,Startup,North America,social_ads,2025-08-27,2025-09-03,8,447.94,302.88,145.06,0.323838,2,223.97,55.99
C0008010,Mid-Market,North America,social_ads,2025-03-30,2025-08-26,150,4993.85,3775.27,1218.58,0.244016,7,713.41,33.29
C0008020,Startup,APAC,social_ads,2025-04-05,2025-06-05,62,48.63,33.65,14.98,0.30804,2,24.32,0.78
C0008028,Startup,APAC,social_ads,2025-06-18,2025-09-07,82,388.31,369.3,19.01,0.048956,3,129.44,4.74
C0008035,Startup,APAC,social_ads,2023-01-03,2023-01-03,1,288.21,223.08,65.13,0.225981,1,288.21,288.21
C0008041,Startup,EMEA,social_ads,2023-11-25,2023-11-25,1,27.14,19.85,7.29,0.268607,1,27.14,27.14
C0008049,SMB,APAC,social_ads,2025-04-24,2025-11-02,193,1407.23,1203.27,203.96,0.144937,6,234.54,7.29
C0008052,SMB,North America,social_ads,,,0,0.0,0.0,0.0,0.0,0,0.0,0.0
C0008054,Startup,North America,social_ads,2025-05-29,2025-07-10,43,376.99,285.72,91.27,0.242102,3,125.66,8.77
C0008059,Mid-Market,EMEA,social_ads,2025-06-23,2025-12-27,188,2966.7,2264.35,702.35,0.236745,7,423.81,15.78
C0008060,SMB,North America,social_ads,2025-11-04,2025-11-19,16,693.45,477.34,216.11,0.311645,4,173.36,43.34
C0008066,Startup,EMEA,social_ads,2023-10-31,2023-11-03,4,69.13,46.4,22.73,0.328801,2,34.56,17.28
C0008067,Startup,LATAM,social_ads,2023-08-28,2024-03-18,204,931.0,675.96,255.04,0.273942,7,133.0,4.56
C0008068,Mid-Market,EMEA,social_ads,,,0,0.0,0.0,0.0,0.0,0,0.0,0.0
C0008074,SMB,EMEA,social_ads,2024-10-31,2024-12-27,58,723.69,562.37,161.32,0.222913,2,361.84,12.48
C0008075,Mid-Market,LATAM,social_ads,2025-12-25,2025-12-31,7,482.45,376.23,106.22,0.220168,2,241.22,68.92
C0008082,SMB,North America,social_ads,2025-04-11,2025-09-20,163,3632.28,3310.12,322.16,0.088694,3,1210.76,22.28
C0008083,SMB,EMEA,social_ads,2023-05-26,2024-11-13,538,2756.97,1893.49,863.48,0.313199,13,212.07,5.12
C0008086,Startup,LATAM,social_ads,2025-08-27,2025-12-11,107,882.09,650.31,231.78,0.262762,6,147.02,8.24
C0008088,Startup,APAC,social_ads,2023-11-23,2023-11-23,1,67.69,57.44,10.25,0.151426,1,67.69,67.69
C0008097,Mid-Market,EMEA,social_ads,2023-05-29,2023-08-21,85,4943.6,4459.02,484.58,0.098022,6,823.93,58.16
C0008101,Startup,APAC,social_ads,2024-02-22,2024-06-25,125,837.45,663.49,173.96,0.207726,4,209.36,6.7
C0008109,SMB,LATAM,social_ads,2025-03-16,2025-12-06,266,1572.45,1084.84,487.61,0.310096,4,393.11,5.91
C0008115,Startup,North America,social_ads,2023-08-31,2023-11-25,87,338.36,260.66,77.7,0.229637,3,112.79,3.89
C0008117,Mid-Market,North America,social_ads,2025-03-16,2025-06-03,80,2535.59,2066.76,468.83,0.1849,4,633.9,31.69
C0008121,Mid-Market,EMEA,social_ads,2024-07-31,2024-11-03,96,6697.15,5470.64,1226.51,0.183139,3,2232.38,69.76
C0008122,Startup,APAC,social_ads,,,0,0.0,0.0,0.0,0.0,0,0.0,0.0
C0008125,SMB,North America,social_ads,2025-11-27,2025-12-02,6,491.3,312.09,179.21,0.364767,4,122.82,81.88
C0008127,SMB,EMEA,social_ads,2024-09-24,2025-05-30,249,1704.8,1248.2,456.6,0.267832,8,213.1,6.85
C0008129,Startup,North America,social_ads,2025-03-25,2025-04-09,16,748.17,536.79,211.38,0.282529,4,187.04,46.76
C0008135,SMB,EMEA,social_ads,2024-05-24,2024-11-17,178,4229.03,3587.13,641.9,0.151784,7,604.15,23.76
C0008148,Startup,LATAM,social_ads,2024-01-26,2024-05-07,103,551.85,433.54,118.31,0.214388,5,110.37,5.36
C0008154,Mid-Market,EMEA,social_ads,2025-10-19,2025-12-06,49,3461.34,2642.76,818.58,0.236492,4,865.34,70.64
C0008163,Startup,EMEA,social_ads,2024-02-19,2024-05-14,86,997.51,709.08,288.43,0.28915,6,166.25,11.6
C0008173,Enterprise,APAC,social_ads,2025-03-21,2025-03-21,1,1938.97,1735.54,203.43,0.104917,1,1938.97,1938.97
C0008175,SMB,LATAM,social_ads,2023-05-23,2023-06-13,22,3045.37,2186.52,858.85,0.282018,7,435.05,138.43
C0008176,Startup,EMEA,social_ads,2025-10-26,2025-10-26,1,583.51,623.85,-40.34,-0.069133,1,583.51,583.51
C0008182,Startup,APAC,social_ads,,,0,0.0,0.0,0.0,0.0,0,0.0,0.0
C0008187,SMB,EMEA,social_ads,2024-07-29,2024-07-29,1,831.53,591.44,240.09,0.288733,1,831.53,831.53
C0008193,SMB,North America,social_ads,2023-08-31,2024-01-20,143,1576.57,1258.43,318.14,0.201792,5,315.31,11.02
C0008194,Startup,North America,social_ads,2025-11-21,2025-11-21,1,36.4,28.37,8.03,0.220604,1,36.4,36.4
C0008199,Mid-Market,APAC,social_ads,2024-10-27,2025-10-03,342,22165.45,15415.51,6749.94,0.304525,17,1303.85,64.81
C0008217,Startup,APAC,social_ads,2025-09-30,2025-10-16,17,225.59,209.91,15.68,0.069507,2,112.8,13.27
C0008220,Mid-Market,North America,social_ads,2025-08-19,2025-12-25,129,9938.1,7761.82,2176.28,0.218984,12,828.18,77.04
C0008222,Startup,EMEA,social_ads,,,0,0.0,0.0,0.0,0.0,0,0.0,0.0
C0008224,Startup,North America,social_ads,2025-12-12,2025-12-25,14,177.75,141.51,36.24,0.203882,4,44.44,12.7
C0008226,Startup,LATAM,social_ads,,,0,0.0,0.0,0.0,0.0,0,0.0,0.0
C0008227,Enterprise,North America,social_ads,2025-08-01,2025-08-06,6,5941.41,5503.9,437.51,0.073637,2,2970.7,990.24
C0008239,Startup,APAC,social_ads,2025-05-08,2025-08-31,116,120.01,92.0,28.01,0.233397,2,60.0,1.03
C0008246,Startup,North America,social_ads,2023-12-09,2025-04-01,480,1514.47,1092.8,421.67,0.278427,15,100.96,3.16
C0008249,Startup,North America,social_ads,2024-09-13,2024-09-13,1,15.64,9.62,6.02,0.38491,1,15.64,15.64
C0008256,Startup,EMEA,social_ads,2024-01-14,2024-03-31,78,1375.12,995.45,379.67,0.2761,6,229.19,17.63
C0008258,Startup,North America,social_ads,2024-04-02,2024-04-02,1,177.84,137.62,40.22,0.226158,1,177.84,177.84
C0008259,Enterprise,EMEA,social_ads,2025-07-08,2025-12-05,151,17825.91,15691.47,2134.44,0.119738,9,1980.66,118.05
C0008262,SMB,APAC,social_ads,2023-09-19,2024-12-27,466,4028.11,2978.68,1049.43,0.260527,13,309.85,8.64
C0008268,SMB,EMEA,social_ads,2024-01-26,2024-03-01,36,155.71,111.43,44.28,0.284375,3,51.9,4.33
C0008272,SMB,APAC,social_ads,2023-10-28,2024-09-14,323,3232.46,2323.01,909.45,0.281349,18,179.58,10.01
C0008273,Startup,EMEA,social_ads,,,0,0.0,0.0,0.0,0.0,0,0.0,0.0
C0008278,Startup,North America,social_ads,2025-07-08,2025-12-03,149,267.34,211.86,55.48,0.207526,3,89.11,1.79
C0008279,SMB,North America,social_ads,,,0,0.0,0.0,0.0,0.0,0,0.0,0.0
C0008289,Mid-Market,North America,social_ads,2024-06-29,2024-09-01,65,2191.92,1958.74,233.18,0.106382,2,1095.96,33.72
C0008297,Mid-Market,APAC,social_ads,2025-05-17,2025-07-06,51,857.32,618.4,238.92,0.278682,3,285.77,16.81
C0008298,Startup,North America,social_ads,,,0,0.0,0.0,0.0,0.0,0,0.0,0.0
C0008299,Startup,APAC,social_ads,2023-03-31,2023-12-31,276,614.52,507.36,107.16,0.17438,7,87.79,2.23
C0008301,SMB,LATAM,social_ads,2025-05-31,2025-07-06,37,721.91,518.66,203.25,0.281545,4,180.48,19.51
C0008302,Startup,EMEA,social_ads,2024-11-16,2025-12-25,405,1391.61,1258.03,133.58,0.09599,8,173.95,3.44
C0008304,SMB,EMEA,social_ads,2025-01-15,2025-11-21,311,2953.9,2291.21,662.69,0.224344,8,369.24,9.5
C0008307,SMB,North America,social_ads,2025-05-22,2025-12-08,201,1711.01,1194.83,516.18,0.301681,4,427.75,8.51
C0008319,Startup,APAC,social_ads,2024-09-16,2025-01-13,120,592.59,410.27,182.32,0.307666,6,98.76,4.94
C0008325,Mid-Market,North America,social_ads,2025-10-24,2025-11-12,20,743.84,484.47,259.37,0.348691,3,247.95,37.19
C0008331,Enterprise,North America,social_ads,2023-12-24,2024-05-12,141,19135.61,17524.19,1611.42,0.084211,7,2733.66,135.71
C0008332,Mid-Market,APAC,social_ads,2025-05-01,2025-12-10,224,4677.85,3518.76,1159.09,0.247783,11,425.26,20.88
C0008342,Mid-Market,North America,social_ads,2025-04-01,2025-04-12,12,3603.27,3592.43,10.84,0.003008,3,1201.09,300.27
C0008346,Mid-Market,EMEA,social_ads,2025-02-01,2025-09-27,239,10474.65,8532.23,1942.42,0.18544,21,498.79,43.83
C0008348,Startup,LATAM,social_ads,2023-09-27,2023-12-15,80,420.79,335.71,85.08,0.202191,4,105.2,5.26
C0008351,Startup,EMEA,social_ads,,,0,0.0,0.0,0.0,0.0,0,0.0,0.0
C0008370,Startup,APAC,social_ads,2023-12-22,2024-03-18,88,90.03,71.65,18.38,0.204154,2,45.02,1.02
C0008371,SMB,North America,social_ads,2024-12-07,2025-08-21,258,1843.56,1267.17,576.39,0.312651,9,204.84,7.15
C0008372,Startup,EMEA,social_ads,2025-02-11,2025-04-02,51,294.97,203.6,91.37,0.30976,2,147.49,5.78
C0008375,SMB,North America,social_ads,2025-04-17,2025-10-03,170,3840.71,3105.53,735.18,0.191418,9,426.75,22.59
C0008392,Mid-Market,North America,social_ads,,,0,0.0,0.0,0.0,0.0,0,0.0,0.0
C0008405,Mid-Market,APAC,social_ads,2025-11-26,2025-11-26,1,123.19,79.78,43.41,0.352382,1,123.19,123.19
C0008408,SMB,APAC,social_ads,2025-06-05,2025-11-17,166,1101.33,890.51,210.82,0.191423,4,275.33,6.63
C0008416,Mid-Market,EMEA,social_ads,2025-08-30,2025-11-20,83,5116.4,3536.97,1579.43,0.308699,9,568.49,61.64
C0008423,SMB,EMEA,social_ads,2025-05-14,2025-05-14,1,263.41,164.23,99.18,0.376523,1,263.41,263.41
C0008430,SMB,APAC,social_ads,2025-04-09,2025-05-01,23,292.66,201.66,91.0,0.310941,2,146.33,12.72
C0008434,Mid-Market,North America,social_ads,2025-04-17,2025-12-01,229,4826.56,3886.88,939.68,0.194689,11,438.78,21.08
C0008435,Enterprise,EMEA,social_ads,2025-07-11,2025-12-20,163,26923.49,22125.9,4797.59,0.178193,9,2991.5,165.17
C0008438,SMB,North America,social_ads,,,0,0.0,0.0,0.0,0.0,0,0.0,0.0
C0008446,Startup,North America,social_ads,2023-03-28,2023-09-12,169,1801.77,1450.46,351.31,0.19498,8,225.22,10.66
C0008447,Enterprise,North America,social_ads,2024-11-02,2025-12-15,409,56308.42,47805.64,8502.78,0.151004,34,1656.13,137.67
C0008448,SMB,APAC,social_ads,2025-05-19,2025-05-22,4,344.86,296.52,48.34,0.140173,2,172.43,86.22
C0008450,Mid-Market,LATAM,social_ads,2025-10-02,2025-11-12,42,2421.81,2150.6,271.21,0.111986,4,605.45,57.66
C0008451,SMB,LATAM,social_ads,2025-11-26,2025-12-29,34,1167.87,848.24,319.63,0.273686,2,583.93,34.35
C0008455,Startup,North America,social_ads,2024-01-03,2024-06-02,152,773.66,542.72,230.94,0.298503,6,128.94,5.09
C0008468,SMB,North America,social_ads,2025-01-30,2025-05-19,110,1105.95,893.97,211.98,0.191672,3,368.65,10.05
C0008472,Enterprise,EMEA,social_ads,2025-08-26,2025-10-28,64,12445.92,10443.76,2002.16,0.160869,8,1555.74,194.47
C0008475,SMB,North America,social_ads,2024-04-29,2024-06-26,59,195.86,171.51,24.35,0.124323,2,97.93,3.32
C0008481,SMB,APAC,social_ads,2023-02-11,2023-02-11,1,650.8,542.53,108.27,0.166364,2,325.4,650.8
C0008496,Mid-Market,North America,social_ads,,,0,0.0,0.0,0.0,0.0,0,0.0,0.0
C0008501,Mid-Market,LATAM,social_ads,2023-02-13,2023-06-07,115,6435.33,5930.67,504.66,0.07842,6,1072.56,55.96
C0008505,SMB,EMEA,social_ads,2025-07-02,2025-11-08,130,770.54,611.93,158.61,0.205843,5,154.11,5.93
C0008514,Startup,APAC,social_ads,2025-12-17,2025-12-17,1,159.03,109.32,49.71,0.312583,1,159.03,159.03
C0008516,Startup,EMEA,social_ads,2025-04-02,2025-04-02,1,289.21,245.33,43.88,0.151724,1,289.21,289.21
C0008519,Enterprise,APAC,social_ads,2025-06-10,2025-06-17,8,689.65,655.44,34.21,0.049605,2,344.82,86.21
C0008521,SMB,North America,social_ads,2025-03-31,2025-11-03,218,611.08,470.15,140.93,0.230624,6,101.85,2.8
C0008524,Mid-Market,North America,social_ads,2024-09-29,2024-12-13,76,4184.47,3172.81,1011.66,0.241765,4,1046.12,55.06
C0008526,Startup,North America,social_ads,2025-09-04,2025-10-28,55,31.57,21.35,10.22,0.323725,2,15.78,0.57
C0008529,SMB,APAC,social_ads,2025-09-16,2025-09-18,3,704.11,645.13,58.98,0.083765,3,234.7,234.7
C0008530,Startup,LATAM,social_ads,2024-03-28,2024-04-04,8,419.54,381.54,38.0,0.090575,3,139.85,52.44
C0008543,SMB,EMEA,social_ads,2024-05-22,2024-11-15,178,2767.4,2184.92,582.48,0.210479,9,307.49,15.55
C0008544,Startup,EMEA,social_ads,,,0,0.0,0.0,0.0,0.0,0,0.0,0.0
C0008551,SMB,EMEA,social_ads,2025-03-29,2025-03-29,1,148.74,108.87,39.87,0.268052,1,148.74,148.74
C0008553,Mid-Market,APAC,social_ads,2025-08-19,2025-12-27,131,5919.09,5204.49,714.6,0.120728,5,1183.82,45.18
C0008554,SMB,North America,social_ads,2025-07-20,2025-10-13,86,1170.4,855.76,314.64,0.268831,6,195.07,13.61
C0008566,Startup,North America,social_ads,2024-09-22,2024-09-22,1,90.21,69.25,20.96,0.232347,1,90.21,90.21
C0008571,Startup,APAC,social_ads,2025-06-02,2025-06-02,1,196.61,139.38,57.23,0.291084,1,196.61,196.61
C0008580,Mid-Market,APAC,social_ads,2023-11-02,2025-03-23,508,49662.25,41116.14,8546.11,0.172085,24,2069.26,97.76
C0008583,Startup,EMEA,social_ads,2025-02-03,2025-12-26,327,1234.22,856.19,378.03,0.306291,9,137.14,3.77
C0008584,Startup,LATAM,social_ads,,,0,0.0,0.0,0.0,0.0,0,0.0,0.0
C0008596,SMB,North America,social_ads,,,0,0.0,0.0,0.0,0.0,0,0.0,0.0
C0008600,Mid-Market,APAC,social_ads,2024-09-14,2024-10-06,23,1666.79,1424.42,242.37,0.145411,3,555.6,72.47
C0008610,Startup,LATAM,social_ads,2023-11-04,2024-07-11,251,679.3,532.34,146.96,0.21634,7,97.04,2.71
C0008615,SMB,APAC,social_ads,2023-08-14,2025-06-30,687,5296.37,4167.59,1128.78,0.213123,20,264.82,7.71
C0008627,Startup,EMEA,social_ads,,,0,0.0,0.0,0.0,0.0,0,0.0,0.0
C0008648,SMB,EMEA,social_ads,2024-03-10,2025-12-23,654,2138.34,1535.57,602.77,0.281887,10,213.83,3.27
C0008649,SMB,APAC,social_ads,2024-12-27,2025-06-12,168,581.32,425.44,155.88,0.268148,4,145.33,3.46
C0008658,Enterprise,North America,social_ads,2024-12-12,2025-08-08,240,54723.42,54033.12,690.3,0.012614,5,10944.68,228.01
C0008659,Enterprise,APAC,social_ads,2025-02-26,2025-11-09,257,43612.9,38535.44,5077.46,0.116421,12,3634.41,169.7
C0008661,Startup,EMEA,social_ads,,,0,0.0,0.0,0.0,0.0,0,0.0,0.0
C0008667,Startup,EMEA,social_ads,2024-12-08,2024-12-08,1,54.02,36.34,17.68,0.327286,1,54.02,54.02
C0008668,Mid-Market,EMEA,social_ads,2025-05-22,2025-12-07,200,4863.74,3729.56,1134.18,0.233191,8,607.97,24.32
C0008673,Mid-Market,EMEA,social_ads,2025-12-23,2025-12-23,1,2946.91,2551.98,394.93,0.134015,1,2946.91,2946.91
C0008674,SMB,North America,social_ads,2023-12-09,2024-07-17,222,2285.92,1811.26,474.66,0.207645,8,285.74,10.3
C0008676,Startup,North America,social_ads,2025-06-26,2025-12-15,173,354.57,274.25,80.32,0.226528,3,118.19,2.05
C0008682,Startup,North America,social_ads,2025-04-17,2025-10-21,188,1197.92,925.46,272.46,0.227444,7,171.13,6.37
C0008683,SMB,North America,social_ads,,,0,0.0,0.0,0.0,0.0,0,0.0,0.0
C0008686,SMB,EMEA,social_ads,2023-08-30,2025-04-05,585,3732.35,2760.06,972.29,0.260503,17,219.55,6.38
C0008687,SMB,North America,social_ads,,,0,0.0,0.0,0.0,0.0,0,0.0,0.0
C0008690,SMB,APAC,social_ads,2025-09-03,2025-09-03,1,1511.92,1361.7,150.22,0.099357,1,1511.92,1511.92
C0008697,Startup,North America,social_ads,,,0,0.0,0.0,0.0,0.0,0,0.0,0.0
C0008700,Mid-Market,EMEA,social_ads,2023-08-16,2023-11-30,107,1851.28,1507.51,343.77,0.185693,5,370.26,17.3
C0008706,Enterprise,North America,social_ads,2024-09-30,2025-03-12,164,13790.02,11767.86,2022.16,0.146639,9,1532.22,84.09
C0008712,Mid-Market,North America,social_ads,,,0,0.0,0.0,0.0,0.0,0,0.0,0.0
C0008720,Mid-Market,North America,social_ads,2023-03-21,2023-07-03,105,6619.06,4816.97,1802.09,0.272258,9,735.45,63.04
C0008724,Startup,APAC,social_ads,2025-07-17,2025-09-02,48,418.44,365.25,53.19,0.127115,2,209.22,8.72
C0008725,Startup,North America,social_ads,2025-06-20,2025-12-08,172,180.56,124.77,55.79,0.308983,3,60.19,1.05
C0008730,Startup,LATAM,social_ads,2024-07-29,2024-08-05,8,104.8,81.9,22.9,0.218511,2,52.4,13.1
C0008731,Startup,North America,social_ads,2024-02-24,2024-06-12,110,411.81,335.31,76.5,0.185765,5,82.36,3.74
C0008739,Enterprise,APAC,social_ads,2025-07-27,2025-07-31,5,5771.49,4445.85,1325.64,0.229688,6,961.92,1154.3
C0008745,SMB,North America,social_ads,2025-05-05,2025-05-26,22,1503.18,1253.68,249.5,0.165981,4,375.8,68.33
C0008750,Startup,EMEA,social_ads,2025-05-08,2025-05-08,1,242.27,183.16,59.11,0.243984,1,242.27,242.27
C0008751,Mid-Market,EMEA,social_ads,2025-06-12,2025-06-12,1,152.29,101.48,50.81,0.33364,1,152.29,152.29
C0008752,Mid-Market,EMEA,social_ads,2024-09-19,2024-09-19,1,1046.48,776.45,270.03,0.258036,1,1046.48,1046.48
C0008755,Startup,APAC,social_ads,2023-09-22,2023-12-08,78,709.65,631.17,78.48,0.11059,4,177.41,9.1
C0008757,Startup,APAC,social_ads,2024-05-14,2025-05-29,381,890.33,845.2,45.13,0.050689,9,98.93,2.34
C0008764,SMB,North America,social_ads,2025-06-20,2025-11-01,135,1254.61,988.59,266.02,0.212034,5,250.92,9.29
C0008766,SMB,North America,social_ads,2024-10-26,2024-10-26,1,640.41,631.83,8.58,0.013398,1,640.41,640.41
C0008767,SMB,EMEA,social_ads,,,0,0.0,0.0,0.0,0.0,0,0.0,0.0
C0008769,Startup,North America,social_ads,2025-03-23,2025-12-05,258,459.54,334.69,124.85,0.271685,5,91.91,1.78
C0008772,Startup,EMEA,social_ads,,,0,0.0,0.0,0.0,0.0,0,0.0,0.0
C0008776,Startup,EMEA,social_ads,2023-12-03,2024-02-29,89,359.04,261.09,97.95,0.272811,4,89.76,4.03
C0008778,Startup,APAC,social_ads,,,0,0.0,0.0,0.0,0.0,0,0.0,0.0
C0008780,Startup,North America,social_ads,2024-02-21,2024-07-25,156,641.46,504.84,136.62,0.212983,5,128.29,4.11
C0008783,Startup,LATAM,social_ads,2025-12-22,2025-12-22,1,9.55,7.88,1.67,0.174869,1,9.55,9.55
C0008787,Startup,LATAM,social_ads,2025-06-03,2025-10-09,129,630.02,555.05,74.97,0.118996,3,210.01,4.88
C0008793,SMB,EMEA,social_ads,2024-06-28,2024-09-29,94,10522.05,8769.3,1752.75,0.166579,4,2630.51,111.94
C0008798,Startup,APAC,social_ads,2025-03-19,2025-12-05,262,439.41,353.52,85.89,0.195467,6,73.24,1.68
C0008803,Startup,APAC,social_ads,,,0,0.0,0.0,0.0,0.0,0,0.0,0.0
C0008813,Startup,EMEA,social_ads,2025-05-10,2025-06-21,43,637.6,544.02,93.58,0.146769,4,159.4,14.83
C0008814,Startup,EMEA,social_ads,,,0,0.0,0.0,0.0,0.0,0,0.0,0.0
C0008819,Startup,LATAM,social_ads,2025-07-20,2025-10-28,101,807.2,586.35,220.85,0.2736,6,134.53,7.99
C0008820,SMB,EMEA,social_ads,,,0,0.0,0.0,0.0,0.0,0,0.0,0.0
C0008823,Startup,EMEA,social_ads,2025-05-23,2025-11-15,177,676.86,545.18,131.68,0.194545,6,112.81,3.82
C0008828,Mid-Market,EMEA,social_ads,2025-12-24,2025-12-24,1,111.93,66.76,45.17,0.403556,1,111.93,111.93
C0008830,SMB,North America,social_ads,,,0,0.0,0.0,0.0,0.0,0,0.0,0.0
C0008838,Mid-Market,North America,social_ads,,,0,0.0,0.0,0.0,0.0,0,0.0,0.0
C0008842,Startup,EMEA,social_ads,2023-10-01,2023-10-01,1,123.33,87.61,35.72,0.289629,2,61.66,123.33
C0008846,Startup,APAC,social_ads,2025-04-12,2025-06-06,56,905.93,786.37,119.56,0.131975,5,181.19,16.18
C0008851,Startup,EMEA,social_ads,2024-10-03,2024-12-10,69,1462.81,1427.01,35.8,0.024473,3,487.6,21.2
C0008856,Startup,North America,social_ads,,,0,0.0,0.0,0.0,0.0,0,0.0,0.0
C0008867,SMB,EMEA,social_ads,2023-06-19,2024-05-11,328,2884.6,2089.88,794.72,0.275504,9,320.51,8.79
C0008873,SMB,North America,social_ads,2023-02-14,2023-05-10,86,741.93,559.72,182.21,0.245589,3,247.31,8.63
C0008881,Startup,EMEA,social_ads,2025-07-06,2025-07-11,6,698.54,646.44,52.1,0.074584,2,349.27,116.42
C0008882,Startup,North America,social_ads,,,0,0.0,0.0,0.0,0.0,0,0.0,0.0
C0008885,Startup,EMEA,social_ads,2025-01-04,2025-12-02,333,1089.36,977.69,111.67,0.10251,5,217.87,3.27
C0008886,Mid-Market,North America,social_ads,2023-11-10,2024-06-03,207,4825.62,4141.29,684.33,0.141812,7,689.37,23.31
C0008890,SMB,North America,social_ads,2023-03-18,2023-05-04,48,750.91,529.47,221.44,0.294896,3,250.3,15.64
C0008892,Startup,LATAM,social_ads,2025-05-31,2025-05-31,1,23.4,22.41,0.99,0.042308,1,23.4,23.4
C0008900,Mid-Market,North America,social_ads,,,0,0.0,0.0,0.0,0.0,0,0.0,0.0
C0008915,Enterprise,North America,social_ads,2024-10-19,2025-12-28,436,33060.25,28780.52,4279.73,0.129452,21,1574.3,75.83
C0008916,SMB,North America,social_ads,2024-03-27,2024-05-06,41,689.63,497.95,191.68,0.277946,3,229.88,16.82
C0008918,Startup,LATAM,social_ads,2024-02-08,2024-05-26,109,232.42,157.87,74.55,0.320756,3,77.47,2.13
C0008920,Enterprise,EMEA,social_ads,2025-09-01,2025-09-30,30,5102.9,3955.05,1147.85,0.224941,5,1020.58,170.1
C0008926,SMB,North America,social_ads,2024-11-20,2025-02-06,79,3485.95,2445.36,1040.59,0.29851,6,580.99,44.13
C0008927,SMB,North America,social_ads,2025-07-04,2025-09-29,88,1627.85,1407.3,220.55,0.135485,3,542.62,18.5
C0008931,SMB,LATAM,social_ads,2025-03-29,2025-03-29,1,63.05,43.09,19.96,0.316574,1,63.05,63.05
C0008932,SMB,EMEA,social_ads,2024-04-12,2024-04-23,12,544.94,352.37,192.57,0.353378,2,272.47,45.41
C0008939,SMB,North America,social_ads,,,0,0.0,0.0,0.0,0.0,0,0.0,0.0
C0008947,Startup,North America,social_ads,2023-04-19,2023-10-08,173,268.99,209.87,59.12,0.219785,6,44.83,1.55
C0008954,Startup,LATAM,social_ads,,,0,0.0,0.0,0.0,0.0,0,0.0,0.0
C0008963,Startup,North America,social_ads,2025-06-13,2025-08-29,78,324.52,254.71,69.81,0.215118,3,108.17,4.16
C0008965,SMB,North America,social_ads,2024-08-02,2024-08-20,19,1392.51,1236.65,155.86,0.111927,2,696.26,73.29
C0008969,Startup,EMEA,social_ads,2025-12-07,2025-12-07,1,122.83,96.2,26.63,0.216804,1,122.83,122.83
C0008973,Enterprise,LATAM,social_ads,,,0,0.0,0.0,0.0,0.0,0,0.0,0.0
C0008986,Startup,EMEA,social_ads,2025-07-26,2025-09-11,48,76.07,57.11,18.96,0.249244,2,38.04,1.58
C0008988,Mid-Market,North America,social_ads,2025-12-19,2025-12-26,8,4141.9,2791.69,1350.21,0.325988,5,828.38,517.74
C0008994,Mid-Market,North America,social_ads,2024-07-20,2025-02-23,219,7976.28,7055.56,920.72,0.115432,9,886.25,36.42
C0009000,Mid-Market,EMEA,social_ads,2025-04-17,2025-05-04,18,1729.38,1051.57,677.81,0.391938,2,864.69,96.08
