experiment_id,customer_id,acquisition_channel,assignment,assigned_date,outcome_window_days,converted,pre_period_contribution,observed_contribution
EXP-PAID-SEARCH-2025H2,C0000002,paid_search,treatment,2025-07-19,90,True,307.15,609.59
EXP-PAID-SEARCH-2025H2,C0000004,paid_search,control,2025-07-24,90,True,204.27,254.66
EXP-PAID-SEARCH-2025H2,C0000007,paid_search,control,2025-07-26,90,False,320.61,0.0
EXP-PAID-SEARCH-2025H2,C0000010,paid_search,control,2025-07-03,90,True,64.96,40.73
EXP-PAID-SEARCH-2025H2,C0000029,paid_search,treatment,2025-07-03,90,False,157.24,0.0
EXP-PAID-SEARCH-2025H2,C0000040,paid_search,treatment,2025-07-08,90,True,156.27,209.71
EXP-PAID-SEARCH-2025H2,C0000041,paid_search,treatment,2025-07-06,90,False,94.83,0.0
EXP-PAID-SEARCH-2025H2,C0000046,paid_search,treatment,2025-07-21,90,False,99.83,0.0
EXP-PAID-SEARCH-2025H2,C0000059,paid_search,control,2025-07-04,90,False,222.94,0.0
EXP-PAID-SEARCH-2025H2,C0000065,paid_search,control,2025-07-28,90,False,224.34,0.0
EXP-PAID-SEARCH-2025H2,C0000071,paid_search,treatment,2025-07-06,90,False,93.93,0.0
EXP-PAID-SEARCH-2025H2,C0000076,paid_search,treatment,2025-07-18,90,False,222.56,0.0
EXP-PAID-SEARCH-2025H2,C0000084,paid_search,treatment,2025-07-11,90,False,136.14,0.0
EXP-PAID-SEARCH-2025H2,C0000085,paid_search,control,2025-07-10,90,False,620.05,0.0
EXP-PAID-SEARCH-2025H2,C0000086,paid_search,treatment,2025-07-13,90,True,51.64,79.16
EXP-PAID-SEARCH-2025H2,C0000093,paid_search,treatment,2025-07-02,90,False,65.15,0.0
EXP-PAID-SEARCH-2025H2,C0000094,paid_search,treatment,2025-07-18,90,False,96.4,0.0
EXP-PAID-SEARCH-2025H2,C0000095,paid_search,treatment,2025-07-07,90,False,85.9,0.0
EXP-PAID-SEARCH-2025H2,C0000107,paid_search,treatment,2025-07-03,90,True,101.56,64.29
EXP-PAID-SEARCH-2025H2,C0000127,paid_search,control,2025-07-21,90,True,74.61,52.7
EXP-PAID-SEARCH-2025H2,C0000135,paid_search,treatment,2025-07-17,90,False,414.95,0.0
EXP-PAID-SEARCH-2025H2,C0000145,paid_search,treatment,2025-07-16,90,False,442.66,0.0
EXP-PAID-SEARCH-2025H2,C0000147,paid_search,treatment,2025-07-02,90,True,212.9,219.13
EXP-PAID-SEARCH-2025H2,C0000150,paid_search,treatment,2025-07-10,90,False,255.68,0.0
EXP-PAID-SEARCH-2025H2,C0000169,paid_search,control,2025-07-21,90,False,315.42,0.0
EXP-PAID-SEARCH-2025H2,C0000180,paid_search,control,2025-07-09,90,True,224.52,122.4
EXP-PAID-SEARCH-2025H2,C0000182,paid_search,control,2025-07-10,90,False,65.14,0.0
EXP-PAID-SEARCH-2025H2,C0000209,paid_search,treatment,2025-07-12,90,True,65.15,89.85
EXP-PAID-SEARCH-2025H2,C0000220,paid_search,treatment,2025-07-01,90,False,51.41,0.0
EXP-PAID-SEARCH-2025H2,C0000225,paid_search,treatment,2025-07-13,90,False,163.46,0.0
EXP-PAID-SEARCH-2025H2,C0000231,paid_search,treatment,2025-07-21,90,True,76.22,56.02
EXP-PAID-SEARCH-2025H2,C0000235,paid_search,treatment,2025-07-07,90,False,111.92,0.0
EXP-PAID-SEARCH-2025H2,C0000244,paid_search,treatment,2025-07-16,90,False,140.78,0.0
EXP-PAID-SEARCH-2025H2,C0000265,paid_search,control,2025-07-22,90,False,109.09,0.0
EXP-PAID-SEARCH-2025H2,C0000271,paid_search,treatment,2025-07-09,90,False,64.25,0.0
EXP-PAID-SEARCH-2025H2,C0000276,paid_search,treatment,2025-07-20,90,False,47.38,0.0
EXP-PAID-SEARCH-2025H2,C0000294,paid_search,treatment,2025-07-09,90,True,131.44,82.39
EXP-PAID-SEARCH-2025H2,C0000295,paid_search,control,2025-07-27,90,False,843.5,0.0
EXP-PAID-SEARCH-2025H2,C0000300,paid_search,treatment,2025-07-01,90,True,69.44,53.14
EXP-PAID-SEARCH-2025H2,C0000315,paid_search,control,2025-07-28,90,False,99.97,0.0
EXP-PAID-SEARCH-2025H2,C0000320,paid_search,treatment,2025-07-11,90,True,59.19,38.3
EXP-PAID-SEARCH-2025H2,C0000323,paid_search,treatment,2025-07-03,90,True,403.75,345.06
EXP-PAID-SEARCH-2025H2,C0000329,paid_search,control,2025-07-06,90,False,72.81,0.0
EXP-PAID-SEARCH-2025H2,C0000332,paid_search,control,2025-07-15,90,False,233.35,0.0
EXP-PAID-SEARCH-2025H2,C0000341,paid_search,treatment,2025-07-05,90,True,228.46,356.89
EXP-PAID-SEARCH-2025H2,C0000344,paid_search,treatment,2025-07-21,90,True,127.07,77.94
EXP-PAID-SEARCH-2025H2,C0000360,paid_search,treatment,2025-07-11,90,False,44.14,0.0
EXP-PAID-SEARCH-2025H2,C0000376,paid_search,treatment,2025-07-13,90,False,102.93,0.0
EXP-PAID-SEARCH-2025H2,C0000378,paid_search,control,2025-07-22,90,False,93.42,0.0
EXP-PAID-SEARCH-2025H2,C0000380,paid_search,control,2025-07-17,90,False,216.89,0.0
EXP-PAID-SEARCH-2025H2,C0000389,paid_search,control,2025-07-26,90,False,316.53,0.0
EXP-PAID-SEARCH-2025H2,C0000394,paid_search,control,2025-07-18,90,False,277.89,0.0
EXP-PAID-SEARCH-2025H2,C0000408,paid_search,control,2025-07-21,90,False,104.38,0.0
EXP-PAID-SEARCH-2025H2,C0000413,paid_search,treatment,2025-07-08,90,False,564.31,0.0
EXP-PAID-SEARCH-2025H2,C0000421,paid_search,treatment,2025-07-11,90,False,336.3,0.0
EXP-PAID-SEARCH-2025H2,C0000422,paid_search,control,2025-07-25,90,True,68.93,54.25
EXP-PAID-SEARCH-2025H2,C0000432,paid_search,control,2025-07-07,90,False,154.37,0.0
EXP-PAID-SEARCH-2025H2,C0000440,paid_search,treatment,2025-07-15,90,False,108.07,0.0
EXP-PAID-SEARCH-2025H2,C0000449,paid_search,control,2025-07-13,90,False,178.27,0.0
EXP-PAID-SEARCH-2025H2,C0000456,paid_search,control,2025-07-02,90,False,298.59,0.0
EXP-PAID-SEARCH-2025H2,C0000457,paid_search,treatment,2025-07-07,90,True,287.86,271.25
EXP-PAID-SEARCH-2025H2,C0000458,paid_search,treatment,2025-07-06,90,False,53.9,0.0
EXP-PAID-SEARCH-2025H2,C0000462,paid_search,treatment,2025-07-23,90,False,89.04,0.0
EXP-PAID-SEARCH-2025H2,C0000466,paid_search,treatment,2025-07-21,90,True,73.28,101.57
EXP-PAID-SEARCH-2025H2,C0000470,paid_search,treatment,2025-07-14,90,False,137.48,0.0
EXP-PAID-SEARCH-2025H2,C0000472,paid_search,treatment,2025-07-23,90,False,283.09,0.0
EXP-PAID-SEARCH-2025H2,C0000473,paid_search,control,2025-07-23,90,False,304.51,0.0
EXP-PAID-SEARCH-2025H2,C0000474,paid_search,control,2025-07-26,90,True,144.65,106.75
EXP-PAID-SEARCH-2025H2,C0000495,paid_search,treatment,2025-07-26,90,False,66.71,0.0
EXP-PAID-SEARCH-2025H2,C0000496,paid_search,control,2025-07-02,90,True,147.52,130.18
EXP-PAID-SEARCH-2025H2,C0000497,paid_search,treatment,2025-07-12,90,False,56.23,0.0
EXP-PAID-SEARCH-2025H2,C0000498,paid_search,treatment,2025-07-12,90,False,126.28,0.0
EXP-PAID-SEARCH-2025H2,C0000504,paid_search,treatment,2025-07-17,90,False,63.72,0.0
EXP-PAID-SEARCH-2025H2,C0000508,paid_search,control,2025-07-09,90,True,62.06,56.43
EXP-PAID-SEARCH-2025H2,C0000513,paid_search,control,2025-07-15,90,False,1318.74,0.0
EXP-PAID-SEARCH-2025H2,C0000515,paid_search,control,2025-07-24,90,True,184.94,149.94
EXP-PAID-SEARCH-2025H2,C0000520,paid_search,control,2025-07-01,90,False,48.58,0.0
EXP-PAID-SEARCH-2025H2,C0000528,paid_search,treatment,2025-07-15,90,False,118.62,0.0
EXP-PAID-SEARCH-2025H2,C0000538,paid_search,treatment,2025-07-18,90,False,382.18,0.0
EXP-PAID-SEARCH-2025H2,C0000555,paid_search,treatment,2025-07-07,90,False,362.56,0.0
EXP-PAID-SEARCH-2025H2,C0000562,paid_search,control,2025-07-01,90,False,201.47,0.0
EXP-PAID-SEARCH-2025H2,C0000563,paid_search,control,2025-07-18,90,False,54.74,0.0
EXP-PAID-SEARCH-2025H2,C0000571,paid_search,control,2025-07-13,90,True,307.39,444.56
EXP-PAID-SEARCH-2025H2,C0000577,paid_search,control,2025-07-03,90,False,110.62,0.0
EXP-PAID-SEARCH-2025H2,C0000579,paid_search,treatment,2025-07-03,90,False,232.23,0.0
EXP-PAID-SEARCH-2025H2,C0000582,paid_search,treatment,2025-07-16,90,True,269.8,319.66
EXP-PAID-SEARCH-2025H2,C0000583,paid_search,control,2025-07-07,90,True,67.88,36.84
EXP-PAID-SEARCH-2025H2,C0000597,paid_search,treatment,2025-07-23,90,False,61.52,0.0
EXP-PAID-SEARCH-2025H2,C0000614,paid_search,control,2025-07-19,90,False,359.82,0.0
EXP-PAID-SEARCH-2025H2,C0000615,paid_search,treatment,2025-07-26,90,False,129.4,0.0
EXP-PAID-SEARCH-2025H2,C0000617,paid_search,treatment,2025-07-20,90,False,65.17,0.0
EXP-PAID-SEARCH-2025H2,C0000618,paid_search,control,2025-07-28,90,False,104.7,0.0
EXP-PAID-SEARCH-2025H2,C0000621,paid_search,treatment,2025-07-15,90,False,122.61,0.0
EXP-PAID-SEARCH-2025H2,C0000627,paid_search,control,2025-07-24,90,False,158.6,0.0
EXP-PAID-SEARCH-2025H2,C0000636,paid_search,control,2025-07-15,90,True,214.41,134.8
EXP-PAID-SEARCH-2025H2,C0000642,paid_search,treatment,2025-07-19,90,True,87.73,89.6
EXP-PAID-SEARCH-2025H2,C0000644,paid_search,control,2025-07-22,90,False,74.0,0.0
EXP-PAID-SEARCH-2025H2,C0000649,paid_search,treatment,2025-07-01,90,True,87.57,68.29
EXP-PAID-SEARCH-2025H2,C0000653,paid_search,treatment,2025-07-19,90,True,277.62,222.84
EXP-PAID-SEARCH-2025H2,C0000676,paid_search,treatment,2025-07-07,90,True,47.38,40.52
EXP-PAID-SEARCH-2025H2,C0000682,paid_search,treatment,2025-07-23,90,True,148.05,128.96
EXP-PAID-SEARCH-2025H2,C0000685,paid_search,control,2025-07-04,90,False,284.58,0.0
EXP-PAID-SEARCH-2025H2,C0000694,paid_search,treatment,2025-07-06,90,False,196.44,0.0
EXP-PAID-SEARCH-2025H2,C0000700,paid_search,control,2025-07-26,90,False,63.18,0.0
EXP-PAID-SEARCH-2025H2,C0000701,paid_search,control,2025-07-03,90,False,141.75,0.0
EXP-PAID-SEARCH-2025H2,C0000702,paid_search,treatment,2025-07-05,90,False,154.41,0.0
EXP-PAID-SEARCH-2025H2,C0000706,paid_search,control,2025-07-22,90,False,83.7,0.0
EXP-PAID-SEARCH-2025H2,C0000715,paid_search,treatment,2025-07-13,90,False,175.77,0.0
EXP-PAID-SEARCH-2025H2,C0000718,paid_search,control,2025-07-20,90,False,82.62,0.0
EXP-PAID-SEARCH-2025H2,C0000720,paid_search,control,2025-07-09,90,False,67.17,0.0
EXP-PAID-SEARCH-2025H2,C0000727,paid_search,control,2025-07-21,90,True,143.57,113.27
EXP-PAID-SEARCH-2025H2,C0000728,paid_search,control,2025-07-07,90,False,73.51,0.0
EXP-PAID-SEARCH-2025H2,C0000735,paid_search,control,2025-07-14,90,False,276.65,0.0
EXP-PAID-SEARCH-2025H2,C0000737,paid_search,treatment,2025-07-13,90,True,43.39,36.25
EXP-PAID-SEARCH-2025H2,C0000738,paid_search,treatment,2025-07-17,90,True,132.19,126.22
EXP-PAID-SEARCH-2025H2,C0000750,paid_search,treatment,2025-07-14,90,False,102.5,0.0
EXP-PAID-SEARCH-2025H2,C0000754,paid_search,treatment,2025-07-11,90,False,63.89,0.0
EXP-PAID-SEARCH-2025H2,C0000759,paid_search,control,2025-07-24,90,False,79.04,0.0
EXP-PAID-SEARCH-2025H2,C0000760,paid_search,treatment,2025-07-12,90,False,65.24,0.0
EXP-PAID-SEARCH-2025H2,C0000762,paid_search,control,2025-07-23,90,False,155.86,0.0
EXP-PAID-SEARCH-2025H2,C0000770,paid_search,treatment,2025-07-20,90,False,378.26,0.0
EXP-PAID-SEARCH-2025H2,C0000776,paid_search,control,2025-07-16,90,False,96.67,0.0
EXP-PAID-SEARCH-2025H2,C0000777,paid_search,control,2025-07-15,90,False,99.72,0.0
EXP-PAID-SEARCH-2025H2,C0000781,paid_search,treatment,2025-07-23,90,False,108.58,0.0
EXP-PAID-SEARCH-2025H2,C0000791,paid_search,control,2025-07-11,90,False,86.66,0.0
EXP-PAID-SEARCH-2025H2,C0000792,paid_search,control,2025-07-27,90,False,252.6,0.0
EXP-PAID-SEARCH-2025H2,C0000793,paid_search,control,2025-07-04,90,False,189.74,0.0
EXP-PAID-SEARCH-2025H2,C0000794,paid_search,control,2025-07-14,90,False,982.08,0.0
EXP-PAID-SEARCH-2025H2,C0000795,paid_search,treatment,2025-07-25,90,False,92.31,0.0
EXP-PAID-SEARCH-2025H2,C0000799,paid_search,control,2025-07-19,90,False,342.92,0.0
EXP-PAID-SEARCH-2025H2,C0000805,paid_search,control,2025-07-23,90,False,153.13,0.0
EXP-PAID-SEARCH-2025H2,C0000814,paid_search,treatment,2025-07-08,90,False,87.49,0.0
EXP-PAID-SEARCH-2025H2,C0000817,paid_search,treatment,2025-07-27,90,False,170.02,0.0
EXP-PAID-SEARCH-2025H2,C0000818,paid_search,treatment,2025-07-16,90,False,56.3,0.0
EXP-PAID-SEARCH-2025H2,C0000826,paid_search,control,2025-07-09,90,False,127.32,0.0
EXP-PAID-SEARCH-2025H2,C0000832,paid_search,control,2025-07-19,90,False,192.2,0.0
EXP-PAID-SEARCH-2025H2,C0000836,paid_search,control,2025-07-03,90,False,405.84,0.0
EXP-PAID-SEARCH-2025H2,C0000842,paid_search,treatment,2025-07-21,90,False,107.14,0.0
EXP-PAID-SEARCH-2025H2,C0000843,paid_search,treatment,2025-07-20,90,False,126.07,0.0
EXP-PAID-SEARCH-2025H2,C0000850,paid_search,treatment,2025-07-07,90,True,48.69,57.9
EXP-PAID-SEARCH-2025H2,C0000851,paid_search,control,2025-07-15,90,False,72.16,0.0
EXP-PAID-SEARCH-2025H2,C0000854,paid_search,control,2025-07-27,90,True,143.08,105.55
EXP-PAID-SEARCH-2025H2,C0000861,paid_search,treatment,2025-07-16,90,False,97.12,0.0
EXP-PAID-SEARCH-2025H2,C0000863,paid_search,control,2025-07-22,90,False,271.21,0.0
EXP-PAID-SEARCH-2025H2,C0000865,paid_search,control,2025-07-15,90,True,236.27,241.2
EXP-PAID-SEARCH-2025H2,C0000867,paid_search,control,2025-07-14,90,False,88.24,0.0
EXP-PAID-SEARCH-2025H2,C0000869,paid_search,treatment,2025-07-17,90,False,66.44,0.0
EXP-PAID-SEARCH-2025H2,C0000875,paid_search,control,2025-07-10,90,False,43.58,0.0
EXP-PAID-SEARCH-2025H2,C0000881,paid_search,control,2025-07-27,90,False,66.52,0.0
EXP-PAID-SEARCH-2025H2,C0000882,paid_search,control,2025-07-12,90,False,87.53,0.0
EXP-PAID-SEARCH-2025H2,C0000885,paid_search,treatment,2025-07-28,90,False,57.78,0.0
EXP-PAID-SEARCH-2025H2,C0000889,paid_search,control,2025-07-09,90,False,129.32,0.0
EXP-PAID-SEARCH-2025H2,C0000893,paid_search,treatment,2025-07-25,90,False,318.19,0.0
EXP-PAID-SEARCH-2025H2,C0000901,paid_search,control,2025-07-10,90,False,141.82,0.0
EXP-PAID-SEARCH-2025H2,C0000902,paid_search,control,2025-07-28,90,False,64.64,0.0
EXP-PAID-SEARCH-2025H2,C0000911,paid_search,treatment,2025-07-12,90,False,48.03,0.0
EXP-PAID-SEARCH-2025H2,C0000914,paid_search,control,2025-07-15,90,False,293.59,0.0
EXP-PAID-SEARCH-2025H2,C0000921,paid_search,treatment,2025-07-27,90,False,272.23,0.0
EXP-PAID-SEARCH-2025H2,C0000924,paid_search,control,2025-07-07,90,True,83.7,118.67
EXP-PAID-SEARCH-2025H2,C0000925,paid_search,control,2025-07-07,90,True,40.7,25.01
EXP-PAID-SEARCH-2025H2,C0000931,paid_search,control,2025-07-16,90,False,295.88,0.0
EXP-PAID-SEARCH-2025H2,C0000934,paid_search,control,2025-07-07,90,False,296.76,0.0
EXP-PAID-SEARCH-2025H2,C0000942,paid_search,control,2025-07-16,90,False,61.31,0.0
EXP-PAID-SEARCH-2025H2,C0000946,paid_search,treatment,2025-07-07,90,False,337.65,0.0
EXP-PAID-SEARCH-2025H2,C0000948,paid_search,treatment,2025-07-22,90,True,80.14,126.89
EXP-PAID-SEARCH-2025H2,C0000958,paid_search,control,2025-07-02,90,False,90.72,0.0
EXP-PAID-SEARCH-2025H2,C0000963,paid_search,treatment,2025-07-08,90,True,280.19,285.08
EXP-PAID-SEARCH-2025H2,C0000966,paid_search,control,2025-07-16,90,False,1140.03,0.0
EXP-PAID-SEARCH-2025H2,C0000969,paid_search,control,2025-07-16,90,False,103.78,0.0
EXP-PAID-SEARCH-2025H2,C0000972,paid_search,control,2025-07-10,90,False,80.43,0.0
EXP-PAID-SEARCH-2025H2,C0001004,paid_search,treatment,2025-07-25,90,False,82.73,0.0
EXP-PAID-SEARCH-2025H2,C0001006,paid_search,treatment,2025-07-18,90,False,196.85,0.0
EXP-PAID-SEARCH-2025H2,C0001009,paid_search,treatment,2025-07-07,90,False,95.72,0.0
EXP-PAID-SEARCH-2025H2,C0001021,paid_search,control,2025-07-09,90,False,338.13,0.0
EXP-PAID-SEARCH-2025H2,C0001028,paid_search,treatment,2025-07-25,90,False,95.63,0.0
EXP-PAID-SEARCH-2025H2,C0001034,paid_search,control,2025-07-16,90,False,434.63,0.0
EXP-PAID-SEARCH-2025H2,C0001052,paid_search,control,2025-07-15,90,False,87.87,0.0
EXP-PAID-SEARCH-2025H2,C0001056,paid_search,control,2025-07-21,90,False,115.5,0.0
EXP-PAID-SEARCH-2025H2,C0001057,paid_search,control,2025-07-10,90,False,135.62,0.0
EXP-PAID-SEARCH-2025H2,C0001069,paid_search,control,2025-07-09,90,False,294.31,0.0
EXP-PAID-SEARCH-2025H2,C0001070,paid_search,treatment,2025-07-22,90,False,184.14,0.0
EXP-PAID-SEARCH-2025H2,C0001075,paid_search,treatment,2025-07-16,90,True,60.74,66.92
EXP-PAID-SEARCH-2025H2,C0001078,paid_search,control,2025-07-18,90,False,319.98,0.0
EXP-PAID-SEARCH-2025H2,C0001082,paid_search,treatment,2025-07-18,90,True,66.36,52.54
EXP-PAID-SEARCH-2025H2,C0001083,paid_search,treatment,2025-07-16,90,True,332.62,214.56
EXP-PAID-SEARCH-2025H2,C0001092,paid_search,control,2025-07-12,90,False,162.31,0.0
EXP-PAID-SEARCH-2025H2,C0001097,paid_search,control,2025-07-25,90,True,94.27,76.92
EXP-PAID-SEARCH-2025H2,C0001099,paid_search,treatment,2025-07-22,90,False,102.14,0.0
EXP-PAID-SEARCH-2025H2,C0001122,paid_search,control,2025-07-24,90,False,74.95,0.0
EXP-PAID-SEARCH-2025H2,C0001125,paid_search,control,2025-07-24,90,False,45.16,0.0
EXP-PAID-SEARCH-2025H2,C0001127,paid_search,treatment,2025-07-19,90,False,49.87,0.0
EXP-PAID-SEARCH-2025H2,C0001129,paid_search,control,2025-07-17,90,False,104.22,0.0
EXP-PAID-SEARCH-2025H2,C0001132,paid_search,treatment,2025-07-13,90,True,213.57,288.23
EXP-PAID-SEARCH-2025H2,C0001136,paid_search,control,2025-07-13,90,True,380.22,273.76
EXP-PAID-SEARCH-2025H2,C0001140,paid_search,treatment,2025-07-24,90,False,85.85,0.0
EXP-PAID-SEARCH-2025H2,C0001141,paid_search,treatment,2025-07-26,90,True,114.77,186.61
EXP-PAID-SEARCH-2025H2,C0001148,paid_search,treatment,2025-07-16,90,False,368.54,0.0
EXP-PAID-SEARCH-2025H2,C0001153,paid_search,control,2025-07-07,90,False,49.03,0.0
EXP-PAID-SEARCH-2025H2,C0001161,paid_search,treatment,2025-07-26,90,False,209.82,0.0
EXP-PAID-SEARCH-2025H2,C0001165,paid_search,treatment,2025-07-11,90,False,121.95,0.0
EXP-PAID-SEARCH-2025H2,C0001175,paid_search,treatment,2025-07-18,90,False,263.92,0.0
EXP-PAID-SEARCH-2025H2,C0001184,paid_search,control,2025-07-03,90,True,129.62,118.31
EXP-PAID-SEARCH-2025H2,C0001185,paid_search,treatment,2025-07-23,90,False,441.62,0.0
EXP-PAID-SEARCH-2025H2,C0001186,paid_search,control,2025-07-05,90,False,165.2,0.0
EXP-PAID-SEARCH-2025H2,C0001189,paid_search,control,2025-07-10,90,False,103.54,0.0
EXP-PAID-SEARCH-2025H2,C0001192,paid_search,control,2025-07-24,90,False,147.68,0.0
EXP-PAID-SEARCH-2025H2,C0001195,paid_search,control,2025-07-21,90,True,412.78,491.69
EXP-PAID-SEARCH-2025H2,C0001209,paid_search,control,2025-07-04,90,False,88.7,0.0
EXP-PAID-SEARCH-2025H2,C0001211,paid_search,treatment,2025-07-25,90,False,139.47,0.0
EXP-PAID-SEARCH-2025H2,C0001218,paid_search,control,2025-07-19,90,False,99.87,0.0
EXP-PAID-SEARCH-2025H2,C0001219,paid_search,control,2025-07-28,90,False,632.23,0.0
EXP-PAID-SEARCH-2025H2,C0001238,paid_search,control,2025-07-19,90,False,90.79,0.0
EXP-PAID-SEARCH-2025H2,C0001243,paid_search,treatment,2025-07-07,90,True,184.1,100.73
EXP-PAID-SEARCH-2025H2,C0001247,paid_search,treatment,2025-07-24,90,False,101.06,0.0
EXP-PAID-SEARCH-2025H2,C0001263,paid_search,control,2025-07-07,90,False,196.11,0.0
EXP-PAID-SEARCH-2025H2,C0001264,paid_search,treatment,2025-07-23,90,False,87.85,0.0
EXP-PAID-SEARCH-2025H2,C0001270,paid_search,treatment,2025-07-03,90,False,82.95,0.0
EXP-PAID-SEARCH-2025H2,C0001279,paid_search,control,2025-07-09,90,False,86.75,0.0
EXP-PAID-SEARCH-2025H2,C0001285,paid_search,control,2025-07-19,90,True,55.62,50.0
EXP-PAID-SEARCH-2025H2,C0001286,paid_search,control,2025-07-01,90,False,244.4,0.0
EXP-PAID-SEARCH-2025H2,C0001290,paid_search,treatment,2025-07-05,90,True,73.08,34.22
EXP-PAID-SEARCH-2025H2,C0001295,paid_search,control,2025-07-16,90,False,68.0,0.0
EXP-PAID-SEARCH-2025H2,C0001301,paid_search,control,2025-07-28,90,False,123.58,0.0
EXP-PAID-SEARCH-2025H2,C0001310,paid_search,treatment,2025-07-06,90,False,115.98,0.0
EXP-PAID-SEARCH-2025H2,C0001311,paid_search,treatment,2025-07-05,90,False,71.94,0.0
EXP-PAID-SEARCH-2025H2,C0001323,paid_search,control,2025-07-28,90,False,109.4,0.0
EXP-PAID-SEARCH-2025H2,C0001325,paid_search,treatment,2025-07-01,90,False,597.99,0.0
EXP-PAID-SEARCH-2025H2,C0001327,paid_search,control,2025-07-13,90,False,365.97,0.0
EXP-PAID-SEARCH-2025H2,C0001328,paid_search,treatment,2025-07-28,90,False,61.92,0.0
EXP-PAID-SEARCH-2025H2,C0001334,paid_search,treatment,2025-07-19,90,False,86.19,0.0
EXP-PAID-SEARCH-2025H2,C0001335,paid_search,treatment,2025-07-04,90,False,351.18,0.0
EXP-PAID-SEARCH-2025H2,C0001363,paid_search,treatment,2025-07-02,90,True,119.43,181.62
EXP-PAID-SEARCH-2025H2,C0001365,paid_search,treatment,2025-07-01,90,False,71.45,0.0
EXP-PAID-SEARCH-2025H2,C0001373,paid_search,control,2025-07-12,90,False,293.28,0.0
EXP-PAID-SEARCH-2025H2,C0001374,paid_search,control,2025-07-16,90,False,136.83,0.0
EXP-PAID-SEARCH-2025H2,C0001378,paid_search,treatment,2025-07-05,90,True,452.02,538.51
EXP-PAID-SEARCH-2025H2,C0001383,paid_search,control,2025-07-05,90,False,106.77,0.0
EXP-PAID-SEARCH-2025H2,C0001389,paid_search,treatment,2025-07-06,90,False,70.13,0.0
EXP-PAID-SEARCH-2025H2,C0001390,paid_search,treatment,2025-07-04,90,False,78.93,0.0
EXP-PAID-SEARCH-2025H2,C0001397,paid_search,treatment,2025-07-05,90,True,82.47,56.4
EXP-PAID-SEARCH-2025H2,C0001406,paid_search,treatment,2025-07-04,90,False,187.95,0.0
EXP-PAID-SEARCH-2025H2,C0001412,paid_search,control,2025-07-12,90,False,82.12,0.0
EXP-PAID-SEARCH-2025H2,C0001418,paid_search,treatment,2025-07-02,90,False,85.8,0.0
EXP-PAID-SEARCH-2025H2,C0001421,paid_search,treatment,2025-07-19,90,False,413.94,0.0
EXP-PAID-SEARCH-2025H2,C0001427,paid_search,control,2025-07-09,90,False,428.14,0.0
EXP-PAID-SEARCH-2025H2,C0001446,paid_search,control,2025-07-26,90,False,197.06,0.0
EXP-PAID-SEARCH-2025H2,C0001449,paid_search,treatment,2025-07-10,90,True,832.46,955.26
EXP-PAID-SEARCH-2025H2,C0001454,paid_search,treatment,2025-07-18,90,False,68.7,0.0
EXP-PAID-SEARCH-2025H2,C0001465,paid_search,treatment,2025-07-04,90,False,70.83,0.0
EXP-PAID-SEARCH-2025H2,C0001470,paid_search,control,2025-07-07,90,False,53.25,0.0
EXP-PAID-SEARCH-2025H2,C0001471,paid_search,treatment,2025-07-26,90,True,120.52,58.17
EXP-PAID-SEARCH-2025H2,C0001476,paid_search,control,2025-07-20,90,True,192.48,156.21
EXP-PAID-SEARCH-2025H2,C0001479,paid_search,treatment,2025-07-08,90,False,44.28,0.0
EXP-PAID-SEARCH-2025H2,C0001482,paid_search,control,2025-07-18,90,False,63.75,0.0
EXP-PAID-SEARCH-2025H2,C0001487,paid_search,treatment,2025-07-22,90,False,96.5,0.0
EXP-PAID-SEARCH-2025H2,C0001488,paid_search,treatment,2025-07-20,90,True,128.25,150.59
EXP-PAID-SEARCH-2025H2,C0001491,paid_search,treatment,2025-07-22,90,False,135.31,0.0
EXP-PAID-SEARCH-2025H2,C0001502,paid_search,control,2025-07-08,90,False,80.26,0.0
EXP-PAID-SEARCH-2025H2,C0001508,paid_search,control,2025-07-16,90,True,197.77,177.46
EXP-PAID-SEARCH-2025H2,C0001509,paid_search,treatment,2025-07-22,90,True,67.04,60.25
EXP-PAID-SEARCH-2025H2,C0001517,paid_search,treatment,2025-07-08,90,False,91.04,0.0
EXP-PAID-SEARCH-2025H2,C0001523,paid_search,treatment,2025-07-24,90,False,43.24,0.0
EXP-PAID-SEARCH-2025H2,C0001529,paid_search,control,2025-07-14,90,False,94.85,0.0
EXP-PAID-SEARCH-2025H2,C0001532,paid_search,treatment,2025-07-01,90,False,279.25,0.0
EXP-PAID-SEARCH-2025H2,C0001535,paid_search,control,2025-07-04,90,False,375.0,0.0
EXP-PAID-SEARCH-2025H2,C0001543,paid_search,control,2025-07-02,90,False,201.47,0.0
EXP-PAID-SEARCH-2025H2,C0001545,paid_search,control,2025-07-01,90,False,82.28,0.0
EXP-PAID-SEARCH-2025H2,C0001552,paid_search,treatment,2025-07-26,90,False,49.0,0.0
EXP-PAID-SEARCH-2025H2,C0001554,paid_search,treatment,2025-07-24,90,False,43.54,0.0
EXP-PAID-SEARCH-2025H2,C0001558,paid_search,treatment,2025-07-02,90,True,408.71,591.35
EXP-PAID-SEARCH-2025H2,C0001564,paid_search,control,2025-07-08,90,False,108.28,0.0
EXP-PAID-SEARCH-2025H2,C0001567,paid_search,treatment,2025-07-18,90,False,606.37,0.0
EXP-PAID-SEARCH-2025H2,C0001580,paid_search,treatment,2025-07-13,90,False,60.32,0.0
EXP-PAID-SEARCH-2025H2,C0001589,paid_search,treatment,2025-07-10,90,False,84.87,0.0
EXP-PAID-SEARCH-2025H2,C0001597,paid_search,treatment,2025-07-08,90,True,141.38,110.94
EXP-PAID-SEARCH-2025H2,C0001599,paid_search,treatment,2025-07-23,90,False,136.91,0.0
EXP-PAID-SEARCH-2025H2,C0001611,paid_search,treatment,2025-07-04,90,True,70.21,88.67
EXP-PAID-SEARCH-2025H2,C0001612,paid_search,treatment,2025-07-21,90,False,288.4,0.0
EXP-PAID-SEARCH-2025H2,C0001627,paid_search,control,2025-07-10,90,False,152.41,0.0
EXP-PAID-SEARCH-2025H2,C0001631,paid_search,control,2025-07-19,90,True,228.59,292.15
EXP-PAID-SEARCH-2025H2,C0001650,paid_search,treatment,2025-07-17,90,False,72.97,0.0
EXP-PAID-SEARCH-2025H2,C0001661,paid_search,treatment,2025-07-15,90,False,88.56,0.0
EXP-PAID-SEARCH-2025H2,C0001665,paid_search,control,2025-07-18,90,False,87.14,0.0
EXP-PAID-SEARCH-2025H2,C0001669,paid_search,control,2025-07-28,90,False,251.45,0.0
EXP-PAID-SEARCH-2025H2,C0001670,paid_search,treatment,2025-07-24,90,True,69.32,64.08
EXP-PAID-SEARCH-2025H2,C0001671,paid_search,control,2025-07-27,90,False,76.66,0.0
EXP-PAID-SEARCH-2025H2,C0001679,paid_search,treatment,2025-07-17,90,False,119.35,0.0
EXP-PAID-SEARCH-2025H2,C0001693,paid_search,control,2025-07-06,90,True,108.24,64.26
EXP-PAID-SEARCH-2025H2,C0001696,paid_search,control,2025-07-24,90,True,69.09,31.85
EXP-PAID-SEARCH-2025H2,C0001703,paid_search,treatment,2025-07-08,90,False,117.06,0.0
EXP-PAID-SEARCH-2025H2,C0001719,paid_search,treatment,2025-07-10,90,True,510.94,577.84
EXP-PAID-SEARCH-2025H2,C0001723,paid_search,treatment,2025-07-03,90,False,43.28,0.0
EXP-PAID-SEARCH-2025H2,C0001724,paid_search,treatment,2025-07-23,90,False,120.47,0.0
EXP-PAID-SEARCH-2025H2,C0001732,paid_search,treatment,2025-07-04,90,False,46.03,0.0
EXP-PAID-SEARCH-2025H2,C0001735,paid_search,treatment,2025-07-06,90,False,132.25,0.0
EXP-PAID-SEARCH-2025H2,C0001743,paid_search,treatment,2025-07-02,90,False,91.48,0.0
EXP-PAID-SEARCH-2025H2,C0001754,paid_search,control,2025-07-22,90,True,219.68,182.49
EXP-PAID-SEARCH-2025H2,C0001761,paid_search,treatment,2025-07-09,90,False,406.01,0.0
EXP-PAID-SEARCH-2025H2,C0001771,paid_search,treatment,2025-07-10,90,False,88.7,0.0
EXP-PAID-SEARCH-2025H2,C0001775,paid_search,control,2025-07-08,90,False,127.34,0.0
EXP-PAID-SEARCH-2025H2,C0001783,paid_search,treatment,2025-07-02,90,False,88.75,0.0
EXP-PAID-SEARCH-2025H2,C0001784,paid_search,control,2025-07-15,90,False,51.9,0.0
EXP-PAID-SEARCH-2025H2,C0001789,paid_search,control,2025-07-28,90,False,335.6,0.0
EXP-PAID-SEARCH-2025H2,C0001795,paid_search,treatment,2025-07-08,90,True,210.39,342.84
EXP-PAID-SEARCH-2025H2,C0001801,paid_search,treatment,2025-07-14,90,False,124.37,0.0
EXP-PAID-SEARCH-2025H2,C0001802,paid_search,treatment,2025-07-15,90,False,87.75,0.0
EXP-PAID-SEARCH-2025H2,C0001804,paid_search,treatment,2025-07-07,90,False,92.15,0.0
EXP-PAID-SEARCH-2025H2,C0001809,paid_search,control,2025-07-05,90,True,51.72,27.08
EXP-PAID-SEARCH-2025H2,C0001816,paid_search,control,2025-07-19,90,True,74.75,41.49
EXP-PAID-SEARCH-2025H2,C0001822,paid_search,control,2025-07-25,90,False,97.81,0.0
EXP-PAID-SEARCH-2025H2,C0001832,paid_search,treatment,2025-07-19,90,True,350.67,657.09
EXP-PAID-SEARCH-2025H2,C0001836,paid_search,control,2025-07-07,90,True,302.24,398.16
EXP-PAID-SEARCH-2025H2,C0001843,paid_search,treatment,2025-07-07,90,True,1400.87,1511.44
EXP-PAID-SEARCH-2025H2,C0001845,paid_search,treatment,2025-07-11,90,True,563.33,740.88
EXP-PAID-SEARCH-2025H2,C0001867,paid_search,control,2025-07-26,90,False,308.09,0.0
EXP-PAID-SEARCH-2025H2,C0001868,paid_search,control,2025-07-12,90,False,67.89,0.0
EXP-PAID-SEARCH-2025H2,C0001872,paid_search,treatment,2025-07-01,90,False,120.99,0.0
EXP-PAID-SEARCH-2025H2,C0001877,paid_search,control,2025-07-10,90,False,431.08,0.0
EXP-PAID-SEARCH-2025H2,C0001892,paid_search,control,2025-07-02,90,True,333.24,321.77
EXP-PAID-SEARCH-2025H2,C0001899,paid_search,control,2025-07-16,90,True,89.96,86.51
EXP-PAID-SEARCH-2025H2,C0001900,paid_search,control,2025-07-10,90,True,54.1,52.05
EXP-PAID-SEARCH-2025H2,C0001901,paid_search,control,2025-07-20,90,False,74.15,0.0
EXP-PAID-SEARCH-2025H2,C0001905,paid_search,control,2025-07-19,90,False,158.97,0.0
EXP-PAID-SEARCH-2025H2,C0001926,paid_search,treatment,2025-07-25,90,True,138.24,146.46
EXP-PAID-SEARCH-2025H2,C0001931,paid_search,control,2025-07-24,90,False,388.63,0.0
EXP-PAID-SEARCH-2025H2,C0001950,paid_search,treatment,2025-07-09,90,False,352.74,0.0
EXP-PAID-SEARCH-2025H2,C0001961,paid_search,treatment,2025-07-06,90,False,172.71,0.0
EXP-PAID-SEARCH-2025H2,C0001962,paid_search,treatment,2025-07-15,90,False,120.64,0.0
EXP-PAID-SEARCH-2025H2,C0001984,paid_search,control,2025-07-01,90,False,174.68,0.0
EXP-PAID-SEARCH-2025H2,C0001986,paid_search,control,2025-07-09,90,True,62.58,37.71
EXP-PAID-SEARCH-2025H2,C0001987,paid_search,treatment,2025-07-13,90,False,350.29,0.0
EXP-PAID-SEARCH-2025H2,C0002002,paid_search,treatment,2025-07-01,90,False,552.53,0.0
EXP-PAID-SEARCH-2025H2,C0002019,paid_search,control,2025-07-25,90,False,151.43,0.0
EXP-PAID-SEARCH-2025H2,C0002025,paid_search,control,2025-07-13,90,True,286.6,223.46
EXP-PAID-SEARCH-2025H2,C0002050,paid_search,treatment,2025-07-06,90,True,166.92,186.95
EXP-PAID-SEARCH-2025H2,C0002051,paid_search,treatment,2025-07-14,90,False,47.68,0.0
EXP-PAID-SEARCH-2025H2,C0002058,paid_search,treatment,2025-07-24,90,True,986.46,490.25
EXP-PAID-SEARCH-2025H2,C0002060,paid_search,control,2025-07-05,90,False,471.99,0.0
EXP-PAID-SEARCH-2025H2,C0002065,paid_search,treatment,2025-07-20,90,False,154.38,0.0
EXP-PAID-SEARCH-2025H2,C0002077,paid_search,control,2025-07-08,90,True,76.49,48.66
EXP-PAID-SEARCH-2025H2,C0002079,paid_search,control,2025-07-16,90,False,76.76,0.0
EXP-PAID-SEARCH-2025H2,C0002083,paid_search,treatment,2025-07-26,90,False,153.87,0.0
EXP-PAID-SEARCH-2025H2,C0002092,paid_search,treatment,2025-07-08,90,False,278.86,0.0
EXP-PAID-SEARCH-2025H2,C0002097,paid_search,treatment,2025-07-03,90,True,259.18,218.84
EXP-PAID-SEARCH-2025H2,C0002099,paid_search,treatment,2025-07-18,90,False,72.58,0.0
EXP-PAID-SEARCH-2025H2,C0002106,paid_search,treatment,2025-07-02,90,False,189.5,0.0
EXP-PAID-SEARCH-2025H2,C0002117,paid_search,treatment,2025-07-27,90,True,197.31,155.32
EXP-PAID-SEARCH-2025H2,C0002124,paid_search,control,2025-07-18,90,False,133.43,0.0
EXP-PAID-SEARCH-2025H2,C0002128,paid_search,control,2025-07-04,90,False,130.72,0.0
EXP-PAID-SEARCH-2025H2,C0002129,paid_search,control,2025-07-13,90,False,101.1,0.0
EXP-PAID-SEARCH-2025H2,C0002131,paid_search,treatment,2025-07-25,90,False,167.08,0.0
EXP-PAID-SEARCH-2025H2,C0002133,paid_search,treatment,2025-07-26,90,True,271.26,587.83
EXP-PAID-SEARCH-2025H2,C0002140,paid_search,treatment,2025-07-07,90,False,124.86,0.0
EXP-PAID-SEARCH-2025H2,C0002147,paid_search,treatment,2025-07-22,90,True,144.9,90.56
EXP-PAID-SEARCH-2025H2,C0002148,paid_search,treatment,2025-07-04,90,False,193.01,0.0
EXP-PAID-SEARCH-2025H2,C0002151,paid_search,treatment,2025-07-18,90,False,171.51,0.0
EXP-PAID-SEARCH-2025H2,C0002153,paid_search,control,2025-07-07,90,False,329.76,0.0
EXP-PAID-SEARCH-2025H2,C0002159,paid_search,control,2025-07-18,90,False,62.54,0.0
EXP-PAID-SEARCH-2025H2,C0002163,paid_search,treatment,2025-07-05,90,True,113.85,85.42
EXP-PAID-SEARCH-2025H2,C0002181,paid_search,control,2025-07-02,90,False,70.49,0.0
EXP-PAID-SEARCH-2025H2,C0002182,paid_search,treatment,2025-07-21,90,False,265.81,0.0
EXP-PAID-SEARCH-2025H2,C0002189,paid_search,control,2025-07-22,90,True,103.16,82.06
EXP-PAID-SEARCH-2025H2,C0002192,paid_search,treatment,2025-07-17,90,True,110.45,81.83
EXP-PAID-SEARCH-2025H2,C0002197,paid_search,control,2025-07-17,90,True,101.34,79.91
EXP-PAID-SEARCH-2025H2,C0002198,paid_search,control,2025-07-04,90,False,105.06,0.0
EXP-PAID-SEARCH-2025H2,C0002199,paid_search,control,2025-07-21,90,False,92.46,0.0
EXP-PAID-SEARCH-2025H2,C0002200,paid_search,control,2025-07-20,90,True,363.48,426.62
EXP-PAID-SEARCH-2025H2,C0002202,paid_search,treatment,2025-07-27,90,False,116.65,0.0
EXP-PAID-SEARCH-2025H2,C0002204,paid_search,treatment,2025-07-18,90,False,286.99,0.0
EXP-PAID-SEARCH-2025H2,C0002206,paid_search,control,2025-07-16,90,False,234.68,0.0
EXP-PAID-SEARCH-2025H2,C0002214,paid_search,control,2025-07-14,90,False,269.69,0.0
EXP-PAID-SEARCH-2025H2,C0002215,paid_search,treatment,2025-07-28,90,True,251.56,176.13
EXP-PAID-SEARCH-2025H2,C0002216,paid_search,treatment,2025-07-08,90,False,144.82,0.0
EXP-PAID-SEARCH-2025H2,C0002223,paid_search,treatment,2025-07-01,90,False,82.27,0.0
EXP-PAID-SEARCH-2025H2,C0002225,paid_search,treatment,2025-07-13,90,False,357.51,0.0
EXP-PAID-SEARCH-2025H2,C0002231,paid_search,control,2025-07-19,90,False,83.9,0.0
EXP-PAID-SEARCH-2025H2,C0002233,paid_search,treatment,2025-07-22,90,True,72.48,106.05
EXP-PAID-SEARCH-2025H2,C0002242,paid_search,treatment,2025-07-26,90,False,66.88,0.0
EXP-PAID-SEARCH-2025H2,C0002249,paid_search,control,2025-07-24,90,False,58.49,0.0
EXP-PAID-SEARCH-2025H2,C0002254,paid_search,control,2025-07-14,90,True,66.81,65.97
EXP-PAID-SEARCH-2025H2,C0002256,paid_search,control,2025-07-17,90,False,56.47,0.0
EXP-PAID-SEARCH-2025H2,C0002265,paid_search,control,2025-07-06,90,False,141.25,0.0
EXP-PAID-SEARCH-2025H2,C0002266,paid_search,control,2025-07-08,90,False,399.11,0.0
EXP-PAID-SEARCH-2025H2,C0002269,paid_search,control,2025-07-08,90,False,80.42,0.0
EXP-PAID-SEARCH-2025H2,C0002270,paid_search,control,2025-07-05,90,True,59.56,29.19
EXP-PAID-SEARCH-2025H2,C0002274,paid_search,control,2025-07-13,90,False,75.34,0.0
EXP-PAID-SEARCH-2025H2,C0002275,paid_search,control,2025-07-22,90,False,431.04,0.0
EXP-PAID-SEARCH-2025H2,C0002277,paid_search,treatment,2025-07-04,90,True,102.85,154.51
EXP-PAID-SEARCH-2025H2,C0002278,paid_search,control,2025-07-24,90,False,62.84,0.0
EXP-PAID-SEARCH-2025H2,C0002284,paid_search,treatment,2025-07-27,90,False,49.59,0.0
EXP-PAID-SEARCH-2025H2,C0002293,paid_search,treatment,2025-07-16,90,False,117.95,0.0
EXP-PAID-SEARCH-2025H2,C0002309,paid_search,control,2025-07-07,90,True,371.22,178.19
EXP-PAID-SEARCH-2025H2,C0002318,paid_search,control,2025-07-15,90,True,132.89,136.55
EXP-PAID-SEARCH-2025H2,C0002320,paid_search,control,2025-07-11,90,False,55.32,0.0
EXP-PAID-SEARCH-2025H2,C0002328,paid_search,treatment,2025-07-03,90,False,119.23,0.0
EXP-PAID-SEARCH-2025H2,C0002335,paid_search,treatment,2025-07-01,90,False,49.18,0.0
EXP-PAID-SEARCH-2025H2,C0002336,paid_search,treatment,2025-07-28,90,True,118.48,103.0
EXP-PAID-SEARCH-2025H2,C0002337,paid_search,control,2025-07-08,90,False,217.64,0.0
EXP-PAID-SEARCH-2025H2,C0002340,paid_search,control,2025-07-19,90,True,83.34,42.85
EXP-PAID-SEARCH-2025H2,C0002342,paid_search,treatment,2025-07-22,90,True,231.67,194.14
EXP-PAID-SEARCH-2025H2,C0002344,paid_search,control,2025-07-14,90,False,87.55,0.0
EXP-PAID-SEARCH-2025H2,C0002348,paid_search,control,2025-07-09,90,False,562.91,0.0
EXP-PAID-SEARCH-2025H2,C0002353,paid_search,control,2025-07-08,90,False,54.62,0.0
EXP-PAID-SEARCH-2025H2,C0002354,paid_search,treatment,2025-07-18,90,False,70.35,0.0
EXP-PAID-SEARCH-2025H2,C0002359,paid_search,treatment,2025-07-01,90,False,40.32,0.0
EXP-PAID-SEARCH-2025H2,C0002360,paid_search,treatment,2025-07-07,90,False,288.78,0.0
EXP-PAID-SEARCH-2025H2,C0002367,paid_search,control,2025-07-21,90,True,75.07,65.53
EXP-PAID-SEARCH-2025H2,C0002375,paid_search,control,2025-07-27,90,False,154.15,0.0
EXP-PAID-SEARCH-2025H2,C0002376,paid_search,control,2025-07-19,90,False,78.68,0.0
EXP-PAID-SEARCH-2025H2,C0002411,paid_search,treatment,2025-07-22,90,False,59.91,0.0
EXP-PAID-SEARCH-2025H2,C0002412,paid_search,control,2025-07-07,90,False,59.08,0.0
EXP-PAID-SEARCH-2025H2,C0002425,paid_search,control,2025-07-10,90,False,265.41,0.0
EXP-PAID-SEARCH-2025H2,C0002432,paid_search,control,2025-07-07,90,True,427.19,342.46
EXP-PAID-SEARCH-2025H2,C0002438,paid_search,treatment,2025-07-13,90,True,293.26,446.73
EXP-PAID-SEARCH-2025H2,C0002444,paid_search,control,2025-07-14,90,False,98.02,0.0
EXP-PAID-SEARCH-2025H2,C0002446,paid_search,treatment,2025-07-06,90,True,147.43,97.71
EXP-PAID-SEARCH-2025H2,C0002454,paid_search,treatment,2025-07-06,90,False,137.89,0.0
EXP-PAID-SEARCH-2025H2,C0002458,paid_search,control,2025-07-02,90,False,377.97,0.0
EXP-PAID-SEARCH-2025H2,C0002474,paid_search,control,2025-07-13,90,False,196.9,0.0
EXP-PAID-SEARCH-2025H2,C0002475,paid_search,treatment,2025-07-10,90,True,313.25,289.65
EXP-PAID-SEARCH-2025H2,C0002476,paid_search,control,2025-07-16,90,True,326.25,101.38
EXP-PAID-SEARCH-2025H2,C0002477,paid_search,control,2025-07-16,90,False,708.24,0.0
EXP-PAID-SEARCH-2025H2,C0002483,paid_search,control,2025-07-09,90,False,64.17,0.0
EXP-PAID-SEARCH-2025H2,C0002492,paid_search,control,2025-07-20,90,False,149.98,0.0
EXP-PAID-SEARCH-2025H2,C0002494,paid_search,control,2025-07-11,90,False,675.71,0.0
EXP-PAID-SEARCH-2025H2,C0002497,paid_search,treatment,2025-07-25,90,True,257.66,102.9
EXP-PAID-SEARCH-2025H2,C0002514,paid_search,control,2025-07-11,90,False,72.39,0.0
EXP-PAID-SEARCH-2025H2,C0002519,paid_search,treatment,2025-07-04,90,False,743.47,0.0
EXP-PAID-SEARCH-2025H2,C0002522,paid_search,control,2025-07-10,90,False,77.58,0.0
EXP-PAID-SEARCH-2025H2,C0002524,paid_search,control,2025-07-27,90,False,68.38,0.0
EXP-PAID-SEARCH-2025H2,C0002532,paid_search,control,2025-07-09,90,False,67.88,0.0
EXP-PAID-SEARCH-2025H2,C0002533,paid_search,control,2025-07-07,90,False,161.77,0.0
EXP-PAID-SEARCH-2025H2,C0002535,paid_search,control,2025-07-24,90,False,141.01,0.0
EXP-PAID-SEARCH-2025H2,C0002536,paid_search,treatment,2025-07-13,90,True,95.02,77.63
EXP-PAID-SEARCH-2025H2,C0002542,paid_search,treatment,2025-07-26,90,False,135.7,0.0
EXP-PAID-SEARCH-2025H2,C0002551,paid_search,treatment,2025-07-12,90,False,76.24,0.0
EXP-PAID-SEARCH-2025H2,C0002554,paid_search,treatment,2025-07-26,90,False,164.7,0.0
EXP-PAID-SEARCH-2025H2,C0002557,paid_search,control,2025-07-06,90,False,61.72,0.0
EXP-PAID-SEARCH-2025H2,C0002564,paid_search,treatment,2025-07-28,90,False,436.09,0.0
EXP-PAID-SEARCH-2025H2,C0002565,paid_search,control,2025-07-14,90,False,200.97,0.0
EXP-PAID-SEARCH-2025H2,C0002589,paid_search,control,2025-07-08,90,True,110.73,158.94
EXP-PAID-SEARCH-2025H2,C0002592,paid_search,treatment,2025-07-07,90,True,96.31,129.94
EXP-PAID-SEARCH-2025H2,C0002605,paid_search,treatment,2025-07-25,90,True,67.03,62.76
EXP-PAID-SEARCH-2025H2,C0002606,paid_search,treatment,2025-07-06,90,False,145.51,0.0
EXP-PAID-SEARCH-2025H2,C0002610,paid_search,control,2025-07-24,90,True,819.64,485.35
EXP-PAID-SEARCH-2025H2,C0002611,paid_search,treatment,2025-07-07,90,False,107.44,0.0
EXP-PAID-SEARCH-2025H2,C0002616,paid_search,control,2025-07-05,90,False,55.23,0.0
EXP-PAID-SEARCH-2025H2,C0002618,paid_search,control,2025-07-28,90,True,271.84,329.0
EXP-PAID-SEARCH-2025H2,C0002620,paid_search,control,2025-07-19,90,True,113.8,157.09
EXP-PAID-SEARCH-2025H2,C0002633,paid_search,treatment,2025-07-01,90,True,68.66,54.68
EXP-PAID-SEARCH-2025H2,C0002634,paid_search,control,2025-07-10,90,False,232.65,0.0
EXP-PAID-SEARCH-2025H2,C0002642,paid_search,control,2025-07-16,90,False,659.05,0.0
EXP-PAID-SEARCH-2025H2,C0002646,paid_search,treatment,2025-07-15,90,False,62.87,0.0
EXP-PAID-SEARCH-2025H2,C0002655,paid_search,control,2025-07-02,90,False,166.21,0.0
EXP-PAID-SEARCH-2025H2,C0002659,paid_search,treatment,2025-07-04,90,False,48.05,0.0
EXP-PAID-SEARCH-2025H2,C0002675,paid_search,control,2025-07-08,90,False,104.02,0.0
EXP-PAID-SEARCH-2025H2,C0002676,paid_search,treatment,2025-07-15,90,True,126.35,191.77
EXP-PAID-SEARCH-2025H2,C0002687,paid_search,control,2025-07-24,90,False,676.7,0.0
EXP-PAID-SEARCH-2025H2,C0002693,paid_search,treatment,2025-07-18,90,True,52.31,38.8
EXP-PAID-SEARCH-2025H2,C0002705,paid_search,control,2025-07-03,90,False,135.75,0.0
EXP-PAID-SEARCH-2025H2,C0002708,paid_search,control,2025-07-08,90,False,79.63,0.0
EXP-PAID-SEARCH-2025H2,C0002712,paid_search,control,2025-07-23,90,False,66.35,0.0
EXP-PAID-SEARCH-2025H2,C0002713,paid_search,control,2025-07-09,90,False,119.33,0.0
EXP-PAID-SEARCH-2025H2,C0002726,paid_search,control,2025-07-16,90,True,131.34,159.3
EXP-PAID-SEARCH-2025H2,C0002734,paid_search,control,2025-07-18,90,True,145.41,196.14
EXP-PAID-SEARCH-2025H2,C0002748,paid_search,control,2025-07-13,90,False,88.14,0.0
EXP-PAID-SEARCH-2025H2,C0002763,paid_search,control,2025-07-01,90,False,73.51,0.0
EXP-PAID-SEARCH-2025H2,C0002766,paid_search,control,2025-07-04,90,True,954.66,951.78
EXP-PAID-SEARCH-2025H2,C0002775,paid_search,treatment,2025-07-11,90,False,265.64,0.0
EXP-PAID-SEARCH-2025H2,C0002777,paid_search,control,2025-07-21,90,False,157.07,0.0
EXP-PAID-SEARCH-2025H2,C0002781,paid_search,control,2025-07-14,90,False,164.58,0.0
EXP-PAID-SEARCH-2025H2,C0002786,paid_search,control,2025-07-28,90,False,116.94,0.0
EXP-PAID-SEARCH-2025H2,C0002790,paid_search,control,2025-07-17,90,False,105.04,0.0
EXP-PAID-SEARCH-2025H2,C0002794,paid_search,treatment,2025-07-13,90,True,539.02,509.13
EXP-PAID-SEARCH-2025H2,C0002799,paid_search,control,2025-07-19,90,False,131.13,0.0
EXP-PAID-SEARCH-2025H2,C0002809,paid_search,treatment,2025-07-27,90,False,68.19,0.0
EXP-PAID-SEARCH-2025H2,C0002818,paid_search,treatment,2025-07-17,90,False,445.73,0.0
EXP-PAID-SEARCH-2025H2,C0002828,paid_search,treatment,2025-07-28,90,False,271.37,0.0
EXP-PAID-SEARCH-2025H2,C0002829,paid_search,treatment,2025-07-02,90,False,198.17,0.0
EXP-PAID-SEARCH-2025H2,C0002831,paid_search,treatment,2025-07-01,90,False,102.02,0.0
EXP-PAID-SEARCH-2025H2,C0002840,paid_search,control,2025-07-03,90,False,533.08,0.0
EXP-PAID-SEARCH-2025H2,C0002849,paid_search,control,2025-07-18,90,False,90.06,0.0
EXP-PAID-SEARCH-2025H2,C0002851,paid_search,control,2025-07-16,90,False,103.07,0.0
EXP-PAID-SEARCH-2025H2,C0002852,paid_search,treatment,2025-07-02,90,False,290.4,0.0
EXP-PAID-SEARCH-2025H2,C0002869,paid_search,treatment,2025-07-26,90,False,99.9,0.0
EXP-PAID-SEARCH-2025H2,C0002870,paid_search,treatment,2025-07-12,90,True,205.55,182.94
EXP-PAID-SEARCH-2025H2,C0002874,paid_search,treatment,2025-07-09,90,False,107.98,0.0
EXP-PAID-SEARCH-2025H2,C0002878,paid_search,treatment,2025-07-12,90,False,240.05,0.0
EXP-PAID-SEARCH-2025H2,C0002879,paid_search,treatment,2025-07-02,90,True,198.7,96.04
EXP-PAID-SEARCH-2025H2,C0002892,paid_search,control,2025-07-08,90,False,86.99,0.0
EXP-PAID-SEARCH-2025H2,C0002895,paid_search,control,2025-07-22,90,False,122.18,0.0
EXP-PAID-SEARCH-2025H2,C0002896,paid_search,treatment,2025-07-19,90,True,118.32,118.84
EXP-PAID-SEARCH-2025H2,C0002901,paid_search,control,2025-07-12,90,False,79.93,0.0
EXP-PAID-SEARCH-2025H2,C0002925,paid_search,control,2025-07-23,90,False,170.05,0.0
EXP-PAID-SEARCH-2025H2,C0002933,paid_search,control,2025-07-17,90,False,321.96,0.0
EXP-PAID-SEARCH-2025H2,C0002943,paid_search,treatment,2025-07-10,90,False,408.6,0.0
EXP-PAID-SEARCH-2025H2,C0002960,paid_search,control,2025-07-04,90,False,324.25,0.0
EXP-PAID-SEARCH-2025H2,C0002962,paid_search,treatment,2025-07-03,90,False,57.48,0.0
EXP-PAID-SEARCH-2025H2,C0002965,paid_search,control,2025-07-01,90,False,402.75,0.0
EXP-PAID-SEARCH-2025H2,C0002966,paid_search,control,2025-07-02,90,False,263.6,0.0
EXP-PAID-SEARCH-2025H2,C0002975,paid_search,treatment,2025-07-16,90,False,320.76,0.0
EXP-PAID-SEARCH-2025H2,C0002976,paid_search,treatment,2025-07-04,90,True,437.61,532.24
EXP-PAID-SEARCH-2025H2,C0002979,paid_search,control,2025-07-03,90,False,195.82,0.0
EXP-PAID-SEARCH-2025H2,C0002984,paid_search,control,2025-07-25,90,False,90.94,0.0
EXP-PAID-SEARCH-2025H2,C0002985,paid_search,control,2025-07-13,90,True,178.0,99.41
EXP-PAID-SEARCH-2025H2,C0002987,paid_search,treatment,2025-07-19,90,False,210.57,0.0
EXP-PAID-SEARCH-2025H2,C0002992,paid_search,treatment,2025-07-12,90,False,289.11,0.0
EXP-PAID-SEARCH-2025H2,C0002997,paid_search,treatment,2025-07-14,90,True,288.52,368.32
EXP-PAID-SEARCH-2025H2,C0003007,paid_search,treatment,2025-07-24,90,True,63.96,50.08
EXP-PAID-SEARCH-2025H2,C0003012,paid_search,control,2025-07-05,90,False,154.58,0.0
EXP-PAID-SEARCH-2025H2,C0003014,paid_search,control,2025-07-20,90,False,66.38,0.0
EXP-PAID-SEARCH-2025H2,C0003020,paid_search,control,2025-07-09,90,False,72.05,0.0
EXP-PAID-SEARCH-2025H2,C0003024,paid_search,control,2025-07-15,90,False,83.08,0.0
EXP-PAID-SEARCH-2025H2,C0003034,paid_search,control,2025-07-06,90,True,404.54,301.2
EXP-PAID-SEARCH-2025H2,C0003044,paid_search,control,2025-07-08,90,False,77.73,0.0
EXP-PAID-SEARCH-2025H2,C0003045,paid_search,treatment,2025-07-04,90,True,441.24,371.3
EXP-PAID-SEARCH-2025H2,C0003053,paid_search,treatment,2025-07-24,90,False,226.89,0.0
EXP-PAID-SEARCH-2025H2,C0003061,paid_search,treatment,2025-07-10,90,True,299.87,180.48
EXP-PAID-SEARCH-2025H2,C0003067,paid_search,control,2025-07-23,90,True,101.44,105.62
EXP-PAID-SEARCH-2025H2,C0003072,paid_search,treatment,2025-07-25,90,False,102.06,0.0
EXP-PAID-SEARCH-2025H2,C0003074,paid_search,control,2025-07-22,90,False,287.35,0.0
EXP-PAID-SEARCH-2025H2,C0003079,paid_search,control,2025-07-20,90,True,245.45,134.96
EXP-PAID-SEARCH-2025H2,C0003088,paid_search,treatment,2025-07-22,90,True,124.32,175.64
EXP-PAID-SEARCH-2025H2,C0003101,paid_search,treatment,2025-07-23,90,True,45.84,47.82
EXP-PAID-SEARCH-2025H2,C0003110,paid_search,treatment,2025-07-21,90,False,83.03,0.0
EXP-PAID-SEARCH-2025H2,C0003114,paid_search,control,2025-07-09,90,False,99.02,0.0
EXP-PAID-SEARCH-2025H2,C0003119,paid_search,treatment,2025-07-14,90,False,92.22,0.0
EXP-PAID-SEARCH-2025H2,C0003129,paid_search,control,2025-07-05,90,True,174.73,83.34
EXP-PAID-SEARCH-2025H2,C0003132,paid_search,control,2025-07-13,90,False,212.13,0.0
EXP-PAID-SEARCH-2025H2,C0003151,paid_search,treatment,2025-07-22,90,False,74.25,0.0
EXP-PAID-SEARCH-2025H2,C0003156,paid_search,control,2025-07-22,90,False,65.74,0.0
EXP-PAID-SEARCH-2025H2,C0003161,paid_search,treatment,2025-07-07,90,False,48.92,0.0
EXP-PAID-SEARCH-2025H2,C0003165,paid_search,treatment,2025-07-17,90,False,57.06,0.0
EXP-PAID-SEARCH-2025H2,C0003192,paid_search,control,2025-07-04,90,False,90.12,0.0
EXP-PAID-SEARCH-2025H2,C0003195,paid_search,treatment,2025-07-19,90,False,52.92,0.0
EXP-PAID-SEARCH-2025H2,C0003196,paid_search,treatment,2025-07-18,90,False,157.52,0.0
EXP-PAID-SEARCH-2025H2,C0003198,paid_search,treatment,2025-07-10,90,False,296.48,0.0
EXP-PAID-SEARCH-2025H2,C0003212,paid_search,treatment,2025-07-04,90,True,45.2,47.51
EXP-PAID-SEARCH-2025H2,C0003216,paid_search,treatment,2025-07-16,90,True,256.5,273.16
EXP-PAID-SEARCH-2025H2,C0003225,paid_search,treatment,2025-07-15,90,True,265.47,355.3
EXP-PAID-SEARCH-2025H2,C0003226,paid_search,control,2025-07-27,90,True,44.69,31.18
EXP-PAID-SEARCH-2025H2,C0003227,paid_search,control,2025-07-12,90,False,74.73,0.0
EXP-PAID-SEARCH-2025H2,C0003233,paid_search,control,2025-07-13,90,False,79.03,0.0
EXP-PAID-SEARCH-2025H2,C0003238,paid_search,control,2025-07-08,90,True,106.25,78.06
EXP-PAID-SEARCH-2025H2,C0003242,paid_search,control,2025-07-15,90,False,100.78,0.0
EXP-PAID-SEARCH-2025H2,C0003251,paid_search,control,2025-07-17,90,False,85.42,0.0
EXP-PAID-SEARCH-2025H2,C0003254,paid_search,treatment,2025-07-26,90,False,171.25,0.0
EXP-PAID-SEARCH-2025H2,C0003255,paid_search,treatment,2025-07-25,90,True,101.93,67.4
EXP-PAID-SEARCH-2025H2,C0003258,paid_search,control,2025-07-17,90,False,635.02,0.0
EXP-PAID-SEARCH-2025H2,C0003266,paid_search,control,2025-07-28,90,False,135.99,0.0
EXP-PAID-SEARCH-2025H2,C0003269,paid_search,treatment,2025-07-24,90,True,703.8,901.86
EXP-PAID-SEARCH-2025H2,C0003270,paid_search,control,2025-07-25,90,False,112.05,0.0
EXP-PAID-SEARCH-2025H2,C0003272,paid_search,control,2025-07-09,90,False,868.34,0.0
EXP-PAID-SEARCH-2025H2,C0003274,paid_search,treatment,2025-07-06,90,False,72.22,0.0
EXP-PAID-SEARCH-2025H2,C0003286,paid_search,control,2025-07-18,90,False,65.05,0.0
EXP-PAID-SEARCH-2025H2,C0003293,paid_search,treatment,2025-07-23,90,True,65.21,93.76
EXP-PAID-SEARCH-2025H2,C0003298,paid_search,control,2025-07-02,90,False,86.1,0.0
EXP-PAID-SEARCH-2025H2,C0003300,paid_search,treatment,2025-07-11,90,True,126.13,155.0
EXP-PAID-SEARCH-2025H2,C0003301,paid_search,control,2025-07-12,90,False,65.26,0.0
EXP-PAID-SEARCH-2025H2,C0003313,paid_search,treatment,2025-07-17,90,False,379.85,0.0
EXP-PAID-SEARCH-2025H2,C0003323,paid_search,treatment,2025-07-24,90,False,130.74,0.0
EXP-PAID-SEARCH-2025H2,C0003328,paid_search,control,2025-07-22,90,False,272.32,0.0
EXP-PAID-SEARCH-2025H2,C0003335,paid_search,treatment,2025-07-27,90,False,289.11,0.0
EXP-PAID-SEARCH-2025H2,C0003343,paid_search,treatment,2025-07-18,90,True,300.9,289.67
EXP-PAID-SEARCH-2025H2,C0003348,paid_search,treatment,2025-07-12,90,False,321.61,0.0
EXP-PAID-SEARCH-2025H2,C0003358,paid_search,treatment,2025-07-02,90,False,142.68,0.0
EXP-PAID-SEARCH-2025H2,C0003361,paid_search,control,2025-07-17,90,False,73.72,0.0
EXP-PAID-SEARCH-2025H2,C0003363,paid_search,treatment,2025-07-06,90,True,391.38,430.94
EXP-PAID-SEARCH-2025H2,C0003368,paid_search,control,2025-07-13,90,False,68.51,0.0
EXP-PAID-SEARCH-2025H2,C0003370,paid_search,control,2025-07-03,90,False,529.38,0.0
EXP-PAID-SEARCH-2025H2,C0003372,paid_search,treatment,2025-07-24,90,True,125.73,185.75
EXP-PAID-SEARCH-2025H2,C0003374,paid_search,control,2025-07-22,90,False,67.46,0.0
EXP-PAID-SEARCH-2025H2,C0003375,paid_search,treatment,2025-07-26,90,False,120.19,0.0
EXP-PAID-SEARCH-2025H2,C0003377,paid_search,treatment,2025-07-22,90,False,883.06,0.0
EXP-PAID-SEARCH-2025H2,C0003387,paid_search,control,2025-07-20,90,True,259.76,311.73
EXP-PAID-SEARCH-2025H2,C0003395,paid_search,control,2025-07-28,90,True,74.46,48.7
EXP-PAID-SEARCH-2025H2,C0003399,paid_search,treatment,2025-07-02,90,False,313.95,0.0
EXP-PAID-SEARCH-2025H2,C0003418,paid_search,control,2025-07-28,90,True,266.08,216.7
EXP-PAID-SEARCH-2025H2,C0003425,paid_search,treatment,2025-07-11,90,False,61.33,0.0
EXP-PAID-SEARCH-2025H2,C0003426,paid_search,control,2025-07-15,90,False,93.21,0.0
EXP-PAID-SEARCH-2025H2,C0003433,paid_search,treatment,2025-07-03,90,False,54.03,0.0
EXP-PAID-SEARCH-2025H2,C0003437,paid_search,treatment,2025-07-27,90,False,94.57,0.0
EXP-PAID-SEARCH-2025H2,C0003438,paid_search,treatment,2025-07-19,90,True,131.16,188.47
EXP-PAID-SEARCH-2025H2,C0003446,paid_search,control,2025-07-10,90,False,334.81,0.0
EXP-PAID-SEARCH-2025H2,C0003464,paid_search,control,2025-07-28,90,False,214.43,0.0
EXP-PAID-SEARCH-2025H2,C0003468,paid_search,treatment,2025-07-24,90,True,361.97,557.39
EXP-PAID-SEARCH-2025H2,C0003470,paid_search,control,2025-07-14,90,True,83.53,40.76
EXP-PAID-SEARCH-2025H2,C0003472,paid_search,treatment,2025-07-05,90,True,121.92,118.68
EXP-PAID-SEARCH-2025H2,C0003473,paid_search,treatment,2025-07-19,90,False,214.56,0.0
EXP-PAID-SEARCH-2025H2,C0003483,paid_search,treatment,2025-07-08,90,False,48.2,0.0
EXP-PAID-SEARCH-2025H2,C0003491,paid_search,control,2025-07-14,90,True,91.22,71.04
EXP-PAID-SEARCH-2025H2,C0003492,paid_search,control,2025-07-17,90,False,104.8,0.0
EXP-PAID-SEARCH-2025H2,C0003500,paid_search,control,2025-07-20,90,False,196.27,0.0
EXP-PAID-SEARCH-2025H2,C0003503,paid_search,treatment,2025-07-28,90,True,113.4,64.57
EXP-PAID-SEARCH-2025H2,C0003511,paid_search,control,2025-07-24,90,False,449.7,0.0
EXP-PAID-SEARCH-2025H2,C0003512,paid_search,control,2025-07-14,90,True,117.96,106.19
EXP-PAID-SEARCH-2025H2,C0003519,paid_search,treatment,2025-07-18,90,True,74.27,94.62
EXP-PAID-SEARCH-2025H2,C0003526,paid_search,control,2025-07-09,90,True,84.71,44.28
EXP-PAID-SEARCH-2025H2,C0003528,paid_search,treatment,2025-07-11,90,False,247.43,0.0
EXP-PAID-SEARCH-2025H2,C0003530,paid_search,control,2025-07-24,90,True,148.17,209.36
EXP-PAID-SEARCH-2025H2,C0003531,paid_search,treatment,2025-07-28,90,True,640.75,752.71
EXP-PAID-SEARCH-2025H2,C0003549,paid_search,treatment,2025-07-01,90,False,162.43,0.0
EXP-PAID-SEARCH-2025H2,C0003560,paid_search,control,2025-07-10,90,False,134.77,0.0
EXP-PAID-SEARCH-2025H2,C0003566,paid_search,control,2025-07-07,90,False,119.74,0.0
EXP-PAID-SEARCH-2025H2,C0003574,paid_search,control,2025-07-04,90,True,89.87,56.11
EXP-PAID-SEARCH-2025H2,C0003582,paid_search,control,2025-07-06,90,False,396.5,0.0
EXP-PAID-SEARCH-2025H2,C0003587,paid_search,control,2025-07-17,90,True,81.91,59.82
EXP-PAID-SEARCH-2025H2,C0003604,paid_search,treatment,2025-07-23,90,True,137.54,116.76
EXP-PAID-SEARCH-2025H2,C0003605,paid_search,control,2025-07-10,90,False,101.32,0.0
EXP-PAID-SEARCH-2025H2,C0003613,paid_search,treatment,2025-07-16,90,False,134.29,0.0
EXP-PAID-SEARCH-2025H2,C0003637,paid_search,control,2025-07-04,90,False,74.06,0.0
EXP-PAID-SEARCH-2025H2,C0003649,paid_search,control,2025-07-11,90,False,89.89,0.0
EXP-PAID-SEARCH-2025H2,C0003651,paid_search,control,2025-07-27,90,True,316.44,354.56
EXP-PAID-SEARCH-2025H2,C0003653,paid_search,treatment,2025-07-16,90,False,64.67,0.0
EXP-PAID-SEARCH-2025H2,C0003657,paid_search,treatment,2025-07-01,90,False,74.06,0.0
EXP-PAID-SEARCH-2025H2,C0003660,paid_search,treatment,2025-07-04,90,True,356.8,453.63
EXP-PAID-SEARCH-2025H2,C0003665,paid_search,treatment,2025-07-21,90,True,84.9,74.25
EXP-PAID-SEARCH-2025H2,C0003667,paid_search,control,2025-07-03,90,False,192.83,0.0
EXP-PAID-SEARCH-2025H2,C0003676,paid_search,treatment,2025-07-10,90,True,217.31,216.63
EXP-PAID-SEARCH-2025H2,C0003677,paid_search,control,2025-07-08,90,False,281.45,0.0
EXP-PAID-SEARCH-2025H2,C0003683,paid_search,treatment,2025-07-20,90,False,175.56,0.0
EXP-PAID-SEARCH-2025H2,C0003684,paid_search,control,2025-07-11,90,True,269.14,335.39
EXP-PAID-SEARCH-2025H2,C0003685,paid_search,control,2025-07-02,90,False,52.4,0.0
EXP-PAID-SEARCH-2025H2,C0003689,paid_search,control,2025-07-10,90,False,887.29,0.0
EXP-PAID-SEARCH-2025H2,C0003707,paid_search,control,2025-07-24,90,True,176.31,134.55
EXP-PAID-SEARCH-2025H2,C0003708,paid_search,treatment,2025-07-02,90,False,285.29,0.0
EXP-PAID-SEARCH-2025H2,C0003710,paid_search,control,2025-07-03,90,True,317.08,129.05
EXP-PAID-SEARCH-2025H2,C0003715,paid_search,treatment,2025-07-10,90,True,378.53,263.87
EXP-PAID-SEARCH-2025H2,C0003716,paid_search,treatment,2025-07-13,90,False,127.58,0.0
EXP-PAID-SEARCH-2025H2,C0003722,paid_search,control,2025-07-20,90,False,76.79,0.0
EXP-PAID-SEARCH-2025H2,C0003723,paid_search,control,2025-07-05,90,False,95.38,0.0
EXP-PAID-SEARCH-2025H2,C0003725,paid_search,treatment,2025-07-13,90,False,50.2,0.0
EXP-PAID-SEARCH-2025H2,C0003732,paid_search,control,2025-07-16,90,True,277.69,178.31
EXP-PAID-SEARCH-2025H2,C0003733,paid_search,treatment,2025-07-24,90,False,261.8,0.0
EXP-PAID-SEARCH-2025H2,C0003742,paid_search,treatment,2025-07-24,90,False,143.86,0.0
EXP-PAID-SEARCH-2025H2,C0003752,paid_search,treatment,2025-07-01,90,True,161.72,212.78
EXP-PAID-SEARCH-2025H2,C0003754,paid_search,treatment,2025-07-23,90,False,63.23,0.0
EXP-PAID-SEARCH-2025H2,C0003767,paid_search,control,2025-07-03,90,False,130.6,0.0
EXP-PAID-SEARCH-2025H2,C0003774,paid_search,control,2025-07-28,90,False,86.72,0.0
EXP-PAID-SEARCH-2025H2,C0003792,paid_search,control,2025-07-09,90,False,114.19,0.0
EXP-PAID-SEARCH-2025H2,C0003795,paid_search,control,2025-07-24,90,False,105.07,0.0
EXP-PAID-SEARCH-2025H2,C0003798,paid_search,treatment,2025-07-20,90,True,142.32,55.64
EXP-PAID-SEARCH-2025H2,C0003803,paid_search,treatment,2025-07-10,90,False,309.44,0.0
EXP-PAID-SEARCH-2025H2,C0003804,paid_search,treatment,2025-07-15,90,True,85.34,91.02
EXP-PAID-SEARCH-2025H2,C0003815,paid_search,control,2025-07-12,90,False,103.32,0.0
EXP-PAID-SEARCH-2025H2,C0003821,paid_search,treatment,2025-07-06,90,True,62.72,47.82
EXP-PAID-SEARCH-2025H2,C0003823,paid_search,control,2025-07-09,90,False,183.51,0.0
EXP-PAID-SEARCH-2025H2,C0003833,paid_search,control,2025-07-13,90,False,115.63,0.0
EXP-PAID-SEARCH-2025H2,C0003834,paid_search,control,2025-07-09,90,True,64.64,61.82
EXP-PAID-SEARCH-2025H2,C0003836,paid_search,control,2025-07-17,90,True,112.62,126.36
EXP-PAID-SEARCH-2025H2,C0003844,paid_search,treatment,2025-07-02,90,False,259.77,0.0
EXP-PAID-SEARCH-2025H2,C0003845,paid_search,treatment,2025-07-12,90,True,298.38,355.33
EXP-PAID-SEARCH-2025H2,C0003849,paid_search,treatment,2025-07-24,90,False,117.95,0.0
EXP-PAID-SEARCH-2025H2,C0003853,paid_search,control,2025-07-20,90,False,63.35,0.0
EXP-PAID-SEARCH-2025H2,C0003854,paid_search,treatment,2025-07-01,90,False,97.8,0.0
EXP-PAID-SEARCH-2025H2,C0003857,paid_search,control,2025-07-05,90,True,223.18,167.0
EXP-PAID-SEARCH-2025H2,C0003858,paid_search,treatment,2025-07-08,90,True,77.06,65.24
EXP-PAID-SEARCH-2025H2,C0003863,paid_search,control,2025-07-17,90,False,174.97,0.0
EXP-PAID-SEARCH-2025H2,C0003864,paid_search,treatment,2025-07-13,90,False,78.24,0.0
EXP-PAID-SEARCH-2025H2,C0003869,paid_search,treatment,2025-07-22,90,False,54.26,0.0
EXP-PAID-SEARCH-2025H2,C0003873,paid_search,treatment,2025-07-01,90,True,204.44,388.45
EXP-PAID-SEARCH-2025H2,C0003878,paid_search,treatment,2025-07-07,90,False,66.59,0.0
EXP-PAID-SEARCH-2025H2,C0003881,paid_search,control,2025-07-11,90,False,218.67,0.0
EXP-PAID-SEARCH-2025H2,C0003888,paid_search,control,2025-07-16,90,False,145.05,0.0
EXP-PAID-SEARCH-2025H2,C0003901,paid_search,treatment,2025-07-18,90,True,53.2,50.21
EXP-PAID-SEARCH-2025H2,C0003915,paid_search,treatment,2025-07-23,90,False,57.13,0.0
EXP-PAID-SEARCH-2025H2,C0003923,paid_search,treatment,2025-07-10,90,True,288.86,174.02
EXP-PAID-SEARCH-2025H2,C0003924,paid_search,control,2025-07-15,90,False,451.14,0.0
EXP-PAID-SEARCH-2025H2,C0003926,paid_search,control,2025-07-24,90,False,67.45,0.0
EXP-PAID-SEARCH-2025H2,C0003928,paid_search,control,2025-07-07,90,False,67.76,0.0
EXP-PAID-SEARCH-2025H2,C0003929,paid_search,control,2025-07-21,90,False,88.0,0.0
EXP-PAID-SEARCH-2025H2,C0003952,paid_search,treatment,2025-07-12,90,False,74.5,0.0
EXP-PAID-SEARCH-2025H2,C0003953,paid_search,treatment,2025-07-15,90,False,328.53,0.0
EXP-PAID-SEARCH-2025H2,C0003969,paid_search,control,2025-07-20,90,False,89.86,0.0
EXP-PAID-SEARCH-2025H2,C0003975,paid_search,control,2025-07-21,90,True,467.82,650.71
EXP-PAID-SEARCH-2025H2,C0003979,paid_search,treatment,2025-07-21,90,False,58.67,0.0
EXP-PAID-SEARCH-2025H2,C0003981,paid_search,control,2025-07-22,90,True,176.16,224.4
EXP-PAID-SEARCH-2025H2,C0003982,paid_search,control,2025-07-24,90,False,77.24,0.0
EXP-PAID-SEARCH-2025H2,C0004020,paid_search,control,2025-07-12,90,True,123.88,105.13
EXP-PAID-SEARCH-2025H2,C0004026,paid_search,control,2025-07-10,90,False,64.57,0.0
EXP-PAID-SEARCH-2025H2,C0004029,paid_search,control,2025-07-23,90,False,292.14,0.0
EXP-PAID-SEARCH-2025H2,C0004031,paid_search,control,2025-07-23,90,False,411.48,0.0
EXP-PAID-SEARCH-2025H2,C0004033,paid_search,control,2025-07-20,90,False,275.97,0.0
EXP-PAID-SEARCH-2025H2,C0004035,paid_search,treatment,2025-07-02,90,False,132.09,0.0
EXP-PAID-SEARCH-2025H2,C0004039,paid_search,control,2025-07-19,90,True,197.12,106.97
EXP-PAID-SEARCH-2025H2,C0004050,paid_search,control,2025-07-10,90,False,382.71,0.0
EXP-PAID-SEARCH-2025H2,C0004051,paid_search,control,2025-07-19,90,False,248.9,0.0
EXP-PAID-SEARCH-2025H2,C0004053,paid_search,treatment,2025-07-21,90,False,101.25,0.0
EXP-PAID-SEARCH-2025H2,C0004057,paid_search,treatment,2025-07-20,90,True,659.89,555.59
EXP-PAID-SEARCH-2025H2,C0004066,paid_search,treatment,2025-07-13,90,False,69.57,0.0
EXP-PAID-SEARCH-2025H2,C0004074,paid_search,treatment,2025-07-19,90,False,380.8,0.0
EXP-PAID-SEARCH-2025H2,C0004075,paid_search,control,2025-07-02,90,False,260.57,0.0
EXP-PAID-SEARCH-2025H2,C0004097,paid_search,treatment,2025-07-12,90,False,128.77,0.0
EXP-PAID-SEARCH-2025H2,C0004098,paid_search,control,2025-07-10,90,True,621.19,283.14
EXP-PAID-SEARCH-2025H2,C0004110,paid_search,treatment,2025-07-17,90,False,322.74,0.0
EXP-PAID-SEARCH-2025H2,C0004115,paid_search,treatment,2025-07-18,90,True,168.23,292.78
EXP-PAID-SEARCH-2025H2,C0004130,paid_search,treatment,2025-07-25,90,True,340.17,257.04
EXP-PAID-SEARCH-2025H2,C0004135,paid_search,control,2025-07-06,90,False,79.36,0.0
EXP-PAID-SEARCH-2025H2,C0004137,paid_search,treatment,2025-07-04,90,False,1138.41,0.0
EXP-PAID-SEARCH-2025H2,C0004138,paid_search,treatment,2025-07-16,90,False,91.2,0.0
EXP-PAID-SEARCH-2025H2,C0004142,paid_search,treatment,2025-07-11,90,True,560.54,847.4
EXP-PAID-SEARCH-2025H2,C0004143,paid_search,treatment,2025-07-15,90,False,263.69,0.0
EXP-PAID-SEARCH-2025H2,C0004146,paid_search,treatment,2025-07-17,90,True,94.04,145.16
EXP-PAID-SEARCH-2025H2,C0004148,paid_search,control,2025-07-22,90,True,57.57,38.97
EXP-PAID-SEARCH-2025H2,C0004150,paid_search,treatment,2025-07-11,90,True,225.34,233.54
EXP-PAID-SEARCH-2025H2,C0004162,paid_search,control,2025-07-01,90,False,140.75,0.0
EXP-PAID-SEARCH-2025H2,C0004167,paid_search,control,2025-07-05,90,False,70.86,0.0
EXP-PAID-SEARCH-2025H2,C0004170,paid_search,control,2025-07-21,90,False,161.53,0.0
EXP-PAID-SEARCH-2025H2,C0004175,paid_search,control,2025-07-05,90,False,66.88,0.0
EXP-PAID-SEARCH-2025H2,C0004176,paid_search,control,2025-07-26,90,False,48.4,0.0
EXP-PAID-SEARCH-2025H2,C0004179,paid_search,treatment,2025-07-02,90,False,77.03,0.0
EXP-PAID-SEARCH-2025H2,C0004184,paid_search,treatment,2025-07-17,90,False,52.46,0.0
EXP-PAID-SEARCH-2025H2,C0004199,paid_search,control,2025-07-01,90,False,72.68,0.0
EXP-PAID-SEARCH-2025H2,C0004204,paid_search,control,2025-07-06,90,False,124.13,0.0
EXP-PAID-SEARCH-2025H2,C0004224,paid_search,treatment,2025-07-14,90,True,91.58,89.34
EXP-PAID-SEARCH-2025H2,C0004236,paid_search,control,2025-07-04,90,False,51.15,0.0
EXP-PAID-SEARCH-2025H2,C0004237,paid_search,control,2025-07-01,90,False,170.41,0.0
EXP-PAID-SEARCH-2025H2,C0004240,paid_search,control,2025-07-03,90,False,100.44,0.0
EXP-PAID-SEARCH-2025H2,C0004244,paid_search,control,2025-07-26,90,False,87.45,0.0
EXP-PAID-SEARCH-2025H2,C0004248,paid_search,treatment,2025-07-06,90,True,77.66,69.76
EXP-PAID-SEARCH-2025H2,C0004259,paid_search,treatment,2025-07-24,90,False,102.28,0.0
EXP-PAID-SEARCH-2025H2,C0004262,paid_search,treatment,2025-07-23,90,True,793.86,965.53
EXP-PAID-SEARCH-2025H2,C0004265,paid_search,control,2025-07-04,90,False,101.94,0.0
EXP-PAID-SEARCH-2025H2,C0004274,paid_search,control,2025-07-27,90,False,64.02,0.0
EXP-PAID-SEARCH-2025H2,C0004284,paid_search,treatment,2025-07-13,90,True,126.91,223.91
EXP-PAID-SEARCH-2025H2,C0004294,paid_search,control,2025-07-21,90,True,92.67,66.62
EXP-PAID-SEARCH-2025H2,C0004298,paid_search,treatment,2025-07-06,90,False,191.08,0.0
EXP-PAID-SEARCH-2025H2,C0004308,paid_search,treatment,2025-07-23,90,False,1138.63,0.0
EXP-PAID-SEARCH-2025H2,C0004309,paid_search,treatment,2025-07-03,90,True,190.94,169.02
EXP-PAID-SEARCH-2025H2,C0004313,paid_search,control,2025-07-04,90,True,91.97,64.69
EXP-PAID-SEARCH-2025H2,C0004321,paid_search,control,2025-07-11,90,True,258.09,321.55
EXP-PAID-SEARCH-2025H2,C0004328,paid_search,treatment,2025-07-24,90,False,427.59,0.0
EXP-PAID-SEARCH-2025H2,C0004329,paid_search,control,2025-07-18,90,False,130.59,0.0
EXP-PAID-SEARCH-2025H2,C0004340,paid_search,treatment,2025-07-12,90,False,123.83,0.0
EXP-PAID-SEARCH-2025H2,C0004341,paid_search,control,2025-07-27,90,False,89.56,0.0
EXP-PAID-SEARCH-2025H2,C0004342,paid_search,control,2025-07-23,90,False,465.95,0.0
EXP-PAID-SEARCH-2025H2,C0004343,paid_search,treatment,2025-07-16,90,False,74.63,0.0
EXP-PAID-SEARCH-2025H2,C0004344,paid_search,control,2025-07-05,90,True,243.86,255.16
EXP-PAID-SEARCH-2025H2,C0004345,paid_search,treatment,2025-07-19,90,True,45.92,30.23
EXP-PAID-SEARCH-2025H2,C0004357,paid_search,treatment,2025-07-11,90,True,93.91,74.66
EXP-PAID-SEARCH-2025H2,C0004358,paid_search,treatment,2025-07-09,90,False,75.49,0.0
EXP-PAID-SEARCH-2025H2,C0004362,paid_search,treatment,2025-07-13,90,False,261.65,0.0
EXP-PAID-SEARCH-2025H2,C0004371,paid_search,control,2025-07-21,90,False,51.59,0.0
EXP-PAID-SEARCH-2025H2,C0004373,paid_search,treatment,2025-07-06,90,False,181.91,0.0
EXP-PAID-SEARCH-2025H2,C0004377,paid_search,treatment,2025-07-11,90,True,135.32,165.94
EXP-PAID-SEARCH-2025H2,C0004383,paid_search,treatment,2025-07-25,90,True,110.72,165.05
EXP-PAID-SEARCH-2025H2,C0004384,paid_search,control,2025-07-26,90,True,239.47,239.52
EXP-PAID-SEARCH-2025H2,C0004394,paid_search,treatment,2025-07-25,90,False,85.03,0.0
EXP-PAID-SEARCH-2025H2,C0004395,paid_search,treatment,2025-07-04,90,True,190.5,166.65
EXP-PAID-SEARCH-2025H2,C0004397,paid_search,control,2025-07-23,90,False,156.32,0.0
EXP-PAID-SEARCH-2025H2,C0004400,paid_search,treatment,2025-07-22,90,True,84.41,53.53
EXP-PAID-SEARCH-2025H2,C0004401,paid_search,treatment,2025-07-11,90,False,202.36,0.0
EXP-PAID-SEARCH-2025H2,C0004405,paid_search,control,2025-07-19,90,False,152.92,0.0
EXP-PAID-SEARCH-2025H2,C0004407,paid_search,control,2025-07-09,90,False,281.02,0.0
EXP-PAID-SEARCH-2025H2,C0004409,paid_search,control,2025-07-26,90,False,86.99,0.0
EXP-PAID-SEARCH-2025H2,C0004412,paid_search,control,2025-07-20,90,False,300.04,0.0
EXP-PAID-SEARCH-2025H2,C0004415,paid_search,control,2025-07-22,90,True,76.89,60.97
EXP-PAID-SEARCH-2025H2,C0004442,paid_search,treatment,2025-07-23,90,False,187.17,0.0
EXP-PAID-SEARCH-2025H2,C0004457,paid_search,treatment,2025-07-15,90,False,45.24,0.0
EXP-PAID-SEARCH-2025H2,C0004461,paid_search,control,2025-07-19,90,False,126.28,0.0
EXP-PAID-SEARCH-2025H2,C0004467,paid_search,treatment,2025-07-14,90,True,168.02,150.42
EXP-PAID-SEARCH-2025H2,C0004470,paid_search,treatment,2025-07-27,90,True,128.89,112.15
EXP-PAID-SEARCH-2025H2,C0004473,paid_search,treatment,2025-07-14,90,True,145.69,230.84
EXP-PAID-SEARCH-2025H2,C0004474,paid_search,treatment,2025-07-25,90,False,67.9,0.0
EXP-PAID-SEARCH-2025H2,C0004482,paid_search,treatment,2025-07-26,90,False,136.63,0.0
EXP-PAID-SEARCH-2025H2,C0004484,paid_search,treatment,2025-07-07,90,False,349.47,0.0
EXP-PAID-SEARCH-2025H2,C0004488,paid_search,control,2025-07-06,90,False,127.46,0.0
EXP-PAID-SEARCH-2025H2,C0004491,paid_search,treatment,2025-07-20,90,False,172.64,0.0
EXP-PAID-SEARCH-2025H2,C0004504,paid_search,control,2025-07-21,90,False,218.64,0.0
EXP-PAID-SEARCH-2025H2,C0004505,paid_search,treatment,2025-07-20,90,True,150.66,187.69
EXP-PAID-SEARCH-2025H2,C0004507,paid_search,treatment,2025-07-26,90,False,163.58,0.0
EXP-PAID-SEARCH-2025H2,C0004515,paid_search,control,2025-07-09,90,True,145.51,122.34
EXP-PAID-SEARCH-2025H2,C0004518,paid_search,control,2025-07-05,90,False,112.09,0.0
EXP-PAID-SEARCH-2025H2,C0004526,paid_search,control,2025-07-26,90,False,167.61,0.0
EXP-PAID-SEARCH-2025H2,C0004528,paid_search,treatment,2025-07-12,90,False,113.23,0.0
EXP-PAID-SEARCH-2025H2,C0004541,paid_search,treatment,2025-07-23,90,False,69.75,0.0
EXP-PAID-SEARCH-2025H2,C0004545,paid_search,control,2025-07-11,90,False,70.96,0.0
EXP-PAID-SEARCH-2025H2,C0004551,paid_search,control,2025-07-21,90,True,264.43,267.08
EXP-PAID-SEARCH-2025H2,C0004553,paid_search,control,2025-07-08,90,False,154.82,0.0
EXP-PAID-SEARCH-2025H2,C0004562,paid_search,control,2025-07-14,90,True,135.52,133.97
EXP-PAID-SEARCH-2025H2,C0004568,paid_search,treatment,2025-07-11,90,False,93.37,0.0
EXP-PAID-SEARCH-2025H2,C0004594,paid_search,treatment,2025-07-04,90,False,119.85,0.0
EXP-PAID-SEARCH-2025H2,C0004602,paid_search,treatment,2025-07-02,90,False,122.66,0.0
EXP-PAID-SEARCH-2025H2,C0004604,paid_search,treatment,2025-07-02,90,False,118.63,0.0
EXP-PAID-SEARCH-2025H2,C0004607,paid_search,control,2025-07-28,90,False,63.4,0.0
EXP-PAID-SEARCH-2025H2,C0004616,paid_search,control,2025-07-17,90,False,137.49,0.0
EXP-PAID-SEARCH-2025H2,C0004617,paid_search,control,2025-07-27,90,True,111.84,86.99
EXP-PAID-SEARCH-2025H2,C0004619,paid_search,treatment,2025-07-27,90,False,100.18,0.0
EXP-PAID-SEARCH-2025H2,C0004625,paid_search,control,2025-07-14,90,False,44.95,0.0
EXP-PAID-SEARCH-2025H2,C0004631,paid_search,treatment,2025-07-19,90,False,119.59,0.0
EXP-PAID-SEARCH-2025H2,C0004634,paid_search,control,2025-07-01,90,False,72.38,0.0
EXP-PAID-SEARCH-2025H2,C0004636,paid_search,treatment,2025-07-15,90,False,51.6,0.0
EXP-PAID-SEARCH-2025H2,C0004637,paid_search,treatment,2025-07-01,90,False,61.8,0.0
EXP-PAID-SEARCH-2025H2,C0004644,paid_search,treatment,2025-07-18,90,True,381.02,404.33
EXP-PAID-SEARCH-2025H2,C0004653,paid_search,control,2025-07-06,90,True,145.78,69.88
EXP-PAID-SEARCH-2025H2,C0004660,paid_search,control,2025-07-12,90,True,333.53,226.41
EXP-PAID-SEARCH-2025H2,C0004674,paid_search,treatment,2025-07-22,90,True,174.87,143.51
EXP-PAID-SEARCH-2025H2,C0004680,paid_search,treatment,2025-07-08,90,False,208.83,0.0
EXP-PAID-SEARCH-2025H2,C0004682,paid_search,treatment,2025-07-07,90,False,119.45,0.0
EXP-PAID-SEARCH-2025H2,C0004686,paid_search,control,2025-07-28,90,True,270.08,129.45
EXP-PAID-SEARCH-2025H2,C0004691,paid_search,control,2025-07-03,90,False,97.7,0.0
EXP-PAID-SEARCH-2025H2,C0004703,paid_search,treatment,2025-07-24,90,False,92.86,0.0
EXP-PAID-SEARCH-2025H2,C0004705,paid_search,control,2025-07-12,90,False,210.2,0.0
EXP-PAID-SEARCH-2025H2,C0004707,paid_search,treatment,2025-07-10,90,False,57.73,0.0
EXP-PAID-SEARCH-2025H2,C0004710,paid_search,treatment,2025-07-23,90,False,66.89,0.0
EXP-PAID-SEARCH-2025H2,C0004711,paid_search,treatment,2025-07-16,90,False,108.59,0.0
EXP-PAID-SEARCH-2025H2,C0004716,paid_search,control,2025-07-10,90,False,62.74,0.0
EXP-PAID-SEARCH-2025H2,C0004718,paid_search,control,2025-07-04,90,True,63.43,54.42
EXP-PAID-SEARCH-2025H2,C0004722,paid_search,control,2025-07-27,90,False,131.86,0.0
EXP-PAID-SEARCH-2025H2,C0004729,paid_search,control,2025-07-11,90,False,71.65,0.0
EXP-PAID-SEARCH-2025H2,C0004749,paid_search,treatment,2025-07-20,90,True,128.71,64.36
EXP-PAID-SEARCH-2025H2,C0004779,paid_search,treatment,2025-07-22,90,False,55.27,0.0
EXP-PAID-SEARCH-2025H2,C0004788,paid_search,control,2025-07-17,90,True,73.94,35.47
EXP-PAID-SEARCH-2025H2,C0004789,paid_search,control,2025-07-27,90,False,399.37,0.0
EXP-PAID-SEARCH-2025H2,C0004795,paid_search,control,2025-07-22,90,False,47.11,0.0
EXP-PAID-SEARCH-2025H2,C0004799,paid_search,control,2025-07-26,90,True,79.0,39.45
EXP-PAID-SEARCH-2025H2,C0004803,paid_search,treatment,2025-07-26,90,True,181.22,104.23
EXP-PAID-SEARCH-2025H2,C0004806,paid_search,control,2025-07-22,90,False,52.42,0.0
EXP-PAID-SEARCH-2025H2,C0004807,paid_search,treatment,2025-07-24,90,True,592.66,311.22
EXP-PAID-SEARCH-2025H2,C0004811,paid_search,treatment,2025-07-02,90,False,374.81,0.0
EXP-PAID-SEARCH-2025H2,C0004830,paid_search,treatment,2025-07-28,90,True,76.94,89.67
EXP-PAID-SEARCH-2025H2,C0004831,paid_search,control,2025-07-03,90,False,345.37,0.0
EXP-PAID-SEARCH-2025H2,C0004832,paid_search,control,2025-07-23,90,True,334.75,402.25
EXP-PAID-SEARCH-2025H2,C0004841,paid_search,control,2025-07-02,90,True,103.76,59.67
EXP-PAID-SEARCH-2025H2,C0004846,paid_search,treatment,2025-07-14,90,False,191.53,0.0
EXP-PAID-SEARCH-2025H2,C0004848,paid_search,treatment,2025-07-23,90,False,89.82,0.0
EXP-PAID-SEARCH-2025H2,C0004850,paid_search,treatment,2025-07-01,90,False,103.32,0.0
EXP-PAID-SEARCH-2025H2,C0004865,paid_search,treatment,2025-07-13,90,False,150.55,0.0
EXP-PAID-SEARCH-2025H2,C0004866,paid_search,treatment,2025-07-11,90,False,234.89,0.0
EXP-PAID-SEARCH-2025H2,C0004877,paid_search,treatment,2025-07-10,90,True,89.14,67.88
EXP-PAID-SEARCH-2025H2,C0004890,paid_search,control,2025-07-07,90,False,77.21,0.0
EXP-PAID-SEARCH-2025H2,C0004895,paid_search,treatment,2025-07-13,90,False,143.7,0.0
EXP-PAID-SEARCH-2025H2,C0004905,paid_search,control,2025-07-17,90,False,155.54,0.0
EXP-PAID-SEARCH-2025H2,C0004912,paid_search,control,2025-07-16,90,True,147.82,90.35
EXP-PAID-SEARCH-2025H2,C0004914,paid_search,treatment,2025-07-15,90,True,243.2,287.81
EXP-PAID-SEARCH-2025H2,C0004917,paid_search,control,2025-07-20,90,False,191.16,0.0
EXP-PAID-SEARCH-2025H2,C0004948,paid_search,treatment,2025-07-28,90,False,84.19,0.0
EXP-PAID-SEARCH-2025H2,C0004960,paid_search,control,2025-07-15,90,False,251.9,0.0
EXP-PAID-SEARCH-2025H2,C0004969,paid_search,control,2025-07-12,90,False,83.82,0.0
EXP-PAID-SEARCH-2025H2,C0004987,paid_search,treatment,2025-07-07,90,True,93.9,65.02
EXP-PAID-SEARCH-2025H2,C0004990,paid_search,control,2025-07-26,90,False,66.99,0.0
EXP-PAID-SEARCH-2025H2,C0004996,paid_search,control,2025-07-23,90,True,98.29,56.93
EXP-PAID-SEARCH-2025H2,C0004999,paid_search,treatment,2025-07-03,90,True,119.38,100.82
EXP-PAID-SEARCH-2025H2,C0005004,paid_search,treatment,2025-07-06,90,False,60.95,0.0
EXP-PAID-SEARCH-2025H2,C0005005,paid_search,treatment,2025-07-20,90,False,64.47,0.0
EXP-PAID-SEARCH-2025H2,C0005033,paid_search,treatment,2025-07-05,90,False,51.78,0.0
EXP-PAID-SEARCH-2025H2,C0005061,paid_search,control,2025-07-27,90,False,148.41,0.0
EXP-PAID-SEARCH-2025H2,C0005062,paid_search,control,2025-07-06,90,False,106.21,0.0
EXP-PAID-SEARCH-2025H2,C0005087,paid_search,control,2025-07-16,90,False,251.13,0.0
EXP-PAID-SEARCH-2025H2,C0005088,paid_search,control,2025-07-04,90,True,419.26,292.35
EXP-PAID-SEARCH-2025H2,C0005090,paid_search,control,2025-07-24,90,False,85.19,0.0
EXP-PAID-SEARCH-2025H2,C0005095,paid_search,control,2025-07-02,90,False,81.65,0.0
EXP-PAID-SEARCH-2025H2,C0005102,paid_search,control,2025-07-10,90,False,71.07,0.0
EXP-PAID-SEARCH-2025H2,C0005116,paid_search,treatment,2025-07-21,90,True,784.62,500.57
EXP-PAID-SEARCH-2025H2,C0005118,paid_search,treatment,2025-07-05,90,False,68.4,0.0
EXP-PAID-SEARCH-2025H2,C0005139,paid_search,treatment,2025-07-06,90,True,58.07,46.11
EXP-PAID-SEARCH-2025H2,C0005142,paid_search,treatment,2025-07-09,90,False,132.74,0.0
EXP-PAID-SEARCH-2025H2,C0005165,paid_search,control,2025-07-02,90,False,61.6,0.0
EXP-PAID-SEARCH-2025H2,C0005180,paid_search,treatment,2025-07-22,90,False,376.74,0.0
EXP-PAID-SEARCH-2025H2,C0005191,paid_search,control,2025-07-21,90,False,195.47,0.0
EXP-PAID-SEARCH-2025H2,C0005197,paid_search,control,2025-07-07,90,False,47.66,0.0
EXP-PAID-SEARCH-2025H2,C0005206,paid_search,control,2025-07-06,90,False,149.49,0.0
EXP-PAID-SEARCH-2025H2,C0005209,paid_search,control,2025-07-10,90,False,454.74,0.0
EXP-PAID-SEARCH-2025H2,C0005213,paid_search,control,2025-07-04,90,True,221.26,148.77
EXP-PAID-SEARCH-2025H2,C0005220,paid_search,treatment,2025-07-15,90,False,48.56,0.0
EXP-PAID-SEARCH-2025H2,C0005232,paid_search,treatment,2025-07-13,90,False,103.25,0.0
EXP-PAID-SEARCH-2025H2,C0005234,paid_search,treatment,2025-07-01,90,True,114.63,89.67
EXP-PAID-SEARCH-2025H2,C0005235,paid_search,treatment,2025-07-27,90,False,468.17,0.0
EXP-PAID-SEARCH-2025H2,C0005240,paid_search,treatment,2025-07-12,90,False,203.27,0.0
EXP-PAID-SEARCH-2025H2,C0005244,paid_search,control,2025-07-26,90,False,234.89,0.0
EXP-PAID-SEARCH-2025H2,C0005249,paid_search,control,2025-07-13,90,False,140.91,0.0
EXP-PAID-SEARCH-2025H2,C0005252,paid_search,treatment,2025-07-21,90,False,735.13,0.0
EXP-PAID-SEARCH-2025H2,C0005257,paid_search,treatment,2025-07-27,90,True,199.54,145.96
EXP-PAID-SEARCH-2025H2,C0005263,paid_search,control,2025-07-10,90,False,140.41,0.0
EXP-PAID-SEARCH-2025H2,C0005264,paid_search,treatment,2025-07-02,90,False,117.85,0.0
EXP-PAID-SEARCH-2025H2,C0005278,paid_search,control,2025-07-04,90,False,227.37,0.0
EXP-PAID-SEARCH-2025H2,C0005288,paid_search,control,2025-07-21,90,False,96.0,0.0
EXP-PAID-SEARCH-2025H2,C0005299,paid_search,treatment,2025-07-19,90,False,119.35,0.0
EXP-PAID-SEARCH-2025H2,C0005312,paid_search,treatment,2025-07-20,90,False,105.92,0.0
EXP-PAID-SEARCH-2025H2,C0005316,paid_search,control,2025-07-28,90,True,124.34,150.1
EXP-PAID-SEARCH-2025H2,C0005328,paid_search,control,2025-07-21,90,True,93.18,104.13
EXP-PAID-SEARCH-2025H2,C0005331,paid_search,control,2025-07-12,90,False,61.54,0.0
EXP-PAID-SEARCH-2025H2,C0005334,paid_search,control,2025-07-28,90,False,118.23,0.0
EXP-PAID-SEARCH-2025H2,C0005335,paid_search,treatment,2025-07-05,90,False,52.79,0.0
EXP-PAID-SEARCH-2025H2,C0005336,paid_search,treatment,2025-07-06,90,False,90.32,0.0
EXP-PAID-SEARCH-2025H2,C0005347,paid_search,treatment,2025-07-03,90,True,97.33,64.48
EXP-PAID-SEARCH-2025H2,C0005354,paid_search,control,2025-07-24,90,False,107.86,0.0
EXP-PAID-SEARCH-2025H2,C0005359,paid_search,treatment,2025-07-15,90,True,90.68,70.08
EXP-PAID-SEARCH-2025H2,C0005361,paid_search,control,2025-07-11,90,False,37.8,0.0
EXP-PAID-SEARCH-2025H2,C0005362,paid_search,control,2025-07-11,90,False,618.21,0.0
EXP-PAID-SEARCH-2025H2,C0005365,paid_search,treatment,2025-07-03,90,False,511.99,0.0
EXP-PAID-SEARCH-2025H2,C0005374,paid_search,treatment,2025-07-11,90,False,98.27,0.0
EXP-PAID-SEARCH-2025H2,C0005375,paid_search,control,2025-07-28,90,False,216.53,0.0
EXP-PAID-SEARCH-2025H2,C0005384,paid_search,treatment,2025-07-09,90,True,90.45,75.37
EXP-PAID-SEARCH-2025H2,C0005390,paid_search,control,2025-07-17,90,False,404.13,0.0
EXP-PAID-SEARCH-2025H2,C0005396,paid_search,control,2025-07-24,90,False,134.32,0.0
EXP-PAID-SEARCH-2025H2,C0005399,paid_search,treatment,2025-07-07,90,True,166.9,77.94
EXP-PAID-SEARCH-2025H2,C0005401,paid_search,treatment,2025-07-19,90,False,86.18,0.0
EXP-PAID-SEARCH-2025H2,C0005413,paid_search,treatment,2025-07-16,90,False,85.74,0.0
EXP-PAID-SEARCH-2025H2,C0005415,paid_search,control,2025-07-28,90,False,502.81,0.0
EXP-PAID-SEARCH-2025H2,C0005425,paid_search,treatment,2025-07-18,90,False,873.82,0.0
EXP-PAID-SEARCH-2025H2,C0005427,paid_search,control,2025-07-18,90,True,80.71,95.2
EXP-PAID-SEARCH-2025H2,C0005435,paid_search,treatment,2025-07-22,90,False,165.78,0.0
EXP-PAID-SEARCH-2025H2,C0005437,paid_search,control,2025-07-01,90,False,129.8,0.0
EXP-PAID-SEARCH-2025H2,C0005441,paid_search,treatment,2025-07-24,90,False,67.18,0.0
EXP-PAID-SEARCH-2025H2,C0005443,paid_search,control,2025-07-10,90,False,741.3,0.0
EXP-PAID-SEARCH-2025H2,C0005453,paid_search,control,2025-07-16,90,False,49.81,0.0
EXP-PAID-SEARCH-2025H2,C0005456,paid_search,treatment,2025-07-19,90,False,65.11,0.0
EXP-PAID-SEARCH-2025H2,C0005464,paid_search,treatment,2025-07-09,90,True,303.55,218.93
EXP-PAID-SEARCH-2025H2,C0005467,paid_search,control,2025-07-22,90,False,184.8,0.0
EXP-PAID-SEARCH-2025H2,C0005472,paid_search,control,2025-07-01,90,True,96.25,104.07
EXP-PAID-SEARCH-2025H2,C0005473,paid_search,treatment,2025-07-18,90,False,1051.89,0.0
EXP-PAID-SEARCH-2025H2,C0005474,paid_search,treatment,2025-07-22,90,False,396.11,0.0
EXP-PAID-SEARCH-2025H2,C0005479,paid_search,treatment,2025-07-17,90,False,58.01,0.0
EXP-PAID-SEARCH-2025H2,C0005490,paid_search,control,2025-07-10,90,True,71.79,46.09
EXP-PAID-SEARCH-2025H2,C0005519,paid_search,treatment,2025-07-17,90,True,170.83,110.05
EXP-PAID-SEARCH-2025H2,C0005530,paid_search,control,2025-07-16,90,False,126.74,0.0
EXP-PAID-SEARCH-2025H2,C0005531,paid_search,control,2025-07-06,90,False,180.96,0.0
EXP-PAID-SEARCH-2025H2,C0005532,paid_search,treatment,2025-07-01,90,False,215.04,0.0
EXP-PAID-SEARCH-2025H2,C0005548,paid_search,treatment,2025-07-28,90,True,106.41,85.69
EXP-PAID-SEARCH-2025H2,C0005549,paid_search,treatment,2025-07-23,90,True,117.56,79.53
EXP-PAID-SEARCH-2025H2,C0005550,paid_search,control,2025-07-26,90,False,73.34,0.0
EXP-PAID-SEARCH-2025H2,C0005552,paid_search,treatment,2025-07-14,90,True,291.17,571.81
EXP-PAID-SEARCH-2025H2,C0005568,paid_search,control,2025-07-07,90,False,111.33,0.0
EXP-PAID-SEARCH-2025H2,C0005574,paid_search,control,2025-07-20,90,False,130.46,0.0
EXP-PAID-SEARCH-2025H2,C0005578,paid_search,control,2025-07-05,90,False,54.53,0.0
EXP-PAID-SEARCH-2025H2,C0005595,paid_search,treatment,2025-07-28,90,True,300.55,304.78
EXP-PAID-SEARCH-2025H2,C0005597,paid_search,treatment,2025-07-26,90,False,93.14,0.0
EXP-PAID-SEARCH-2025H2,C0005607,paid_search,control,2025-07-06,90,True,102.0,123.48
EXP-PAID-SEARCH-2025H2,C0005611,paid_search,treatment,2025-07-15,90,True,287.1,241.89
EXP-PAID-SEARCH-2025H2,C0005616,paid_search,treatment,2025-07-05,90,False,198.58,0.0
EXP-PAID-SEARCH-2025H2,C0005626,paid_search,control,2025-07-11,90,False,229.3,0.0
EXP-PAID-SEARCH-2025H2,C0005631,paid_search,treatment,2025-07-14,90,True,160.51,188.02
EXP-PAID-SEARCH-2025H2,C0005632,paid_search,treatment,2025-07-27,90,False,111.08,0.0
EXP-PAID-SEARCH-2025H2,C0005652,paid_search,treatment,2025-07-26,90,True,171.13,131.57
EXP-PAID-SEARCH-2025H2,C0005660,paid_search,control,2025-07-25,90,False,212.1,0.0
EXP-PAID-SEARCH-2025H2,C0005665,paid_search,control,2025-07-01,90,False,53.74,0.0
EXP-PAID-SEARCH-2025H2,C0005667,paid_search,control,2025-07-02,90,False,142.74,0.0
EXP-PAID-SEARCH-2025H2,C0005670,paid_search,treatment,2025-07-12,90,True,78.33,83.03
EXP-PAID-SEARCH-2025H2,C0005672,paid_search,control,2025-07-17,90,False,69.08,0.0
EXP-PAID-SEARCH-2025H2,C0005679,paid_search,treatment,2025-07-27,90,False,78.2,0.0
EXP-PAID-SEARCH-2025H2,C0005687,paid_search,control,2025-07-26,90,False,496.41,0.0
EXP-PAID-SEARCH-2025H2,C0005692,paid_search,treatment,2025-07-02,90,False,294.2,0.0
EXP-PAID-SEARCH-2025H2,C0005697,paid_search,treatment,2025-07-18,90,True,124.15,219.05
EXP-PAID-SEARCH-2025H2,C0005705,paid_search,treatment,2025-07-27,90,True,80.39,126.07
EXP-PAID-SEARCH-2025H2,C0005706,paid_search,control,2025-07-27,90,False,343.45,0.0
EXP-PAID-SEARCH-2025H2,C0005716,paid_search,control,2025-07-05,90,False,51.15,0.0
EXP-PAID-SEARCH-2025H2,C0005722,paid_search,control,2025-07-28,90,False,597.59,0.0
EXP-PAID-SEARCH-2025H2,C0005725,paid_search,treatment,2025-07-20,90,False,464.38,0.0
EXP-PAID-SEARCH-2025H2,C0005732,paid_search,treatment,2025-07-02,90,False,43.7,0.0
EXP-PAID-SEARCH-2025H2,C0005759,paid_search,treatment,2025-07-01,90,False,111.3,0.0
EXP-PAID-SEARCH-2025H2,C0005769,paid_search,treatment,2025-07-19,90,False,87.67,0.0
EXP-PAID-SEARCH-2025H2,C0005780,paid_search,control,2025-07-20,90,False,120.18,0.0
EXP-PAID-SEARCH-2025H2,C0005798,paid_search,treatment,2025-07-19,90,True,91.63,181.86
EXP-PAID-SEARCH-2025H2,C0005801,paid_search,control,2025-07-18,90,False,82.15,0.0
EXP-PAID-SEARCH-2025H2,C0005804,paid_search,treatment,2025-07-06,90,False,110.52,0.0
EXP-PAID-SEARCH-2025H2,C0005808,paid_search,treatment,2025-07-28,90,False,171.02,0.0
EXP-PAID-SEARCH-2025H2,C0005814,paid_search,control,2025-07-01,90,True,111.45,97.69
EXP-PAID-SEARCH-2025H2,C0005815,paid_search,treatment,2025-07-01,90,False,117.79,0.0
EXP-PAID-SEARCH-2025H2,C0005821,paid_search,control,2025-07-03,90,True,111.19,114.89
EXP-PAID-SEARCH-2025H2,C0005828,paid_search,control,2025-07-02,90,True,180.45,243.62
EXP-PAID-SEARCH-2025H2,C0005834,paid_search,treatment,2025-07-04,90,False,71.54,0.0
EXP-PAID-SEARCH-2025H2,C0005841,paid_search,treatment,2025-07-06,90,False,289.69,0.0
EXP-PAID-SEARCH-2025H2,C0005847,paid_search,control,2025-07-23,90,False,65.12,0.0
EXP-PAID-SEARCH-2025H2,C0005849,paid_search,control,2025-07-01,90,False,171.59,0.0
EXP-PAID-SEARCH-2025H2,C0005850,paid_search,treatment,2025-07-15,90,False,61.83,0.0
EXP-PAID-SEARCH-2025H2,C0005858,paid_search,treatment,2025-07-23,90,False,92.05,0.0
EXP-PAID-SEARCH-2025H2,C0005865,paid_search,treatment,2025-07-14,90,True,669.04,627.37
EXP-PAID-SEARCH-2025H2,C0005879,paid_search,control,2025-07-12,90,False,73.41,0.0
EXP-PAID-SEARCH-2025H2,C0005883,paid_search,control,2025-07-09,90,False,101.38,0.0
EXP-PAID-SEARCH-2025H2,C0005884,paid_search,treatment,2025-07-23,90,True,176.27,142.52
EXP-PAID-SEARCH-2025H2,C0005893,paid_search,control,2025-07-18,90,False,132.79,0.0
EXP-PAID-SEARCH-2025H2,C0005897,paid_search,control,2025-07-25,90,False,947.25,0.0
EXP-PAID-SEARCH-2025H2,C0005898,paid_search,control,2025-07-12,90,False,353.59,0.0
EXP-PAID-SEARCH-2025H2,C0005899,paid_search,treatment,2025-07-04,90,False,66.85,0.0
EXP-PAID-SEARCH-2025H2,C0005903,paid_search,treatment,2025-07-02,90,False,106.34,0.0
EXP-PAID-SEARCH-2025H2,C0005908,paid_search,treatment,2025-07-22,90,False,218.15,0.0
EXP-PAID-SEARCH-2025H2,C0005915,paid_search,control,2025-07-18,90,False,101.37,0.0
EXP-PAID-SEARCH-2025H2,C0005918,paid_search,control,2025-07-10,90,False,206.72,0.0
EXP-PAID-SEARCH-2025H2,C0005925,paid_search,treatment,2025-07-28,90,True,185.61,253.76
EXP-PAID-SEARCH-2025H2,C0005932,paid_search,treatment,2025-07-23,90,False,99.79,0.0
EXP-PAID-SEARCH-2025H2,C0005934,paid_search,treatment,2025-07-21,90,False,157.07,0.0
EXP-PAID-SEARCH-2025H2,C0005936,paid_search,treatment,2025-07-22,90,True,118.48,97.24
EXP-PAID-SEARCH-2025H2,C0005944,paid_search,treatment,2025-07-02,90,True,83.21,60.78
EXP-PAID-SEARCH-2025H2,C0005947,paid_search,control,2025-07-15,90,False,100.05,0.0
EXP-PAID-SEARCH-2025H2,C0005962,paid_search,treatment,2025-07-07,90,False,125.64,0.0
EXP-PAID-SEARCH-2025H2,C0005963,paid_search,control,2025-07-22,90,False,116.9,0.0
EXP-PAID-SEARCH-2025H2,C0005975,paid_search,control,2025-07-27,90,False,308.54,0.0
EXP-PAID-SEARCH-2025H2,C0005981,paid_search,control,2025-07-21,90,True,93.57,36.16
EXP-PAID-SEARCH-2025H2,C0005998,paid_search,treatment,2025-07-22,90,False,546.49,0.0
EXP-PAID-SEARCH-2025H2,C0006002,paid_search,control,2025-07-11,90,False,126.52,0.0
EXP-PAID-SEARCH-2025H2,C0006006,paid_search,control,2025-07-13,90,True,47.7,30.87
EXP-PAID-SEARCH-2025H2,C0006027,paid_search,control,2025-07-21,90,False,55.54,0.0
EXP-PAID-SEARCH-2025H2,C0006034,paid_search,control,2025-07-03,90,False,108.38,0.0
EXP-PAID-SEARCH-2025H2,C0006036,paid_search,treatment,2025-07-21,90,False,48.74,0.0
EXP-PAID-SEARCH-2025H2,C0006047,paid_search,control,2025-07-03,90,False,902.77,0.0
EXP-PAID-SEARCH-2025H2,C0006060,paid_search,treatment,2025-07-03,90,False,359.43,0.0
EXP-PAID-SEARCH-2025H2,C0006064,paid_search,treatment,2025-07-03,90,True,54.61,69.87
EXP-PAID-SEARCH-2025H2,C0006073,paid_search,treatment,2025-07-16,90,False,45.14,0.0
EXP-PAID-SEARCH-2025H2,C0006080,paid_search,control,2025-07-11,90,False,144.4,0.0
EXP-PAID-SEARCH-2025H2,C0006087,paid_search,treatment,2025-07-22,90,True,73.06,93.38
EXP-PAID-SEARCH-2025H2,C0006093,paid_search,treatment,2025-07-28,90,False,111.32,0.0
EXP-PAID-SEARCH-2025H2,C0006104,paid_search,treatment,2025-07-10,90,False,103.75,0.0
EXP-PAID-SEARCH-2025H2,C0006108,paid_search,control,2025-07-14,90,False,150.92,0.0
EXP-PAID-SEARCH-2025H2,C0006111,paid_search,control,2025-07-14,90,False,92.94,0.0
EXP-PAID-SEARCH-2025H2,C0006115,paid_search,control,2025-07-07,90,False,78.72,0.0
EXP-PAID-SEARCH-2025H2,C0006117,paid_search,treatment,2025-07-21,90,True,58.7,42.82
EXP-PAID-SEARCH-2025H2,C0006123,paid_search,control,2025-07-24,90,False,67.11,0.0
EXP-PAID-SEARCH-2025H2,C0006128,paid_search,treatment,2025-07-10,90,False,68.11,0.0
EXP-PAID-SEARCH-2025H2,C0006132,paid_search,control,2025-07-09,90,False,105.53,0.0
EXP-PAID-SEARCH-2025H2,C0006137,paid_search,control,2025-07-05,90,False,79.13,0.0
EXP-PAID-SEARCH-2025H2,C0006138,paid_search,treatment,2025-07-16,90,False,142.55,0.0
EXP-PAID-SEARCH-2025H2,C0006146,paid_search,treatment,2025-07-01,90,False,195.36,0.0
EXP-PAID-SEARCH-2025H2,C0006151,paid_search,treatment,2025-07-17,90,False,122.15,0.0
EXP-PAID-SEARCH-2025H2,C0006154,paid_search,control,2025-07-25,90,False,236.64,0.0
EXP-PAID-SEARCH-2025H2,C0006160,paid_search,treatment,2025-07-23,90,True,234.42,121.88
EXP-PAID-SEARCH-2025H2,C0006161,paid_search,treatment,2025-07-13,90,False,53.94,0.0
EXP-PAID-SEARCH-2025H2,C0006162,paid_search,treatment,2025-07-24,90,False,80.23,0.0
EXP-PAID-SEARCH-2025H2,C0006175,paid_search,treatment,2025-07-13,90,True,58.44,45.85
EXP-PAID-SEARCH-2025H2,C0006178,paid_search,treatment,2025-07-16,90,False,97.4,0.0
EXP-PAID-SEARCH-2025H2,C0006180,paid_search,control,2025-07-21,90,False,154.57,0.0
EXP-PAID-SEARCH-2025H2,C0006187,paid_search,treatment,2025-07-22,90,False,632.88,0.0
EXP-PAID-SEARCH-2025H2,C0006198,paid_search,control,2025-07-27,90,True,258.16,126.07
EXP-PAID-SEARCH-2025H2,C0006199,paid_search,treatment,2025-07-25,90,False,45.84,0.0
EXP-PAID-SEARCH-2025H2,C0006221,paid_search,treatment,2025-07-22,90,True,57.66,39.06
EXP-PAID-SEARCH-2025H2,C0006235,paid_search,treatment,2025-07-03,90,False,61.07,0.0
EXP-PAID-SEARCH-2025H2,C0006243,paid_search,control,2025-07-10,90,False,75.07,0.0
EXP-PAID-SEARCH-2025H2,C0006250,paid_search,control,2025-07-04,90,False,119.15,0.0
EXP-PAID-SEARCH-2025H2,C0006252,paid_search,treatment,2025-07-28,90,False,278.12,0.0
EXP-PAID-SEARCH-2025H2,C0006255,paid_search,treatment,2025-07-14,90,True,77.97,64.88
EXP-PAID-SEARCH-2025H2,C0006256,paid_search,control,2025-07-05,90,False,144.68,0.0
EXP-PAID-SEARCH-2025H2,C0006258,paid_search,control,2025-07-06,90,False,287.72,0.0
EXP-PAID-SEARCH-2025H2,C0006259,paid_search,control,2025-07-04,90,False,52.06,0.0
EXP-PAID-SEARCH-2025H2,C0006260,paid_search,treatment,2025-07-10,90,True,87.59,66.65
EXP-PAID-SEARCH-2025H2,C0006266,paid_search,treatment,2025-07-27,90,False,151.79,0.0
EXP-PAID-SEARCH-2025H2,C0006268,paid_search,control,2025-07-02,90,False,168.9,0.0
EXP-PAID-SEARCH-2025H2,C0006277,paid_search,control,2025-07-28,90,False,704.64,0.0
EXP-PAID-SEARCH-2025H2,C0006285,paid_search,treatment,2025-07-19,90,False,97.42,0.0
EXP-PAID-SEARCH-2025H2,C0006286,paid_search,control,2025-07-06,90,False,102.97,0.0
EXP-PAID-SEARCH-2025H2,C0006288,paid_search,treatment,2025-07-13,90,False,106.71,0.0
EXP-PAID-SEARCH-2025H2,C0006292,paid_search,treatment,2025-07-24,90,False,74.75,0.0
EXP-PAID-SEARCH-2025H2,C0006296,paid_search,treatment,2025-07-20,90,False,177.44,0.0
EXP-PAID-SEARCH-2025H2,C0006298,paid_search,control,2025-07-12,90,False,249.11,0.0
EXP-PAID-SEARCH-2025H2,C0006299,paid_search,treatment,2025-07-13,90,False,58.06,0.0
EXP-PAID-SEARCH-2025H2,C0006302,paid_search,treatment,2025-07-03,90,False,50.49,0.0
EXP-PAID-SEARCH-2025H2,C0006304,paid_search,treatment,2025-07-03,90,False,65.24,0.0
EXP-PAID-SEARCH-2025H2,C0006305,paid_search,control,2025-07-05,90,False,72.87,0.0
EXP-PAID-SEARCH-2025H2,C0006318,paid_search,treatment,2025-07-01,90,False,99.79,0.0
EXP-PAID-SEARCH-2025H2,C0006320,paid_search,treatment,2025-07-25,90,True,78.17,108.24
EXP-PAID-SEARCH-2025H2,C0006324,paid_search,treatment,2025-07-02,90,False,76.62,0.0
EXP-PAID-SEARCH-2025H2,C0006338,paid_search,treatment,2025-07-11,90,False,115.76,0.0
EXP-PAID-SEARCH-2025H2,C0006341,paid_search,control,2025-07-13,90,True,265.91,219.68
EXP-PAID-SEARCH-2025H2,C0006344,paid_search,treatment,2025-07-20,90,True,480.09,429.4
EXP-PAID-SEARCH-2025H2,C0006355,paid_search,treatment,2025-07-23,90,False,1002.55,0.0
EXP-PAID-SEARCH-2025H2,C0006357,paid_search,control,2025-07-23,90,False,603.38,0.0
EXP-PAID-SEARCH-2025H2,C0006378,paid_search,control,2025-07-06,90,False,253.68,0.0
EXP-PAID-SEARCH-2025H2,C0006390,paid_search,control,2025-07-27,90,True,55.08,23.58
EXP-PAID-SEARCH-2025H2,C0006392,paid_search,control,2025-07-08,90,False,63.14,0.0
EXP-PAID-SEARCH-2025H2,C0006407,paid_search,control,2025-07-05,90,False,83.29,0.0
EXP-PAID-SEARCH-2025H2,C0006408,paid_search,control,2025-07-24,90,False,39.44,0.0
EXP-PAID-SEARCH-2025H2,C0006416,paid_search,treatment,2025-07-12,90,True,110.0,88.21
EXP-PAID-SEARCH-2025H2,C0006420,paid_search,treatment,2025-07-07,90,False,308.17,0.0
EXP-PAID-SEARCH-2025H2,C0006422,paid_search,treatment,2025-07-21,90,False,571.06,0.0
EXP-PAID-SEARCH-2025H2,C0006429,paid_search,treatment,2025-07-21,90,True,331.59,254.16
EXP-PAID-SEARCH-2025H2,C0006435,paid_search,control,2025-07-01,90,False,47.34,0.0
EXP-PAID-SEARCH-2025H2,C0006454,paid_search,control,2025-07-18,90,False,79.69,0.0
EXP-PAID-SEARCH-2025H2,C0006455,paid_search,control,2025-07-15,90,False,380.27,0.0
EXP-PAID-SEARCH-2025H2,C0006468,paid_search,control,2025-07-05,90,True,371.2,307.23
EXP-PAID-SEARCH-2025H2,C0006469,paid_search,treatment,2025-07-05,90,False,114.16,0.0
EXP-PAID-SEARCH-2025H2,C0006470,paid_search,treatment,2025-07-17,90,False,205.63,0.0
EXP-PAID-SEARCH-2025H2,C0006479,paid_search,control,2025-07-07,90,True,267.25,160.18
EXP-PAID-SEARCH-2025H2,C0006484,paid_search,treatment,2025-07-15,90,False,83.79,0.0
EXP-PAID-SEARCH-2025H2,C0006492,paid_search,control,2025-07-21,90,False,48.74,0.0
EXP-PAID-SEARCH-2025H2,C0006500,paid_search,treatment,2025-07-08,90,True,49.32,55.55
EXP-PAID-SEARCH-2025H2,C0006505,paid_search,treatment,2025-07-19,90,False,75.35,0.0
EXP-PAID-SEARCH-2025H2,C0006509,paid_search,treatment,2025-07-03,90,False,317.78,0.0
EXP-PAID-SEARCH-2025H2,C0006511,paid_search,treatment,2025-07-06,90,False,178.9,0.0
EXP-PAID-SEARCH-2025H2,C0006515,paid_search,treatment,2025-07-10,90,False,291.36,0.0
EXP-PAID-SEARCH-2025H2,C0006533,paid_search,control,2025-07-28,90,False,142.79,0.0
EXP-PAID-SEARCH-2025H2,C0006536,paid_search,control,2025-07-10,90,False,43.62,0.0
EXP-PAID-SEARCH-2025H2,C0006538,paid_search,control,2025-07-12,90,False,131.01,0.0
EXP-PAID-SEARCH-2025H2,C0006543,paid_search,control,2025-07-10,90,False,85.38,0.0
EXP-PAID-SEARCH-2025H2,C0006546,paid_search,treatment,2025-07-06,90,True,147.52,108.18
EXP-PAID-SEARCH-2025H2,C0006558,paid_search,treatment,2025-07-26,90,True,78.29,71.17
EXP-PAID-SEARCH-2025H2,C0006559,paid_search,treatment,2025-07-12,90,False,682.44,0.0
EXP-PAID-SEARCH-2025H2,C0006561,paid_search,control,2025-07-09,90,False,117.43,0.0
EXP-PAID-SEARCH-2025H2,C0006570,paid_search,treatment,2025-07-04,90,True,507.47,342.4
EXP-PAID-SEARCH-2025H2,C0006571,paid_search,treatment,2025-07-24,90,True,159.65,160.42
EXP-PAID-SEARCH-2025H2,C0006582,paid_search,control,2025-07-23,90,True,61.84,45.43
EXP-PAID-SEARCH-2025H2,C0006596,paid_search,control,2025-07-14,90,False,169.64,0.0
EXP-PAID-SEARCH-2025H2,C0006597,paid_search,treatment,2025-07-22,90,False,123.6,0.0
EXP-PAID-SEARCH-2025H2,C0006602,paid_search,control,2025-07-10,90,False,50.61,0.0
EXP-PAID-SEARCH-2025H2,C0006604,paid_search,treatment,2025-07-28,90,False,113.18,0.0
EXP-PAID-SEARCH-2025H2,C0006607,paid_search,treatment,2025-07-10,90,False,320.73,0.0
EXP-PAID-SEARCH-2025H2,C0006609,paid_search,treatment,2025-07-21,90,True,156.37,108.93
EXP-PAID-SEARCH-2025H2,C0006611,paid_search,control,2025-07-26,90,False,77.36,0.0
EXP-PAID-SEARCH-2025H2,C0006614,paid_search,control,2025-07-17,90,True,45.93,35.74
EXP-PAID-SEARCH-2025H2,C0006618,paid_search,control,2025-07-03,90,False,118.41,0.0
EXP-PAID-SEARCH-2025H2,C0006619,paid_search,control,2025-07-08,90,False,56.71,0.0
EXP-PAID-SEARCH-2025H2,C0006633,paid_search,control,2025-07-17,90,True,105.97,88.39
EXP-PAID-SEARCH-2025H2,C0006638,paid_search,treatment,2025-07-09,90,True,278.01,332.33
EXP-PAID-SEARCH-2025H2,C0006641,paid_search,treatment,2025-07-21,90,False,66.59,0.0
EXP-PAID-SEARCH-2025H2,C0006644,paid_search,treatment,2025-07-22,90,False,141.68,0.0
EXP-PAID-SEARCH-2025H2,C0006646,paid_search,treatment,2025-07-18,90,True,589.95,514.72
EXP-PAID-SEARCH-2025H2,C0006650,paid_search,treatment,2025-07-16,90,False,443.71,0.0
EXP-PAID-SEARCH-2025H2,C0006657,paid_search,treatment,2025-07-14,90,True,112.89,84.1
EXP-PAID-SEARCH-2025H2,C0006665,paid_search,control,2025-07-24,90,False,137.88,0.0
EXP-PAID-SEARCH-2025H2,C0006669,paid_search,control,2025-07-20,90,False,122.06,0.0
EXP-PAID-SEARCH-2025H2,C0006672,paid_search,control,2025-07-24,90,True,234.81,180.38
EXP-PAID-SEARCH-2025H2,C0006675,paid_search,control,2025-07-04,90,False,83.88,0.0
EXP-PAID-SEARCH-2025H2,C0006676,paid_search,treatment,2025-07-04,90,False,79.45,0.0
EXP-PAID-SEARCH-2025H2,C0006678,paid_search,control,2025-07-03,90,False,198.9,0.0
EXP-PAID-SEARCH-2025H2,C0006683,paid_search,treatment,2025-07-21,90,True,172.97,161.23
EXP-PAID-SEARCH-2025H2,C0006685,paid_search,control,2025-07-13,90,False,142.11,0.0
EXP-PAID-SEARCH-2025H2,C0006689,paid_search,control,2025-07-15,90,True,297.8,219.86
EXP-PAID-SEARCH-2025H2,C0006698,paid_search,control,2025-07-26,90,True,772.54,307.95
EXP-PAID-SEARCH-2025H2,C0006700,paid_search,treatment,2025-07-27,90,False,495.46,0.0
EXP-PAID-SEARCH-2025H2,C0006706,paid_search,treatment,2025-07-05,90,False,80.64,0.0
EXP-PAID-SEARCH-2025H2,C0006710,paid_search,control,2025-07-14,90,True,75.3,101.84
EXP-PAID-SEARCH-2025H2,C0006717,paid_search,treatment,2025-07-15,90,True,265.82,393.04
EXP-PAID-SEARCH-2025H2,C0006733,paid_search,treatment,2025-07-18,90,False,65.87,0.0
EXP-PAID-SEARCH-2025H2,C0006739,paid_search,treatment,2025-07-11,90,True,74.53,110.87
EXP-PAID-SEARCH-2025H2,C0006745,paid_search,control,2025-07-22,90,False,79.54,0.0
EXP-PAID-SEARCH-2025H2,C0006746,paid_search,control,2025-07-24,90,False,299.94,0.0
EXP-PAID-SEARCH-2025H2,C0006751,paid_search,control,2025-07-15,90,False,68.33,0.0
EXP-PAID-SEARCH-2025H2,C0006758,paid_search,treatment,2025-07-26,90,False,96.48,0.0
EXP-PAID-SEARCH-2025H2,C0006772,paid_search,treatment,2025-07-12,90,False,116.37,0.0
EXP-PAID-SEARCH-2025H2,C0006777,paid_search,treatment,2025-07-07,90,True,51.16,46.36
EXP-PAID-SEARCH-2025H2,C0006781,paid_search,treatment,2025-07-27,90,True,91.7,47.91
EXP-PAID-SEARCH-2025H2,C0006784,paid_search,treatment,2025-07-19,90,True,76.04,32.76
EXP-PAID-SEARCH-2025H2,C0006786,paid_search,control,2025-07-22,90,True,304.48,223.9
EXP-PAID-SEARCH-2025H2,C0006794,paid_search,treatment,2025-07-15,90,True,276.68,222.22
EXP-PAID-SEARCH-2025H2,C0006797,paid_search,treatment,2025-07-08,90,False,60.69,0.0
EXP-PAID-SEARCH-2025H2,C0006799,paid_search,treatment,2025-07-06,90,True,68.33,65.05
EXP-PAID-SEARCH-2025H2,C0006808,paid_search,control,2025-07-12,90,False,69.28,0.0
EXP-PAID-SEARCH-2025H2,C0006809,paid_search,treatment,2025-07-19,90,False,97.37,0.0
EXP-PAID-SEARCH-2025H2,C0006815,paid_search,treatment,2025-07-04,90,False,484.65,0.0
EXP-PAID-SEARCH-2025H2,C0006830,paid_search,treatment,2025-07-22,90,False,306.11,0.0
EXP-PAID-SEARCH-2025H2,C0006835,paid_search,control,2025-07-10,90,True,130.66,70.23
EXP-PAID-SEARCH-2025H2,C0006844,paid_search,control,2025-07-02,90,False,96.88,0.0
EXP-PAID-SEARCH-2025H2,C0006848,paid_search,treatment,2025-07-21,90,False,77.56,0.0
EXP-PAID-SEARCH-2025H2,C0006866,paid_search,treatment,2025-07-05,90,False,291.09,0.0
EXP-PAID-SEARCH-2025H2,C0006868,paid_search,control,2025-07-21,90,False,84.24,0.0
EXP-PAID-SEARCH-2025H2,C0006897,paid_search,control,2025-07-11,90,False,73.31,0.0
EXP-PAID-SEARCH-2025H2,C0006901,paid_search,control,2025-07-18,90,False,68.47,0.0
EXP-PAID-SEARCH-2025H2,C0006906,paid_search,control,2025-07-03,90,False,327.03,0.0
EXP-PAID-SEARCH-2025H2,C0006916,paid_search,control,2025-07-11,90,False,81.0,0.0
EXP-PAID-SEARCH-2025H2,C0006918,paid_search,control,2025-07-06,90,False,96.4,0.0
EXP-PAID-SEARCH-2025H2,C0006919,paid_search,control,2025-07-28,90,False,119.47,0.0
EXP-PAID-SEARCH-2025H2,C0006921,paid_search,treatment,2025-07-07,90,False,107.81,0.0
EXP-PAID-SEARCH-2025H2,C0006923,paid_search,treatment,2025-07-02,90,True,125.4,110.52
EXP-PAID-SEARCH-2025H2,C0006930,paid_search,treatment,2025-07-08,90,True,75.17,74.7
EXP-PAID-SEARCH-2025H2,C0006933,paid_search,control,2025-07-19,90,False,77.14,0.0
EXP-PAID-SEARCH-2025H2,C0006936,paid_search,treatment,2025-07-14,90,False,168.23,0.0
EXP-PAID-SEARCH-2025H2,C0006943,paid_search,control,2025-07-18,90,False,55.14,0.0
EXP-PAID-SEARCH-2025H2,C0006945,paid_search,control,2025-07-06,90,False,81.2,0.0
EXP-PAID-SEARCH-2025H2,C0006946,paid_search,control,2025-07-13,90,True,61.82,48.86
EXP-PAID-SEARCH-2025H2,C0006949,paid_search,treatment,2025-07-15,90,False,507.72,0.0
EXP-PAID-SEARCH-2025H2,C0006954,paid_search,treatment,2025-07-11,90,True,332.51,451.65
EXP-PAID-SEARCH-2025H2,C0006960,paid_search,control,2025-07-15,90,False,54.2,0.0
EXP-PAID-SEARCH-2025H2,C0006968,paid_search,control,2025-07-22,90,True,227.46,184.64
EXP-PAID-SEARCH-2025H2,C0006969,paid_search,treatment,2025-07-17,90,True,517.75,651.61
EXP-PAID-SEARCH-2025H2,C0006979,paid_search,treatment,2025-07-27,90,True,125.55,134.27
EXP-PAID-SEARCH-2025H2,C0006981,paid_search,control,2025-07-27,90,True,55.53,44.52
EXP-PAID-SEARCH-2025H2,C0006982,paid_search,treatment,2025-07-01,90,False,81.64,0.0
EXP-PAID-SEARCH-2025H2,C0006984,paid_search,control,2025-07-14,90,True,136.88,68.06
EXP-PAID-SEARCH-2025H2,C0006986,paid_search,control,2025-07-03,90,False,145.88,0.0
EXP-PAID-SEARCH-2025H2,C0006989,paid_search,treatment,2025-07-08,90,False,71.75,0.0
EXP-PAID-SEARCH-2025H2,C0006991,paid_search,control,2025-07-16,90,False,387.29,0.0
EXP-PAID-SEARCH-2025H2,C0006993,paid_search,control,2025-07-03,90,False,135.32,0.0
EXP-PAID-SEARCH-2025H2,C0007004,paid_search,treatment,2025-07-14,90,False,103.6,0.0
EXP-PAID-SEARCH-2025H2,C0007005,paid_search,treatment,2025-07-21,90,False,168.51,0.0
EXP-PAID-SEARCH-2025H2,C0007014,paid_search,control,2025-07-27,90,False,71.31,0.0
EXP-PAID-SEARCH-2025H2,C0007016,paid_search,treatment,2025-07-13,90,False,156.17,0.0
EXP-PAID-SEARCH-2025H2,C0007017,paid_search,control,2025-07-24,90,False,188.11,0.0
EXP-PAID-SEARCH-2025H2,C0007021,paid_search,control,2025-07-14,90,True,239.9,183.83
EXP-PAID-SEARCH-2025H2,C0007033,paid_search,control,2025-07-13,90,True,78.75,42.67
EXP-PAID-SEARCH-2025H2,C0007037,paid_search,control,2025-07-13,90,False,90.34,0.0
EXP-PAID-SEARCH-2025H2,C0007040,paid_search,control,2025-07-23,90,True,65.63,50.12
EXP-PAID-SEARCH-2025H2,C0007043,paid_search,control,2025-07-08,90,True,94.02,55.85
EXP-PAID-SEARCH-2025H2,C0007062,paid_search,treatment,2025-07-27,90,False,563.9,0.0
EXP-PAID-SEARCH-2025H2,C0007067,paid_search,treatment,2025-07-07,90,True,123.47,131.78
EXP-PAID-SEARCH-2025H2,C0007070,paid_search,control,2025-07-07,90,False,63.91,0.0
EXP-PAID-SEARCH-2025H2,C0007071,paid_search,treatment,2025-07-17,90,False,73.32,0.0
EXP-PAID-SEARCH-2025H2,C0007077,paid_search,treatment,2025-07-11,90,False,165.04,0.0
EXP-PAID-SEARCH-2025H2,C0007079,paid_search,control,2025-07-16,90,True,280.33,369.89
EXP-PAID-SEARCH-2025H2,C0007081,paid_search,control,2025-07-25,90,False,76.46,0.0
EXP-PAID-SEARCH-2025H2,C0007094,paid_search,control,2025-07-01,90,True,69.16,59.47
EXP-PAID-SEARCH-2025H2,C0007098,paid_search,treatment,2025-07-17,90,True,123.76,85.81
EXP-PAID-SEARCH-2025H2,C0007115,paid_search,control,2025-07-20,90,False,97.41,0.0
EXP-PAID-SEARCH-2025H2,C0007117,paid_search,treatment,2025-07-10,90,False,125.77,0.0
EXP-PAID-SEARCH-2025H2,C0007124,paid_search,control,2025-07-02,90,True,290.21,146.15
EXP-PAID-SEARCH-2025H2,C0007131,paid_search,treatment,2025-07-09,90,False,74.38,0.0
EXP-PAID-SEARCH-2025H2,C0007134,paid_search,treatment,2025-07-15,90,True,173.97,235.79
EXP-PAID-SEARCH-2025H2,C0007138,paid_search,control,2025-07-23,90,False,377.05,0.0
EXP-PAID-SEARCH-2025H2,C0007139,paid_search,treatment,2025-07-25,90,False,322.84,0.0
EXP-PAID-SEARCH-2025H2,C0007143,paid_search,control,2025-07-17,90,False,254.44,0.0
EXP-PAID-SEARCH-2025H2,C0007146,paid_search,control,2025-07-02,90,False,121.81,0.0
EXP-PAID-SEARCH-2025H2,C0007148,paid_search,treatment,2025-07-19,90,False,125.55,0.0
EXP-PAID-SEARCH-2025H2,C0007149,paid_search,control,2025-07-27,90,True,545.39,307.22
EXP-PAID-SEARCH-2025H2,C0007150,paid_search,control,2025-07-12,90,False,61.94,0.0
EXP-PAID-SEARCH-2025H2,C0007151,paid_search,control,2025-07-26,90,False,76.07,0.0
EXP-PAID-SEARCH-2025H2,C0007152,paid_search,treatment,2025-07-07,90,False,63.08,0.0
EXP-PAID-SEARCH-2025H2,C0007161,paid_search,treatment,2025-07-04,90,True,191.72,208.57
EXP-PAID-SEARCH-2025H2,C0007162,paid_search,control,2025-07-04,90,True,252.38,277.04
EXP-PAID-SEARCH-2025H2,C0007164,paid_search,control,2025-07-05,90,True,50.57,46.41
EXP-PAID-SEARCH-2025H2,C0007165,paid_search,treatment,2025-07-17,90,False,281.83,0.0
EXP-PAID-SEARCH-2025H2,C0007166,paid_search,control,2025-07-02,90,False,194.52,0.0
EXP-PAID-SEARCH-2025H2,C0007169,paid_search,control,2025-07-09,90,False,63.36,0.0
EXP-PAID-SEARCH-2025H2,C0007172,paid_search,control,2025-07-15,90,False,126.92,0.0
EXP-PAID-SEARCH-2025H2,C0007184,paid_search,treatment,2025-07-28,90,True,58.68,42.51
EXP-PAID-SEARCH-2025H2,C0007185,paid_search,treatment,2025-07-19,90,False,365.79,0.0
EXP-PAID-SEARCH-2025H2,C0007186,paid_search,control,2025-07-22,90,False,241.0,0.0
EXP-PAID-SEARCH-2025H2,C0007192,paid_search,treatment,2025-07-26,90,False,68.3,0.0
EXP-PAID-SEARCH-2025H2,C0007198,paid_search,treatment,2025-07-07,90,False,388.94,0.0
EXP-PAID-SEARCH-2025H2,C0007199,paid_search,control,2025-07-07,90,False,116.92,0.0
EXP-PAID-SEARCH-2025H2,C0007201,paid_search,control,2025-07-06,90,False,123.15,0.0
EXP-PAID-SEARCH-2025H2,C0007210,paid_search,treatment,2025-07-28,90,False,147.94,0.0
EXP-PAID-SEARCH-2025H2,C0007213,paid_search,control,2025-07-05,90,False,138.85,0.0
EXP-PAID-SEARCH-2025H2,C0007221,paid_search,treatment,2025-07-22,90,False,105.93,0.0
EXP-PAID-SEARCH-2025H2,C0007233,paid_search,treatment,2025-07-19,90,False,79.82,0.0
EXP-PAID-SEARCH-2025H2,C0007236,paid_search,control,2025-07-03,90,False,251.07,0.0
EXP-PAID-SEARCH-2025H2,C0007244,paid_search,control,2025-07-26,90,True,69.15,37.98
EXP-PAID-SEARCH-2025H2,C0007248,paid_search,control,2025-07-20,90,True,249.91,204.0
EXP-PAID-SEARCH-2025H2,C0007251,paid_search,control,2025-07-05,90,False,402.43,0.0
EXP-PAID-SEARCH-2025H2,C0007254,paid_search,treatment,2025-07-18,90,False,91.81,0.0
EXP-PAID-SEARCH-2025H2,C0007256,paid_search,treatment,2025-07-12,90,False,45.38,0.0
EXP-PAID-SEARCH-2025H2,C0007258,paid_search,control,2025-07-16,90,False,62.56,0.0
EXP-PAID-SEARCH-2025H2,C0007261,paid_search,control,2025-07-01,90,False,39.21,0.0
EXP-PAID-SEARCH-2025H2,C0007264,paid_search,control,2025-07-19,90,True,202.18,110.63
EXP-PAID-SEARCH-2025H2,C0007268,paid_search,control,2025-07-22,90,False,133.12,0.0
EXP-PAID-SEARCH-2025H2,C0007276,paid_search,treatment,2025-07-24,90,False,270.22,0.0
EXP-PAID-SEARCH-2025H2,C0007277,paid_search,control,2025-07-22,90,False,281.32,0.0
EXP-PAID-SEARCH-2025H2,C0007280,paid_search,treatment,2025-07-08,90,False,356.84,0.0
EXP-PAID-SEARCH-2025H2,C0007289,paid_search,control,2025-07-01,90,False,63.1,0.0
EXP-PAID-SEARCH-2025H2,C0007297,paid_search,treatment,2025-07-24,90,False,76.15,0.0
EXP-PAID-SEARCH-2025H2,C0007301,paid_search,control,2025-07-22,90,True,241.77,188.12
EXP-PAID-SEARCH-2025H2,C0007315,paid_search,treatment,2025-07-17,90,False,147.62,0.0
EXP-PAID-SEARCH-2025H2,C0007323,paid_search,control,2025-07-11,90,False,113.0,0.0
EXP-PAID-SEARCH-2025H2,C0007330,paid_search,control,2025-07-06,90,False,70.69,0.0
EXP-PAID-SEARCH-2025H2,C0007337,paid_search,control,2025-07-03,90,False,72.48,0.0
EXP-PAID-SEARCH-2025H2,C0007340,paid_search,control,2025-07-18,90,False,123.16,0.0
EXP-PAID-SEARCH-2025H2,C0007344,paid_search,treatment,2025-07-17,90,False,56.74,0.0
EXP-PAID-SEARCH-2025H2,C0007351,paid_search,control,2025-07-18,90,True,108.89,53.86
EXP-PAID-SEARCH-2025H2,C0007377,paid_search,treatment,2025-07-17,90,False,71.1,0.0
EXP-PAID-SEARCH-2025H2,C0007379,paid_search,treatment,2025-07-04,90,True,157.91,219.13
EXP-PAID-SEARCH-2025H2,C0007428,paid_search,control,2025-07-11,90,True,77.89,67.02
EXP-PAID-SEARCH-2025H2,C0007429,paid_search,treatment,2025-07-25,90,False,90.15,0.0
EXP-PAID-SEARCH-2025H2,C0007430,paid_search,treatment,2025-07-18,90,False,91.48,0.0
EXP-PAID-SEARCH-2025H2,C0007443,paid_search,control,2025-07-05,90,False,87.36,0.0
EXP-PAID-SEARCH-2025H2,C0007449,paid_search,control,2025-07-16,90,False,50.15,0.0
EXP-PAID-SEARCH-2025H2,C0007453,paid_search,treatment,2025-07-13,90,False,112.63,0.0
EXP-PAID-SEARCH-2025H2,C0007463,paid_search,control,2025-07-26,90,False,85.47,0.0
EXP-PAID-SEARCH-2025H2,C0007464,paid_search,treatment,2025-07-27,90,False,200.13,0.0
EXP-PAID-SEARCH-2025H2,C0007473,paid_search,control,2025-07-20,90,False,73.0,0.0
EXP-PAID-SEARCH-2025H2,C0007492,paid_search,treatment,2025-07-27,90,True,139.75,260.42
EXP-PAID-SEARCH-2025H2,C0007500,paid_search,treatment,2025-07-10,90,False,411.57,0.0
EXP-PAID-SEARCH-2025H2,C0007502,paid_search,control,2025-07-10,90,True,192.76,197.05
EXP-PAID-SEARCH-2025H2,C0007510,paid_search,control,2025-07-19,90,False,150.97,0.0
EXP-PAID-SEARCH-2025H2,C0007512,paid_search,treatment,2025-07-02,90,True,156.05,204.14
EXP-PAID-SEARCH-2025H2,C0007515,paid_search,treatment,2025-07-19,90,False,38.37,0.0
EXP-PAID-SEARCH-2025H2,C0007524,paid_search,control,2025-07-13,90,False,120.61,0.0
EXP-PAID-SEARCH-2025H2,C0007529,paid_search,control,2025-07-24,90,False,77.04,0.0
EXP-PAID-SEARCH-2025H2,C0007536,paid_search,control,2025-07-16,90,False,133.41,0.0
EXP-PAID-SEARCH-2025H2,C0007549,paid_search,treatment,2025-07-21,90,False,69.06,0.0
EXP-PAID-SEARCH-2025H2,C0007551,paid_search,treatment,2025-07-10,90,True,81.1,88.57
EXP-PAID-SEARCH-2025H2,C0007557,paid_search,control,2025-07-04,90,True,178.45,112.86
EXP-PAID-SEARCH-2025H2,C0007560,paid_search,control,2025-07-15,90,False,65.88,0.0
EXP-PAID-SEARCH-2025H2,C0007563,paid_search,treatment,2025-07-09,90,False,84.95,0.0
EXP-PAID-SEARCH-2025H2,C0007577,paid_search,control,2025-07-27,90,False,362.62,0.0
EXP-PAID-SEARCH-2025H2,C0007580,paid_search,treatment,2025-07-04,90,False,296.65,0.0
EXP-PAID-SEARCH-2025H2,C0007583,paid_search,control,2025-07-05,90,False,114.11,0.0
EXP-PAID-SEARCH-2025H2,C0007586,paid_search,treatment,2025-07-26,90,False,485.71,0.0
EXP-PAID-SEARCH-2025H2,C0007604,paid_search,treatment,2025-07-24,90,False,567.01,0.0
EXP-PAID-SEARCH-2025H2,C0007613,paid_search,treatment,2025-07-26,90,False,300.87,0.0
EXP-PAID-SEARCH-2025H2,C0007629,paid_search,control,2025-07-01,90,False,61.92,0.0
EXP-PAID-SEARCH-2025H2,C0007630,paid_search,treatment,2025-07-25,90,False,139.62,0.0
EXP-PAID-SEARCH-2025H2,C0007631,paid_search,treatment,2025-07-22,90,False,75.75,0.0
EXP-PAID-SEARCH-2025H2,C0007632,paid_search,treatment,2025-07-10,90,False,292.44,0.0
EXP-PAID-SEARCH-2025H2,C0007633,paid_search,treatment,2025-07-18,90,False,164.34,0.0
EXP-PAID-SEARCH-2025H2,C0007639,paid_search,treatment,2025-07-08,90,False,70.0,0.0
EXP-PAID-SEARCH-2025H2,C0007658,paid_search,treatment,2025-07-19,90,False,161.42,0.0
EXP-PAID-SEARCH-2025H2,C0007661,paid_search,control,2025-07-17,90,False,64.95,0.0
EXP-PAID-SEARCH-2025H2,C0007663,paid_search,control,2025-07-02,90,False,131.67,0.0
EXP-PAID-SEARCH-2025H2,C0007673,paid_search,control,2025-07-23,90,False,80.47,0.0
EXP-PAID-SEARCH-2025H2,C0007691,paid_search,control,2025-07-23,90,True,80.53,62.73
EXP-PAID-SEARCH-2025H2,C0007697,paid_search,control,2025-07-05,90,True,717.02,429.39
EXP-PAID-SEARCH-2025H2,C0007698,paid_search,control,2025-07-28,90,True,291.28,175.54
EXP-PAID-SEARCH-2025H2,C0007703,paid_search,control,2025-07-07,90,True,324.32,149.99
EXP-PAID-SEARCH-2025H2,C0007711,paid_search,treatment,2025-07-16,90,True,695.15,499.04
EXP-PAID-SEARCH-2025H2,C0007716,paid_search,treatment,2025-07-13,90,False,89.76,0.0
EXP-PAID-SEARCH-2025H2,C0007721,paid_search,control,2025-07-24,90,False,51.94,0.0
EXP-PAID-SEARCH-2025H2,C0007724,paid_search,control,2025-07-24,90,True,98.24,48.57
EXP-PAID-SEARCH-2025H2,C0007728,paid_search,treatment,2025-07-21,90,True,105.23,135.34
EXP-PAID-SEARCH-2025H2,C0007731,paid_search,treatment,2025-07-19,90,False,169.7,0.0
EXP-PAID-SEARCH-2025H2,C0007745,paid_search,treatment,2025-07-15,90,False,125.18,0.0
EXP-PAID-SEARCH-2025H2,C0007747,paid_search,treatment,2025-07-19,90,False,261.51,0.0
EXP-PAID-SEARCH-2025H2,C0007751,paid_search,control,2025-07-02,90,False,52.94,0.0
EXP-PAID-SEARCH-2025H2,C0007770,paid_search,treatment,2025-07-21,90,False,41.39,0.0
EXP-PAID-SEARCH-2025H2,C0007783,paid_search,control,2025-07-21,90,True,58.91,38.11
EXP-PAID-SEARCH-2025H2,C0007790,paid_search,treatment,2025-07-27,90,False,134.55,0.0
EXP-PAID-SEARCH-2025H2,C0007803,paid_search,control,2025-07-12,90,False,304.77,0.0
EXP-PAID-SEARCH-2025H2,C0007805,paid_search,treatment,2025-07-21,90,True,169.21,120.31
EXP-PAID-SEARCH-2025H2,C0007808,paid_search,control,2025-07-13,90,False,176.61,0.0
EXP-PAID-SEARCH-2025H2,C0007818,paid_search,treatment,2025-07-11,90,False,268.04,0.0
EXP-PAID-SEARCH-2025H2,C0007828,paid_search,control,2025-07-07,90,True,295.04,219.74
EXP-PAID-SEARCH-2025H2,C0007833,paid_search,control,2025-07-18,90,False,65.31,0.0
EXP-PAID-SEARCH-2025H2,C0007847,paid_search,control,2025-07-20,90,False,68.28,0.0
EXP-PAID-SEARCH-2025H2,C0007849,paid_search,control,2025-07-26,90,False,569.85,0.0
EXP-PAID-SEARCH-2025H2,C0007859,paid_search,treatment,2025-07-12,90,True,54.7,26.04
EXP-PAID-SEARCH-2025H2,C0007863,paid_search,treatment,2025-07-26,90,False,177.18,0.0
EXP-PAID-SEARCH-2025H2,C0007869,paid_search,treatment,2025-07-25,90,True,131.33,241.98
EXP-PAID-SEARCH-2025H2,C0007876,paid_search,control,2025-07-16,90,False,86.28,0.0
EXP-PAID-SEARCH-2025H2,C0007878,paid_search,treatment,2025-07-12,90,True,50.9,49.28
EXP-PAID-SEARCH-2025H2,C0007881,paid_search,control,2025-07-27,90,True,194.35,164.3
EXP-PAID-SEARCH-2025H2,C0007882,paid_search,control,2025-07-10,90,False,148.62,0.0
EXP-PAID-SEARCH-2025H2,C0007894,paid_search,treatment,2025-07-19,90,False,206.02,0.0
EXP-PAID-SEARCH-2025H2,C0007895,paid_search,treatment,2025-07-27,90,True,184.31,229.54
EXP-PAID-SEARCH-2025H2,C0007901,paid_search,treatment,2025-07-03,90,False,163.32,0.0
EXP-PAID-SEARCH-2025H2,C0007906,paid_search,control,2025-07-12,90,False,87.86,0.0
EXP-PAID-SEARCH-2025H2,C0007918,paid_search,treatment,2025-07-14,90,False,61.17,0.0
EXP-PAID-SEARCH-2025H2,C0007919,paid_search,control,2025-07-04,90,False,315.19,0.0
EXP-PAID-SEARCH-2025H2,C0007920,paid_search,control,2025-07-18,90,True,38.11,44.62
EXP-PAID-SEARCH-2025H2,C0007921,paid_search,control,2025-07-02,90,True,195.88,245.78
EXP-PAID-SEARCH-2025H2,C0007930,paid_search,treatment,2025-07-21,90,True,155.88,106.21
EXP-PAID-SEARCH-2025H2,C0007940,paid_search,control,2025-07-20,90,False,52.66,0.0
EXP-PAID-SEARCH-2025H2,C0007950,paid_search,treatment,2025-07-21,90,True,70.53,98.28
EXP-PAID-SEARCH-2025H2,C0007956,paid_search,control,2025-07-15,90,False,778.72,0.0
EXP-PAID-SEARCH-2025H2,C0007969,paid_search,control,2025-07-07,90,False,69.66,0.0
EXP-PAID-SEARCH-2025H2,C0007974,paid_search,treatment,2025-07-11,90,False,168.65,0.0
EXP-PAID-SEARCH-2025H2,C0007976,paid_search,control,2025-07-16,90,False,118.1,0.0
EXP-PAID-SEARCH-2025H2,C0007977,paid_search,control,2025-07-20,90,False,300.76,0.0
EXP-PAID-SEARCH-2025H2,C0007982,paid_search,control,2025-07-11,90,True,120.62,91.21
EXP-PAID-SEARCH-2025H2,C0007984,paid_search,control,2025-07-15,90,False,222.22,0.0
EXP-PAID-SEARCH-2025H2,C0007996,paid_search,control,2025-07-02,90,False,59.51,0.0
EXP-PAID-SEARCH-2025H2,C0007999,paid_search,control,2025-07-26,90,True,130.62,70.12
EXP-PAID-SEARCH-2025H2,C0008003,paid_search,treatment,2025-07-14,90,True,35.21,42.32
EXP-PAID-SEARCH-2025H2,C0008011,paid_search,control,2025-07-24,90,True,293.94,184.67
EXP-PAID-SEARCH-2025H2,C0008016,paid_search,treatment,2025-07-10,90,True,132.38,144.74
EXP-PAID-SEARCH-2025H2,C0008023,paid_search,treatment,2025-07-27,90,True,92.13,133.75
EXP-PAID-SEARCH-2025H2,C0008025,paid_search,treatment,2025-07-05,90,False,81.79,0.0
EXP-PAID-SEARCH-2025H2,C0008026,paid_search,control,2025-07-25,90,False,140.09,0.0
EXP-PAID-SEARCH-2025H2,C0008038,paid_search,treatment,2025-07-10,90,True,86.28,88.21
EXP-PAID-SEARCH-2025H2,C0008039,paid_search,control,2025-07-15,90,False,75.33,0.0
EXP-PAID-SEARCH-2025H2,C0008043,paid_search,control,2025-07-21,90,True,313.91,433.35
EXP-PAID-SEARCH-2025H2,C0008062,paid_search,treatment,2025-07-25,90,True,135.47,122.54
EXP-PAID-SEARCH-2025H2,C0008069,paid_search,treatment,2025-07-17,90,True,50.12,70.25
EXP-PAID-SEARCH-2025H2,C0008070,paid_search,treatment,2025-07-21,90,False,519.88,0.0
EXP-PAID-SEARCH-2025H2,C0008072,paid_search,treatment,2025-07-05,90,False,116.17,0.0
EXP-PAID-SEARCH-2025H2,C0008073,paid_search,control,2025-07-26,90,False,91.07,0.0
EXP-PAID-SEARCH-2025H2,C0008077,paid_search,treatment,2025-07-14,90,False,64.24,0.0
EXP-PAID-SEARCH-2025H2,C0008091,paid_search,treatment,2025-07-08,90,False,65.15,0.0
EXP-PAID-SEARCH-2025H2,C0008094,paid_search,treatment,2025-07-18,90,False,67.69,0.0
EXP-PAID-SEARCH-2025H2,C0008113,paid_search,treatment,2025-07-09,90,False,550.02,0.0
EXP-PAID-SEARCH-2025H2,C0008118,paid_search,treatment,2025-07-21,90,False,82.47,0.0
EXP-PAID-SEARCH-2025H2,C0008130,paid_search,treatment,2025-07-21,90,True,84.75,98.76
EXP-PAID-SEARCH-2025H2,C0008132,paid_search,treatment,2025-07-12,90,False,681.33,0.0
EXP-PAID-SEARCH-2025H2,C0008138,paid_search,control,2025-07-02,90,True,88.5,112.39
EXP-PAID-SEARCH-2025H2,C0008142,paid_search,control,2025-07-04,90,False,67.56,0.0
EXP-PAID-SEARCH-2025H2,C0008144,paid_search,treatment,2025-07-08,90,True,150.04,246.29
EXP-PAID-SEARCH-2025H2,C0008149,paid_search,treatment,2025-07-01,90,True,167.85,155.13
EXP-PAID-SEARCH-2025H2,C0008164,paid_search,control,2025-07-12,90,False,265.38,0.0
EXP-PAID-SEARCH-2025H2,C0008167,paid_search,treatment,2025-07-03,90,True,552.12,570.4
EXP-PAID-SEARCH-2025H2,C0008168,paid_search,treatment,2025-07-06,90,False,120.75,0.0
EXP-PAID-SEARCH-2025H2,C0008195,paid_search,treatment,2025-07-04,90,True,290.98,185.32
EXP-PAID-SEARCH-2025H2,C0008198,paid_search,control,2025-07-12,90,True,49.96,59.41
EXP-PAID-SEARCH-2025H2,C0008208,paid_search,treatment,2025-07-27,90,False,131.41,0.0
EXP-PAID-SEARCH-2025H2,C0008219,paid_search,control,2025-07-08,90,True,291.95,158.81
EXP-PAID-SEARCH-2025H2,C0008223,paid_search,control,2025-07-28,90,False,101.81,0.0
EXP-PAID-SEARCH-2025H2,C0008231,paid_search,treatment,2025-07-27,90,False,60.5,0.0
EXP-PAID-SEARCH-2025H2,C0008241,paid_search,control,2025-07-24,90,True,165.17,119.74
EXP-PAID-SEARCH-2025H2,C0008243,paid_search,treatment,2025-07-22,90,False,140.73,0.0
EXP-PAID-SEARCH-2025H2,C0008247,paid_search,treatment,2025-07-07,90,False,45.49,0.0
EXP-PAID-SEARCH-2025H2,C0008263,paid_search,treatment,2025-07-11,90,False,248.42,0.0
EXP-PAID-SEARCH-2025H2,C0008267,paid_search,treatment,2025-07-01,90,True,318.33,538.69
EXP-PAID-SEARCH-2025H2,C0008271,paid_search,treatment,2025-07-14,90,False,115.19,0.0
EXP-PAID-SEARCH-2025H2,C0008275,paid_search,control,2025-07-07,90,True,383.27,194.8
EXP-PAID-SEARCH-2025H2,C0008280,paid_search,control,2025-07-04,90,False,85.22,0.0
EXP-PAID-SEARCH-2025H2,C0008281,paid_search,treatment,2025-07-10,90,True,204.27,112.09
EXP-PAID-SEARCH-2025H2,C0008284,paid_search,control,2025-07-20,90,True,148.49,114.04
EXP-PAID-SEARCH-2025H2,C0008294,paid_search,treatment,2025-07-26,90,False,59.73,0.0
EXP-PAID-SEARCH-2025H2,C0008312,paid_search,treatment,2025-07-21,90,True,105.36,168.08
EXP-PAID-SEARCH-2025H2,C0008313,paid_search,treatment,2025-07-02,90,False,41.42,0.0
EXP-PAID-SEARCH-2025H2,C0008318,paid_search,control,2025-07-21,90,False,124.9,0.0
EXP-PAID-SEARCH-2025H2,C0008321,paid_search,control,2025-07-28,90,True,491.11,357.86
EXP-PAID-SEARCH-2025H2,C0008324,paid_search,control,2025-07-01,90,True,58.43,46.21
EXP-PAID-SEARCH-2025H2,C0008330,paid_search,control,2025-07-18,90,True,199.61,125.85
EXP-PAID-SEARCH-2025H2,C0008333,paid_search,treatment,2025-07-13,90,False,180.57,0.0
EXP-PAID-SEARCH-2025H2,C0008335,paid_search,control,2025-07-28,90,True,191.38,104.2
EXP-PAID-SEARCH-2025H2,C0008340,paid_search,treatment,2025-07-01,90,False,85.28,0.0
EXP-PAID-SEARCH-2025H2,C0008343,paid_search,treatment,2025-07-10,90,False,64.02,0.0
EXP-PAID-SEARCH-2025H2,C0008345,paid_search,control,2025-07-04,90,False,145.19,0.0
EXP-PAID-SEARCH-2025H2,C0008349,paid_search,control,2025-07-21,90,True,88.72,95.32
EXP-PAID-SEARCH-2025H2,C0008350,paid_search,treatment,2025-07-10,90,False,116.4,0.0
EXP-PAID-SEARCH-2025H2,C0008354,paid_search,treatment,2025-07-10,90,True,220.55,329.18
EXP-PAID-SEARCH-2025H2,C0008362,paid_search,control,2025-07-15,90,False,170.37,0.0
EXP-PAID-SEARCH-2025H2,C0008363,paid_search,treatment,2025-07-11,90,False,96.43,0.0
EXP-PAID-SEARCH-2025H2,C0008364,paid_search,treatment,2025-07-27,90,True,135.56,202.67
EXP-PAID-SEARCH-2025H2,C0008366,paid_search,control,2025-07-28,90,False,67.28,0.0
EXP-PAID-SEARCH-2025H2,C0008368,paid_search,control,2025-07-08,90,False,196.11,0.0
EXP-PAID-SEARCH-2025H2,C0008385,paid_search,treatment,2025-07-20,90,False,128.76,0.0
EXP-PAID-SEARCH-2025H2,C0008394,paid_search,control,2025-07-26,90,False,109.55,0.0
EXP-PAID-SEARCH-2025H2,C0008397,paid_search,control,2025-07-02,90,True,370.77,460.81
EXP-PAID-SEARCH-2025H2,C0008404,paid_search,control,2025-07-27,90,True,148.64,148.6
EXP-PAID-SEARCH-2025H2,C0008407,paid_search,control,2025-07-20,90,False,104.7,0.0
EXP-PAID-SEARCH-2025H2,C0008413,paid_search,control,2025-07-20,90,False,413.25,0.0
EXP-PAID-SEARCH-2025H2,C0008414,paid_search,treatment,2025-07-02,90,False,309.37,0.0
EXP-PAID-SEARCH-2025H2,C0008419,paid_search,treatment,2025-07-14,90,False,173.22,0.0
EXP-PAID-SEARCH-2025H2,C0008424,paid_search,treatment,2025-07-13,90,False,77.77,0.0
EXP-PAID-SEARCH-2025H2,C0008428,paid_search,treatment,2025-07-01,90,False,102.6,0.0
EXP-PAID-SEARCH-2025H2,C0008432,paid_search,control,2025-07-09,90,True,221.91,187.41
EXP-PAID-SEARCH-2025H2,C0008433,paid_search,treatment,2025-07-07,90,True,100.31,98.88
EXP-PAID-SEARCH-2025H2,C0008441,paid_search,control,2025-07-21,90,False,107.72,0.0
EXP-PAID-SEARCH-2025H2,C0008442,paid_search,control,2025-07-04,90,True,196.05,141.07
EXP-PAID-SEARCH-2025H2,C0008452,paid_search,treatment,2025-07-03,90,True,328.7,370.18
EXP-PAID-SEARCH-2025H2,C0008454,paid_search,control,2025-07-13,90,False,50.22,0.0
EXP-PAID-SEARCH-2025H2,C0008460,paid_search,control,2025-07-15,90,False,295.49,0.0
EXP-PAID-SEARCH-2025H2,C0008462,paid_search,treatment,2025-07-16,90,True,111.15,156.86
EXP-PAID-SEARCH-2025H2,C0008464,paid_search,control,2025-07-18,90,True,684.73,378.01
EXP-PAID-SEARCH-2025H2,C0008467,paid_search,treatment,2025-07-03,90,True,268.86,459.85
EXP-PAID-SEARCH-2025H2,C0008483,paid_search,treatment,2025-07-11,90,True,437.26,457.33
EXP-PAID-SEARCH-2025H2,C0008488,paid_search,control,2025-07-19,90,False,118.87,0.0
EXP-PAID-SEARCH-2025H2,C0008499,paid_search,control,2025-07-24,90,False,360.9,0.0
EXP-PAID-SEARCH-2025H2,C0008503,paid_search,treatment,2025-07-13,90,True,157.62,172.09
EXP-PAID-SEARCH-2025H2,C0008518,paid_search,treatment,2025-07-20,90,False,148.36,0.0
EXP-PAID-SEARCH-2025H2,C0008533,paid_search,treatment,2025-07-10,90,False,54.22,0.0
EXP-PAID-SEARCH-2025H2,C0008534,paid_search,treatment,2025-07-10,90,True,216.87,163.28
EXP-PAID-SEARCH-2025H2,C0008538,paid_search,control,2025-07-02,90,False,147.36,0.0
EXP-PAID-SEARCH-2025H2,C0008547,paid_search,control,2025-07-08,90,False,108.34,0.0
EXP-PAID-SEARCH-2025H2,C0008550,paid_search,control,2025-07-19,90,False,351.46,0.0
EXP-PAID-SEARCH-2025H2,C0008552,paid_search,treatment,2025-07-22,90,False,114.33,0.0
EXP-PAID-SEARCH-2025H2,C0008559,paid_search,control,2025-07-09,90,True,205.2,264.05
EXP-PAID-SEARCH-2025H2,C0008569,paid_search,treatment,2025-07-16,90,False,58.8,0.0
EXP-PAID-SEARCH-2025H2,C0008581,paid_search,treatment,2025-07-22,90,False,232.71,0.0
EXP-PAID-SEARCH-2025H2,C0008585,paid_search,control,2025-07-19,90,False,63.71,0.0
EXP-PAID-SEARCH-2025H2,C0008588,paid_search,control,2025-07-06,90,False,71.12,0.0
EXP-PAID-SEARCH-2025H2,C0008590,paid_search,control,2025-07-28,90,True,326.43,227.77
EXP-PAID-SEARCH-2025H2,C0008593,paid_search,control,2025-07-05,90,False,308.45,0.0
EXP-PAID-SEARCH-2025H2,C0008599,paid_search,control,2025-07-22,90,False,368.35,0.0
EXP-PAID-SEARCH-2025H2,C0008604,paid_search,treatment,2025-07-16,90,False,46.15,0.0
EXP-PAID-SEARCH-2025H2,C0008605,paid_search,treatment,2025-07-18,90,False,109.25,0.0
EXP-PAID-SEARCH-2025H2,C0008608,paid_search,treatment,2025-07-17,90,True,113.95,87.21
EXP-PAID-SEARCH-2025H2,C0008611,paid_search,treatment,2025-07-12,90,True,92.66,95.95
EXP-PAID-SEARCH-2025H2,C0008613,paid_search,control,2025-07-23,90,False,74.13,0.0
EXP-PAID-SEARCH-2025H2,C0008618,paid_search,treatment,2025-07-22,90,True,797.36,651.5
EXP-PAID-SEARCH-2025H2,C0008620,paid_search,control,2025-07-06,90,True,119.54,75.1
EXP-PAID-SEARCH-2025H2,C0008621,paid_search,control,2025-07-27,90,False,70.6,0.0
EXP-PAID-SEARCH-2025H2,C0008637,paid_search,control,2025-07-15,90,True,310.45,224.16
EXP-PAID-SEARCH-2025H2,C0008638,paid_search,treatment,2025-07-16,90,False,536.1,0.0
EXP-PAID-SEARCH-2025H2,C0008645,paid_search,treatment,2025-07-13,90,False,303.27,0.0
EXP-PAID-SEARCH-2025H2,C0008651,paid_search,treatment,2025-07-04,90,True,73.22,91.93
EXP-PAID-SEARCH-2025H2,C0008655,paid_search,control,2025-07-03,90,False,182.98,0.0
EXP-PAID-SEARCH-2025H2,C0008660,paid_search,treatment,2025-07-26,90,False,343.23,0.0
EXP-PAID-SEARCH-2025H2,C0008662,paid_search,control,2025-07-05,90,False,54.03,0.0
EXP-PAID-SEARCH-2025H2,C0008665,paid_search,control,2025-07-26,90,False,56.6,0.0
EXP-PAID-SEARCH-2025H2,C0008666,paid_search,treatment,2025-07-18,90,False,152.07,0.0
EXP-PAID-SEARCH-2025H2,C0008688,paid_search,treatment,2025-07-11,90,False,880.61,0.0
EXP-PAID-SEARCH-2025H2,C0008692,paid_search,treatment,2025-07-11,90,True,38.27,39.94
EXP-PAID-SEARCH-2025H2,C0008703,paid_search,control,2025-07-14,90,False,210.36,0.0
EXP-PAID-SEARCH-2025H2,C0008704,paid_search,control,2025-07-07,90,True,229.47,173.18
EXP-PAID-SEARCH-2025H2,C0008734,paid_search,control,2025-07-04,90,False,173.24,0.0
EXP-PAID-SEARCH-2025H2,C0008737,paid_search,treatment,2025-07-10,90,False,119.36,0.0
EXP-PAID-SEARCH-2025H2,C0008741,paid_search,control,2025-07-09,90,False,150.86,0.0
EXP-PAID-SEARCH-2025H2,C0008743,paid_search,treatment,2025-07-19,90,False,80.26,0.0
EXP-PAID-SEARCH-2025H2,C0008754,paid_search,treatment,2025-07-15,90,True,112.82,142.8
EXP-PAID-SEARCH-2025H2,C0008759,paid_search,control,2025-07-25,90,False,214.17,0.0
EXP-PAID-SEARCH-2025H2,C0008760,paid_search,control,2025-07-26,90,False,59.2,0.0
EXP-PAID-SEARCH-2025H2,C0008765,paid_search,control,2025-07-06,90,True,85.57,89.41
EXP-PAID-SEARCH-2025H2,C0008779,paid_search,control,2025-07-01,90,False,91.57,0.0
EXP-PAID-SEARCH-2025H2,C0008781,paid_search,control,2025-07-10,90,False,176.19,0.0
EXP-PAID-SEARCH-2025H2,C0008788,paid_search,treatment,2025-07-01,90,True,85.43,92.16
EXP-PAID-SEARCH-2025H2,C0008792,paid_search,treatment,2025-07-17,90,False,211.14,0.0
EXP-PAID-SEARCH-2025H2,C0008794,paid_search,control,2025-07-08,90,True,131.64,126.93
EXP-PAID-SEARCH-2025H2,C0008809,paid_search,control,2025-07-07,90,False,169.44,0.0
EXP-PAID-SEARCH-2025H2,C0008818,paid_search,treatment,2025-07-28,90,True,105.77,75.05
EXP-PAID-SEARCH-2025H2,C0008822,paid_search,control,2025-07-21,90,True,82.29,63.96
EXP-PAID-SEARCH-2025H2,C0008834,paid_search,treatment,2025-07-20,90,False,68.82,0.0
EXP-PAID-SEARCH-2025H2,C0008848,paid_search,treatment,2025-07-24,90,False,488.39,0.0
EXP-PAID-SEARCH-2025H2,C0008849,paid_search,treatment,2025-07-14,90,True,88.14,118.67
EXP-PAID-SEARCH-2025H2,C0008853,paid_search,control,2025-07-01,90,True,87.54,66.77
EXP-PAID-SEARCH-2025H2,C0008859,paid_search,control,2025-07-19,90,False,1107.67,0.0
EXP-PAID-SEARCH-2025H2,C0008868,paid_search,treatment,2025-07-01,90,False,95.44,0.0
EXP-PAID-SEARCH-2025H2,C0008876,paid_search,treatment,2025-07-23,90,True,286.96,251.13
EXP-PAID-SEARCH-2025H2,C0008877,paid_search,control,2025-07-23,90,False,213.73,0.0
EXP-PAID-SEARCH-2025H2,C0008879,paid_search,treatment,2025-07-23,90,False,110.4,0.0
EXP-PAID-SEARCH-2025H2,C0008894,paid_search,control,2025-07-25,90,True,121.49,74.47
EXP-PAID-SEARCH-2025H2,C0008895,paid_search,control,2025-07-19,90,False,188.25,0.0
EXP-PAID-SEARCH-2025H2,C0008898,paid_search,control,2025-07-26,90,True,90.53,66.9
EXP-PAID-SEARCH-2025H2,C0008904,paid_search,control,2025-07-16,90,False,72.93,0.0
EXP-PAID-SEARCH-2025H2,C0008906,paid_search,treatment,2025-07-12,90,False,262.98,0.0
EXP-PAID-SEARCH-2025H2,C0008933,paid_search,control,2025-07-25,90,False,207.27,0.0
EXP-PAID-SEARCH-2025H2,C0008937,paid_search,control,2025-07-16,90,False,140.93,0.0
EXP-PAID-SEARCH-2025H2,C0008943,paid_search,control,2025-07-19,90,False,45.82,0.0
EXP-PAID-SEARCH-2025H2,C0008944,paid_search,control,2025-07-06,90,False,186.69,0.0
EXP-PAID-SEARCH-2025H2,C0008949,paid_search,control,2025-07-06,90,False,62.95,0.0
EXP-PAID-SEARCH-2025H2,C0008953,paid_search,control,2025-07-05,90,False,198.15,0.0
EXP-PAID-SEARCH-2025H2,C0008987,paid_search,control,2025-07-16,90,False,78.46,0.0
EXP-PAID-SEARCH-2025H2,C0008991,paid_search,control,2025-07-28,90,True,108.83,102.13
EXP-PAID-SEARCH-2025H2,C0008995,paid_search,treatment,2025-07-20,90,False,57.32,0.0
EXP-PAID-SEARCH-2025H2,C0008996,paid_search,treatment,2025-07-22,90,True,418.49,540.51
EXP-SOCIAL-ADS-2025H2,C0000011,social_ads,treatment,2025-07-02,90,True,184.98,165.46
EXP-SOCIAL-ADS-2025H2,C0000014,social_ads,control,2025-07-09,90,False,74.81,0.0
EXP-SOCIAL-ADS-2025H2,C0000018,social_ads,control,2025-07-05,90,False,64.69,0.0
EXP-SOCIAL-ADS-2025H2,C0000021,social_ads,treatment,2025-07-12,90,False,301.7,0.0
EXP-SOCIAL-ADS-2025H2,C0000031,social_ads,treatment,2025-07-27,90,False,138.62,0.0
EXP-SOCIAL-ADS-2025H2,C0000035,social_ads,control,2025-07-27,90,False,42.2,0.0
EXP-SOCIAL-ADS-2025H2,C0000036,social_ads,control,2025-07-15,90,False,67.03,0.0
EXP-SOCIAL-ADS-2025H2,C0000039,social_ads,control,2025-07-01,90,False,220.44,0.0
EXP-SOCIAL-ADS-2025H2,C0000043,social_ads,control,2025-07-16,90,False,164.25,0.0
EXP-SOCIAL-ADS-2025H2,C0000045,social_ads,treatment,2025-07-26,90,False,382.99,0.0
EXP-SOCIAL-ADS-2025H2,C0000047,social_ads,treatment,2025-07-12,90,False,106.81,0.0
EXP-SOCIAL-ADS-2025H2,C0000050,social_ads,treatment,2025-07-17,90,False,140.46,0.0
EXP-SOCIAL-ADS-2025H2,C0000063,social_ads,treatment,2025-07-24,90,True,318.49,368.5
EXP-SOCIAL-ADS-2025H2,C0000067,social_ads,treatment,2025-07-08,90,True,85.11,71.0
EXP-SOCIAL-ADS-2025H2,C0000070,social_ads,treatment,2025-07-18,90,False,109.61,0.0
EXP-SOCIAL-ADS-2025H2,C0000072,social_ads,control,2025-07-24,90,True,592.96,657.16
EXP-SOCIAL-ADS-2025H2,C0000081,social_ads,treatment,2025-07-26,90,False,380.96,0.0
EXP-SOCIAL-ADS-2025H2,C0000082,social_ads,treatment,2025-07-18,90,False,114.04,0.0
EXP-SOCIAL-ADS-2025H2,C0000087,social_ads,treatment,2025-07-10,90,False,106.46,0.0
EXP-SOCIAL-ADS-2025H2,C0000090,social_ads,control,2025-07-27,90,False,68.04,0.0
EXP-SOCIAL-ADS-2025H2,C0000097,social_ads,treatment,2025-07-13,90,True,107.9,77.55
EXP-SOCIAL-ADS-2025H2,C0000101,social_ads,treatment,2025-07-14,90,True,111.29,143.08
EXP-SOCIAL-ADS-2025H2,C0000108,social_ads,treatment,2025-07-05,90,True,163.17,115.01
EXP-SOCIAL-ADS-2025H2,C0000110,social_ads,control,2025-07-14,90,True,276.73,194.53
EXP-SOCIAL-ADS-2025H2,C0000112,social_ads,control,2025-07-20,90,False,336.55,0.0
EXP-SOCIAL-ADS-2025H2,C0000114,social_ads,treatment,2025-07-14,90,False,73.21,0.0
EXP-SOCIAL-ADS-2025H2,C0000115,social_ads,control,2025-07-08,90,False,102.67,0.0
EXP-SOCIAL-ADS-2025H2,C0000124,social_ads,control,2025-07-02,90,False,52.12,0.0
EXP-SOCIAL-ADS-2025H2,C0000129,social_ads,treatment,2025-07-11,90,False,880.27,0.0
EXP-SOCIAL-ADS-2025H2,C0000133,social_ads,control,2025-07-27,90,False,72.97,0.0
EXP-SOCIAL-ADS-2025H2,C0000139,social_ads,treatment,2025-07-09,90,True,82.78,118.8
EXP-SOCIAL-ADS-2025H2,C0000141,social_ads,control,2025-07-23,90,False,185.63,0.0
EXP-SOCIAL-ADS-2025H2,C0000148,social_ads,treatment,2025-07-21,90,False,350.29,0.0
EXP-SOCIAL-ADS-2025H2,C0000149,social_ads,treatment,2025-07-24,90,False,296.19,0.0
EXP-SOCIAL-ADS-2025H2,C0000151,social_ads,control,2025-07-10,90,False,99.2,0.0
EXP-SOCIAL-ADS-2025H2,C0000152,social_ads,control,2025-07-04,90,False,51.08,0.0
EXP-SOCIAL-ADS-2025H2,C0000155,social_ads,control,2025-07-06,90,False,201.55,0.0
EXP-SOCIAL-ADS-2025H2,C0000157,social_ads,treatment,2025-07-16,90,False,137.22,0.0
EXP-SOCIAL-ADS-2025H2,C0000160,social_ads,treatment,2025-07-06,90,False,78.17,0.0
EXP-SOCIAL-ADS-2025H2,C0000161,social_ads,treatment,2025-07-02,90,False,363.85,0.0
EXP-SOCIAL-ADS-2025H2,C0000166,social_ads,control,2025-07-21,90,False,92.01,0.0
EXP-SOCIAL-ADS-2025H2,C0000181,social_ads,treatment,2025-07-21,90,False,68.68,0.0
EXP-SOCIAL-ADS-2025H2,C0000183,social_ads,treatment,2025-07-16,90,True,107.68,102.24
EXP-SOCIAL-ADS-2025H2,C0000191,social_ads,treatment,2025-07-05,90,False,294.46,0.0
EXP-SOCIAL-ADS-2025H2,C0000192,social_ads,control,2025-07-22,90,True,111.92,117.66
EXP-SOCIAL-ADS-2025H2,C0000199,social_ads,control,2025-07-02,90,False,336.15,0.0
EXP-SOCIAL-ADS-2025H2,C0000203,social_ads,treatment,2025-07-16,90,True,62.72,64.55
EXP-SOCIAL-ADS-2025H2,C0000204,social_ads,control,2025-07-02,90,False,88.93,0.0
EXP-SOCIAL-ADS-2025H2,C0000208,social_ads,control,2025-07-24,90,False,247.44,0.0
EXP-SOCIAL-ADS-2025H2,C0000212,social_ads,treatment,2025-07-25,90,False,87.11,0.0
EXP-SOCIAL-ADS-2025H2,C0000222,social_ads,treatment,2025-07-05,90,False,414.15,0.0
EXP-SOCIAL-ADS-2025H2,C0000230,social_ads,treatment,2025-07-05,90,False,219.35,0.0
EXP-SOCIAL-ADS-2025H2,C0000236,social_ads,treatment,2025-07-15,90,True,145.63,150.22
EXP-SOCIAL-ADS-2025H2,C0000237,social_ads,control,2025-07-18,90,True,140.46,117.8
EXP-SOCIAL-ADS-2025H2,C0000245,social_ads,treatment,2025-07-27,90,False,55.82,0.0
EXP-SOCIAL-ADS-2025H2,C0000252,social_ads,control,2025-07-28,90,False,60.68,0.0
EXP-SOCIAL-ADS-2025H2,C0000259,social_ads,control,2025-07-12,90,False,60.28,0.0
EXP-SOCIAL-ADS-2025H2,C0000267,social_ads,treatment,2025-07-06,90,False,67.34,0.0
EXP-SOCIAL-ADS-2025H2,C0000279,social_ads,control,2025-07-25,90,True,68.09,58.94
EXP-SOCIAL-ADS-2025H2,C0000289,social_ads,control,2025-07-09,90,False,92.08,0.0
EXP-SOCIAL-ADS-2025H2,C0000296,social_ads,control,2025-07-27,90,False,243.45,0.0
EXP-SOCIAL-ADS-2025H2,C0000302,social_ads,treatment,2025-07-01,90,False,75.17,0.0
EXP-SOCIAL-ADS-2025H2,C0000309,social_ads,treatment,2025-07-23,90,False,77.09,0.0
EXP-SOCIAL-ADS-2025H2,C0000318,social_ads,treatment,2025-07-26,90,True,614.59,659.75
EXP-SOCIAL-ADS-2025H2,C0000322,social_ads,control,2025-07-21,90,False,121.06,0.0
EXP-SOCIAL-ADS-2025H2,C0000325,social_ads,control,2025-07-02,90,False,50.09,0.0
EXP-SOCIAL-ADS-2025H2,C0000333,social_ads,control,2025-07-04,90,True,85.34,88.06
EXP-SOCIAL-ADS-2025H2,C0000337,social_ads,treatment,2025-07-09,90,False,48.33,0.0
EXP-SOCIAL-ADS-2025H2,C0000340,social_ads,treatment,2025-07-19,90,False,115.68,0.0
EXP-SOCIAL-ADS-2025H2,C0000347,social_ads,treatment,2025-07-12,90,True,97.5,160.99
EXP-SOCIAL-ADS-2025H2,C0000361,social_ads,treatment,2025-07-06,90,False,212.55,0.0
EXP-SOCIAL-ADS-2025H2,C0000362,social_ads,treatment,2025-07-15,90,False,155.29,0.0
EXP-SOCIAL-ADS-2025H2,C0000379,social_ads,control,2025-07-14,90,True,296.53,399.55
EXP-SOCIAL-ADS-2025H2,C0000385,social_ads,control,2025-07-02,90,True,169.67,94.77
EXP-SOCIAL-ADS-2025H2,C0000404,social_ads,control,2025-07-14,90,False,84.6,0.0
EXP-SOCIAL-ADS-2025H2,C0000412,social_ads,control,2025-07-19,90,False,172.62,0.0
EXP-SOCIAL-ADS-2025H2,C0000428,social_ads,treatment,2025-07-20,90,False,266.98,0.0
EXP-SOCIAL-ADS-2025H2,C0000434,social_ads,treatment,2025-07-04,90,False,101.95,0.0
EXP-SOCIAL-ADS-2025H2,C0000444,social_ads,treatment,2025-07-17,90,True,261.04,200.58
EXP-SOCIAL-ADS-2025H2,C0000450,social_ads,control,2025-07-07,90,False,48.08,0.0
EXP-SOCIAL-ADS-2025H2,C0000463,social_ads,control,2025-07-15,90,True,66.58,119.61
EXP-SOCIAL-ADS-2025H2,C0000475,social_ads,control,2025-07-10,90,False,101.65,0.0
EXP-SOCIAL-ADS-2025H2,C0000482,social_ads,control,2025-07-15,90,True,66.23,46.51
EXP-SOCIAL-ADS-2025H2,C0000491,social_ads,treatment,2025-07-17,90,False,83.74,0.0
EXP-SOCIAL-ADS-2025H2,C0000512,social_ads,control,2025-07-10,90,False,141.73,0.0
EXP-SOCIAL-ADS-2025H2,C0000518,social_ads,control,2025-07-03,90,False,786.41,0.0
EXP-SOCIAL-ADS-2025H2,C0000519,social_ads,treatment,2025-07-02,90,True,129.45,111.57
EXP-SOCIAL-ADS-2025H2,C0000530,social_ads,treatment,2025-07-19,90,False,64.26,0.0
EXP-SOCIAL-ADS-2025H2,C0000536,social_ads,control,2025-07-03,90,False,64.9,0.0
EXP-SOCIAL-ADS-2025H2,C0000543,social_ads,treatment,2025-07-20,90,True,98.87,124.38
EXP-SOCIAL-ADS-2025H2,C0000546,social_ads,treatment,2025-07-28,90,True,211.77,180.04
EXP-SOCIAL-ADS-2025H2,C0000557,social_ads,control,2025-07-25,90,False,152.04,0.0
EXP-SOCIAL-ADS-2025H2,C0000587,social_ads,treatment,2025-07-07,90,False,98.36,0.0
EXP-SOCIAL-ADS-2025H2,C0000598,social_ads,treatment,2025-07-16,90,False,77.22,0.0
EXP-SOCIAL-ADS-2025H2,C0000604,social_ads,treatment,2025-07-25,90,True,103.9,101.48
EXP-SOCIAL-ADS-2025H2,C0000610,social_ads,treatment,2025-07-07,90,False,256.36,0.0
EXP-SOCIAL-ADS-2025H2,C0000628,social_ads,treatment,2025-07-06,90,False,49.85,0.0
EXP-SOCIAL-ADS-2025H2,C0000634,social_ads,control,2025-07-18,90,False,47.11,0.0
EXP-SOCIAL-ADS-2025H2,C0000647,social_ads,control,2025-07-28,90,False,99.54,0.0
EXP-SOCIAL-ADS-2025H2,C0000650,social_ads,treatment,2025-07-27,90,False,62.29,0.0
EXP-SOCIAL-ADS-2025H2,C0000657,social_ads,treatment,2025-07-24,90,False,257.48,0.0
EXP-SOCIAL-ADS-2025H2,C0000660,social_ads,control,2025-07-27,90,False,139.82,0.0
EXP-SOCIAL-ADS-2025H2,C0000661,social_ads,control,2025-07-18,90,False,215.06,0.0
EXP-SOCIAL-ADS-2025H2,C0000663,social_ads,treatment,2025-07-28,90,False,110.67,0.0
EXP-SOCIAL-ADS-2025H2,C0000671,social_ads,treatment,2025-07-14,90,False,457.01,0.0
EXP-SOCIAL-ADS-2025H2,C0000675,social_ads,control,2025-07-05,90,False,728.41,0.0
EXP-SOCIAL-ADS-2025H2,C0000679,social_ads,treatment,2025-07-19,90,True,309.71,172.7
EXP-SOCIAL-ADS-2025H2,C0000680,social_ads,treatment,2025-07-01,90,False,78.55,0.0
EXP-SOCIAL-ADS-2025H2,C0000691,social_ads,treatment,2025-07-19,90,False,68.27,0.0
EXP-SOCIAL-ADS-2025H2,C0000696,social_ads,control,2025-07-15,90,False,209.38,0.0
EXP-SOCIAL-ADS-2025H2,C0000698,social_ads,treatment,2025-07-18,90,False,155.85,0.0
EXP-SOCIAL-ADS-2025H2,C0000704,social_ads,treatment,2025-07-24,90,False,62.99,0.0
EXP-SOCIAL-ADS-2025H2,C0000705,social_ads,control,2025-07-10,90,False,91.97,0.0
EXP-SOCIAL-ADS-2025H2,C0000712,social_ads,control,2025-07-15,90,False,135.12,0.0
EXP-SOCIAL-ADS-2025H2,C0000717,social_ads,treatment,2025-07-02,90,True,125.71,116.78
EXP-SOCIAL-ADS-2025H2,C0000724,social_ads,treatment,2025-07-11,90,False,380.95,0.0
EXP-SOCIAL-ADS-2025H2,C0000731,social_ads,control,2025-07-10,90,True,349.32,260.55
EXP-SOCIAL-ADS-2025H2,C0000732,social_ads,control,2025-07-25,90,False,77.66,0.0
EXP-SOCIAL-ADS-2025H2,C0000753,social_ads,treatment,2025-07-04,90,False,301.29,0.0
EXP-SOCIAL-ADS-2025H2,C0000756,social_ads,control,2025-07-01,90,False,135.58,0.0
EXP-SOCIAL-ADS-2025H2,C0000764,social_ads,control,2025-07-15,90,True,40.36,22.55
EXP-SOCIAL-ADS-2025H2,C0000765,social_ads,control,2025-07-21,90,False,60.23,0.0
EXP-SOCIAL-ADS-2025H2,C0000788,social_ads,treatment,2025-07-27,90,True,83.98,64.97
EXP-SOCIAL-ADS-2025H2,C0000800,social_ads,treatment,2025-07-07,90,False,76.11,0.0
EXP-SOCIAL-ADS-2025H2,C0000809,social_ads,treatment,2025-07-08,90,False,302.34,0.0
EXP-SOCIAL-ADS-2025H2,C0000812,social_ads,treatment,2025-07-12,90,False,146.21,0.0
EXP-SOCIAL-ADS-2025H2,C0000819,social_ads,control,2025-07-15,90,False,120.71,0.0
EXP-SOCIAL-ADS-2025H2,C0000825,social_ads,control,2025-07-04,90,False,35.88,0.0
EXP-SOCIAL-ADS-2025H2,C0000829,social_ads,control,2025-07-19,90,False,169.9,0.0
EXP-SOCIAL-ADS-2025H2,C0000838,social_ads,control,2025-07-26,90,False,106.07,0.0
EXP-SOCIAL-ADS-2025H2,C0000848,social_ads,control,2025-07-19,90,False,341.31,0.0
EXP-SOCIAL-ADS-2025H2,C0000849,social_ads,treatment,2025-07-26,90,False,465.71,0.0
EXP-SOCIAL-ADS-2025H2,C0000853,social_ads,treatment,2025-07-01,90,False,192.54,0.0
EXP-SOCIAL-ADS-2025H2,C0000866,social_ads,control,2025-07-12,90,False,73.33,0.0
EXP-SOCIAL-ADS-2025H2,C0000876,social_ads,control,2025-07-04,90,False,166.14,0.0
EXP-SOCIAL-ADS-2025H2,C0000880,social_ads,treatment,2025-07-04,90,False,145.29,0.0
EXP-SOCIAL-ADS-2025H2,C0000884,social_ads,control,2025-07-20,90,False,108.74,0.0
EXP-SOCIAL-ADS-2025H2,C0000909,social_ads,treatment,2025-07-13,90,False,65.67,0.0
EXP-SOCIAL-ADS-2025H2,C0000916,social_ads,treatment,2025-07-28,90,False,63.68,0.0
EXP-SOCIAL-ADS-2025H2,C0000918,social_ads,control,2025-07-28,90,False,192.48,0.0
EXP-SOCIAL-ADS-2025H2,C0000936,social_ads,treatment,2025-07-20,90,True,87.95,101.98
EXP-SOCIAL-ADS-2025H2,C0000937,social_ads,treatment,2025-07-01,90,False,84.3,0.0
EXP-SOCIAL-ADS-2025H2,C0000956,social_ads,treatment,2025-07-09,90,False,277.68,0.0
EXP-SOCIAL-ADS-2025H2,C0000960,social_ads,control,2025-07-10,90,False,77.45,0.0
EXP-SOCIAL-ADS-2025H2,C0000961,social_ads,treatment,2025-07-05,90,False,89.52,0.0
EXP-SOCIAL-ADS-2025H2,C0000962,social_ads,treatment,2025-07-01,90,True,47.64,28.99
EXP-SOCIAL-ADS-2025H2,C0000967,social_ads,treatment,2025-07-11,90,True,133.77,149.65
EXP-SOCIAL-ADS-2025H2,C0000989,social_ads,treatment,2025-07-25,90,False,113.9,0.0
EXP-SOCIAL-ADS-2025H2,C0000990,social_ads,treatment,2025-07-06,90,False,64.51,0.0
EXP-SOCIAL-ADS-2025H2,C0000991,social_ads,treatment,2025-07-15,90,False,83.32,0.0
EXP-SOCIAL-ADS-2025H2,C0000992,social_ads,control,2025-07-18,90,False,156.08,0.0
EXP-SOCIAL-ADS-2025H2,C0000993,social_ads,control,2025-07-01,90,False,174.96,0.0
EXP-SOCIAL-ADS-2025H2,C0000995,social_ads,control,2025-07-18,90,False,95.67,0.0
EXP-SOCIAL-ADS-2025H2,C0000996,social_ads,treatment,2025-07-02,90,False,290.09,0.0
EXP-SOCIAL-ADS-2025H2,C0000997,social_ads,treatment,2025-07-12,90,True,127.03,114.83
EXP-SOCIAL-ADS-2025H2,C0000999,social_ads,treatment,2025-07-20,90,False,117.73,0.0
EXP-SOCIAL-ADS-2025H2,C0001005,social_ads,treatment,2025-07-06,90,True,102.11,126.61
EXP-SOCIAL-ADS-2025H2,C0001007,social_ads,treatment,2025-07-15,90,True,189.4,219.02
EXP-SOCIAL-ADS-2025H2,C0001010,social_ads,control,2025-07-15,90,True,132.06,116.19
EXP-SOCIAL-ADS-2025H2,C0001019,social_ads,control,2025-07-19,90,False,80.8,0.0
EXP-SOCIAL-ADS-2025H2,C0001023,social_ads,control,2025-07-24,90,True,153.28,174.55
EXP-SOCIAL-ADS-2025H2,C0001045,social_ads,control,2025-07-05,90,False,48.81,0.0
EXP-SOCIAL-ADS-2025H2,C0001046,social_ads,treatment,2025-07-28,90,False,424.18,0.0
EXP-SOCIAL-ADS-2025H2,C0001048,social_ads,treatment,2025-07-26,90,False,49.67,0.0
EXP-SOCIAL-ADS-2025H2,C0001054,social_ads,control,2025-07-09,90,False,157.44,0.0
EXP-SOCIAL-ADS-2025H2,C0001058,social_ads,control,2025-07-27,90,False,100.79,0.0
EXP-SOCIAL-ADS-2025H2,C0001067,social_ads,control,2025-07-14,90,False,111.9,0.0
EXP-SOCIAL-ADS-2025H2,C0001106,social_ads,control,2025-07-04,90,False,42.75,0.0
EXP-SOCIAL-ADS-2025H2,C0001107,social_ads,treatment,2025-07-04,90,False,109.05,0.0
EXP-SOCIAL-ADS-2025H2,C0001110,social_ads,treatment,2025-07-26,90,False,60.1,0.0
EXP-SOCIAL-ADS-2025H2,C0001111,social_ads,treatment,2025-07-05,90,False,70.16,0.0
EXP-SOCIAL-ADS-2025H2,C0001113,social_ads,treatment,2025-07-08,90,False,144.84,0.0
EXP-SOCIAL-ADS-2025H2,C0001116,social_ads,control,2025-07-06,90,False,89.25,0.0
EXP-SOCIAL-ADS-2025H2,C0001119,social_ads,treatment,2025-07-20,90,False,193.73,0.0
EXP-SOCIAL-ADS-2025H2,C0001139,social_ads,control,2025-07-03,90,False,93.07,0.0
EXP-SOCIAL-ADS-2025H2,C0001143,social_ads,control,2025-07-25,90,False,80.67,0.0
EXP-SOCIAL-ADS-2025H2,C0001149,social_ads,treatment,2025-07-12,90,False,77.45,0.0
EXP-SOCIAL-ADS-2025H2,C0001151,social_ads,treatment,2025-07-06,90,False,67.21,0.0
EXP-SOCIAL-ADS-2025H2,C0001154,social_ads,control,2025-07-04,90,False,99.0,0.0
EXP-SOCIAL-ADS-2025H2,C0001155,social_ads,control,2025-07-10,90,True,435.11,227.87
EXP-SOCIAL-ADS-2025H2,C0001156,social_ads,treatment,2025-07-08,90,False,266.09,0.0
EXP-SOCIAL-ADS-2025H2,C0001163,social_ads,control,2025-07-22,90,False,67.37,0.0
EXP-SOCIAL-ADS-2025H2,C0001172,social_ads,control,2025-07-26,90,False,124.28,0.0
EXP-SOCIAL-ADS-2025H2,C0001179,social_ads,control,2025-07-16,90,False,153.65,0.0
EXP-SOCIAL-ADS-2025H2,C0001188,social_ads,control,2025-07-06,90,False,299.47,0.0
EXP-SOCIAL-ADS-2025H2,C0001193,social_ads,treatment,2025-07-05,90,False,78.68,0.0
EXP-SOCIAL-ADS-2025H2,C0001194,social_ads,treatment,2025-07-26,90,False,161.97,0.0
EXP-SOCIAL-ADS-2025H2,C0001203,social_ads,control,2025-07-21,90,True,78.7,113.45
EXP-SOCIAL-ADS-2025H2,C0001210,social_ads,treatment,2025-07-07,90,True,477.67,656.71
EXP-SOCIAL-ADS-2025H2,C0001212,social_ads,control,2025-07-03,90,False,67.95,0.0
EXP-SOCIAL-ADS-2025H2,C0001230,social_ads,treatment,2025-07-16,90,False,52.59,0.0
EXP-SOCIAL-ADS-2025H2,C0001233,social_ads,control,2025-07-28,90,False,72.46,0.0
EXP-SOCIAL-ADS-2025H2,C0001239,social_ads,control,2025-07-14,90,False,89.77,0.0
EXP-SOCIAL-ADS-2025H2,C0001240,social_ads,control,2025-07-21,90,False,207.85,0.0
EXP-SOCIAL-ADS-2025H2,C0001241,social_ads,control,2025-07-15,90,False,145.11,0.0
EXP-SOCIAL-ADS-2025H2,C0001244,social_ads,treatment,2025-07-24,90,False,469.24,0.0
EXP-SOCIAL-ADS-2025H2,C0001245,social_ads,control,2025-07-09,90,False,135.67,0.0
EXP-SOCIAL-ADS-2025H2,C0001248,social_ads,control,2025-07-18,90,False,169.91,0.0
EXP-SOCIAL-ADS-2025H2,C0001254,social_ads,control,2025-07-03,90,False,45.8,0.0
EXP-SOCIAL-ADS-2025H2,C0001256,social_ads,control,2025-07-08,90,False,72.19,0.0
EXP-SOCIAL-ADS-2025H2,C0001258,social_ads,treatment,2025-07-05,90,False,122.27,0.0
EXP-SOCIAL-ADS-2025H2,C0001259,social_ads,treatment,2025-07-22,90,False,216.84,0.0
EXP-SOCIAL-ADS-2025H2,C0001266,social_ads,treatment,2025-07-22,90,False,376.49,0.0
EXP-SOCIAL-ADS-2025H2,C0001267,social_ads,treatment,2025-07-01,90,True,485.68,615.24
EXP-SOCIAL-ADS-2025H2,C0001268,social_ads,treatment,2025-07-27,90,False,134.99,0.0
EXP-SOCIAL-ADS-2025H2,C0001274,social_ads,control,2025-07-22,90,False,68.91,0.0
EXP-SOCIAL-ADS-2025H2,C0001278,social_ads,control,2025-07-19,90,False,76.34,0.0
EXP-SOCIAL-ADS-2025H2,C0001283,social_ads,treatment,2025-07-08,90,False,125.04,0.0
EXP-SOCIAL-ADS-2025H2,C0001291,social_ads,treatment,2025-07-21,90,True,62.2,28.98
EXP-SOCIAL-ADS-2025H2,C0001294,social_ads,control,2025-07-14,90,False,88.62,0.0
EXP-SOCIAL-ADS-2025H2,C0001317,social_ads,control,2025-07-11,90,False,187.41,0.0
EXP-SOCIAL-ADS-2025H2,C0001329,social_ads,treatment,2025-07-20,90,True,77.19,72.53
EXP-SOCIAL-ADS-2025H2,C0001339,social_ads,treatment,2025-07-18,90,True,315.92,293.91
EXP-SOCIAL-ADS-2025H2,C0001345,social_ads,treatment,2025-07-27,90,False,126.1,0.0
EXP-SOCIAL-ADS-2025H2,C0001349,social_ads,treatment,2025-07-10,90,False,165.07,0.0
EXP-SOCIAL-ADS-2025H2,C0001351,social_ads,control,2025-07-28,90,False,94.7,0.0
EXP-SOCIAL-ADS-2025H2,C0001368,social_ads,control,2025-07-24,90,False,253.18,0.0
EXP-SOCIAL-ADS-2025H2,C0001396,social_ads,treatment,2025-07-28,90,False,79.65,0.0
EXP-SOCIAL-ADS-2025H2,C0001398,social_ads,control,2025-07-15,90,False,80.81,0.0
EXP-SOCIAL-ADS-2025H2,C0001410,social_ads,treatment,2025-07-17,90,True,246.3,233.19
EXP-SOCIAL-ADS-2025H2,C0001415,social_ads,control,2025-07-28,90,False,59.75,0.0
EXP-SOCIAL-ADS-2025H2,C0001417,social_ads,control,2025-07-11,90,True,118.35,67.39
EXP-SOCIAL-ADS-2025H2,C0001424,social_ads,treatment,2025-07-10,90,False,678.81,0.0
EXP-SOCIAL-ADS-2025H2,C0001429,social_ads,control,2025-07-08,90,False,36.42,0.0
EXP-SOCIAL-ADS-2025H2,C0001433,social_ads,control,2025-07-10,90,False,177.42,0.0
EXP-SOCIAL-ADS-2025H2,C0001435,social_ads,control,2025-07-19,90,False,383.79,0.0
EXP-SOCIAL-ADS-2025H2,C0001442,social_ads,treatment,2025-07-26,90,True,112.35,66.56
EXP-SOCIAL-ADS-2025H2,C0001450,social_ads,treatment,2025-07-22,90,True,828.07,1103.61
EXP-SOCIAL-ADS-2025H2,C0001459,social_ads,treatment,2025-07-14,90,True,184.45,156.01
EXP-SOCIAL-ADS-2025H2,C0001467,social_ads,treatment,2025-07-07,90,False,71.48,0.0
EXP-SOCIAL-ADS-2025H2,C0001469,social_ads,control,2025-07-01,90,True,119.29,65.04
EXP-SOCIAL-ADS-2025H2,C0001475,social_ads,control,2025-07-01,90,False,96.64,0.0
EXP-SOCIAL-ADS-2025H2,C0001485,social_ads,treatment,2025-07-15,90,False,60.29,0.0
EXP-SOCIAL-ADS-2025H2,C0001492,social_ads,control,2025-07-09,90,True,252.74,163.52
EXP-SOCIAL-ADS-2025H2,C0001494,social_ads,control,2025-07-16,90,True,86.02,81.87
EXP-SOCIAL-ADS-2025H2,C0001501,social_ads,control,2025-07-10,90,False,309.66,0.0
EXP-SOCIAL-ADS-2025H2,C0001514,social_ads,treatment,2025-07-27,90,False,330.52,0.0
EXP-SOCIAL-ADS-2025H2,C0001526,social_ads,control,2025-07-02,90,False,206.03,0.0
EXP-SOCIAL-ADS-2025H2,C0001533,social_ads,treatment,2025-07-26,90,False,122.21,0.0
EXP-SOCIAL-ADS-2025H2,C0001536,social_ads,treatment,2025-07-23,90,True,375.77,508.05
EXP-SOCIAL-ADS-2025H2,C0001542,social_ads,treatment,2025-07-04,90,False,111.89,0.0
EXP-SOCIAL-ADS-2025H2,C0001548,social_ads,control,2025-07-24,90,False,118.1,0.0
EXP-SOCIAL-ADS-2025H2,C0001557,social_ads,control,2025-07-10,90,True,51.53,31.28
EXP-SOCIAL-ADS-2025H2,C0001561,social_ads,control,2025-07-26,90,True,82.38,78.03
EXP-SOCIAL-ADS-2025H2,C0001566,social_ads,treatment,2025-07-24,90,True,101.17,192.57
EXP-SOCIAL-ADS-2025H2,C0001569,social_ads,treatment,2025-07-16,90,False,327.02,0.0
EXP-SOCIAL-ADS-2025H2,C0001578,social_ads,treatment,2025-07-25,90,False,222.52,0.0
EXP-SOCIAL-ADS-2025H2,C0001579,social_ads,control,2025-07-26,90,False,79.81,0.0
EXP-SOCIAL-ADS-2025H2,C0001582,social_ads,control,2025-07-03,90,False,50.37,0.0
EXP-SOCIAL-ADS-2025H2,C0001584,social_ads,control,2025-07-07,90,True,60.33,48.98
EXP-SOCIAL-ADS-2025H2,C0001585,social_ads,control,2025-07-16,90,False,44.24,0.0
EXP-SOCIAL-ADS-2025H2,C0001594,social_ads,treatment,2025-07-23,90,True,115.8,98.74
EXP-SOCIAL-ADS-2025H2,C0001598,social_ads,control,2025-07-01,90,False,100.84,0.0
EXP-SOCIAL-ADS-2025H2,C0001607,social_ads,control,2025-07-18,90,True,634.94,558.09
EXP-SOCIAL-ADS-2025H2,C0001616,social_ads,control,2025-07-24,90,False,71.71,0.0
EXP-SOCIAL-ADS-2025H2,C0001617,social_ads,treatment,2025-07-27,90,True,294.89,203.48
EXP-SOCIAL-ADS-2025H2,C0001622,social_ads,control,2025-07-08,90,False,96.37,0.0
EXP-SOCIAL-ADS-2025H2,C0001632,social_ads,treatment,2025-07-23,90,False,688.07,0.0
EXP-SOCIAL-ADS-2025H2,C0001640,social_ads,treatment,2025-07-03,90,True,88.25,151.39
EXP-SOCIAL-ADS-2025H2,C0001646,social_ads,treatment,2025-07-01,90,False,130.71,0.0
EXP-SOCIAL-ADS-2025H2,C0001649,social_ads,control,2025-07-27,90,False,100.13,0.0
EXP-SOCIAL-ADS-2025H2,C0001652,social_ads,treatment,2025-07-09,90,False,99.04,0.0
EXP-SOCIAL-ADS-2025H2,C0001655,social_ads,treatment,2025-07-09,90,True,166.85,108.14
EXP-SOCIAL-ADS-2025H2,C0001656,social_ads,treatment,2025-07-28,90,False,175.26,0.0
EXP-SOCIAL-ADS-2025H2,C0001667,social_ads,treatment,2025-07-16,90,False,541.86,0.0
EXP-SOCIAL-ADS-2025H2,C0001673,social_ads,control,2025-07-15,90,True,217.27,201.59
EXP-SOCIAL-ADS-2025H2,C0001697,social_ads,control,2025-07-16,90,True,114.16,81.16
EXP-SOCIAL-ADS-2025H2,C0001702,social_ads,control,2025-07-19,90,False,95.19,0.0
EXP-SOCIAL-ADS-2025H2,C0001716,social_ads,control,2025-07-20,90,True,73.93,70.13
EXP-SOCIAL-ADS-2025H2,C0001722,social_ads,control,2025-07-23,90,False,280.81,0.0
EXP-SOCIAL-ADS-2025H2,C0001737,social_ads,treatment,2025-07-28,90,False,125.74,0.0
EXP-SOCIAL-ADS-2025H2,C0001740,social_ads,control,2025-07-21,90,False,68.11,0.0
EXP-SOCIAL-ADS-2025H2,C0001749,social_ads,treatment,2025-07-21,90,False,76.13,0.0
EXP-SOCIAL-ADS-2025H2,C0001752,social_ads,treatment,2025-07-08,90,True,168.25,184.04
EXP-SOCIAL-ADS-2025H2,C0001756,social_ads,control,2025-07-24,90,False,131.62,0.0
EXP-SOCIAL-ADS-2025H2,C0001766,social_ads,control,2025-07-20,90,False,320.86,0.0
EXP-SOCIAL-ADS-2025H2,C0001768,social_ads,treatment,2025-07-05,90,True,53.43,51.61
EXP-SOCIAL-ADS-2025H2,C0001772,social_ads,control,2025-07-17,90,True,69.63,66.64
EXP-SOCIAL-ADS-2025H2,C0001773,social_ads,treatment,2025-07-03,90,False,90.23,0.0
EXP-SOCIAL-ADS-2025H2,C0001776,social_ads,treatment,2025-07-24,90,False,99.38,0.0
EXP-SOCIAL-ADS-2025H2,C0001778,social_ads,control,2025-07-22,90,False,78.45,0.0
EXP-SOCIAL-ADS-2025H2,C0001798,social_ads,control,2025-07-20,90,False,55.22,0.0
EXP-SOCIAL-ADS-2025H2,C0001807,social_ads,treatment,2025-07-04,90,False,94.45,0.0
EXP-SOCIAL-ADS-2025H2,C0001808,social_ads,treatment,2025-07-21,90,True,137.22,163.2
EXP-SOCIAL-ADS-2025H2,C0001811,social_ads,control,2025-07-19,90,False,70.05,0.0
EXP-SOCIAL-ADS-2025H2,C0001813,social_ads,control,2025-07-07,90,False,114.95,0.0
EXP-SOCIAL-ADS-2025H2,C0001819,social_ads,control,2025-07-13,90,False,248.14,0.0
EXP-SOCIAL-ADS-2025H2,C0001820,social_ads,treatment,2025-07-08,90,False,193.07,0.0
EXP-SOCIAL-ADS-2025H2,C0001825,social_ads,control,2025-07-13,90,False,94.06,0.0
EXP-SOCIAL-ADS-2025H2,C0001830,social_ads,treatment,2025-07-24,90,True,413.45,323.5
EXP-SOCIAL-ADS-2025H2,C0001833,social_ads,control,2025-07-05,90,True,156.43,142.16
EXP-SOCIAL-ADS-2025H2,C0001835,social_ads,control,2025-07-14,90,False,229.65,0.0
EXP-SOCIAL-ADS-2025H2,C0001837,social_ads,control,2025-07-05,90,False,212.98,0.0
EXP-SOCIAL-ADS-2025H2,C0001851,social_ads,control,2025-07-14,90,True,148.28,115.49
EXP-SOCIAL-ADS-2025H2,C0001852,social_ads,control,2025-07-02,90,False,392.26,0.0
EXP-SOCIAL-ADS-2025H2,C0001856,social_ads,treatment,2025-07-09,90,False,50.99,0.0
EXP-SOCIAL-ADS-2025H2,C0001861,social_ads,treatment,2025-07-22,90,False,65.54,0.0
EXP-SOCIAL-ADS-2025H2,C0001863,social_ads,treatment,2025-07-02,90,True,271.83,309.8
EXP-SOCIAL-ADS-2025H2,C0001879,social_ads,treatment,2025-07-14,90,False,89.29,0.0
EXP-SOCIAL-ADS-2025H2,C0001889,social_ads,control,2025-07-25,90,False,77.1,0.0
EXP-SOCIAL-ADS-2025H2,C0001891,social_ads,treatment,2025-07-01,90,True,136.86,122.99
EXP-SOCIAL-ADS-2025H2,C0001894,social_ads,treatment,2025-07-22,90,False,82.35,0.0
EXP-SOCIAL-ADS-2025H2,C0001897,social_ads,control,2025-07-28,90,True,132.09,106.13
EXP-SOCIAL-ADS-2025H2,C0001903,social_ads,treatment,2025-07-27,90,True,720.53,1069.01
EXP-SOCIAL-ADS-2025H2,C0001904,social_ads,control,2025-07-13,90,True,53.07,36.66
EXP-SOCIAL-ADS-2025H2,C0001917,social_ads,control,2025-07-28,90,False,61.5,0.0
EXP-SOCIAL-ADS-2025H2,C0001924,social_ads,treatment,2025-07-15,90,True,132.26,129.83
EXP-SOCIAL-ADS-2025H2,C0001925,social_ads,control,2025-07-22,90,False,73.97,0.0
EXP-SOCIAL-ADS-2025H2,C0001930,social_ads,control,2025-07-15,90,True,687.05,440.96
EXP-SOCIAL-ADS-2025H2,C0001935,social_ads,treatment,2025-07-12,90,True,146.89,91.55
EXP-SOCIAL-ADS-2025H2,C0001939,social_ads,treatment,2025-07-24,90,True,59.89,52.64
EXP-SOCIAL-ADS-2025H2,C0001943,social_ads,control,2025-07-01,90,False,57.77,0.0
EXP-SOCIAL-ADS-2025H2,C0001944,social_ads,control,2025-07-21,90,False,62.59,0.0
EXP-SOCIAL-ADS-2025H2,C0001949,social_ads,treatment,2025-07-03,90,False,76.67,0.0
EXP-SOCIAL-ADS-2025H2,C0001953,social_ads,treatment,2025-07-24,90,False,125.93,0.0
EXP-SOCIAL-ADS-2025H2,C0001970,social_ads,treatment,2025-07-03,90,True,46.49,51.02
EXP-SOCIAL-ADS-2025H2,C0001974,social_ads,treatment,2025-07-21,90,False,92.25,0.0
EXP-SOCIAL-ADS-2025H2,C0001977,social_ads,control,2025-07-18,90,False,96.67,0.0
EXP-SOCIAL-ADS-2025H2,C0001981,social_ads,control,2025-07-28,90,False,58.66,0.0
EXP-SOCIAL-ADS-2025H2,C0001982,social_ads,treatment,2025-07-21,90,False,119.66,0.0
EXP-SOCIAL-ADS-2025H2,C0001997,social_ads,control,2025-07-18,90,False,195.87,0.0
EXP-SOCIAL-ADS-2025H2,C0002009,social_ads,control,2025-07-13,90,False,288.05,0.0
EXP-SOCIAL-ADS-2025H2,C0002014,social_ads,control,2025-07-23,90,False,106.36,0.0
EXP-SOCIAL-ADS-2025H2,C0002018,social_ads,control,2025-07-28,90,True,41.75,18.02
EXP-SOCIAL-ADS-2025H2,C0002021,social_ads,treatment,2025-07-13,90,False,263.41,0.0
EXP-SOCIAL-ADS-2025H2,C0002031,social_ads,treatment,2025-07-19,90,False,60.08,0.0
EXP-SOCIAL-ADS-2025H2,C0002032,social_ads,treatment,2025-07-17,90,False,137.55,0.0
EXP-SOCIAL-ADS-2025H2,C0002038,social_ads,treatment,2025-07-27,90,True,97.98,74.61
EXP-SOCIAL-ADS-2025H2,C0002042,social_ads,treatment,2025-07-16,90,True,95.97,93.42
EXP-SOCIAL-ADS-2025H2,C0002044,social_ads,treatment,2025-07-22,90,False,55.76,0.0
EXP-SOCIAL-ADS-2025H2,C0002048,social_ads,control,2025-07-22,90,False,61.62,0.0
EXP-SOCIAL-ADS-2025H2,C0002049,social_ads,control,2025-07-21,90,False,91.74,0.0
EXP-SOCIAL-ADS-2025H2,C0002052,social_ads,control,2025-07-16,90,False,179.36,0.0
EXP-SOCIAL-ADS-2025H2,C0002054,social_ads,control,2025-07-19,90,False,76.85,0.0
EXP-SOCIAL-ADS-2025H2,C0002055,social_ads,control,2025-07-13,90,False,188.5,0.0
EXP-SOCIAL-ADS-2025H2,C0002061,social_ads,treatment,2025-07-18,90,False,277.47,0.0
EXP-SOCIAL-ADS-2025H2,C0002064,social_ads,control,2025-07-21,90,False,57.71,0.0
EXP-SOCIAL-ADS-2025H2,C0002066,social_ads,treatment,2025-07-08,90,True,209.41,156.8
EXP-SOCIAL-ADS-2025H2,C0002068,social_ads,treatment,2025-07-01,90,True,136.77,103.74
EXP-SOCIAL-ADS-2025H2,C0002069,social_ads,treatment,2025-07-23,90,True,88.9,88.86
EXP-SOCIAL-ADS-2025H2,C0002070,social_ads,treatment,2025-07-07,90,True,77.13,104.41
EXP-SOCIAL-ADS-2025H2,C0002076,social_ads,treatment,2025-07-17,90,True,667.38,475.03
EXP-SOCIAL-ADS-2025H2,C0002094,social_ads,treatment,2025-07-23,90,False,63.26,0.0
EXP-SOCIAL-ADS-2025H2,C0002100,social_ads,treatment,2025-07-05,90,True,58.36,56.79
EXP-SOCIAL-ADS-2025H2,C0002109,social_ads,treatment,2025-07-05,90,True,120.46,153.53
EXP-SOCIAL-ADS-2025H2,C0002111,social_ads,treatment,2025-07-03,90,True,267.07,231.67
EXP-SOCIAL-ADS-2025H2,C0002114,social_ads,treatment,2025-07-26,90,False,81.66,0.0
EXP-SOCIAL-ADS-2025H2,C0002118,social_ads,treatment,2025-07-04,90,False,50.94,0.0
EXP-SOCIAL-ADS-2025H2,C0002119,social_ads,treatment,2025-07-12,90,True,67.77,82.92
EXP-SOCIAL-ADS-2025H2,C0002132,social_ads,control,2025-07-15,90,False,140.01,0.0
EXP-SOCIAL-ADS-2025H2,C0002142,social_ads,treatment,2025-07-11,90,False,106.95,0.0
EXP-SOCIAL-ADS-2025H2,C0002160,social_ads,control,2025-07-05,90,False,278.79,0.0
EXP-SOCIAL-ADS-2025H2,C0002177,social_ads,control,2025-07-01,90,True,119.97,120.99
EXP-SOCIAL-ADS-2025H2,C0002191,social_ads,control,2025-07-10,90,False,83.97,0.0
EXP-SOCIAL-ADS-2025H2,C0002213,social_ads,treatment,2025-07-27,90,False,99.65,0.0
EXP-SOCIAL-ADS-2025H2,C0002218,social_ads,control,2025-07-11,90,False,163.18,0.0
EXP-SOCIAL-ADS-2025H2,C0002221,social_ads,control,2025-07-17,90,False,49.86,0.0
EXP-SOCIAL-ADS-2025H2,C0002227,social_ads,control,2025-07-15,90,True,218.6,207.26
EXP-SOCIAL-ADS-2025H2,C0002237,social_ads,treatment,2025-07-14,90,True,132.28,147.94
EXP-SOCIAL-ADS-2025H2,C0002246,social_ads,treatment,2025-07-22,90,False,97.11,0.0
EXP-SOCIAL-ADS-2025H2,C0002251,social_ads,treatment,2025-07-24,90,True,128.12,119.92
EXP-SOCIAL-ADS-2025H2,C0002255,social_ads,control,2025-07-07,90,False,78.29,0.0
EXP-SOCIAL-ADS-2025H2,C0002258,social_ads,control,2025-07-18,90,False,136.58,0.0
EXP-SOCIAL-ADS-2025H2,C0002260,social_ads,treatment,2025-07-17,90,False,192.1,0.0
EXP-SOCIAL-ADS-2025H2,C0002271,social_ads,treatment,2025-07-04,90,False,131.47,0.0
EXP-SOCIAL-ADS-2025H2,C0002272,social_ads,treatment,2025-07-15,90,True,110.59,100.97
EXP-SOCIAL-ADS-2025H2,C0002276,social_ads,control,2025-07-05,90,False,42.34,0.0
EXP-SOCIAL-ADS-2025H2,C0002279,social_ads,control,2025-07-01,90,False,80.85,0.0
EXP-SOCIAL-ADS-2025H2,C0002280,social_ads,control,2025-07-18,90,False,218.3,0.0
EXP-SOCIAL-ADS-2025H2,C0002286,social_ads,treatment,2025-07-03,90,False,107.9,0.0
EXP-SOCIAL-ADS-2025H2,C0002292,social_ads,control,2025-07-10,90,False,201.77,0.0
EXP-SOCIAL-ADS-2025H2,C0002321,social_ads,control,2025-07-13,90,False,52.71,0.0
EXP-SOCIAL-ADS-2025H2,C0002322,social_ads,control,2025-07-25,90,False,241.1,0.0
EXP-SOCIAL-ADS-2025H2,C0002326,social_ads,treatment,2025-07-23,90,False,218.74,0.0
EXP-SOCIAL-ADS-2025H2,C0002334,social_ads,control,2025-07-22,90,False,67.23,0.0
EXP-SOCIAL-ADS-2025H2,C0002343,social_ads,treatment,2025-07-28,90,True,254.71,266.99
EXP-SOCIAL-ADS-2025H2,C0002352,social_ads,treatment,2025-07-07,90,False,99.38,0.0
EXP-SOCIAL-ADS-2025H2,C0002355,social_ads,treatment,2025-07-04,90,False,57.09,0.0
EXP-SOCIAL-ADS-2025H2,C0002362,social_ads,treatment,2025-07-24,90,False,74.8,0.0
EXP-SOCIAL-ADS-2025H2,C0002364,social_ads,treatment,2025-07-12,90,True,79.07,69.32
EXP-SOCIAL-ADS-2025H2,C0002378,social_ads,treatment,2025-07-25,90,True,184.33,266.88
EXP-SOCIAL-ADS-2025H2,C0002383,social_ads,treatment,2025-07-01,90,False,65.15,0.0
EXP-SOCIAL-ADS-2025H2,C0002391,social_ads,control,2025-07-23,90,False,70.12,0.0
EXP-SOCIAL-ADS-2025H2,C0002392,social_ads,control,2025-07-13,90,False,295.1,0.0
EXP-SOCIAL-ADS-2025H2,C0002394,social_ads,treatment,2025-07-19,90,False,182.22,0.0
EXP-SOCIAL-ADS-2025H2,C0002406,social_ads,control,2025-07-24,90,False,269.57,0.0
EXP-SOCIAL-ADS-2025H2,C0002408,social_ads,control,2025-07-15,90,False,98.1,0.0
EXP-SOCIAL-ADS-2025H2,C0002437,social_ads,control,2025-07-01,90,False,393.94,0.0
EXP-SOCIAL-ADS-2025H2,C0002442,social_ads,treatment,2025-07-23,90,True,252.83,176.95
EXP-SOCIAL-ADS-2025H2,C0002443,social_ads,treatment,2025-07-27,90,True,163.33,92.96
EXP-SOCIAL-ADS-2025H2,C0002453,social_ads,treatment,2025-07-15,90,False,72.06,0.0
EXP-SOCIAL-ADS-2025H2,C0002462,social_ads,treatment,2025-07-07,90,True,139.43,151.36
EXP-SOCIAL-ADS-2025H2,C0002467,social_ads,treatment,2025-07-10,90,True,115.23,132.41
EXP-SOCIAL-ADS-2025H2,C0002468,social_ads,control,2025-07-19,90,False,65.52,0.0
EXP-SOCIAL-ADS-2025H2,C0002471,social_ads,treatment,2025-07-10,90,True,133.94,199.64
EXP-SOCIAL-ADS-2025H2,C0002485,social_ads,control,2025-07-14,90,True,302.55,505.0
EXP-SOCIAL-ADS-2025H2,C0002500,social_ads,treatment,2025-07-05,90,False,54.26,0.0
EXP-SOCIAL-ADS-2025H2,C0002503,social_ads,treatment,2025-07-02,90,False,85.71,0.0
EXP-SOCIAL-ADS-2025H2,C0002506,social_ads,treatment,2025-07-25,90,False,132.79,0.0
EXP-SOCIAL-ADS-2025H2,C0002510,social_ads,control,2025-07-15,90,True,66.0,74.49
EXP-SOCIAL-ADS-2025H2,C0002511,social_ads,treatment,2025-07-28,90,True,98.84,125.06
EXP-SOCIAL-ADS-2025H2,C0002515,social_ads,control,2025-07-12,90,False,250.41,0.0
EXP-SOCIAL-ADS-2025H2,C0002516,social_ads,treatment,2025-07-09,90,False,65.85,0.0
EXP-SOCIAL-ADS-2025H2,C0002543,social_ads,treatment,2025-07-24,90,False,581.08,0.0
EXP-SOCIAL-ADS-2025H2,C0002545,social_ads,treatment,2025-07-25,90,False,56.37,0.0
EXP-SOCIAL-ADS-2025H2,C0002549,social_ads,treatment,2025-07-27,90,True,132.94,113.86
EXP-SOCIAL-ADS-2025H2,C0002556,social_ads,control,2025-07-18,90,False,88.44,0.0
EXP-SOCIAL-ADS-2025H2,C0002566,social_ads,treatment,2025-07-02,90,True,77.0,85.21
EXP-SOCIAL-ADS-2025H2,C0002567,social_ads,control,2025-07-24,90,False,78.62,0.0
EXP-SOCIAL-ADS-2025H2,C0002569,social_ads,treatment,2025-07-26,90,False,85.58,0.0
EXP-SOCIAL-ADS-2025H2,C0002577,social_ads,treatment,2025-07-22,90,True,85.03,84.44
EXP-SOCIAL-ADS-2025H2,C0002583,social_ads,treatment,2025-07-19,90,True,69.99,45.61
EXP-SOCIAL-ADS-2025H2,C0002584,social_ads,control,2025-07-20,90,False,76.74,0.0
EXP-SOCIAL-ADS-2025H2,C0002591,social_ads,control,2025-07-26,90,False,131.18,0.0
EXP-SOCIAL-ADS-2025H2,C0002595,social_ads,treatment,2025-07-03,90,True,129.81,85.68
EXP-SOCIAL-ADS-2025H2,C0002596,social_ads,treatment,2025-07-22,90,True,139.76,119.75
EXP-SOCIAL-ADS-2025H2,C0002598,social_ads,treatment,2025-07-26,90,True,78.1,77.65
EXP-SOCIAL-ADS-2025H2,C0002603,social_ads,control,2025-07-22,90,False,116.19,0.0
EXP-SOCIAL-ADS-2025H2,C0002608,social_ads,treatment,2025-07-06,90,False,54.51,0.0
EXP-SOCIAL-ADS-2025H2,C0002617,social_ads,treatment,2025-07-08,90,False,149.17,0.0
EXP-SOCIAL-ADS-2025H2,C0002619,social_ads,treatment,2025-07-14,90,False,283.92,0.0
EXP-SOCIAL-ADS-2025H2,C0002622,social_ads,treatment,2025-07-07,90,True,146.15,110.82
EXP-SOCIAL-ADS-2025H2,C0002626,social_ads,control,2025-07-02,90,False,73.77,0.0
EXP-SOCIAL-ADS-2025H2,C0002643,social_ads,control,2025-07-25,90,True,135.18,64.26
EXP-SOCIAL-ADS-2025H2,C0002648,social_ads,treatment,2025-07-03,90,True,112.58,114.99
EXP-SOCIAL-ADS-2025H2,C0002649,social_ads,treatment,2025-07-17,90,False,68.45,0.0
EXP-SOCIAL-ADS-2025H2,C0002651,social_ads,treatment,2025-07-23,90,False,58.67,0.0
EXP-SOCIAL-ADS-2025H2,C0002657,social_ads,treatment,2025-07-22,90,False,315.28,0.0
EXP-SOCIAL-ADS-2025H2,C0002662,social_ads,control,2025-07-09,90,False,109.7,0.0
EXP-SOCIAL-ADS-2025H2,C0002663,social_ads,treatment,2025-07-23,90,True,169.91,229.04
EXP-SOCIAL-ADS-2025H2,C0002664,social_ads,control,2025-07-24,90,False,73.68,0.0
EXP-SOCIAL-ADS-2025H2,C0002669,social_ads,control,2025-07-21,90,False,64.98,0.0
EXP-SOCIAL-ADS-2025H2,C0002671,social_ads,control,2025-07-17,90,True,143.94,86.06
EXP-SOCIAL-ADS-2025H2,C0002673,social_ads,control,2025-07-15,90,True,966.89,678.49
EXP-SOCIAL-ADS-2025H2,C0002677,social_ads,treatment,2025-07-27,90,False,333.64,0.0
EXP-SOCIAL-ADS-2025H2,C0002680,social_ads,control,2025-07-27,90,False,76.3,0.0
EXP-SOCIAL-ADS-2025H2,C0002681,social_ads,treatment,2025-07-17,90,False,278.3,0.0
EXP-SOCIAL-ADS-2025H2,C0002682,social_ads,control,2025-07-16,90,False,116.07,0.0
EXP-SOCIAL-ADS-2025H2,C0002688,social_ads,control,2025-07-08,90,False,82.5,0.0
EXP-SOCIAL-ADS-2025H2,C0002695,social_ads,control,2025-07-13,90,False,201.95,0.0
EXP-SOCIAL-ADS-2025H2,C0002701,social_ads,treatment,2025-07-06,90,True,459.6,263.39
EXP-SOCIAL-ADS-2025H2,C0002706,social_ads,treatment,2025-07-23,90,False,303.42,0.0
EXP-SOCIAL-ADS-2025H2,C0002727,social_ads,control,2025-07-04,90,False,86.56,0.0
EXP-SOCIAL-ADS-2025H2,C0002732,social_ads,control,2025-07-28,90,False,67.77,0.0
EXP-SOCIAL-ADS-2025H2,C0002739,social_ads,treatment,2025-07-01,90,False,188.43,0.0
EXP-SOCIAL-ADS-2025H2,C0002742,social_ads,treatment,2025-07-04,90,True,699.54,654.25
EXP-SOCIAL-ADS-2025H2,C0002744,social_ads,treatment,2025-07-20,90,False,60.04,0.0
EXP-SOCIAL-ADS-2025H2,C0002745,social_ads,treatment,2025-07-18,90,False,96.7,0.0
EXP-SOCIAL-ADS-2025H2,C0002747,social_ads,treatment,2025-07-04,90,False,73.61,0.0
EXP-SOCIAL-ADS-2025H2,C0002758,social_ads,control,2025-07-28,90,True,249.3,214.81
EXP-SOCIAL-ADS-2025H2,C0002759,social_ads,control,2025-07-08,90,True,78.07,58.34
EXP-SOCIAL-ADS-2025H2,C0002761,social_ads,control,2025-07-06,90,True,51.45,32.62
EXP-SOCIAL-ADS-2025H2,C0002762,social_ads,treatment,2025-07-06,90,True,319.78,452.0
EXP-SOCIAL-ADS-2025H2,C0002771,social_ads,treatment,2025-07-02,90,True,42.37,35.6
EXP-SOCIAL-ADS-2025H2,C0002773,social_ads,control,2025-07-15,90,False,249.27,0.0
EXP-SOCIAL-ADS-2025H2,C0002779,social_ads,treatment,2025-07-19,90,False,54.85,0.0
EXP-SOCIAL-ADS-2025H2,C0002788,social_ads,treatment,2025-07-04,90,False,111.98,0.0
EXP-SOCIAL-ADS-2025H2,C0002800,social_ads,control,2025-07-27,90,False,91.17,0.0
EXP-SOCIAL-ADS-2025H2,C0002802,social_ads,control,2025-07-24,90,False,885.31,0.0
EXP-SOCIAL-ADS-2025H2,C0002812,social_ads,treatment,2025-07-09,90,False,439.08,0.0
EXP-SOCIAL-ADS-2025H2,C0002820,social_ads,control,2025-07-14,90,False,321.47,0.0
EXP-SOCIAL-ADS-2025H2,C0002826,social_ads,control,2025-07-06,90,False,78.75,0.0
EXP-SOCIAL-ADS-2025H2,C0002827,social_ads,treatment,2025-07-17,90,False,321.76,0.0
EXP-SOCIAL-ADS-2025H2,C0002834,social_ads,treatment,2025-07-17,90,False,106.57,0.0
EXP-SOCIAL-ADS-2025H2,C0002835,social_ads,control,2025-07-20,90,False,68.92,0.0
EXP-SOCIAL-ADS-2025H2,C0002845,social_ads,control,2025-07-25,90,True,67.31,69.31
EXP-SOCIAL-ADS-2025H2,C0002853,social_ads,treatment,2025-07-19,90,True,91.37,65.51
EXP-SOCIAL-ADS-2025H2,C0002867,social_ads,control,2025-07-14,90,False,55.59,0.0
EXP-SOCIAL-ADS-2025H2,C0002876,social_ads,control,2025-07-10,90,False,103.24,0.0
EXP-SOCIAL-ADS-2025H2,C0002902,social_ads,treatment,2025-07-05,90,False,99.98,0.0
EXP-SOCIAL-ADS-2025H2,C0002903,social_ads,treatment,2025-07-20,90,True,69.27,57.01
EXP-SOCIAL-ADS-2025H2,C0002904,social_ads,treatment,2025-07-11,90,False,283.18,0.0
EXP-SOCIAL-ADS-2025H2,C0002905,social_ads,control,2025-07-10,90,False,60.8,0.0
EXP-SOCIAL-ADS-2025H2,C0002926,social_ads,control,2025-07-19,90,True,374.11,227.37
EXP-SOCIAL-ADS-2025H2,C0002927,social_ads,treatment,2025-07-20,90,False,133.58,0.0
EXP-SOCIAL-ADS-2025H2,C0002939,social_ads,control,2025-07-02,90,False,135.42,0.0
EXP-SOCIAL-ADS-2025H2,C0002942,social_ads,treatment,2025-07-14,90,True,88.82,107.17
EXP-SOCIAL-ADS-2025H2,C0002948,social_ads,treatment,2025-07-01,90,False,120.23,0.0
EXP-SOCIAL-ADS-2025H2,C0002950,social_ads,treatment,2025-07-21,90,False,86.74,0.0
EXP-SOCIAL-ADS-2025H2,C0002952,social_ads,control,2025-07-16,90,True,239.39,264.5
EXP-SOCIAL-ADS-2025H2,C0002968,social_ads,control,2025-07-02,90,False,204.43,0.0
EXP-SOCIAL-ADS-2025H2,C0002970,social_ads,treatment,2025-07-05,90,False,83.27,0.0
EXP-SOCIAL-ADS-2025H2,C0002974,social_ads,control,2025-07-26,90,False,73.28,0.0
EXP-SOCIAL-ADS-2025H2,C0002978,social_ads,treatment,2025-07-08,90,False,110.81,0.0
EXP-SOCIAL-ADS-2025H2,C0002983,social_ads,control,2025-07-15,90,False,246.64,0.0
EXP-SOCIAL-ADS-2025H2,C0002994,social_ads,treatment,2025-07-17,90,True,324.64,321.2
EXP-SOCIAL-ADS-2025H2,C0002998,social_ads,treatment,2025-07-21,90,True,259.34,469.14
EXP-SOCIAL-ADS-2025H2,C0003015,social_ads,control,2025-07-11,90,False,419.91,0.0
EXP-SOCIAL-ADS-2025H2,C0003022,social_ads,treatment,2025-07-11,90,False,780.86,0.0
EXP-SOCIAL-ADS-2025H2,C0003028,social_ads,treatment,2025-07-15,90,False,164.64,0.0
EXP-SOCIAL-ADS-2025H2,C0003029,social_ads,treatment,2025-07-01,90,True,200.05,336.15
EXP-SOCIAL-ADS-2025H2,C0003035,social_ads,control,2025-07-04,90,False,186.97,0.0
EXP-SOCIAL-ADS-2025H2,C0003054,social_ads,treatment,2025-07-01,90,False,110.53,0.0
EXP-SOCIAL-ADS-2025H2,C0003057,social_ads,control,2025-07-10,90,False,219.13,0.0
EXP-SOCIAL-ADS-2025H2,C0003059,social_ads,control,2025-07-25,90,False,153.29,0.0
EXP-SOCIAL-ADS-2025H2,C0003065,social_ads,control,2025-07-15,90,False,32.17,0.0
EXP-SOCIAL-ADS-2025H2,C0003073,social_ads,treatment,2025-07-11,90,False,319.25,0.0
EXP-SOCIAL-ADS-2025H2,C0003077,social_ads,treatment,2025-07-03,90,False,58.4,0.0
EXP-SOCIAL-ADS-2025H2,C0003080,social_ads,treatment,2025-07-24,90,False,110.86,0.0
EXP-SOCIAL-ADS-2025H2,C0003083,social_ads,treatment,2025-07-28,90,True,123.03,71.17
EXP-SOCIAL-ADS-2025H2,C0003094,social_ads,treatment,2025-07-01,90,False,127.67,0.0
EXP-SOCIAL-ADS-2025H2,C0003096,social_ads,control,2025-07-15,90,True,124.44,99.65
EXP-SOCIAL-ADS-2025H2,C0003102,social_ads,control,2025-07-03,90,False,30.05,0.0
EXP-SOCIAL-ADS-2025H2,C0003103,social_ads,control,2025-07-03,90,False,54.4,0.0
EXP-SOCIAL-ADS-2025H2,C0003109,social_ads,treatment,2025-07-16,90,True,174.32,179.81
EXP-SOCIAL-ADS-2025H2,C0003111,social_ads,treatment,2025-07-12,90,False,70.86,0.0
EXP-SOCIAL-ADS-2025H2,C0003117,social_ads,treatment,2025-07-22,90,False,89.98,0.0
EXP-SOCIAL-ADS-2025H2,C0003120,social_ads,treatment,2025-07-22,90,True,141.27,111.82
EXP-SOCIAL-ADS-2025H2,C0003121,social_ads,treatment,2025-07-02,90,True,97.66,139.69
EXP-SOCIAL-ADS-2025H2,C0003127,social_ads,treatment,2025-07-26,90,False,147.67,0.0
EXP-SOCIAL-ADS-2025H2,C0003133,social_ads,control,2025-07-13,90,False,59.84,0.0
EXP-SOCIAL-ADS-2025H2,C0003145,social_ads,treatment,2025-07-06,90,False,403.58,0.0
EXP-SOCIAL-ADS-2025H2,C0003147,social_ads,treatment,2025-07-17,90,False,96.92,0.0
EXP-SOCIAL-ADS-2025H2,C0003167,social_ads,control,2025-07-18,90,False,52.85,0.0
EXP-SOCIAL-ADS-2025H2,C0003169,social_ads,treatment,2025-07-12,90,False,165.75,0.0
EXP-SOCIAL-ADS-2025H2,C0003176,social_ads,control,2025-07-09,90,True,267.53,280.64
EXP-SOCIAL-ADS-2025H2,C0003177,social_ads,treatment,2025-07-23,90,False,88.22,0.0
EXP-SOCIAL-ADS-2025H2,C0003179,social_ads,treatment,2025-07-13,90,True,59.25,50.02
EXP-SOCIAL-ADS-2025H2,C0003180,social_ads,control,2025-07-26,90,False,247.68,0.0
EXP-SOCIAL-ADS-2025H2,C0003181,social_ads,control,2025-07-19,90,True,125.25,106.09
EXP-SOCIAL-ADS-2025H2,C0003186,social_ads,treatment,2025-07-20,90,False,61.0,0.0
EXP-SOCIAL-ADS-2025H2,C0003194,social_ads,control,2025-07-20,90,False,137.93,0.0
EXP-SOCIAL-ADS-2025H2,C0003207,social_ads,treatment,2025-07-10,90,True,101.38,67.77
EXP-SOCIAL-ADS-2025H2,C0003217,social_ads,control,2025-07-23,90,False,100.03,0.0
EXP-SOCIAL-ADS-2025H2,C0003218,social_ads,treatment,2025-07-23,90,True,379.36,436.55
EXP-SOCIAL-ADS-2025H2,C0003261,social_ads,treatment,2025-07-10,90,False,126.81,0.0
EXP-SOCIAL-ADS-2025H2,C0003262,social_ads,control,2025-07-11,90,False,49.19,0.0
EXP-SOCIAL-ADS-2025H2,C0003263,social_ads,control,2025-07-20,90,True,92.08,117.62
EXP-SOCIAL-ADS-2025H2,C0003273,social_ads,treatment,2025-07-01,90,False,375.68,0.0
EXP-SOCIAL-ADS-2025H2,C0003276,social_ads,control,2025-07-20,90,True,545.3,445.37
EXP-SOCIAL-ADS-2025H2,C0003284,social_ads,treatment,2025-07-01,90,False,60.92,0.0
EXP-SOCIAL-ADS-2025H2,C0003290,social_ads,control,2025-07-01,90,True,159.67,104.77
EXP-SOCIAL-ADS-2025H2,C0003302,social_ads,control,2025-07-05,90,False,59.33,0.0
EXP-SOCIAL-ADS-2025H2,C0003304,social_ads,treatment,2025-07-15,90,True,449.73,310.38
EXP-SOCIAL-ADS-2025H2,C0003306,social_ads,control,2025-07-18,90,False,52.91,0.0
EXP-SOCIAL-ADS-2025H2,C0003307,social_ads,control,2025-07-01,90,True,329.13,252.35
EXP-SOCIAL-ADS-2025H2,C0003310,social_ads,treatment,2025-07-23,90,False,104.43,0.0
EXP-SOCIAL-ADS-2025H2,C0003316,social_ads,treatment,2025-07-10,90,True,98.22,69.51
EXP-SOCIAL-ADS-2025H2,C0003319,social_ads,control,2025-07-23,90,True,120.74,116.06
EXP-SOCIAL-ADS-2025H2,C0003321,social_ads,control,2025-07-06,90,False,602.91,0.0
EXP-SOCIAL-ADS-2025H2,C0003322,social_ads,control,2025-07-09,90,True,74.13,28.62
EXP-SOCIAL-ADS-2025H2,C0003324,social_ads,treatment,2025-07-09,90,False,88.23,0.0
EXP-SOCIAL-ADS-2025H2,C0003325,social_ads,treatment,2025-07-02,90,False,84.99,0.0
EXP-SOCIAL-ADS-2025H2,C0003331,social_ads,control,2025-07-24,90,False,140.39,0.0
EXP-SOCIAL-ADS-2025H2,C0003334,social_ads,control,2025-07-25,90,False,265.01,0.0
EXP-SOCIAL-ADS-2025H2,C0003346,social_ads,control,2025-07-18,90,False,104.87,0.0
EXP-SOCIAL-ADS-2025H2,C0003353,social_ads,control,2025-07-06,90,False,213.31,0.0
EXP-SOCIAL-ADS-2025H2,C0003356,social_ads,treatment,2025-07-18,90,True,51.36,61.73
EXP-SOCIAL-ADS-2025H2,C0003384,social_ads,treatment,2025-07-05,90,False,71.76,0.0
EXP-SOCIAL-ADS-2025H2,C0003386,social_ads,treatment,2025-07-13,90,True,45.69,26.03
EXP-SOCIAL-ADS-2025H2,C0003396,social_ads,treatment,2025-07-03,90,False,63.42,0.0
EXP-SOCIAL-ADS-2025H2,C0003398,social_ads,treatment,2025-07-05,90,False,49.58,0.0
EXP-SOCIAL-ADS-2025H2,C0003404,social_ads,control,2025-07-02,90,False,110.5,0.0
EXP-SOCIAL-ADS-2025H2,C0003421,social_ads,treatment,2025-07-14,90,True,604.71,806.65
EXP-SOCIAL-ADS-2025H2,C0003422,social_ads,control,2025-07-06,90,False,86.06,0.0
EXP-SOCIAL-ADS-2025H2,C0003430,social_ads,control,2025-07-16,90,False,70.71,0.0
EXP-SOCIAL-ADS-2025H2,C0003431,social_ads,treatment,2025-07-21,90,False,177.59,0.0
EXP-SOCIAL-ADS-2025H2,C0003440,social_ads,treatment,2025-07-24,90,True,124.73,118.71
EXP-SOCIAL-ADS-2025H2,C0003443,social_ads,treatment,2025-07-07,90,False,66.05,0.0
EXP-SOCIAL-ADS-2025H2,C0003451,social_ads,treatment,2025-07-16,90,True,55.77,40.2
EXP-SOCIAL-ADS-2025H2,C0003458,social_ads,treatment,2025-07-14,90,True,348.55,243.97
EXP-SOCIAL-ADS-2025H2,C0003462,social_ads,control,2025-07-21,90,True,207.61,153.37
EXP-SOCIAL-ADS-2025H2,C0003480,social_ads,control,2025-07-24,90,False,89.42,0.0
EXP-SOCIAL-ADS-2025H2,C0003518,social_ads,control,2025-07-18,90,False,246.65,0.0
EXP-SOCIAL-ADS-2025H2,C0003533,social_ads,treatment,2025-07-10,90,True,121.81,178.73
EXP-SOCIAL-ADS-2025H2,C0003534,social_ads,treatment,2025-07-19,90,False,84.04,0.0
EXP-SOCIAL-ADS-2025H2,C0003535,social_ads,control,2025-07-11,90,True,134.37,82.08
EXP-SOCIAL-ADS-2025H2,C0003537,social_ads,control,2025-07-14,90,False,42.73,0.0
EXP-SOCIAL-ADS-2025H2,C0003552,social_ads,control,2025-07-23,90,False,115.91,0.0
EXP-SOCIAL-ADS-2025H2,C0003556,social_ads,control,2025-07-16,90,False,107.11,0.0
EXP-SOCIAL-ADS-2025H2,C0003558,social_ads,control,2025-07-07,90,True,56.37,37.28
EXP-SOCIAL-ADS-2025H2,C0003561,social_ads,control,2025-07-17,90,False,58.52,0.0
EXP-SOCIAL-ADS-2025H2,C0003565,social_ads,control,2025-07-25,90,False,102.84,0.0
EXP-SOCIAL-ADS-2025H2,C0003567,social_ads,treatment,2025-07-04,90,False,94.56,0.0
EXP-SOCIAL-ADS-2025H2,C0003568,social_ads,treatment,2025-07-12,90,False,70.37,0.0
EXP-SOCIAL-ADS-2025H2,C0003570,social_ads,control,2025-07-02,90,False,300.81,0.0
EXP-SOCIAL-ADS-2025H2,C0003577,social_ads,treatment,2025-07-09,90,False,129.34,0.0
EXP-SOCIAL-ADS-2025H2,C0003579,social_ads,treatment,2025-07-25,90,True,147.4,105.25
EXP-SOCIAL-ADS-2025H2,C0003580,social_ads,control,2025-07-12,90,False,65.2,0.0
EXP-SOCIAL-ADS-2025H2,C0003600,social_ads,treatment,2025-07-23,90,True,454.16,407.52
EXP-SOCIAL-ADS-2025H2,C0003618,social_ads,treatment,2025-07-25,90,True,166.45,187.09
EXP-SOCIAL-ADS-2025H2,C0003619,social_ads,control,2025-07-02,90,False,99.71,0.0
EXP-SOCIAL-ADS-2025H2,C0003628,social_ads,control,2025-07-13,90,True,162.63,134.96
EXP-SOCIAL-ADS-2025H2,C0003629,social_ads,control,2025-07-20,90,False,148.93,0.0
EXP-SOCIAL-ADS-2025H2,C0003634,social_ads,treatment,2025-07-04,90,False,105.64,0.0
EXP-SOCIAL-ADS-2025H2,C0003644,social_ads,treatment,2025-07-20,90,False,101.81,0.0
EXP-SOCIAL-ADS-2025H2,C0003648,social_ads,control,2025-07-04,90,False,91.93,0.0
EXP-SOCIAL-ADS-2025H2,C0003655,social_ads,treatment,2025-07-24,90,True,56.05,46.89
EXP-SOCIAL-ADS-2025H2,C0003656,social_ads,control,2025-07-18,90,False,62.49,0.0
EXP-SOCIAL-ADS-2025H2,C0003666,social_ads,treatment,2025-07-11,90,False,105.99,0.0
EXP-SOCIAL-ADS-2025H2,C0003669,social_ads,control,2025-07-03,90,True,91.94,152.56
EXP-SOCIAL-ADS-2025H2,C0003671,social_ads,control,2025-07-12,90,True,68.93,42.93
EXP-SOCIAL-ADS-2025H2,C0003675,social_ads,control,2025-07-04,90,False,52.91,0.0
EXP-SOCIAL-ADS-2025H2,C0003682,social_ads,control,2025-07-14,90,False,507.2,0.0
EXP-SOCIAL-ADS-2025H2,C0003686,social_ads,treatment,2025-07-13,90,False,756.29,0.0
EXP-SOCIAL-ADS-2025H2,C0003688,social_ads,control,2025-07-06,90,False,66.74,0.0
EXP-SOCIAL-ADS-2025H2,C0003691,social_ads,control,2025-07-14,90,True,93.53,81.63
EXP-SOCIAL-ADS-2025H2,C0003694,social_ads,treatment,2025-07-21,90,True,266.94,166.69
EXP-SOCIAL-ADS-2025H2,C0003705,social_ads,treatment,2025-07-22,90,False,87.9,0.0
EXP-SOCIAL-ADS-2025H2,C0003719,social_ads,control,2025-07-02,90,False,132.61,0.0
EXP-SOCIAL-ADS-2025H2,C0003721,social_ads,control,2025-07-12,90,True,392.26,396.39
EXP-SOCIAL-ADS-2025H2,C0003729,social_ads,treatment,2025-07-05,90,False,113.75,0.0
EXP-SOCIAL-ADS-2025H2,C0003737,social_ads,control,2025-07-27,90,False,88.65,0.0
EXP-SOCIAL-ADS-2025H2,C0003739,social_ads,control,2025-07-01,90,False,91.28,0.0
EXP-SOCIAL-ADS-2025H2,C0003748,social_ads,treatment,2025-07-28,90,True,199.49,219.21
EXP-SOCIAL-ADS-2025H2,C0003749,social_ads,treatment,2025-07-03,90,False,85.92,0.0
EXP-SOCIAL-ADS-2025H2,C0003750,social_ads,control,2025-07-25,90,True,160.57,137.79
EXP-SOCIAL-ADS-2025H2,C0003759,social_ads,control,2025-07-22,90,False,121.09,0.0
EXP-SOCIAL-ADS-2025H2,C0003760,social_ads,control,2025-07-18,90,False,146.64,0.0
EXP-SOCIAL-ADS-2025H2,C0003765,social_ads,treatment,2025-07-13,90,False,549.73,0.0
EXP-SOCIAL-ADS-2025H2,C0003768,social_ads,treatment,2025-07-07,90,True,91.17,85.4
EXP-SOCIAL-ADS-2025H2,C0003775,social_ads,control,2025-07-24,90,False,84.53,0.0
EXP-SOCIAL-ADS-2025H2,C0003777,social_ads,treatment,2025-07-05,90,False,56.37,0.0
EXP-SOCIAL-ADS-2025H2,C0003779,social_ads,control,2025-07-23,90,False,173.54,0.0
EXP-SOCIAL-ADS-2025H2,C0003786,social_ads,control,2025-07-21,90,True,366.49,258.1
EXP-SOCIAL-ADS-2025H2,C0003790,social_ads,treatment,2025-07-22,90,True,281.39,309.51
EXP-SOCIAL-ADS-2025H2,C0003810,social_ads,treatment,2025-07-25,90,False,51.02,0.0
EXP-SOCIAL-ADS-2025H2,C0003819,social_ads,treatment,2025-07-22,90,False,74.33,0.0
EXP-SOCIAL-ADS-2025H2,C0003822,social_ads,control,2025-07-16,90,True,110.56,114.98
EXP-SOCIAL-ADS-2025H2,C0003831,social_ads,treatment,2025-07-25,90,True,79.4,65.68
EXP-SOCIAL-ADS-2025H2,C0003838,social_ads,control,2025-07-13,90,True,314.56,205.68
EXP-SOCIAL-ADS-2025H2,C0003842,social_ads,control,2025-07-05,90,True,722.67,720.54
EXP-SOCIAL-ADS-2025H2,C0003847,social_ads,control,2025-07-06,90,False,51.33,0.0
EXP-SOCIAL-ADS-2025H2,C0003875,social_ads,control,2025-07-10,90,True,62.36,89.53
EXP-SOCIAL-ADS-2025H2,C0003876,social_ads,control,2025-07-15,90,False,285.64,0.0
EXP-SOCIAL-ADS-2025H2,C0003880,social_ads,control,2025-07-08,90,True,140.66,137.52
EXP-SOCIAL-ADS-2025H2,C0003883,social_ads,treatment,2025-07-10,90,True,161.84,171.26
EXP-SOCIAL-ADS-2025H2,C0003897,social_ads,treatment,2025-07-28,90,True,73.21,62.84
EXP-SOCIAL-ADS-2025H2,C0003900,social_ads,control,2025-07-13,90,False,244.32,0.0
EXP-SOCIAL-ADS-2025H2,C0003909,social_ads,treatment,2025-07-22,90,False,100.05,0.0
EXP-SOCIAL-ADS-2025H2,C0003919,social_ads,control,2025-07-24,90,False,74.55,0.0
EXP-SOCIAL-ADS-2025H2,C0003936,social_ads,control,2025-07-04,90,True,217.91,160.34
EXP-SOCIAL-ADS-2025H2,C0003937,social_ads,treatment,2025-07-15,90,True,77.46,73.37
EXP-SOCIAL-ADS-2025H2,C0003940,social_ads,control,2025-07-24,90,False,112.61,0.0
EXP-SOCIAL-ADS-2025H2,C0003942,social_ads,treatment,2025-07-13,90,False,191.77,0.0
EXP-SOCIAL-ADS-2025H2,C0003946,social_ads,treatment,2025-07-21,90,False,260.07,0.0
EXP-SOCIAL-ADS-2025H2,C0003947,social_ads,control,2025-07-28,90,False,505.0,0.0
EXP-SOCIAL-ADS-2025H2,C0003949,social_ads,control,2025-07-17,90,False,81.5,0.0
EXP-SOCIAL-ADS-2025H2,C0003951,social_ads,control,2025-07-06,90,False,81.98,0.0
EXP-SOCIAL-ADS-2025H2,C0003956,social_ads,control,2025-07-09,90,True,140.87,82.96
EXP-SOCIAL-ADS-2025H2,C0003957,social_ads,control,2025-07-03,90,True,240.3,91.47
EXP-SOCIAL-ADS-2025H2,C0003958,social_ads,treatment,2025-07-09,90,False,163.46,0.0
EXP-SOCIAL-ADS-2025H2,C0003970,social_ads,control,2025-07-27,90,False,45.19,0.0
EXP-SOCIAL-ADS-2025H2,C0003972,social_ads,control,2025-07-07,90,False,77.61,0.0
EXP-SOCIAL-ADS-2025H2,C0003985,social_ads,treatment,2025-07-06,90,True,99.1,63.49
EXP-SOCIAL-ADS-2025H2,C0003991,social_ads,treatment,2025-07-17,90,False,83.96,0.0
EXP-SOCIAL-ADS-2025H2,C0003993,social_ads,treatment,2025-07-18,90,True,131.63,197.72
EXP-SOCIAL-ADS-2025H2,C0003996,social_ads,treatment,2025-07-24,90,False,53.59,0.0
EXP-SOCIAL-ADS-2025H2,C0003998,social_ads,control,2025-07-25,90,False,85.22,0.0
EXP-SOCIAL-ADS-2025H2,C0004001,social_ads,treatment,2025-07-24,90,False,111.58,0.0
EXP-SOCIAL-ADS-2025H2,C0004008,social_ads,control,2025-07-05,90,False,289.89,0.0
EXP-SOCIAL-ADS-2025H2,C0004014,social_ads,control,2025-07-20,90,False,78.8,0.0
EXP-SOCIAL-ADS-2025H2,C0004018,social_ads,control,2025-07-12,90,False,94.62,0.0
EXP-SOCIAL-ADS-2025H2,C0004019,social_ads,control,2025-07-11,90,False,242.39,0.0
EXP-SOCIAL-ADS-2025H2,C0004027,social_ads,treatment,2025-07-25,90,True,55.81,78.5
EXP-SOCIAL-ADS-2025H2,C0004028,social_ads,treatment,2025-07-15,90,False,41.72,0.0
EXP-SOCIAL-ADS-2025H2,C0004030,social_ads,treatment,2025-07-13,90,True,105.39,133.46
EXP-SOCIAL-ADS-2025H2,C0004042,social_ads,control,2025-07-04,90,False,129.06,0.0
EXP-SOCIAL-ADS-2025H2,C0004054,social_ads,treatment,2025-07-15,90,True,103.94,103.93
EXP-SOCIAL-ADS-2025H2,C0004055,social_ads,control,2025-07-21,90,True,227.5,84.47
EXP-SOCIAL-ADS-2025H2,C0004059,social_ads,treatment,2025-07-03,90,False,146.01,0.0
EXP-SOCIAL-ADS-2025H2,C0004061,social_ads,treatment,2025-07-10,90,False,78.96,0.0
EXP-SOCIAL-ADS-2025H2,C0004065,social_ads,control,2025-07-06,90,True,99.75,87.09
EXP-SOCIAL-ADS-2025H2,C0004081,social_ads,treatment,2025-07-24,90,False,181.02,0.0
EXP-SOCIAL-ADS-2025H2,C0004082,social_ads,treatment,2025-07-25,90,False,67.65,0.0
EXP-SOCIAL-ADS-2025H2,C0004091,social_ads,control,2025-07-13,90,False,119.58,0.0
EXP-SOCIAL-ADS-2025H2,C0004095,social_ads,treatment,2025-07-04,90,True,230.09,234.22
EXP-SOCIAL-ADS-2025H2,C0004100,social_ads,treatment,2025-07-21,90,False,97.66,0.0
EXP-SOCIAL-ADS-2025H2,C0004103,social_ads,treatment,2025-07-16,90,False,242.56,0.0
EXP-SOCIAL-ADS-2025H2,C0004105,social_ads,control,2025-07-14,90,False,66.19,0.0
EXP-SOCIAL-ADS-2025H2,C0004108,social_ads,treatment,2025-07-07,90,False,66.38,0.0
EXP-SOCIAL-ADS-2025H2,C0004123,social_ads,treatment,2025-07-20,90,True,213.5,97.04
EXP-SOCIAL-ADS-2025H2,C0004133,social_ads,control,2025-07-10,90,False,68.33,0.0
EXP-SOCIAL-ADS-2025H2,C0004139,social_ads,control,2025-07-11,90,False,147.66,0.0
EXP-SOCIAL-ADS-2025H2,C0004153,social_ads,treatment,2025-07-18,90,True,85.86,122.82
EXP-SOCIAL-ADS-2025H2,C0004157,social_ads,control,2025-07-25,90,False,54.05,0.0
EXP-SOCIAL-ADS-2025H2,C0004158,social_ads,treatment,2025-07-26,90,False,49.02,0.0
EXP-SOCIAL-ADS-2025H2,C0004168,social_ads,control,2025-07-28,90,False,473.53,0.0
EXP-SOCIAL-ADS-2025H2,C0004169,social_ads,control,2025-07-27,90,True,680.95,981.46
EXP-SOCIAL-ADS-2025H2,C0004178,social_ads,control,2025-07-20,90,True,122.21,101.61
EXP-SOCIAL-ADS-2025H2,C0004181,social_ads,control,2025-07-27,90,False,884.03,0.0
EXP-SOCIAL-ADS-2025H2,C0004186,social_ads,control,2025-07-26,90,False,69.89,0.0
EXP-SOCIAL-ADS-2025H2,C0004195,social_ads,control,2025-07-25,90,False,59.3,0.0
EXP-SOCIAL-ADS-2025H2,C0004200,social_ads,control,2025-07-01,90,False,184.81,0.0
EXP-SOCIAL-ADS-2025H2,C0004205,social_ads,treatment,2025-07-19,90,True,121.54,80.66
EXP-SOCIAL-ADS-2025H2,C0004206,social_ads,control,2025-07-08,90,True,297.8,315.02
EXP-SOCIAL-ADS-2025H2,C0004207,social_ads,control,2025-07-19,90,False,63.42,0.0
EXP-SOCIAL-ADS-2025H2,C0004214,social_ads,control,2025-07-17,90,False,548.21,0.0
EXP-SOCIAL-ADS-2025H2,C0004226,social_ads,treatment,2025-07-06,90,False,85.67,0.0
EXP-SOCIAL-ADS-2025H2,C0004231,social_ads,treatment,2025-07-12,90,False,78.93,0.0
EXP-SOCIAL-ADS-2025H2,C0004242,social_ads,treatment,2025-07-23,90,False,129.27,0.0
EXP-SOCIAL-ADS-2025H2,C0004245,social_ads,treatment,2025-07-20,90,False,416.95,0.0
EXP-SOCIAL-ADS-2025H2,C0004253,social_ads,treatment,2025-07-07,90,False,168.16,0.0
EXP-SOCIAL-ADS-2025H2,C0004261,social_ads,treatment,2025-07-09,90,False,111.1,0.0
EXP-SOCIAL-ADS-2025H2,C0004264,social_ads,treatment,2025-07-04,90,False,298.62,0.0
EXP-SOCIAL-ADS-2025H2,C0004268,social_ads,treatment,2025-07-23,90,False,88.69,0.0
EXP-SOCIAL-ADS-2025H2,C0004271,social_ads,control,2025-07-20,90,False,72.39,0.0
EXP-SOCIAL-ADS-2025H2,C0004279,social_ads,control,2025-07-01,90,True,48.08,21.95
EXP-SOCIAL-ADS-2025H2,C0004297,social_ads,control,2025-07-18,90,False,329.36,0.0
EXP-SOCIAL-ADS-2025H2,C0004310,social_ads,treatment,2025-07-17,90,False,94.59,0.0
EXP-SOCIAL-ADS-2025H2,C0004316,social_ads,treatment,2025-07-08,90,True,51.87,59.0
EXP-SOCIAL-ADS-2025H2,C0004317,social_ads,control,2025-07-03,90,False,324.75,0.0
EXP-SOCIAL-ADS-2025H2,C0004318,social_ads,control,2025-07-26,90,False,106.36,0.0
EXP-SOCIAL-ADS-2025H2,C0004331,social_ads,treatment,2025-07-13,90,False,86.72,0.0
EXP-SOCIAL-ADS-2025H2,C0004334,social_ads,treatment,2025-07-12,90,False,178.71,0.0
EXP-SOCIAL-ADS-2025H2,C0004336,social_ads,control,2025-07-22,90,False,94.78,0.0
EXP-SOCIAL-ADS-2025H2,C0004359,social_ads,control,2025-07-16,90,False,176.67,0.0
EXP-SOCIAL-ADS-2025H2,C0004363,social_ads,control,2025-07-24,90,False,102.85,0.0
EXP-SOCIAL-ADS-2025H2,C0004365,social_ads,treatment,2025-07-28,90,True,131.34,119.26
EXP-SOCIAL-ADS-2025H2,C0004367,social_ads,control,2025-07-05,90,True,85.86,84.57
EXP-SOCIAL-ADS-2025H2,C0004368,social_ads,treatment,2025-07-19,90,False,64.38,0.0
EXP-SOCIAL-ADS-2025H2,C0004386,social_ads,treatment,2025-07-21,90,True,113.68,107.05
EXP-SOCIAL-ADS-2025H2,C0004398,social_ads,treatment,2025-07-06,90,True,356.46,342.02
EXP-SOCIAL-ADS-2025H2,C0004402,social_ads,control,2025-07-17,90,False,106.75,0.0
EXP-SOCIAL-ADS-2025H2,C0004403,social_ads,control,2025-07-01,90,False,100.79,0.0
EXP-SOCIAL-ADS-2025H2,C0004414,social_ads,control,2025-07-01,90,True,310.57,214.18
EXP-SOCIAL-ADS-2025H2,C0004416,social_ads,treatment,2025-07-21,90,False,114.3,0.0
EXP-SOCIAL-ADS-2025H2,C0004418,social_ads,treatment,2025-07-23,90,False,89.17,0.0
EXP-SOCIAL-ADS-2025H2,C0004425,social_ads,control,2025-07-12,90,True,203.07,113.07
EXP-SOCIAL-ADS-2025H2,C0004426,social_ads,treatment,2025-07-22,90,False,448.28,0.0
EXP-SOCIAL-ADS-2025H2,C0004432,social_ads,treatment,2025-07-10,90,True,381.52,709.59
EXP-SOCIAL-ADS-2025H2,C0004433,social_ads,control,2025-07-11,90,False,215.95,0.0
EXP-SOCIAL-ADS-2025H2,C0004437,social_ads,treatment,2025-07-07,90,True,126.6,151.36
EXP-SOCIAL-ADS-2025H2,C0004438,social_ads,treatment,2025-07-28,90,True,80.02,75.61
EXP-SOCIAL-ADS-2025H2,C0004439,social_ads,control,2025-07-02,90,False,56.93,0.0
EXP-SOCIAL-ADS-2025H2,C0004443,social_ads,treatment,2025-07-19,90,False,200.35,0.0
EXP-SOCIAL-ADS-2025H2,C0004445,social_ads,control,2025-07-17,90,True,106.09,93.8
EXP-SOCIAL-ADS-2025H2,C0004446,social_ads,control,2025-07-21,90,False,79.44,0.0
EXP-SOCIAL-ADS-2025H2,C0004451,social_ads,treatment,2025-07-01,90,False,74.16,0.0
EXP-SOCIAL-ADS-2025H2,C0004453,social_ads,control,2025-07-17,90,False,78.61,0.0
EXP-SOCIAL-ADS-2025H2,C0004464,social_ads,treatment,2025-07-18,90,True,481.43,589.56
EXP-SOCIAL-ADS-2025H2,C0004475,social_ads,treatment,2025-07-20,90,False,121.55,0.0
EXP-SOCIAL-ADS-2025H2,C0004477,social_ads,control,2025-07-04,90,True,105.59,115.37
EXP-SOCIAL-ADS-2025H2,C0004481,social_ads,control,2025-07-06,90,True,332.53,269.0
EXP-SOCIAL-ADS-2025H2,C0004483,social_ads,control,2025-07-15,90,True,150.53,131.13
EXP-SOCIAL-ADS-2025H2,C0004485,social_ads,treatment,2025-07-16,90,False,141.55,0.0
EXP-SOCIAL-ADS-2025H2,C0004487,social_ads,treatment,2025-07-10,90,True,48.84,31.89
EXP-SOCIAL-ADS-2025H2,C0004494,social_ads,control,2025-07-13,90,True,178.06,168.13
EXP-SOCIAL-ADS-2025H2,C0004497,social_ads,control,2025-07-18,90,True,122.98,92.27
EXP-SOCIAL-ADS-2025H2,C0004498,social_ads,treatment,2025-07-27,90,True,146.53,113.23
EXP-SOCIAL-ADS-2025H2,C0004502,social_ads,treatment,2025-07-17,90,True,121.69,146.11
EXP-SOCIAL-ADS-2025H2,C0004509,social_ads,treatment,2025-07-12,90,False,227.07,0.0
EXP-SOCIAL-ADS-2025H2,C0004511,social_ads,control,2025-07-13,90,False,46.29,0.0
EXP-SOCIAL-ADS-2025H2,C0004512,social_ads,control,2025-07-23,90,True,763.02,645.4
EXP-SOCIAL-ADS-2025H2,C0004517,social_ads,control,2025-07-15,90,False,150.22,0.0
EXP-SOCIAL-ADS-2025H2,C0004519,social_ads,control,2025-07-02,90,False,119.86,0.0
EXP-SOCIAL-ADS-2025H2,C0004525,social_ads,control,2025-07-01,90,False,122.37,0.0
EXP-SOCIAL-ADS-2025H2,C0004539,social_ads,control,2025-07-04,90,False,120.68,0.0
EXP-SOCIAL-ADS-2025H2,C0004544,social_ads,control,2025-07-07,90,False,100.21,0.0
EXP-SOCIAL-ADS-2025H2,C0004548,social_ads,treatment,2025-07-06,90,False,82.75,0.0
EXP-SOCIAL-ADS-2025H2,C0004549,social_ads,control,2025-07-03,90,True,252.3,165.62
EXP-SOCIAL-ADS-2025H2,C0004550,social_ads,treatment,2025-07-21,90,True,117.59,115.18
EXP-SOCIAL-ADS-2025H2,C0004564,social_ads,control,2025-07-01,90,True,53.18,34.8
EXP-SOCIAL-ADS-2025H2,C0004569,social_ads,control,2025-07-14,90,True,660.41,711.01
EXP-SOCIAL-ADS-2025H2,C0004571,social_ads,control,2025-07-18,90,False,135.92,0.0
EXP-SOCIAL-ADS-2025H2,C0004577,social_ads,control,2025-07-23,90,False,155.44,0.0
EXP-SOCIAL-ADS-2025H2,C0004580,social_ads,treatment,2025-07-05,90,False,223.33,0.0
EXP-SOCIAL-ADS-2025H2,C0004582,social_ads,treatment,2025-07-07,90,False,474.59,0.0
EXP-SOCIAL-ADS-2025H2,C0004587,social_ads,treatment,2025-07-26,90,False,181.33,0.0
EXP-SOCIAL-ADS-2025H2,C0004597,social_ads,control,2025-07-19,90,True,92.67,98.31
EXP-SOCIAL-ADS-2025H2,C0004599,social_ads,treatment,2025-07-04,90,False,107.22,0.0
EXP-SOCIAL-ADS-2025H2,C0004603,social_ads,treatment,2025-07-09,90,False,102.41,0.0
EXP-SOCIAL-ADS-2025H2,C0004610,social_ads,treatment,2025-07-09,90,False,121.65,0.0
EXP-SOCIAL-ADS-2025H2,C0004628,social_ads,treatment,2025-07-24,90,False,137.64,0.0
EXP-SOCIAL-ADS-2025H2,C0004630,social_ads,control,2025-07-12,90,True,128.99,83.71
EXP-SOCIAL-ADS-2025H2,C0004643,social_ads,treatment,2025-07-09,90,True,100.32,66.05
EXP-SOCIAL-ADS-2025H2,C0004650,social_ads,treatment,2025-07-21,90,False,96.28,0.0
EXP-SOCIAL-ADS-2025H2,C0004652,social_ads,treatment,2025-07-14,90,False,84.6,0.0
EXP-SOCIAL-ADS-2025H2,C0004655,social_ads,control,2025-07-14,90,True,319.83,193.03
EXP-SOCIAL-ADS-2025H2,C0004664,social_ads,control,2025-07-04,90,True,190.85,174.0
EXP-SOCIAL-ADS-2025H2,C0004678,social_ads,control,2025-07-27,90,False,136.64,0.0
EXP-SOCIAL-ADS-2025H2,C0004689,social_ads,treatment,2025-07-14,90,False,100.09,0.0
EXP-SOCIAL-ADS-2025H2,C0004690,social_ads,treatment,2025-07-24,90,False,94.99,0.0
EXP-SOCIAL-ADS-2025H2,C0004696,social_ads,control,2025-07-01,90,False,94.66,0.0
EXP-SOCIAL-ADS-2025H2,C0004698,social_ads,control,2025-07-22,90,False,61.77,0.0
EXP-SOCIAL-ADS-2025H2,C0004702,social_ads,treatment,2025-07-23,90,False,99.63,0.0
EXP-SOCIAL-ADS-2025H2,C0004727,social_ads,control,2025-07-26,90,True,120.27,127.34
EXP-SOCIAL-ADS-2025H2,C0004733,social_ads,treatment,2025-07-15,90,True,81.57,80.28
EXP-SOCIAL-ADS-2025H2,C0004738,social_ads,treatment,2025-07-27,90,False,69.84,0.0
EXP-SOCIAL-ADS-2025H2,C0004755,social_ads,control,2025-07-19,90,False,87.16,0.0
EXP-SOCIAL-ADS-2025H2,C0004760,social_ads,control,2025-07-28,90,False,60.92,0.0
EXP-SOCIAL-ADS-2025H2,C0004761,social_ads,treatment,2025-07-02,90,True,90.21,81.85
EXP-SOCIAL-ADS-2025H2,C0004763,social_ads,control,2025-07-25,90,False,348.1,0.0
EXP-SOCIAL-ADS-2025H2,C0004764,social_ads,treatment,2025-07-22,90,True,154.71,217.54
EXP-SOCIAL-ADS-2025H2,C0004768,social_ads,treatment,2025-07-27,90,True,549.09,195.6
EXP-SOCIAL-ADS-2025H2,C0004769,social_ads,control,2025-07-27,90,False,148.07,0.0
EXP-SOCIAL-ADS-2025H2,C0004776,social_ads,treatment,2025-07-07,90,False,133.61,0.0
EXP-SOCIAL-ADS-2025H2,C0004777,social_ads,treatment,2025-07-04,90,False,128.39,0.0
EXP-SOCIAL-ADS-2025H2,C0004781,social_ads,treatment,2025-07-14,90,False,33.92,0.0
EXP-SOCIAL-ADS-2025H2,C0004793,social_ads,treatment,2025-07-09,90,True,66.82,97.88
EXP-SOCIAL-ADS-2025H2,C0004798,social_ads,control,2025-07-09,90,False,146.68,0.0
EXP-SOCIAL-ADS-2025H2,C0004808,social_ads,control,2025-07-02,90,False,227.55,0.0
EXP-SOCIAL-ADS-2025H2,C0004823,social_ads,control,2025-07-07,90,False,115.66,0.0
EXP-SOCIAL-ADS-2025H2,C0004827,social_ads,control,2025-07-17,90,False,149.48,0.0
EXP-SOCIAL-ADS-2025H2,C0004833,social_ads,treatment,2025-07-19,90,False,76.12,0.0
EXP-SOCIAL-ADS-2025H2,C0004838,social_ads,treatment,2025-07-18,90,True,93.51,105.9
EXP-SOCIAL-ADS-2025H2,C0004853,social_ads,control,2025-07-03,90,False,89.92,0.0
EXP-SOCIAL-ADS-2025H2,C0004854,social_ads,treatment,2025-07-15,90,False,73.93,0.0
EXP-SOCIAL-ADS-2025H2,C0004858,social_ads,control,2025-07-23,90,False,345.51,0.0
EXP-SOCIAL-ADS-2025H2,C0004861,social_ads,treatment,2025-07-04,90,False,297.48,0.0
EXP-SOCIAL-ADS-2025H2,C0004864,social_ads,control,2025-07-25,90,False,66.52,0.0
EXP-SOCIAL-ADS-2025H2,C0004871,social_ads,treatment,2025-07-02,90,True,247.94,477.47
EXP-SOCIAL-ADS-2025H2,C0004876,social_ads,control,2025-07-20,90,True,281.46,163.92
EXP-SOCIAL-ADS-2025H2,C0004878,social_ads,control,2025-07-24,90,False,66.19,0.0
EXP-SOCIAL-ADS-2025H2,C0004883,social_ads,treatment,2025-07-07,90,False,57.91,0.0
EXP-SOCIAL-ADS-2025H2,C0004894,social_ads,treatment,2025-07-23,90,False,108.22,0.0
EXP-SOCIAL-ADS-2025H2,C0004897,social_ads,treatment,2025-07-24,90,True,60.06,50.59
EXP-SOCIAL-ADS-2025H2,C0004898,social_ads,treatment,2025-07-04,90,False,54.95,0.0
EXP-SOCIAL-ADS-2025H2,C0004899,social_ads,treatment,2025-07-06,90,False,61.16,0.0
EXP-SOCIAL-ADS-2025H2,C0004901,social_ads,treatment,2025-07-03,90,False,68.73,0.0
EXP-SOCIAL-ADS-2025H2,C0004907,social_ads,treatment,2025-07-02,90,False,187.8,0.0
EXP-SOCIAL-ADS-2025H2,C0004908,social_ads,treatment,2025-07-17,90,False,63.86,0.0
EXP-SOCIAL-ADS-2025H2,C0004909,social_ads,treatment,2025-07-24,90,False,124.51,0.0
EXP-SOCIAL-ADS-2025H2,C0004910,social_ads,treatment,2025-07-10,90,False,66.4,0.0
EXP-SOCIAL-ADS-2025H2,C0004919,social_ads,treatment,2025-07-18,90,False,56.87,0.0
EXP-SOCIAL-ADS-2025H2,C0004923,social_ads,control,2025-07-28,90,True,323.42,138.4
EXP-SOCIAL-ADS-2025H2,C0004927,social_ads,control,2025-07-05,90,False,98.91,0.0
EXP-SOCIAL-ADS-2025H2,C0004934,social_ads,control,2025-07-28,90,False,104.27,0.0
EXP-SOCIAL-ADS-2025H2,C0004938,social_ads,control,2025-07-07,90,False,93.69,0.0
EXP-SOCIAL-ADS-2025H2,C0004958,social_ads,treatment,2025-07-27,90,False,58.24,0.0
EXP-SOCIAL-ADS-2025H2,C0004972,social_ads,control,2025-07-23,90,True,73.08,29.01
EXP-SOCIAL-ADS-2025H2,C0004974,social_ads,control,2025-07-28,90,False,60.99,0.0
EXP-SOCIAL-ADS-2025H2,C0004982,social_ads,control,2025-07-04,90,False,122.42,0.0
EXP-SOCIAL-ADS-2025H2,C0004986,social_ads,control,2025-07-24,90,False,240.37,0.0
EXP-SOCIAL-ADS-2025H2,C0004994,social_ads,control,2025-07-21,90,False,83.12,0.0
EXP-SOCIAL-ADS-2025H2,C0004997,social_ads,control,2025-07-26,90,False,64.42,0.0
EXP-SOCIAL-ADS-2025H2,C0004998,social_ads,treatment,2025-07-13,90,True,359.56,585.91
EXP-SOCIAL-ADS-2025H2,C0005000,social_ads,treatment,2025-07-08,90,False,123.88,0.0
EXP-SOCIAL-ADS-2025H2,C0005012,social_ads,treatment,2025-07-01,90,False,65.9,0.0
EXP-SOCIAL-ADS-2025H2,C0005016,social_ads,control,2025-07-13,90,False,96.09,0.0
EXP-SOCIAL-ADS-2025H2,C0005017,social_ads,control,2025-07-08,90,False,65.5,0.0
EXP-SOCIAL-ADS-2025H2,C0005018,social_ads,control,2025-07-05,90,True,128.06,183.51
EXP-SOCIAL-ADS-2025H2,C0005019,social_ads,treatment,2025-07-14,90,False,85.15,0.0
EXP-SOCIAL-ADS-2025H2,C0005024,social_ads,treatment,2025-07-11,90,False,141.15,0.0
EXP-SOCIAL-ADS-2025H2,C0005026,social_ads,control,2025-07-06,90,False,105.36,0.0
EXP-SOCIAL-ADS-2025H2,C0005031,social_ads,control,2025-07-10,90,False,832.45,0.0
EXP-SOCIAL-ADS-2025H2,C0005034,social_ads,treatment,2025-07-10,90,False,89.99,0.0
EXP-SOCIAL-ADS-2025H2,C0005038,social_ads,treatment,2025-07-15,90,False,90.7,0.0
EXP-SOCIAL-ADS-2025H2,C0005046,social_ads,treatment,2025-07-20,90,False,444.55,0.0
EXP-SOCIAL-ADS-2025H2,C0005049,social_ads,treatment,2025-07-26,90,True,328.93,316.3
EXP-SOCIAL-ADS-2025H2,C0005051,social_ads,control,2025-07-14,90,False,133.2,0.0
EXP-SOCIAL-ADS-2025H2,C0005055,social_ads,treatment,2025-07-14,90,True,59.58,72.38
EXP-SOCIAL-ADS-2025H2,C0005058,social_ads,control,2025-07-23,90,False,87.57,0.0
EXP-SOCIAL-ADS-2025H2,C0005064,social_ads,treatment,2025-07-16,90,False,266.06,0.0
EXP-SOCIAL-ADS-2025H2,C0005075,social_ads,treatment,2025-07-23,90,False,82.39,0.0
EXP-SOCIAL-ADS-2025H2,C0005076,social_ads,treatment,2025-07-27,90,False,623.24,0.0
EXP-SOCIAL-ADS-2025H2,C0005077,social_ads,control,2025-07-23,90,True,413.89,506.24
EXP-SOCIAL-ADS-2025H2,C0005078,social_ads,treatment,2025-07-05,90,True,749.95,888.07
EXP-SOCIAL-ADS-2025H2,C0005079,social_ads,control,2025-07-27,90,True,92.59,55.83
EXP-SOCIAL-ADS-2025H2,C0005083,social_ads,treatment,2025-07-01,90,False,80.49,0.0
EXP-SOCIAL-ADS-2025H2,C0005084,social_ads,treatment,2025-07-20,90,True,79.24,109.9
EXP-SOCIAL-ADS-2025H2,C0005086,social_ads,control,2025-07-24,90,False,43.66,0.0
EXP-SOCIAL-ADS-2025H2,C0005096,social_ads,treatment,2025-07-28,90,True,258.66,344.68
EXP-SOCIAL-ADS-2025H2,C0005106,social_ads,control,2025-07-17,90,False,72.97,0.0
EXP-SOCIAL-ADS-2025H2,C0005109,social_ads,treatment,2025-07-13,90,True,88.18,46.56
EXP-SOCIAL-ADS-2025H2,C0005112,social_ads,treatment,2025-07-15,90,False,46.38,0.0
EXP-SOCIAL-ADS-2025H2,C0005115,social_ads,treatment,2025-07-07,90,False,55.92,0.0
EXP-SOCIAL-ADS-2025H2,C0005120,social_ads,treatment,2025-07-25,90,False,80.38,0.0
EXP-SOCIAL-ADS-2025H2,C0005121,social_ads,control,2025-07-11,90,True,580.96,336.29
EXP-SOCIAL-ADS-2025H2,C0005122,social_ads,treatment,2025-07-27,90,False,58.65,0.0
EXP-SOCIAL-ADS-2025H2,C0005123,social_ads,control,2025-07-13,90,False,64.4,0.0
EXP-SOCIAL-ADS-2025H2,C0005127,social_ads,treatment,2025-07-02,90,False,72.61,0.0
EXP-SOCIAL-ADS-2025H2,C0005130,social_ads,treatment,2025-07-18,90,True,59.35,94.2
EXP-SOCIAL-ADS-2025H2,C0005151,social_ads,treatment,2025-07-09,90,False,118.11,0.0
EXP-SOCIAL-ADS-2025H2,C0005152,social_ads,control,2025-07-24,90,False,186.33,0.0
EXP-SOCIAL-ADS-2025H2,C0005166,social_ads,treatment,2025-07-27,90,False,57.07,0.0
EXP-SOCIAL-ADS-2025H2,C0005172,social_ads,control,2025-07-13,90,False,160.15,0.0
EXP-SOCIAL-ADS-2025H2,C0005179,social_ads,treatment,2025-07-15,90,False,525.93,0.0
EXP-SOCIAL-ADS-2025H2,C0005184,social_ads,treatment,2025-07-06,90,False,284.7,0.0
EXP-SOCIAL-ADS-2025H2,C0005187,social_ads,control,2025-07-13,90,False,57.64,0.0
EXP-SOCIAL-ADS-2025H2,C0005188,social_ads,treatment,2025-07-16,90,True,215.21,224.9
EXP-SOCIAL-ADS-2025H2,C0005214,social_ads,treatment,2025-07-26,90,False,46.42,0.0
EXP-SOCIAL-ADS-2025H2,C0005215,social_ads,treatment,2025-07-24,90,False,138.52,0.0
EXP-SOCIAL-ADS-2025H2,C0005216,social_ads,control,2025-07-13,90,True,248.57,356.18
EXP-SOCIAL-ADS-2025H2,C0005221,social_ads,control,2025-07-09,90,False,107.54,0.0
EXP-SOCIAL-ADS-2025H2,C0005222,social_ads,treatment,2025-07-23,90,False,533.69,0.0
EXP-SOCIAL-ADS-2025H2,C0005225,social_ads,control,2025-07-17,90,False,65.82,0.0
EXP-SOCIAL-ADS-2025H2,C0005228,social_ads,control,2025-07-06,90,True,35.84,37.59
EXP-SOCIAL-ADS-2025H2,C0005236,social_ads,treatment,2025-07-19,90,False,65.96,0.0
EXP-SOCIAL-ADS-2025H2,C0005245,social_ads,control,2025-07-17,90,False,59.95,0.0
EXP-SOCIAL-ADS-2025H2,C0005248,social_ads,treatment,2025-07-23,90,True,235.01,204.34
EXP-SOCIAL-ADS-2025H2,C0005250,social_ads,treatment,2025-07-17,90,True,212.2,232.26
EXP-SOCIAL-ADS-2025H2,C0005259,social_ads,treatment,2025-07-22,90,True,356.93,248.46
EXP-SOCIAL-ADS-2025H2,C0005275,social_ads,control,2025-07-23,90,False,76.93,0.0
EXP-SOCIAL-ADS-2025H2,C0005280,social_ads,treatment,2025-07-14,90,False,103.58,0.0
EXP-SOCIAL-ADS-2025H2,C0005281,social_ads,control,2025-07-20,90,False,93.21,0.0
EXP-SOCIAL-ADS-2025H2,C0005290,social_ads,control,2025-07-28,90,False,69.77,0.0
EXP-SOCIAL-ADS-2025H2,C0005292,social_ads,treatment,2025-07-12,90,True,179.63,194.37
EXP-SOCIAL-ADS-2025H2,C0005295,social_ads,treatment,2025-07-20,90,False,54.69,0.0
EXP-SOCIAL-ADS-2025H2,C0005298,social_ads,control,2025-07-16,90,True,97.88,62.91
EXP-SOCIAL-ADS-2025H2,C0005304,social_ads,control,2025-07-04,90,False,102.57,0.0
EXP-SOCIAL-ADS-2025H2,C0005306,social_ads,treatment,2025-07-22,90,False,244.51,0.0
EXP-SOCIAL-ADS-2025H2,C0005307,social_ads,control,2025-07-04,90,True,136.59,63.81
EXP-SOCIAL-ADS-2025H2,C0005309,social_ads,treatment,2025-07-20,90,True,631.88,728.75
EXP-SOCIAL-ADS-2025H2,C0005310,social_ads,treatment,2025-07-24,90,False,135.36,0.0
EXP-SOCIAL-ADS-2025H2,C0005324,social_ads,treatment,2025-07-01,90,False,135.72,0.0
EXP-SOCIAL-ADS-2025H2,C0005327,social_ads,control,2025-07-07,90,False,664.9,0.0
EXP-SOCIAL-ADS-2025H2,C0005337,social_ads,control,2025-07-20,90,False,391.31,0.0
EXP-SOCIAL-ADS-2025H2,C0005340,social_ads,control,2025-07-26,90,True,366.75,460.04
EXP-SOCIAL-ADS-2025H2,C0005342,social_ads,control,2025-07-14,90,False,73.56,0.0
EXP-SOCIAL-ADS-2025H2,C0005343,social_ads,treatment,2025-07-24,90,True,121.91,51.54
EXP-SOCIAL-ADS-2025H2,C0005344,social_ads,control,2025-07-03,90,True,151.2,86.71
EXP-SOCIAL-ADS-2025H2,C0005345,social_ads,treatment,2025-07-28,90,False,95.4,0.0
EXP-SOCIAL-ADS-2025H2,C0005346,social_ads,treatment,2025-07-09,90,True,480.36,682.76
EXP-SOCIAL-ADS-2025H2,C0005360,social_ads,treatment,2025-07-09,90,True,74.99,55.75
EXP-SOCIAL-ADS-2025H2,C0005372,social_ads,treatment,2025-07-05,90,False,125.21,0.0
EXP-SOCIAL-ADS-2025H2,C0005376,social_ads,control,2025-07-03,90,False,107.83,0.0
EXP-SOCIAL-ADS-2025H2,C0005377,social_ads,control,2025-07-04,90,False,319.09,0.0
EXP-SOCIAL-ADS-2025H2,C0005382,social_ads,treatment,2025-07-09,90,False,223.43,0.0
EXP-SOCIAL-ADS-2025H2,C0005388,social_ads,treatment,2025-07-16,90,False,64.23,0.0
EXP-SOCIAL-ADS-2025H2,C0005389,social_ads,treatment,2025-07-23,90,True,52.47,36.81
EXP-SOCIAL-ADS-2025H2,C0005392,social_ads,treatment,2025-07-04,90,False,92.11,0.0
EXP-SOCIAL-ADS-2025H2,C0005402,social_ads,treatment,2025-07-18,90,True,272.61,381.94
EXP-SOCIAL-ADS-2025H2,C0005411,social_ads,treatment,2025-07-24,90,False,205.66,0.0
EXP-SOCIAL-ADS-2025H2,C0005419,social_ads,control,2025-07-04,90,False,75.83,0.0
EXP-SOCIAL-ADS-2025H2,C0005423,social_ads,treatment,2025-07-22,90,False,119.57,0.0
EXP-SOCIAL-ADS-2025H2,C0005426,social_ads,control,2025-07-13,90,False,71.67,0.0
EXP-SOCIAL-ADS-2025H2,C0005429,social_ads,control,2025-07-08,90,False,187.54,0.0
EXP-SOCIAL-ADS-2025H2,C0005431,social_ads,treatment,2025-07-08,90,False,379.24,0.0
EXP-SOCIAL-ADS-2025H2,C0005439,social_ads,control,2025-07-12,90,False,207.61,0.0
EXP-SOCIAL-ADS-2025H2,C0005446,social_ads,treatment,2025-07-03,90,True,63.15,53.73
EXP-SOCIAL-ADS-2025H2,C0005457,social_ads,control,2025-07-08,90,False,102.99,0.0
EXP-SOCIAL-ADS-2025H2,C0005458,social_ads,treatment,2025-07-13,90,False,148.07,0.0
EXP-SOCIAL-ADS-2025H2,C0005460,social_ads,treatment,2025-07-21,90,False,342.67,0.0
EXP-SOCIAL-ADS-2025H2,C0005469,social_ads,treatment,2025-07-28,90,True,137.81,165.42
EXP-SOCIAL-ADS-2025H2,C0005471,social_ads,control,2025-07-01,90,False,57.53,0.0
EXP-SOCIAL-ADS-2025H2,C0005477,social_ads,control,2025-07-12,90,False,54.75,0.0
EXP-SOCIAL-ADS-2025H2,C0005480,social_ads,treatment,2025-07-20,90,False,175.13,0.0
EXP-SOCIAL-ADS-2025H2,C0005484,social_ads,treatment,2025-07-15,90,True,93.97,97.22
EXP-SOCIAL-ADS-2025H2,C0005489,social_ads,control,2025-07-23,90,False,172.58,0.0
EXP-SOCIAL-ADS-2025H2,C0005499,social_ads,control,2025-07-14,90,False,108.61,0.0
EXP-SOCIAL-ADS-2025H2,C0005521,social_ads,treatment,2025-07-11,90,True,209.86,164.46
EXP-SOCIAL-ADS-2025H2,C0005522,social_ads,control,2025-07-13,90,False,85.99,0.0
EXP-SOCIAL-ADS-2025H2,C0005534,social_ads,treatment,2025-07-24,90,False,117.73,0.0
EXP-SOCIAL-ADS-2025H2,C0005537,social_ads,treatment,2025-07-21,90,False,67.21,0.0
EXP-SOCIAL-ADS-2025H2,C0005551,social_ads,control,2025-07-27,90,False,51.13,0.0
EXP-SOCIAL-ADS-2025H2,C0005553,social_ads,control,2025-07-10,90,False,55.25,0.0
EXP-SOCIAL-ADS-2025H2,C0005560,social_ads,control,2025-07-07,90,False,67.92,0.0
EXP-SOCIAL-ADS-2025H2,C0005569,social_ads,control,2025-07-17,90,False,89.23,0.0
EXP-SOCIAL-ADS-2025H2,C0005572,social_ads,control,2025-07-02,90,False,289.56,0.0
EXP-SOCIAL-ADS-2025H2,C0005582,social_ads,treatment,2025-07-19,90,True,42.01,45.81
EXP-SOCIAL-ADS-2025H2,C0005583,social_ads,control,2025-07-10,90,False,70.36,0.0
EXP-SOCIAL-ADS-2025H2,C0005586,social_ads,control,2025-07-23,90,False,115.67,0.0
EXP-SOCIAL-ADS-2025H2,C0005588,social_ads,control,2025-07-01,90,True,135.62,101.71
EXP-SOCIAL-ADS-2025H2,C0005590,social_ads,treatment,2025-07-04,90,True,42.51,46.8
EXP-SOCIAL-ADS-2025H2,C0005598,social_ads,treatment,2025-07-18,90,True,77.71,70.46
EXP-SOCIAL-ADS-2025H2,C0005612,social_ads,control,2025-07-20,90,False,61.56,0.0
EXP-SOCIAL-ADS-2025H2,C0005613,social_ads,treatment,2025-07-04,90,False,226.88,0.0
EXP-SOCIAL-ADS-2025H2,C0005614,social_ads,control,2025-07-26,90,False,345.77,0.0
EXP-SOCIAL-ADS-2025H2,C0005630,social_ads,treatment,2025-07-06,90,False,93.56,0.0
EXP-SOCIAL-ADS-2025H2,C0005647,social_ads,control,2025-07-12,90,False,72.59,0.0
EXP-SOCIAL-ADS-2025H2,C0005653,social_ads,control,2025-07-22,90,False,437.96,0.0
EXP-SOCIAL-ADS-2025H2,C0005658,social_ads,treatment,2025-07-04,90,False,48.06,0.0
EXP-SOCIAL-ADS-2025H2,C0005659,social_ads,treatment,2025-07-02,90,True,141.86,92.44
EXP-SOCIAL-ADS-2025H2,C0005662,social_ads,control,2025-07-26,90,False,177.98,0.0
EXP-SOCIAL-ADS-2025H2,C0005674,social_ads,treatment,2025-07-25,90,False,560.33,0.0
EXP-SOCIAL-ADS-2025H2,C0005685,social_ads,control,2025-07-01,90,False,117.09,0.0
EXP-SOCIAL-ADS-2025H2,C0005699,social_ads,treatment,2025-07-07,90,False,173.32,0.0
EXP-SOCIAL-ADS-2025H2,C0005707,social_ads,treatment,2025-07-17,90,True,47.66,53.65
EXP-SOCIAL-ADS-2025H2,C0005736,social_ads,control,2025-07-08,90,True,121.29,109.15
EXP-SOCIAL-ADS-2025H2,C0005739,social_ads,treatment,2025-07-24,90,True,85.12,74.76
EXP-SOCIAL-ADS-2025H2,C0005748,social_ads,control,2025-07-12,90,True,64.81,45.99
EXP-SOCIAL-ADS-2025H2,C0005752,social_ads,control,2025-07-25,90,True,76.34,62.02
EXP-SOCIAL-ADS-2025H2,C0005753,social_ads,treatment,2025-07-02,90,False,199.29,0.0
EXP-SOCIAL-ADS-2025H2,C0005757,social_ads,treatment,2025-07-11,90,False,176.5,0.0
EXP-SOCIAL-ADS-2025H2,C0005761,social_ads,control,2025-07-23,90,False,121.12,0.0
EXP-SOCIAL-ADS-2025H2,C0005773,social_ads,control,2025-07-22,90,False,55.65,0.0
EXP-SOCIAL-ADS-2025H2,C0005774,social_ads,treatment,2025-07-23,90,False,84.36,0.0
EXP-SOCIAL-ADS-2025H2,C0005795,social_ads,treatment,2025-07-27,90,True,58.74,51.19
EXP-SOCIAL-ADS-2025H2,C0005803,social_ads,control,2025-07-10,90,False,133.59,0.0
EXP-SOCIAL-ADS-2025H2,C0005812,social_ads,control,2025-07-10,90,False,308.62,0.0
EXP-SOCIAL-ADS-2025H2,C0005816,social_ads,control,2025-07-05,90,False,59.72,0.0
EXP-SOCIAL-ADS-2025H2,C0005823,social_ads,treatment,2025-07-20,90,True,56.81,26.86
EXP-SOCIAL-ADS-2025H2,C0005829,social_ads,treatment,2025-07-18,90,False,84.02,0.0
EXP-SOCIAL-ADS-2025H2,C0005831,social_ads,treatment,2025-07-14,90,True,79.59,63.83
EXP-SOCIAL-ADS-2025H2,C0005836,social_ads,control,2025-07-21,90,False,93.28,0.0
EXP-SOCIAL-ADS-2025H2,C0005838,social_ads,control,2025-07-19,90,False,297.19,0.0
EXP-SOCIAL-ADS-2025H2,C0005842,social_ads,control,2025-07-13,90,False,137.02,0.0
EXP-SOCIAL-ADS-2025H2,C0005843,social_ads,treatment,2025-07-28,90,True,149.09,168.28
EXP-SOCIAL-ADS-2025H2,C0005860,social_ads,treatment,2025-07-07,90,False,483.08,0.0
EXP-SOCIAL-ADS-2025H2,C0005863,social_ads,control,2025-07-24,90,False,252.33,0.0
EXP-SOCIAL-ADS-2025H2,C0005867,social_ads,treatment,2025-07-01,90,False,72.54,0.0
EXP-SOCIAL-ADS-2025H2,C0005870,social_ads,control,2025-07-11,90,False,121.58,0.0
EXP-SOCIAL-ADS-2025H2,C0005875,social_ads,control,2025-07-08,90,False,90.91,0.0
EXP-SOCIAL-ADS-2025H2,C0005890,social_ads,treatment,2025-07-12,90,True,67.68,103.76
EXP-SOCIAL-ADS-2025H2,C0005892,social_ads,control,2025-07-21,90,False,57.86,0.0
EXP-SOCIAL-ADS-2025H2,C0005895,social_ads,control,2025-07-22,90,True,163.65,164.76
EXP-SOCIAL-ADS-2025H2,C0005904,social_ads,treatment,2025-07-07,90,False,174.4,0.0
EXP-SOCIAL-ADS-2025H2,C0005912,social_ads,treatment,2025-07-26,90,False,782.47,0.0
EXP-SOCIAL-ADS-2025H2,C0005914,social_ads,treatment,2025-07-25,90,False,64.55,0.0
EXP-SOCIAL-ADS-2025H2,C0005920,social_ads,treatment,2025-07-19,90,True,125.32,113.67
EXP-SOCIAL-ADS-2025H2,C0005921,social_ads,treatment,2025-07-23,90,True,84.29,48.76
EXP-SOCIAL-ADS-2025H2,C0005923,social_ads,control,2025-07-25,90,False,110.45,0.0
EXP-SOCIAL-ADS-2025H2,C0005927,social_ads,treatment,2025-07-01,90,False,330.85,0.0
EXP-SOCIAL-ADS-2025H2,C0005929,social_ads,treatment,2025-07-16,90,True,261.59,172.62
EXP-SOCIAL-ADS-2025H2,C0005930,social_ads,treatment,2025-07-04,90,False,156.81,0.0
EXP-SOCIAL-ADS-2025H2,C0005931,social_ads,control,2025-07-11,90,False,287.05,0.0
EXP-SOCIAL-ADS-2025H2,C0005946,social_ads,treatment,2025-07-21,90,False,66.47,0.0
EXP-SOCIAL-ADS-2025H2,C0005950,social_ads,control,2025-07-18,90,True,209.72,224.28
EXP-SOCIAL-ADS-2025H2,C0005953,social_ads,control,2025-07-25,90,False,57.75,0.0
EXP-SOCIAL-ADS-2025H2,C0005954,social_ads,control,2025-07-05,90,False,1061.72,0.0
EXP-SOCIAL-ADS-2025H2,C0005958,social_ads,treatment,2025-07-23,90,True,165.51,167.13
EXP-SOCIAL-ADS-2025H2,C0005960,social_ads,control,2025-07-28,90,False,42.72,0.0
EXP-SOCIAL-ADS-2025H2,C0005973,social_ads,treatment,2025-07-02,90,False,197.37,0.0
EXP-SOCIAL-ADS-2025H2,C0005977,social_ads,treatment,2025-07-05,90,True,224.29,385.78
EXP-SOCIAL-ADS-2025H2,C0005988,social_ads,treatment,2025-07-11,90,True,66.61,84.7
EXP-SOCIAL-ADS-2025H2,C0005989,social_ads,control,2025-07-09,90,False,111.99,0.0
EXP-SOCIAL-ADS-2025H2,C0005994,social_ads,treatment,2025-07-04,90,False,152.05,0.0
EXP-SOCIAL-ADS-2025H2,C0005999,social_ads,treatment,2025-07-16,90,False,85.04,0.0
EXP-SOCIAL-ADS-2025H2,C0006001,social_ads,treatment,2025-07-14,90,False,371.13,0.0
EXP-SOCIAL-ADS-2025H2,C0006007,social_ads,control,2025-07-15,90,True,88.28,53.98
EXP-SOCIAL-ADS-2025H2,C0006009,social_ads,control,2025-07-16,90,False,62.11,0.0
EXP-SOCIAL-ADS-2025H2,C0006010,social_ads,treatment,2025-07-23,90,False,292.94,0.0
EXP-SOCIAL-ADS-2025H2,C0006012,social_ads,control,2025-07-23,90,False,63.1,0.0
EXP-SOCIAL-ADS-2025H2,C0006015,social_ads,control,2025-07-03,90,False,127.83,0.0
EXP-SOCIAL-ADS-2025H2,C0006017,social_ads,treatment,2025-07-02,90,False,316.15,0.0
EXP-SOCIAL-ADS-2025H2,C0006020,social_ads,control,2025-07-21,90,True,73.31,55.65
EXP-SOCIAL-ADS-2025H2,C0006028,social_ads,treatment,2025-07-18,90,True,174.96,127.44
EXP-SOCIAL-ADS-2025H2,C0006032,social_ads,control,2025-07-02,90,False,54.55,0.0
EXP-SOCIAL-ADS-2025H2,C0006039,social_ads,treatment,2025-07-28,90,False,250.41,0.0
EXP-SOCIAL-ADS-2025H2,C0006041,social_ads,treatment,2025-07-03,90,False,122.8,0.0
EXP-SOCIAL-ADS-2025H2,C0006061,social_ads,treatment,2025-07-21,90,False,137.48,0.0
EXP-SOCIAL-ADS-2025H2,C0006070,social_ads,treatment,2025-07-15,90,False,96.48,0.0
EXP-SOCIAL-ADS-2025H2,C0006081,social_ads,treatment,2025-07-27,90,False,204.22,0.0
EXP-SOCIAL-ADS-2025H2,C0006083,social_ads,treatment,2025-07-28,90,False,86.01,0.0
EXP-SOCIAL-ADS-2025H2,C0006085,social_ads,treatment,2025-07-08,90,False,63.15,0.0
EXP-SOCIAL-ADS-2025H2,C0006091,social_ads,treatment,2025-07-19,90,False,75.67,0.0
EXP-SOCIAL-ADS-2025H2,C0006102,social_ads,control,2025-07-17,90,True,64.04,26.3
EXP-SOCIAL-ADS-2025H2,C0006105,social_ads,treatment,2025-07-25,90,False,109.74,0.0
EXP-SOCIAL-ADS-2025H2,C0006107,social_ads,treatment,2025-07-05,90,False,75.44,0.0
EXP-SOCIAL-ADS-2025H2,C0006109,social_ads,control,2025-07-21,90,False,178.44,0.0
EXP-SOCIAL-ADS-2025H2,C0006112,social_ads,treatment,2025-07-15,90,False,89.69,0.0
EXP-SOCIAL-ADS-2025H2,C0006121,social_ads,control,2025-07-28,90,True,50.14,57.37
EXP-SOCIAL-ADS-2025H2,C0006130,social_ads,treatment,2025-07-06,90,True,105.63,154.41
EXP-SOCIAL-ADS-2025H2,C0006144,social_ads,control,2025-07-02,90,False,105.48,0.0
EXP-SOCIAL-ADS-2025H2,C0006145,social_ads,control,2025-07-08,90,True,63.44,51.98
EXP-SOCIAL-ADS-2025H2,C0006149,social_ads,control,2025-07-14,90,False,64.38,0.0
EXP-SOCIAL-ADS-2025H2,C0006157,social_ads,control,2025-07-01,90,False,164.01,0.0
EXP-SOCIAL-ADS-2025H2,C0006164,social_ads,treatment,2025-07-14,90,False,49.96,0.0
EXP-SOCIAL-ADS-2025H2,C0006171,social_ads,control,2025-07-06,90,True,72.78,67.05
EXP-SOCIAL-ADS-2025H2,C0006177,social_ads,treatment,2025-07-23,90,True,73.04,54.53
EXP-SOCIAL-ADS-2025H2,C0006181,social_ads,treatment,2025-07-11,90,False,650.32,0.0
EXP-SOCIAL-ADS-2025H2,C0006186,social_ads,control,2025-07-07,90,False,58.39,0.0
EXP-SOCIAL-ADS-2025H2,C0006192,social_ads,control,2025-07-19,90,False,70.18,0.0
EXP-SOCIAL-ADS-2025H2,C0006193,social_ads,treatment,2025-07-08,90,False,76.67,0.0
EXP-SOCIAL-ADS-2025H2,C0006194,social_ads,control,2025-07-23,90,False,235.27,0.0
EXP-SOCIAL-ADS-2025H2,C0006209,social_ads,control,2025-07-05,90,True,51.13,49.38
EXP-SOCIAL-ADS-2025H2,C0006215,social_ads,treatment,2025-07-05,90,True,155.19,101.03
EXP-SOCIAL-ADS-2025H2,C0006216,social_ads,control,2025-07-19,90,False,86.03,0.0
EXP-SOCIAL-ADS-2025H2,C0006217,social_ads,control,2025-07-12,90,False,35.53,0.0
EXP-SOCIAL-ADS-2025H2,C0006227,social_ads,treatment,2025-07-04,90,False,73.02,0.0
EXP-SOCIAL-ADS-2025H2,C0006233,social_ads,control,2025-07-19,90,True,165.59,132.82
EXP-SOCIAL-ADS-2025H2,C0006240,social_ads,treatment,2025-07-05,90,False,46.43,0.0
EXP-SOCIAL-ADS-2025H2,C0006248,social_ads,treatment,2025-07-06,90,False,320.28,0.0
EXP-SOCIAL-ADS-2025H2,C0006261,social_ads,control,2025-07-17,90,True,105.43,75.27
EXP-SOCIAL-ADS-2025H2,C0006264,social_ads,control,2025-07-10,90,False,125.4,0.0
EXP-SOCIAL-ADS-2025H2,C0006267,social_ads,control,2025-07-11,90,True,84.09,47.29
EXP-SOCIAL-ADS-2025H2,C0006290,social_ads,treatment,2025-07-04,90,False,36.25,0.0
EXP-SOCIAL-ADS-2025H2,C0006307,social_ads,control,2025-07-13,90,True,93.67,73.67
EXP-SOCIAL-ADS-2025H2,C0006310,social_ads,control,2025-07-27,90,True,168.94,139.95
EXP-SOCIAL-ADS-2025H2,C0006313,social_ads,treatment,2025-07-08,90,True,91.26,67.46
EXP-SOCIAL-ADS-2025H2,C0006315,social_ads,treatment,2025-07-28,90,False,100.41,0.0
EXP-SOCIAL-ADS-2025H2,C0006319,social_ads,control,2025-07-06,90,False,96.06,0.0
EXP-SOCIAL-ADS-2025H2,C0006323,social_ads,treatment,2025-07-22,90,True,191.68,130.42
EXP-SOCIAL-ADS-2025H2,C0006326,social_ads,control,2025-07-19,90,False,115.89,0.0
EXP-SOCIAL-ADS-2025H2,C0006327,social_ads,control,2025-07-06,90,False,50.58,0.0
EXP-SOCIAL-ADS-2025H2,C0006330,social_ads,treatment,2025-07-05,90,True,148.72,222.79
EXP-SOCIAL-ADS-2025H2,C0006350,social_ads,treatment,2025-07-24,90,False,60.79,0.0
EXP-SOCIAL-ADS-2025H2,C0006356,social_ads,treatment,2025-07-03,90,True,90.1,74.27
EXP-SOCIAL-ADS-2025H2,C0006358,social_ads,treatment,2025-07-13,90,True,136.1,196.95
EXP-SOCIAL-ADS-2025H2,C0006370,social_ads,control,2025-07-21,90,False,93.62,0.0
EXP-SOCIAL-ADS-2025H2,C0006374,social_ads,treatment,2025-07-01,90,False,73.25,0.0
EXP-SOCIAL-ADS-2025H2,C0006376,social_ads,control,2025-07-09,90,False,97.4,0.0
EXP-SOCIAL-ADS-2025H2,C0006379,social_ads,treatment,2025-07-15,90,False,65.4,0.0
EXP-SOCIAL-ADS-2025H2,C0006382,social_ads,treatment,2025-07-20,90,False,108.26,0.0
EXP-SOCIAL-ADS-2025H2,C0006391,social_ads,treatment,2025-07-04,90,False,77.6,0.0
EXP-SOCIAL-ADS-2025H2,C0006400,social_ads,control,2025-07-23,90,False,92.93,0.0
EXP-SOCIAL-ADS-2025H2,C0006401,social_ads,control,2025-07-07,90,True,630.65,576.07
EXP-SOCIAL-ADS-2025H2,C0006409,social_ads,treatment,2025-07-09,90,False,215.76,0.0
EXP-SOCIAL-ADS-2025H2,C0006417,social_ads,control,2025-07-11,90,True,769.52,666.66
EXP-SOCIAL-ADS-2025H2,C0006419,social_ads,treatment,2025-07-17,90,False,127.93,0.0
EXP-SOCIAL-ADS-2025H2,C0006436,social_ads,control,2025-07-17,90,False,434.96,0.0
EXP-SOCIAL-ADS-2025H2,C0006437,social_ads,treatment,2025-07-04,90,False,194.55,0.0
EXP-SOCIAL-ADS-2025H2,C0006444,social_ads,control,2025-07-26,90,False,96.69,0.0
EXP-SOCIAL-ADS-2025H2,C0006446,social_ads,control,2025-07-17,90,False,135.4,0.0
EXP-SOCIAL-ADS-2025H2,C0006448,social_ads,control,2025-07-16,90,False,258.59,0.0
EXP-SOCIAL-ADS-2025H2,C0006450,social_ads,treatment,2025-07-08,90,False,668.86,0.0
EXP-SOCIAL-ADS-2025H2,C0006451,social_ads,treatment,2025-07-13,90,True,336.89,558.02
EXP-SOCIAL-ADS-2025H2,C0006458,social_ads,control,2025-07-10,90,True,214.3,268.29
EXP-SOCIAL-ADS-2025H2,C0006459,social_ads,treatment,2025-07-24,90,False,224.59,0.0
EXP-SOCIAL-ADS-2025H2,C0006460,social_ads,control,2025-07-05,90,False,104.43,0.0
EXP-SOCIAL-ADS-2025H2,C0006472,social_ads,treatment,2025-07-04,90,False,297.78,0.0
EXP-SOCIAL-ADS-2025H2,C0006477,social_ads,control,2025-07-17,90,False,108.44,0.0
EXP-SOCIAL-ADS-2025H2,C0006480,social_ads,treatment,2025-07-02,90,True,71.69,52.4
EXP-SOCIAL-ADS-2025H2,C0006495,social_ads,control,2025-07-17,90,False,109.88,0.0
EXP-SOCIAL-ADS-2025H2,C0006498,social_ads,treatment,2025-07-03,90,False,64.74,0.0
EXP-SOCIAL-ADS-2025H2,C0006499,social_ads,treatment,2025-07-13,90,True,88.11,87.08
EXP-SOCIAL-ADS-2025H2,C0006503,social_ads,control,2025-07-28,90,False,289.21,0.0
EXP-SOCIAL-ADS-2025H2,C0006510,social_ads,control,2025-07-25,90,True,158.27,112.31
EXP-SOCIAL-ADS-2025H2,C0006523,social_ads,control,2025-07-22,90,True,202.88,261.06
EXP-SOCIAL-ADS-2025H2,C0006530,social_ads,treatment,2025-07-09,90,False,303.14,0.0
EXP-SOCIAL-ADS-2025H2,C0006541,social_ads,treatment,2025-07-17,90,False,67.81,0.0
EXP-SOCIAL-ADS-2025H2,C0006548,social_ads,treatment,2025-07-04,90,True,76.81,76.1
EXP-SOCIAL-ADS-2025H2,C0006552,social_ads,treatment,2025-07-12,90,False,81.99,0.0
EXP-SOCIAL-ADS-2025H2,C0006569,social_ads,treatment,2025-07-17,90,False,82.55,0.0
EXP-SOCIAL-ADS-2025H2,C0006573,social_ads,control,2025-07-26,90,False,660.12,0.0
EXP-SOCIAL-ADS-2025H2,C0006576,social_ads,control,2025-07-24,90,False,134.34,0.0
EXP-SOCIAL-ADS-2025H2,C0006580,social_ads,treatment,2025-07-09,90,False,337.6,0.0
EXP-SOCIAL-ADS-2025H2,C0006588,social_ads,control,2025-07-07,90,False,66.18,0.0
EXP-SOCIAL-ADS-2025H2,C0006598,social_ads,treatment,2025-07-01,90,False,153.87,0.0
EXP-SOCIAL-ADS-2025H2,C0006601,social_ads,treatment,2025-07-04,90,True,48.15,37.1
EXP-SOCIAL-ADS-2025H2,C0006606,social_ads,control,2025-07-22,90,True,86.52,85.15
EXP-SOCIAL-ADS-2025H2,C0006612,social_ads,control,2025-07-28,90,False,84.79,0.0
EXP-SOCIAL-ADS-2025H2,C0006620,social_ads,control,2025-07-05,90,False,49.47,0.0
EXP-SOCIAL-ADS-2025H2,C0006622,social_ads,treatment,2025-07-14,90,False,76.77,0.0
EXP-SOCIAL-ADS-2025H2,C0006623,social_ads,treatment,2025-07-04,90,False,55.17,0.0
EXP-SOCIAL-ADS-2025H2,C0006630,social_ads,treatment,2025-07-03,90,True,110.0,78.71
EXP-SOCIAL-ADS-2025H2,C0006639,social_ads,treatment,2025-07-18,90,False,257.88,0.0
EXP-SOCIAL-ADS-2025H2,C0006640,social_ads,control,2025-07-15,90,False,90.91,0.0
EXP-SOCIAL-ADS-2025H2,C0006642,social_ads,control,2025-07-25,90,True,280.87,132.44
EXP-SOCIAL-ADS-2025H2,C0006643,social_ads,control,2025-07-16,90,False,65.45,0.0
EXP-SOCIAL-ADS-2025H2,C0006654,social_ads,treatment,2025-07-23,90,False,105.31,0.0
EXP-SOCIAL-ADS-2025H2,C0006670,social_ads,control,2025-07-04,90,True,44.52,28.82
EXP-SOCIAL-ADS-2025H2,C0006682,social_ads,control,2025-07-28,90,False,430.42,0.0
EXP-SOCIAL-ADS-2025H2,C0006686,social_ads,control,2025-07-03,90,False,105.67,0.0
EXP-SOCIAL-ADS-2025H2,C0006688,social_ads,control,2025-07-08,90,False,44.63,0.0
EXP-SOCIAL-ADS-2025H2,C0006693,social_ads,treatment,2025-07-22,90,True,90.26,102.28
EXP-SOCIAL-ADS-2025H2,C0006709,social_ads,treatment,2025-07-07,90,False,106.55,0.0
EXP-SOCIAL-ADS-2025H2,C0006712,social_ads,control,2025-07-13,90,False,156.51,0.0
EXP-SOCIAL-ADS-2025H2,C0006713,social_ads,control,2025-07-28,90,True,91.1,63.29
EXP-SOCIAL-ADS-2025H2,C0006727,social_ads,treatment,2025-07-02,90,False,89.26,0.0
EXP-SOCIAL-ADS-2025H2,C0006731,social_ads,control,2025-07-05,90,True,414.66,237.73
EXP-SOCIAL-ADS-2025H2,C0006737,social_ads,treatment,2025-07-21,90,True,112.74,141.01
EXP-SOCIAL-ADS-2025H2,C0006750,social_ads,treatment,2025-07-26,90,True,85.15,82.53
EXP-SOCIAL-ADS-2025H2,C0006755,social_ads,treatment,2025-07-03,90,True,57.58,29.57
EXP-SOCIAL-ADS-2025H2,C0006756,social_ads,control,2025-07-18,90,False,49.94,0.0
EXP-SOCIAL-ADS-2025H2,C0006757,social_ads,treatment,2025-07-03,90,True,219.55,411.74
EXP-SOCIAL-ADS-2025H2,C0006760,social_ads,treatment,2025-07-14,90,False,134.11,0.0
EXP-SOCIAL-ADS-2025H2,C0006763,social_ads,control,2025-07-20,90,False,54.0,0.0
EXP-SOCIAL-ADS-2025H2,C0006765,social_ads,treatment,2025-07-06,90,True,61.78,63.32
EXP-SOCIAL-ADS-2025H2,C0006766,social_ads,control,2025-07-27,90,False,74.77,0.0
EXP-SOCIAL-ADS-2025H2,C0006769,social_ads,treatment,2025-07-07,90,True,258.24,189.18
EXP-SOCIAL-ADS-2025H2,C0006775,social_ads,control,2025-07-05,90,False,172.22,0.0
EXP-SOCIAL-ADS-2025H2,C0006780,social_ads,control,2025-07-13,90,False,62.34,0.0
EXP-SOCIAL-ADS-2025H2,C0006788,social_ads,treatment,2025-07-07,90,False,101.7,0.0
EXP-SOCIAL-ADS-2025H2,C0006795,social_ads,control,2025-07-07,90,False,703.41,0.0
EXP-SOCIAL-ADS-2025H2,C0006803,social_ads,treatment,2025-07-02,90,False,143.91,0.0
EXP-SOCIAL-ADS-2025H2,C0006813,social_ads,control,2025-07-22,90,False,425.82,0.0
EXP-SOCIAL-ADS-2025H2,C0006818,social_ads,control,2025-07-28,90,False,79.89,0.0
EXP-SOCIAL-ADS-2025H2,C0006825,social_ads,treatment,2025-07-03,90,True,217.79,190.67
EXP-SOCIAL-ADS-2025H2,C0006827,social_ads,control,2025-07-06,90,False,76.7,0.0
EXP-SOCIAL-ADS-2025H2,C0006832,social_ads,treatment,2025-07-20,90,False,50.47,0.0
EXP-SOCIAL-ADS-2025H2,C0006846,social_ads,control,2025-07-22,90,False,215.7,0.0
EXP-SOCIAL-ADS-2025H2,C0006847,social_ads,control,2025-07-09,90,True,225.87,124.15
EXP-SOCIAL-ADS-2025H2,C0006851,social_ads,treatment,2025-07-15,90,False,255.63,0.0
EXP-SOCIAL-ADS-2025H2,C0006852,social_ads,control,2025-07-22,90,True,193.93,165.79
EXP-SOCIAL-ADS-2025H2,C0006854,social_ads,treatment,2025-07-13,90,True,160.83,158.73
EXP-SOCIAL-ADS-2025H2,C0006861,social_ads,control,2025-07-22,90,False,186.89,0.0
EXP-SOCIAL-ADS-2025H2,C0006863,social_ads,control,2025-07-28,90,False,210.45,0.0
EXP-SOCIAL-ADS-2025H2,C0006867,social_ads,control,2025-07-10,90,False,58.19,0.0
EXP-SOCIAL-ADS-2025H2,C0006869,social_ads,control,2025-07-07,90,False,75.09,0.0
EXP-SOCIAL-ADS-2025H2,C0006882,social_ads,treatment,2025-07-09,90,True,294.03,259.36
EXP-SOCIAL-ADS-2025H2,C0006883,social_ads,control,2025-07-16,90,False,290.95,0.0
EXP-SOCIAL-ADS-2025H2,C0006891,social_ads,treatment,2025-07-06,90,True,44.5,37.41
EXP-SOCIAL-ADS-2025H2,C0006893,social_ads,treatment,2025-07-20,90,False,80.88,0.0
EXP-SOCIAL-ADS-2025H2,C0006902,social_ads,control,2025-07-01,90,False,101.96,0.0
EXP-SOCIAL-ADS-2025H2,C0006909,social_ads,control,2025-07-06,90,False,71.61,0.0
EXP-SOCIAL-ADS-2025H2,C0006910,social_ads,treatment,2025-07-22,90,False,117.76,0.0
EXP-SOCIAL-ADS-2025H2,C0006929,social_ads,treatment,2025-07-04,90,False,127.14,0.0
EXP-SOCIAL-ADS-2025H2,C0006935,social_ads,control,2025-07-18,90,False,309.99,0.0
EXP-SOCIAL-ADS-2025H2,C0006941,social_ads,treatment,2025-07-26,90,True,198.3,223.1
EXP-SOCIAL-ADS-2025H2,C0006948,social_ads,treatment,2025-07-26,90,False,146.55,0.0
EXP-SOCIAL-ADS-2025H2,C0006955,social_ads,treatment,2025-07-17,90,False,69.44,0.0
EXP-SOCIAL-ADS-2025H2,C0006965,social_ads,control,2025-07-04,90,False,107.72,0.0
EXP-SOCIAL-ADS-2025H2,C0006971,social_ads,treatment,2025-07-22,90,True,225.36,137.89
EXP-SOCIAL-ADS-2025H2,C0006974,social_ads,treatment,2025-07-18,90,False,131.36,0.0
EXP-SOCIAL-ADS-2025H2,C0006977,social_ads,treatment,2025-07-23,90,True,138.05,126.03
EXP-SOCIAL-ADS-2025H2,C0006985,social_ads,treatment,2025-07-24,90,True,460.17,450.02
EXP-SOCIAL-ADS-2025H2,C0006990,social_ads,control,2025-07-09,90,True,69.11,54.49
EXP-SOCIAL-ADS-2025H2,C0006998,social_ads,control,2025-07-22,90,False,158.96,0.0
EXP-SOCIAL-ADS-2025H2,C0007011,social_ads,control,2025-07-17,90,False,69.78,0.0
EXP-SOCIAL-ADS-2025H2,C0007012,social_ads,control,2025-07-01,90,False,79.0,0.0
EXP-SOCIAL-ADS-2025H2,C0007034,social_ads,treatment,2025-07-09,90,False,104.39,0.0
EXP-SOCIAL-ADS-2025H2,C0007035,social_ads,control,2025-07-08,90,False,42.21,0.0
EXP-SOCIAL-ADS-2025H2,C0007038,social_ads,treatment,2025-07-19,90,False,546.22,0.0
EXP-SOCIAL-ADS-2025H2,C0007044,social_ads,control,2025-07-01,90,False,57.08,0.0
EXP-SOCIAL-ADS-2025H2,C0007048,social_ads,control,2025-07-01,90,True,68.62,53.58
EXP-SOCIAL-ADS-2025H2,C0007052,social_ads,treatment,2025-07-04,90,False,556.43,0.0
EXP-SOCIAL-ADS-2025H2,C0007055,social_ads,treatment,2025-07-04,90,False,107.39,0.0
EXP-SOCIAL-ADS-2025H2,C0007060,social_ads,treatment,2025-07-09,90,False,72.19,0.0
EXP-SOCIAL-ADS-2025H2,C0007064,social_ads,control,2025-07-07,90,False,71.39,0.0
EXP-SOCIAL-ADS-2025H2,C0007065,social_ads,control,2025-07-17,90,False,137.81,0.0
EXP-SOCIAL-ADS-2025H2,C0007069,social_ads,treatment,2025-07-18,90,False,235.17,0.0
EXP-SOCIAL-ADS-2025H2,C0007072,social_ads,control,2025-07-20,90,False,55.31,0.0
EXP-SOCIAL-ADS-2025H2,C0007073,social_ads,control,2025-07-09,90,False,65.14,0.0
EXP-SOCIAL-ADS-2025H2,C0007078,social_ads,control,2025-07-06,90,False,61.36,0.0
EXP-SOCIAL-ADS-2025H2,C0007087,social_ads,treatment,2025-07-13,90,False,93.27,0.0
EXP-SOCIAL-ADS-2025H2,C0007090,social_ads,control,2025-07-06,90,False,85.92,0.0
EXP-SOCIAL-ADS-2025H2,C0007096,social_ads,control,2025-07-22,90,True,137.48,91.29
EXP-SOCIAL-ADS-2025H2,C0007116,social_ads,control,2025-07-13,90,False,62.84,0.0
EXP-SOCIAL-ADS-2025H2,C0007121,social_ads,control,2025-07-09,90,True,80.78,97.13
EXP-SOCIAL-ADS-2025H2,C0007128,social_ads,treatment,2025-07-14,90,False,86.2,0.0
EXP-SOCIAL-ADS-2025H2,C0007129,social_ads,treatment,2025-07-10,90,False,98.21,0.0
EXP-SOCIAL-ADS-2025H2,C0007133,social_ads,control,2025-07-01,90,False,69.49,0.0
EXP-SOCIAL-ADS-2025H2,C0007135,social_ads,treatment,2025-07-27,90,False,346.94,0.0
EXP-SOCIAL-ADS-2025H2,C0007142,social_ads,control,2025-07-05,90,False,90.13,0.0
EXP-SOCIAL-ADS-2025H2,C0007153,social_ads,treatment,2025-07-20,90,False,82.6,0.0
EXP-SOCIAL-ADS-2025H2,C0007155,social_ads,control,2025-07-16,90,True,84.29,66.16
EXP-SOCIAL-ADS-2025H2,C0007173,social_ads,treatment,2025-07-01,90,True,143.97,71.9
EXP-SOCIAL-ADS-2025H2,C0007179,social_ads,treatment,2025-07-18,90,False,99.02,0.0
EXP-SOCIAL-ADS-2025H2,C0007183,social_ads,control,2025-07-24,90,False,80.48,0.0
EXP-SOCIAL-ADS-2025H2,C0007191,social_ads,treatment,2025-07-17,90,False,95.08,0.0
EXP-SOCIAL-ADS-2025H2,C0007200,social_ads,control,2025-07-22,90,False,90.35,0.0
EXP-SOCIAL-ADS-2025H2,C0007203,social_ads,treatment,2025-07-27,90,False,127.05,0.0
EXP-SOCIAL-ADS-2025H2,C0007218,social_ads,treatment,2025-07-22,90,True,95.58,84.81
EXP-SOCIAL-ADS-2025H2,C0007225,social_ads,treatment,2025-07-12,90,False,189.96,0.0
EXP-SOCIAL-ADS-2025H2,C0007226,social_ads,control,2025-07-08,90,True,530.54,515.91
EXP-SOCIAL-ADS-2025H2,C0007234,social_ads,treatment,2025-07-13,90,False,86.05,0.0
EXP-SOCIAL-ADS-2025H2,C0007245,social_ads,treatment,2025-07-04,90,False,108.94,0.0
EXP-SOCIAL-ADS-2025H2,C0007249,social_ads,control,2025-07-03,90,False,61.09,0.0
EXP-SOCIAL-ADS-2025H2,C0007253,social_ads,treatment,2025-07-15,90,False,390.17,0.0
EXP-SOCIAL-ADS-2025H2,C0007283,social_ads,treatment,2025-07-11,90,True,71.69,52.15
EXP-SOCIAL-ADS-2025H2,C0007287,social_ads,treatment,2025-07-23,90,False,117.53,0.0
EXP-SOCIAL-ADS-2025H2,C0007291,social_ads,treatment,2025-07-19,90,False,119.78,0.0
EXP-SOCIAL-ADS-2025H2,C0007293,social_ads,control,2025-07-02,90,False,56.31,0.0
EXP-SOCIAL-ADS-2025H2,C0007295,social_ads,treatment,2025-07-19,90,False,267.2,0.0
EXP-SOCIAL-ADS-2025H2,C0007296,social_ads,treatment,2025-07-04,90,False,154.34,0.0
EXP-SOCIAL-ADS-2025H2,C0007300,social_ads,treatment,2025-07-12,90,True,111.95,120.65
EXP-SOCIAL-ADS-2025H2,C0007303,social_ads,control,2025-07-02,90,False,145.18,0.0
EXP-SOCIAL-ADS-2025H2,C0007304,social_ads,treatment,2025-07-23,90,True,73.78,40.86
EXP-SOCIAL-ADS-2025H2,C0007308,social_ads,control,2025-07-13,90,False,98.43,0.0
EXP-SOCIAL-ADS-2025H2,C0007319,social_ads,control,2025-07-22,90,False,434.92,0.0
EXP-SOCIAL-ADS-2025H2,C0007320,social_ads,treatment,2025-07-26,90,True,99.73,47.5
EXP-SOCIAL-ADS-2025H2,C0007336,social_ads,control,2025-07-14,90,False,276.3,0.0
EXP-SOCIAL-ADS-2025H2,C0007343,social_ads,treatment,2025-07-01,90,True,72.61,55.97
EXP-SOCIAL-ADS-2025H2,C0007350,social_ads,treatment,2025-07-03,90,True,220.82,131.92
EXP-SOCIAL-ADS-2025H2,C0007353,social_ads,treatment,2025-07-28,90,True,323.36,204.7
EXP-SOCIAL-ADS-2025H2,C0007356,social_ads,control,2025-07-07,90,True,905.4,716.62
EXP-SOCIAL-ADS-2025H2,C0007358,social_ads,control,2025-07-17,90,False,120.83,0.0
EXP-SOCIAL-ADS-2025H2,C0007362,social_ads,treatment,2025-07-02,90,True,84.5,59.26
EXP-SOCIAL-ADS-2025H2,C0007367,social_ads,treatment,2025-07-02,90,False,277.71,0.0
EXP-SOCIAL-ADS-2025H2,C0007369,social_ads,control,2025-07-25,90,False,98.49,0.0
EXP-SOCIAL-ADS-2025H2,C0007371,social_ads,treatment,2025-07-27,90,True,452.26,340.73
EXP-SOCIAL-ADS-2025H2,C0007380,social_ads,control,2025-07-01,90,False,80.55,0.0
EXP-SOCIAL-ADS-2025H2,C0007382,social_ads,control,2025-07-11,90,False,132.5,0.0
EXP-SOCIAL-ADS-2025H2,C0007385,social_ads,control,2025-07-07,90,True,109.17,143.7
EXP-SOCIAL-ADS-2025H2,C0007396,social_ads,treatment,2025-07-04,90,True,86.01,48.84
EXP-SOCIAL-ADS-2025H2,C0007397,social_ads,treatment,2025-07-04,90,False,119.31,0.0
EXP-SOCIAL-ADS-2025H2,C0007402,social_ads,control,2025-07-27,90,True,391.27,337.29
EXP-SOCIAL-ADS-2025H2,C0007407,social_ads,control,2025-07-01,90,True,253.33,212.12
EXP-SOCIAL-ADS-2025H2,C0007408,social_ads,control,2025-07-04,90,False,209.92,0.0
EXP-SOCIAL-ADS-2025H2,C0007410,social_ads,treatment,2025-07-21,90,True,214.54,478.58
EXP-SOCIAL-ADS-2025H2,C0007417,social_ads,treatment,2025-07-21,90,False,135.37,0.0
EXP-SOCIAL-ADS-2025H2,C0007419,social_ads,treatment,2025-07-21,90,False,52.32,0.0
EXP-SOCIAL-ADS-2025H2,C0007427,social_ads,treatment,2025-07-22,90,False,94.45,0.0
EXP-SOCIAL-ADS-2025H2,C0007437,social_ads,control,2025-07-10,90,True,111.38,124.22
EXP-SOCIAL-ADS-2025H2,C0007440,social_ads,control,2025-07-15,90,True,97.15,77.0
EXP-SOCIAL-ADS-2025H2,C0007441,social_ads,treatment,2025-07-21,90,False,83.75,0.0
EXP-SOCIAL-ADS-2025H2,C0007450,social_ads,treatment,2025-07-01,90,True,112.57,90.9
EXP-SOCIAL-ADS-2025H2,C0007460,social_ads,treatment,2025-07-05,90,True,574.02,792.34
EXP-SOCIAL-ADS-2025H2,C0007469,social_ads,control,2025-07-21,90,False,75.03,0.0
EXP-SOCIAL-ADS-2025H2,C0007470,social_ads,control,2025-07-21,90,True,388.23,279.69
EXP-SOCIAL-ADS-2025H2,C0007478,social_ads,control,2025-07-14,90,True,46.63,28.89
EXP-SOCIAL-ADS-2025H2,C0007480,social_ads,treatment,2025-07-23,90,True,113.89,80.55
EXP-SOCIAL-ADS-2025H2,C0007491,social_ads,treatment,2025-07-05,90,True,145.61,174.23
EXP-SOCIAL-ADS-2025H2,C0007505,social_ads,treatment,2025-07-06,90,True,152.98,197.32
EXP-SOCIAL-ADS-2025H2,C0007511,social_ads,treatment,2025-07-28,90,False,452.93,0.0
EXP-SOCIAL-ADS-2025H2,C0007513,social_ads,treatment,2025-07-08,90,False,206.9,0.0
EXP-SOCIAL-ADS-2025H2,C0007535,social_ads,control,2025-07-01,90,False,70.74,0.0
EXP-SOCIAL-ADS-2025H2,C0007539,social_ads,treatment,2025-07-06,90,False,188.07,0.0
EXP-SOCIAL-ADS-2025H2,C0007543,social_ads,control,2025-07-11,90,False,61.97,0.0
EXP-SOCIAL-ADS-2025H2,C0007547,social_ads,treatment,2025-07-20,90,False,46.57,0.0
EXP-SOCIAL-ADS-2025H2,C0007562,social_ads,control,2025-07-04,90,False,76.57,0.0
EXP-SOCIAL-ADS-2025H2,C0007579,social_ads,treatment,2025-07-06,90,True,298.91,267.29
EXP-SOCIAL-ADS-2025H2,C0007593,social_ads,treatment,2025-07-27,90,True,120.13,126.85
EXP-SOCIAL-ADS-2025H2,C0007597,social_ads,control,2025-07-19,90,True,144.83,63.95
EXP-SOCIAL-ADS-2025H2,C0007601,social_ads,treatment,2025-07-16,90,True,346.54,387.97
EXP-SOCIAL-ADS-2025H2,C0007608,social_ads,treatment,2025-07-24,90,False,650.47,0.0
EXP-SOCIAL-ADS-2025H2,C0007611,social_ads,treatment,2025-07-28,90,True,432.81,292.04
EXP-SOCIAL-ADS-2025H2,C0007622,social_ads,control,2025-07-20,90,False,122.73,0.0
EXP-SOCIAL-ADS-2025H2,C0007636,social_ads,treatment,2025-07-17,90,False,298.83,0.0
EXP-SOCIAL-ADS-2025H2,C0007640,social_ads,treatment,2025-07-28,90,False,150.93,0.0
EXP-SOCIAL-ADS-2025H2,C0007641,social_ads,treatment,2025-07-23,90,False,104.49,0.0
EXP-SOCIAL-ADS-2025H2,C0007642,social_ads,treatment,2025-07-11,90,False,149.3,0.0
EXP-SOCIAL-ADS-2025H2,C0007646,social_ads,treatment,2025-07-28,90,False,175.43,0.0
EXP-SOCIAL-ADS-2025H2,C0007648,social_ads,control,2025-07-26,90,False,81.3,0.0
EXP-SOCIAL-ADS-2025H2,C0007651,social_ads,treatment,2025-07-18,90,False,149.68,0.0
EXP-SOCIAL-ADS-2025H2,C0007657,social_ads,control,2025-07-03,90,True,99.35,124.63
EXP-SOCIAL-ADS-2025H2,C0007660,social_ads,control,2025-07-27,90,False,89.09,0.0
EXP-SOCIAL-ADS-2025H2,C0007674,social_ads,control,2025-07-09,90,True,848.98,701.9
EXP-SOCIAL-ADS-2025H2,C0007678,social_ads,treatment,2025-07-03,90,False,160.56,0.0
EXP-SOCIAL-ADS-2025H2,C0007685,social_ads,treatment,2025-07-24,90,False,56.19,0.0
EXP-SOCIAL-ADS-2025H2,C0007688,social_ads,treatment,2025-07-10,90,True,203.08,231.87
EXP-SOCIAL-ADS-2025H2,C0007696,social_ads,control,2025-07-08,90,False,89.39,0.0
EXP-SOCIAL-ADS-2025H2,C0007706,social_ads,control,2025-07-26,90,True,591.77,589.75
EXP-SOCIAL-ADS-2025H2,C0007707,social_ads,control,2025-07-24,90,False,91.78,0.0
EXP-SOCIAL-ADS-2025H2,C0007713,social_ads,control,2025-07-18,90,False,64.16,0.0
EXP-SOCIAL-ADS-2025H2,C0007718,social_ads,control,2025-07-01,90,True,123.98,229.47
EXP-SOCIAL-ADS-2025H2,C0007720,social_ads,control,2025-07-25,90,True,111.94,159.34
EXP-SOCIAL-ADS-2025H2,C0007723,social_ads,treatment,2025-07-15,90,True,140.36,66.06
EXP-SOCIAL-ADS-2025H2,C0007726,social_ads,treatment,2025-07-27,90,False,57.26,0.0
EXP-SOCIAL-ADS-2025H2,C0007735,social_ads,control,2025-07-25,90,True,56.29,39.8
EXP-SOCIAL-ADS-2025H2,C0007759,social_ads,control,2025-07-05,90,False,45.49,0.0
EXP-SOCIAL-ADS-2025H2,C0007763,social_ads,control,2025-07-05,90,False,67.89,0.0
EXP-SOCIAL-ADS-2025H2,C0007769,social_ads,treatment,2025-07-10,90,False,1091.74,0.0
EXP-SOCIAL-ADS-2025H2,C0007787,social_ads,control,2025-07-05,90,True,257.76,135.53
EXP-SOCIAL-ADS-2025H2,C0007793,social_ads,control,2025-07-23,90,False,110.84,0.0
EXP-SOCIAL-ADS-2025H2,C0007798,social_ads,treatment,2025-07-15,90,True,499.47,752.55
EXP-SOCIAL-ADS-2025H2,C0007799,social_ads,control,2025-07-06,90,False,78.95,0.0
EXP-SOCIAL-ADS-2025H2,C0007801,social_ads,treatment,2025-07-13,90,True,396.14,338.2
EXP-SOCIAL-ADS-2025H2,C0007802,social_ads,control,2025-07-21,90,False,165.43,0.0
EXP-SOCIAL-ADS-2025H2,C0007810,social_ads,control,2025-07-15,90,False,100.85,0.0
EXP-SOCIAL-ADS-2025H2,C0007831,social_ads,control,2025-07-17,90,False,611.68,0.0
EXP-SOCIAL-ADS-2025H2,C0007838,social_ads,control,2025-07-18,90,False,119.04,0.0
EXP-SOCIAL-ADS-2025H2,C0007839,social_ads,control,2025-07-09,90,True,75.34,49.74
EXP-SOCIAL-ADS-2025H2,C0007841,social_ads,treatment,2025-07-03,90,False,155.82,0.0
EXP-SOCIAL-ADS-2025H2,C0007842,social_ads,control,2025-07-28,90,False,166.8,0.0
EXP-SOCIAL-ADS-2025H2,C0007843,social_ads,treatment,2025-07-13,90,True,236.95,209.46
EXP-SOCIAL-ADS-2025H2,C0007850,social_ads,treatment,2025-07-08,90,True,266.33,385.36
EXP-SOCIAL-ADS-2025H2,C0007856,social_ads,control,2025-07-13,90,False,56.36,0.0
EXP-SOCIAL-ADS-2025H2,C0007866,social_ads,treatment,2025-07-26,90,False,160.97,0.0
EXP-SOCIAL-ADS-2025H2,C0007867,social_ads,treatment,2025-07-23,90,False,127.65,0.0
EXP-SOCIAL-ADS-2025H2,C0007873,social_ads,treatment,2025-07-05,90,False,129.93,0.0
EXP-SOCIAL-ADS-2025H2,C0007884,social_ads,control,2025-07-25,90,True,147.31,120.09
EXP-SOCIAL-ADS-2025H2,C0007886,social_ads,treatment,2025-07-24,90,False,98.78,0.0
EXP-SOCIAL-ADS-2025H2,C0007892,social_ads,treatment,2025-07-15,90,False,81.8,0.0
EXP-SOCIAL-ADS-2025H2,C0007893,social_ads,treatment,2025-07-06,90,True,272.62,424.4
EXP-SOCIAL-ADS-2025H2,C0007905,social_ads,treatment,2025-07-27,90,False,115.87,0.0
EXP-SOCIAL-ADS-2025H2,C0007909,social_ads,control,2025-07-03,90,False,77.15,0.0
EXP-SOCIAL-ADS-2025H2,C0007911,social_ads,treatment,2025-07-28,90,False,473.5,0.0
EXP-SOCIAL-ADS-2025H2,C0007913,social_ads,treatment,2025-07-01,90,True,178.25,102.66
EXP-SOCIAL-ADS-2025H2,C0007916,social_ads,control,2025-07-15,90,True,97.01,84.57
EXP-SOCIAL-ADS-2025H2,C0007928,social_ads,treatment,2025-07-01,90,False,59.66,0.0
EXP-SOCIAL-ADS-2025H2,C0007933,social_ads,control,2025-07-25,90,False,181.0,0.0
EXP-SOCIAL-ADS-2025H2,C0007948,social_ads,control,2025-07-18,90,False,158.44,0.0
EXP-SOCIAL-ADS-2025H2,C0007958,social_ads,control,2025-07-22,90,False,173.45,0.0
EXP-SOCIAL-ADS-2025H2,C0007967,social_ads,treatment,2025-07-13,90,False,361.11,0.0
EXP-SOCIAL-ADS-2025H2,C0007968,social_ads,treatment,2025-07-14,90,False,226.83,0.0
EXP-SOCIAL-ADS-2025H2,C0007988,social_ads,treatment,2025-07-09,90,False,208.9,0.0
EXP-SOCIAL-ADS-2025H2,C0007991,social_ads,treatment,2025-07-14,90,True,150.86,122.68
EXP-SOCIAL-ADS-2025H2,C0007995,social_ads,control,2025-07-02,90,False,140.52,0.0
EXP-SOCIAL-ADS-2025H2,C0008010,social_ads,control,2025-07-11,90,False,216.42,0.0
EXP-SOCIAL-ADS-2025H2,C0008020,social_ads,control,2025-07-11,90,False,81.93,0.0
EXP-SOCIAL-ADS-2025H2,C0008028,social_ads,treatment,2025-07-26,90,False,54.49,0.0
EXP-SOCIAL-ADS-2025H2,C0008035,social_ads,control,2025-07-13,90,True,52.49,54.14
EXP-SOCIAL-ADS-2025H2,C0008041,social_ads,control,2025-07-13,90,False,76.63,0.0
EXP-SOCIAL-ADS-2025H2,C0008049,social_ads,control,2025-07-10,90,False,116.5,0.0
EXP-SOCIAL-ADS-2025H2,C0008052,social_ads,treatment,2025-07-12,90,True,211.72,204.88
EXP-SOCIAL-ADS-2025H2,C0008054,social_ads,control,2025-07-24,90,False,80.86,0.0
EXP-SOCIAL-ADS-2025H2,C0008060,social_ads,treatment,2025-07-05,90,False,187.07,0.0
EXP-SOCIAL-ADS-2025H2,C0008066,social_ads,treatment,2025-07-27,90,False,89.77,0.0
EXP-SOCIAL-ADS-2025H2,C0008075,social_ads,treatment,2025-07-17,90,False,355.38,0.0
EXP-SOCIAL-ADS-2025H2,C0008082,social_ads,control,2025-07-27,90,False,105.0,0.0
EXP-SOCIAL-ADS-2025H2,C0008083,social_ads,control,2025-07-09,90,False,171.99,0.0
EXP-SOCIAL-ADS-2025H2,C0008086,social_ads,treatment,2025-07-25,90,False,70.61,0.0
EXP-SOCIAL-ADS-2025H2,C0008088,social_ads,control,2025-07-13,90,False,80.9,0.0
EXP-SOCIAL-ADS-2025H2,C0008109,social_ads,treatment,2025-07-09,90,False,158.11,0.0
EXP-SOCIAL-ADS-2025H2,C0008117,social_ads,treatment,2025-07-07,90,False,273.61,0.0
EXP-SOCIAL-ADS-2025H2,C0008121,social_ads,treatment,2025-07-16,90,True,302.99,286.55
EXP-SOCIAL-ADS-2025H2,C0008122,social_ads,control,2025-07-15,90,False,54.47,0.0
EXP-SOCIAL-ADS-2025H2,C0008125,social_ads,treatment,2025-07-03,90,False,116.54,0.0
EXP-SOCIAL-ADS-2025H2,C0008129,social_ads,treatment,2025-07-03,90,True,50.22,38.48
EXP-SOCIAL-ADS-2025H2,C0008135,social_ads,control,2025-07-19,90,False,100.52,0.0
EXP-SOCIAL-ADS-2025H2,C0008148,social_ads,treatment,2025-07-16,90,False,124.64,0.0
EXP-SOCIAL-ADS-2025H2,C0008163,social_ads,control,2025-07-04,90,False,91.81,0.0
EXP-SOCIAL-ADS-2025H2,C0008173,social_ads,treatment,2025-07-27,90,False,677.75,0.0
EXP-SOCIAL-ADS-2025H2,C0008176,social_ads,treatment,2025-07-11,90,False,112.34,0.0
EXP-SOCIAL-ADS-2025H2,C0008182,social_ads,control,2025-07-21,90,False,43.29,0.0
EXP-SOCIAL-ADS-2025H2,C0008187,social_ads,control,2025-07-26,90,True,140.93,70.23
EXP-SOCIAL-ADS-2025H2,C0008193,social_ads,control,2025-07-23,90,False,125.29,0.0
EXP-SOCIAL-ADS-2025H2,C0008194,social_ads,treatment,2025-07-26,90,False,50.45,0.0
EXP-SOCIAL-ADS-2025H2,C0008199,social_ads,treatment,2025-07-28,90,True,319.67,377.32
EXP-SOCIAL-ADS-2025H2,C0008217,social_ads,control,2025-07-09,90,False,80.98,0.0
EXP-SOCIAL-ADS-2025H2,C0008220,social_ads,treatment,2025-07-11,90,True,326.64,229.74
EXP-SOCIAL-ADS-2025H2,C0008224,social_ads,control,2025-07-10,90,False,65.05,0.0
EXP-SOCIAL-ADS-2025H2,C0008226,social_ads,control,2025-07-24,90,False,63.33,0.0
EXP-SOCIAL-ADS-2025H2,C0008239,social_ads,control,2025-07-09,90,True,52.2,48.71
EXP-SOCIAL-ADS-2025H2,C0008262,social_ads,treatment,2025-07-13,90,True,88.96,85.19
EXP-SOCIAL-ADS-2025H2,C0008272,social_ads,treatment,2025-07-07,90,False,102.8,0.0
EXP-SOCIAL-ADS-2025H2,C0008273,social_ads,control,2025-07-11,90,False,75.99,0.0
EXP-SOCIAL-ADS-2025H2,C0008278,social_ads,treatment,2025-07-12,90,False,57.15,0.0
EXP-SOCIAL-ADS-2025H2,C0008279,social_ads,treatment,2025-07-04,90,True,76.28,31.6
EXP-SOCIAL-ADS-2025H2,C0008289,social_ads,treatment,2025-07-01,90,False,539.3,0.0
EXP-SOCIAL-ADS-2025H2,C0008297,social_ads,treatment,2025-07-19,90,False,175.68,0.0
EXP-SOCIAL-ADS-2025H2,C0008298,social_ads,control,2025-07-12,90,False,57.25,0.0
EXP-SOCIAL-ADS-2025H2,C0008302,social_ads,treatment,2025-07-23,90,True,105.82,73.17
EXP-SOCIAL-ADS-2025H2,C0008304,social_ads,control,2025-07-10,90,False,184.65,0.0
EXP-SOCIAL-ADS-2025H2,C0008319,social_ads,control,2025-07-24,90,False,52.38,0.0
EXP-SOCIAL-ADS-2025H2,C0008325,social_ads,treatment,2025-07-21,90,False,281.03,0.0
EXP-SOCIAL-ADS-2025H2,C0008331,social_ads,treatment,2025-07-06,90,False,709.31,0.0
EXP-SOCIAL-ADS-2025H2,C0008332,social_ads,treatment,2025-07-06,90,True,401.15,386.05
EXP-SOCIAL-ADS-2025H2,C0008342,social_ads,control,2025-07-16,90,True,159.75,184.81
EXP-SOCIAL-ADS-2025H2,C0008346,social_ads,treatment,2025-07-11,90,True,416.5,498.85
EXP-SOCIAL-ADS-2025H2,C0008348,social_ads,control,2025-07-15,90,False,94.34,0.0
EXP-SOCIAL-ADS-2025H2,C0008351,social_ads,treatment,2025-07-20,90,False,76.43,0.0
EXP-SOCIAL-ADS-2025H2,C0008370,social_ads,treatment,2025-07-02,90,False,82.94,0.0
EXP-SOCIAL-ADS-2025H2,C0008371,social_ads,control,2025-07-18,90,False,90.45,0.0
EXP-SOCIAL-ADS-2025H2,C0008372,social_ads,treatment,2025-07-02,90,True,104.04,98.18
EXP-SOCIAL-ADS-2025H2,C0008405,social_ads,treatment,2025-07-06,90,True,314.52,382.2
EXP-SOCIAL-ADS-2025H2,C0008408,social_ads,treatment,2025-07-24,90,True,99.84,94.74
EXP-SOCIAL-ADS-2025H2,C0008423,social_ads,control,2025-07-24,90,False,200.34,0.0
EXP-SOCIAL-ADS-2025H2,C0008430,social_ads,treatment,2025-07-15,90,False,142.32,0.0
EXP-SOCIAL-ADS-2025H2,C0008438,social_ads,treatment,2025-07-10,90,False,149.33,0.0
EXP-SOCIAL-ADS-2025H2,C0008446,social_ads,treatment,2025-07-14,90,False,68.74,0.0
EXP-SOCIAL-ADS-2025H2,C0008447,social_ads,treatment,2025-07-06,90,False,881.41,0.0
EXP-SOCIAL-ADS-2025H2,C0008448,social_ads,control,2025-07-10,90,False,105.19,0.0
EXP-SOCIAL-ADS-2025H2,C0008450,social_ads,control,2025-07-01,90,True,233.83,142.43
EXP-SOCIAL-ADS-2025H2,C0008451,social_ads,control,2025-07-22,90,False,154.56,0.0
EXP-SOCIAL-ADS-2025H2,C0008455,social_ads,treatment,2025-07-19,90,False,70.82,0.0
EXP-SOCIAL-ADS-2025H2,C0008468,social_ads,control,2025-07-14,90,True,149.06,298.4
EXP-SOCIAL-ADS-2025H2,C0008472,social_ads,control,2025-07-18,90,True,575.44,462.26
EXP-SOCIAL-ADS-2025H2,C0008475,social_ads,treatment,2025-07-05,90,False,132.28,0.0
EXP-SOCIAL-ADS-2025H2,C0008481,social_ads,treatment,2025-07-01,90,False,63.9,0.0
EXP-SOCIAL-ADS-2025H2,C0008501,social_ads,control,2025-07-09,90,False,296.59,0.0
EXP-SOCIAL-ADS-2025H2,C0008514,social_ads,treatment,2025-07-20,90,False,53.06,0.0
EXP-SOCIAL-ADS-2025H2,C0008516,social_ads,treatment,2025-07-28,90,True,48.85,61.13
EXP-SOCIAL-ADS-2025H2,C0008524,social_ads,control,2025-07-26,90,False,322.78,0.0
EXP-SOCIAL-ADS-2025H2,C0008530,social_ads,control,2025-07-07,90,True,72.32,37.46
EXP-SOCIAL-ADS-2025H2,C0008543,social_ads,treatment,2025-07-25,90,False,97.91,0.0
EXP-SOCIAL-ADS-2025H2,C0008544,social_ads,treatment,2025-07-09,90,False,65.51,0.0
EXP-SOCIAL-ADS-2025H2,C0008551,social_ads,treatment,2025-07-08,90,False,188.04,0.0
EXP-SOCIAL-ADS-2025H2,C0008554,social_ads,control,2025-07-14,90,True,132.5,102.09
EXP-SOCIAL-ADS-2025H2,C0008566,social_ads,control,2025-07-05,90,False,54.46,0.0
EXP-SOCIAL-ADS-2025H2,C0008571,social_ads,control,2025-07-07,90,True,115.65,61.18
EXP-SOCIAL-ADS-2025H2,C0008580,social_ads,treatment,2025-07-07,90,False,440.2,0.0
EXP-SOCIAL-ADS-2025H2,C0008583,social_ads,control,2025-07-19,90,False,134.41,0.0
EXP-SOCIAL-ADS-2025H2,C0008584,social_ads,treatment,2025-07-08,90,False,58.96,0.0
EXP-SOCIAL-ADS-2025H2,C0008596,social_ads,treatment,2025-07-17,90,False,182.53,0.0
EXP-SOCIAL-ADS-2025H2,C0008600,social_ads,control,2025-07-09,90,True,320.72,446.71
EXP-SOCIAL-ADS-2025H2,C0008610,social_ads,treatment,2025-07-16,90,True,75.45,51.66
EXP-SOCIAL-ADS-2025H2,C0008615,social_ads,control,2025-07-20,90,False,92.45,0.0
EXP-SOCIAL-ADS-2025H2,C0008627,social_ads,treatment,2025-07-26,90,False,80.94,0.0
EXP-SOCIAL-ADS-2025H2,C0008648,social_ads,treatment,2025-07-26,90,False,120.46,0.0
EXP-SOCIAL-ADS-2025H2,C0008649,social_ads,control,2025-07-22,90,False,176.09,0.0
EXP-SOCIAL-ADS-2025H2,C0008658,social_ads,control,2025-07-20,90,True,609.92,553.25
EXP-SOCIAL-ADS-2025H2,C0008659,social_ads,control,2025-07-27,90,True,666.9,374.0
EXP-SOCIAL-ADS-2025H2,C0008661,social_ads,treatment,2025-07-05,90,False,60.29,0.0
EXP-SOCIAL-ADS-2025H2,C0008667,social_ads,treatment,2025-07-14,90,True,79.31,48.68
EXP-SOCIAL-ADS-2025H2,C0008668,social_ads,treatment,2025-07-05,90,True,324.83,193.3
EXP-SOCIAL-ADS-2025H2,C0008673,social_ads,treatment,2025-07-20,90,False,267.15,0.0
EXP-SOCIAL-ADS-2025H2,C0008674,social_ads,control,2025-07-19,90,False,188.96,0.0
EXP-SOCIAL-ADS-2025H2,C0008676,social_ads,control,2025-07-15,90,False,45.64,0.0
EXP-SOCIAL-ADS-2025H2,C0008682,social_ads,treatment,2025-07-10,90,False,77.85,0.0
EXP-SOCIAL-ADS-2025H2,C0008683,social_ads,control,2025-07-24,90,False,100.64,0.0
EXP-SOCIAL-ADS-2025H2,C0008686,social_ads,treatment,2025-07-09,90,False,77.57,0.0
EXP-SOCIAL-ADS-2025H2,C0008687,social_ads,control,2025-07-15,90,True,179.26,93.98
EXP-SOCIAL-ADS-2025H2,C0008690,social_ads,control,2025-07-28,90,False,98.75,0.0
EXP-SOCIAL-ADS-2025H2,C0008697,social_ads,treatment,2025-07-19,90,False,55.07,0.0
EXP-SOCIAL-ADS-2025H2,C0008700,social_ads,treatment,2025-07-02,90,False,318.76,0.0
EXP-SOCIAL-ADS-2025H2,C0008706,social_ads,control,2025-07-24,90,False,333.84,0.0
EXP-SOCIAL-ADS-2025H2,C0008712,social_ads,treatment,2025-07-27,90,True,327.0,329.33
EXP-SOCIAL-ADS-2025H2,C0008720,social_ads,treatment,2025-07-22,90,False,319.22,0.0
EXP-SOCIAL-ADS-2025H2,C0008725,social_ads,treatment,2025-07-05,90,False,103.06,0.0
EXP-SOCIAL-ADS-2025H2,C0008730,social_ads,control,2025-07-06,90,False,73.97,0.0
EXP-SOCIAL-ADS-2025H2,C0008731,social_ads,treatment,2025-07-20,90,False,109.5,0.0
EXP-SOCIAL-ADS-2025H2,C0008745,social_ads,treatment,2025-07-13,90,True,94.2,132.36
EXP-SOCIAL-ADS-2025H2,C0008750,social_ads,control,2025-07-06,90,False,81.9,0.0
EXP-SOCIAL-ADS-2025H2,C0008752,social_ads,treatment,2025-07-13,90,False,309.59,0.0
EXP-SOCIAL-ADS-2025H2,C0008764,social_ads,treatment,2025-07-10,90,False,120.04,0.0
EXP-SOCIAL-ADS-2025H2,C0008766,social_ads,control,2025-07-17,90,False,117.28,0.0
EXP-SOCIAL-ADS-2025H2,C0008767,social_ads,treatment,2025-07-18,90,False,170.4,0.0
EXP-SOCIAL-ADS-2025H2,C0008769,social_ads,control,2025-07-09,90,False,56.65,0.0
EXP-SOCIAL-ADS-2025H2,C0008772,social_ads,treatment,2025-07-02,90,False,97.84,0.0
EXP-SOCIAL-ADS-2025H2,C0008776,social_ads,treatment,2025-07-11,90,True,73.29,69.48
EXP-SOCIAL-ADS-2025H2,C0008778,social_ads,control,2025-07-28,90,False,71.69,0.0
EXP-SOCIAL-ADS-2025H2,C0008780,social_ads,control,2025-07-14,90,False,90.46,0.0
EXP-SOCIAL-ADS-2025H2,C0008783,social_ads,control,2025-07-26,90,True,80.81,54.97
EXP-SOCIAL-ADS-2025H2,C0008787,social_ads,treatment,2025-07-20,90,True,57.11,40.23
EXP-SOCIAL-ADS-2025H2,C0008798,social_ads,control,2025-07-27,90,False,55.19,0.0
EXP-SOCIAL-ADS-2025H2,C0008803,social_ads,treatment,2025-07-26,90,False,114.08,0.0
EXP-SOCIAL-ADS-2025H2,C0008813,social_ads,control,2025-07-26,90,False,80.63,0.0
EXP-SOCIAL-ADS-2025H2,C0008814,social_ads,treatment,2025-07-18,90,True,106.83,65.19
EXP-SOCIAL-ADS-2025H2,C0008819,social_ads,treatment,2025-07-01,90,False,75.29,0.0
EXP-SOCIAL-ADS-2025H2,C0008820,social_ads,control,2025-07-01,90,False,119.75,0.0
EXP-SOCIAL-ADS-2025H2,C0008823,social_ads,control,2025-07-28,90,False,88.59,0.0
EXP-SOCIAL-ADS-2025H2,C0008828,social_ads,treatment,2025-07-14,90,False,273.52,0.0
EXP-SOCIAL-ADS-2025H2,C0008830,social_ads,treatment,2025-07-27,90,False,253.07,0.0
EXP-SOCIAL-ADS-2025H2,C0008851,social_ads,treatment,2025-07-26,90,False,64.24,0.0
EXP-SOCIAL-ADS-2025H2,C0008856,social_ads,treatment,2025-07-10,90,False,140.72,0.0
EXP-SOCIAL-ADS-2025H2,C0008867,social_ads,control,2025-07-05,90,False,73.81,0.0
EXP-SOCIAL-ADS-2025H2,C0008873,social_ads,treatment,2025-07-20,90,True,100.82,95.45
EXP-SOCIAL-ADS-2025H2,C0008881,social_ads,control,2025-07-10,90,False,96.58,0.0
EXP-SOCIAL-ADS-2025H2,C0008882,social_ads,treatment,2025-07-04,90,False,72.51,0.0
EXP-SOCIAL-ADS-2025H2,C0008886,social_ads,control,2025-07-16,90,False,220.4,0.0
EXP-SOCIAL-ADS-2025H2,C0008892,social_ads,control,2025-07-05,90,False,92.26,0.0
EXP-SOCIAL-ADS-2025H2,C0008900,social_ads,control,2025-07-12,90,True,253.15,222.68
EXP-SOCIAL-ADS-2025H2,C0008915,social_ads,control,2025-07-08,90,True,965.81,391.75
EXP-SOCIAL-ADS-2025H2,C0008918,social_ads,treatment,2025-07-12,90,True,88.49,76.98
EXP-SOCIAL-ADS-2025H2,C0008920,social_ads,control,2025-07-15,90,True,597.47,971.14
EXP-SOCIAL-ADS-2025H2,C0008926,social_ads,treatment,2025-07-16,90,True,128.04,76.61
EXP-SOCIAL-ADS-2025H2,C0008931,social_ads,control,2025-07-21,90,False,101.28,0.0
EXP-SOCIAL-ADS-2025H2,C0008932,social_ads,control,2025-07-03,90,False,168.33,0.0
EXP-SOCIAL-ADS-2025H2,C0008939,social_ads,control,2025-07-18,90,False,111.02,0.0
EXP-SOCIAL-ADS-2025H2,C0008954,social_ads,treatment,2025-07-13,90,False,69.2,0.0
EXP-SOCIAL-ADS-2025H2,C0008963,social_ads,treatment,2025-07-24,90,False,67.82,0.0
EXP-SOCIAL-ADS-2025H2,C0008973,social_ads,control,2025-07-15,90,False,972.29,0.0
EXP-SOCIAL-ADS-2025H2,C0008986,social_ads,treatment,2025-07-02,90,False,76.81,0.0
EXP-SOCIAL-ADS-2025H2,C0008988,social_ads,treatment,2025-07-13,90,True,321.43,374.91
EXP-SOCIAL-ADS-2025H2,C0008994,social_ads,control,2025-07-25,90,True,360.46,462.3
EXP-SOCIAL-ADS-2025H2,C0009000,social_ads,treatment,2025-07-05,90,False,375.49,0.0
