intervention_id,week_start,product_type,region,assignment,reference_price,observed_price,units_sold,revenue,contribution_margin
PI0000001,2024-01-01,Core,North America,price_down_10,165.0,148.5,269,39946.5,21571.11
PI0000002,2024-01-01,Core,EMEA,price_up_10,165.0,181.5,230,41745.0,22542.3
PI0000003,2024-01-01,Core,LATAM,price_down_10,165.0,148.5,152,22572.0,12188.88
PI0000004,2024-01-01,Core,APAC,price_up_10,165.0,181.5,141,25591.5,13819.41
PI0000005,2024-01-01,Add-on,North America,price_down_10,92.0,82.8,215,17802.0,10681.2
PI0000006,2024-01-01,Add-on,EMEA,control,92.0,92.0,186,17112.0,10267.2
PI0000007,2024-01-01,Add-on,LATAM,control,92.0,92.0,78,7176.0,4305.6
PI0000008,2024-01-01,Add-on,APAC,price_up_10,92.0,101.2,118,11941.6,7164.96
PI0000009,2024-01-01,Premium,North America,control,305.0,305.0,130,39650.0,15067.0
PI0000010,2024-01-01,Premium,EMEA,price_up_10,305.0,335.5,90,30195.0,11474.1
PI0000011,2024-01-01,Premium,LATAM,control,305.0,305.0,54,16470.0,6258.6
PI0000012,2024-01-01,Premium,APAC,price_down_10,305.0,274.5,59,16195.5,6154.29
PI0000013,2024-01-01,Services,North America,price_down_10,388.0,349.2,64,22348.8,6928.13
PI0000014,2024-01-01,Services,EMEA,control,388.0,388.0,53,20564.0,6374.84
PI0000015,2024-01-01,Services,LATAM,price_down_10,388.0,349.2,32,11174.4,3464.06
PI0000016,2024-01-01,Services,APAC,price_down_10,388.0,349.2,47,16412.4,5087.84
PI0000017,2024-01-08,Core,North America,price_down_10,165.0,148.5,277,41134.5,22212.63
PI0000018,2024-01-08,Core,EMEA,price_up_10,165.0,181.5,206,37389.0,20190.06
PI0000019,2024-01-08,Core,LATAM,price_up_10,165.0,181.5,126,22869.0,12349.26
PI0000020,2024-01-08,Core,APAC,price_down_10,165.0,148.5,227,33709.5,18203.13
PI0000021,2024-01-08,Add-on,North America,control,92.0,92.0,186,17112.0,10267.2
PI0000022,2024-01-08,Add-on,EMEA,price_down_10,92.0,82.8,184,15235.2,9141.12
PI0000023,2024-01-08,Add-on,LATAM,price_up_10,92.0,101.2,69,6982.8,4189.68
PI0000024,2024-01-08,Add-on,APAC,price_down_10,92.0,82.8,162,13413.6,8048.16
PI0000025,2024-01-08,Premium,North America,control,305.0,305.0,91,27755.0,10546.9
PI0000026,2024-01-08,Premium,EMEA,price_down_10,305.0,274.5,89,24430.5,9283.59
PI0000027,2024-01-08,Premium,LATAM,price_down_10,305.0,274.5,48,13176.0,5006.88
PI0000028,2024-01-08,Premium,APAC,price_up_10,305.0,335.5,59,19794.5,7521.91
PI0000029,2024-01-08,Services,North America,control,388.0,388.0,56,21728.0,6735.68
PI0000030,2024-01-08,Services,EMEA,price_up_10,388.0,426.8,53,22620.4,7012.32
PI0000031,2024-01-08,Services,LATAM,price_up_10,388.0,426.8,31,13230.8,4101.55
PI0000032,2024-01-08,Services,APAC,price_down_10,388.0,349.2,45,15714.0,4871.34
PI0000033,2024-01-15,Core,North America,price_up_10,165.0,181.5,239,43378.5,23424.39
PI0000034,2024-01-15,Core,EMEA,price_down_10,165.0,148.5,273,40540.5,21891.87
PI0000035,2024-01-15,Core,LATAM,control,165.0,165.0,186,30690.0,16572.6
PI0000036,2024-01-15,Core,APAC,price_down_10,165.0,148.5,213,31630.5,17080.47
PI0000037,2024-01-15,Add-on,North America,control,92.0,92.0,190,17480.0,10488.0
PI0000038,2024-01-15,Add-on,EMEA,price_down_10,92.0,82.8,159,13165.2,7899.12
PI0000039,2024-01-15,Add-on,LATAM,price_down_10,92.0,82.8,124,10267.2,6160.32
PI0000040,2024-01-15,Add-on,APAC,control,92.0,92.0,119,10948.0,6568.8
PI0000041,2024-01-15,Premium,North America,price_down_10,305.0,274.5,113,31018.5,11787.03
PI0000042,2024-01-15,Premium,EMEA,price_down_10,305.0,274.5,72,19764.0,7510.32
PI0000043,2024-01-15,Premium,LATAM,control,305.0,305.0,56,17080.0,6490.4
PI0000044,2024-01-15,Premium,APAC,price_down_10,305.0,274.5,71,19489.5,7406.01
PI0000045,2024-01-15,Services,North America,control,388.0,388.0,61,23668.0,7337.08
PI0000046,2024-01-15,Services,EMEA,price_down_10,388.0,349.2,77,26888.4,8335.4
PI0000047,2024-01-15,Services,LATAM,control,388.0,388.0,31,12028.0,3728.68
PI0000048,2024-01-15,Services,APAC,price_down_10,388.0,349.2,52,18158.4,5629.1
PI0000049,2024-01-22,Core,North America,price_down_10,165.0,148.5,307,45589.5,24618.33
PI0000050,2024-01-22,Core,EMEA,price_up_10,165.0,181.5,267,48460.5,26168.67
PI0000051,2024-01-22,Core,LATAM,price_down_10,165.0,148.5,173,25690.5,13872.87
PI0000052,2024-01-22,Core,APAC,price_down_10,165.0,148.5,220,32670.0,17641.8
PI0000053,2024-01-22,Add-on,North America,price_down_10,92.0,82.8,207,17139.6,10283.76
PI0000054,2024-01-22,Add-on,EMEA,control,92.0,92.0,141,12972.0,7783.2
PI0000055,2024-01-22,Add-on,LATAM,price_up_10,92.0,101.2,74,7488.8,4493.28
PI0000056,2024-01-22,Add-on,APAC,price_down_10,92.0,82.8,155,12834.0,7700.4
PI0000057,2024-01-22,Premium,North America,price_down_10,305.0,274.5,137,37606.5,14290.47
PI0000058,2024-01-22,Premium,EMEA,control,305.0,305.0,102,31110.0,11821.8
PI0000059,2024-01-22,Premium,LATAM,control,305.0,305.0,51,15555.0,5910.9
PI0000060,2024-01-22,Premium,APAC,price_up_10,305.0,335.5,47,15768.5,5992.03
PI0000061,2024-01-22,Services,North America,control,388.0,388.0,90,34920.0,10825.2
PI0000062,2024-01-22,Services,EMEA,price_down_10,388.0,349.2,54,18856.8,5845.61
PI0000063,2024-01-22,Services,LATAM,price_up_10,388.0,426.8,27,11523.6,3572.32
PI0000064,2024-01-22,Services,APAC,price_down_10,388.0,349.2,46,16063.2,4979.59
PI0000065,2024-01-29,Core,North America,control,165.0,165.0,308,50820.0,27442.8
PI0000066,2024-01-29,Core,EMEA,price_up_10,165.0,181.5,192,34848.0,18817.92
PI0000067,2024-01-29,Core,LATAM,control,165.0,165.0,149,24585.0,13275.9
PI0000068,2024-01-29,Core,APAC,control,165.0,165.0,175,28875.0,15592.5
PI0000069,2024-01-29,Add-on,North America,price_up_10,92.0,101.2,167,16900.4,10140.24
PI0000070,2024-01-29,Add-on,EMEA,price_down_10,92.0,82.8,204,16891.2,10134.72
PI0000071,2024-01-29,Add-on,LATAM,price_down_10,92.0,82.8,139,11509.2,6905.52
PI0000072,2024-01-29,Add-on,APAC,control,92.0,92.0,144,13248.0,7948.8
PI0000073,2024-01-29,Premium,North America,price_down_10,305.0,274.5,130,35685.0,13560.3
PI0000074,2024-01-29,Premium,EMEA,price_down_10,305.0,274.5,127,34861.5,13247.37
PI0000075,2024-01-29,Premium,LATAM,price_down_10,305.0,274.5,56,15372.0,5841.36
PI0000076,2024-01-29,Premium,APAC,price_down_10,305.0,274.5,70,19215.0,7301.7
PI0000077,2024-01-29,Services,North America,price_up_10,388.0,426.8,67,28595.6,8864.64
PI0000078,2024-01-29,Services,EMEA,price_down_10,388.0,349.2,70,24444.0,7577.64
PI0000079,2024-01-29,Services,LATAM,control,388.0,388.0,38,14744.0,4570.64
PI0000080,2024-01-29,Services,APAC,price_down_10,388.0,349.2,45,15714.0,4871.34
PI0000081,2024-02-05,Core,North America,price_up_10,165.0,181.5,263,47734.5,25776.63
PI0000082,2024-02-05,Core,EMEA,price_up_10,165.0,181.5,196,35574.0,19209.96
PI0000083,2024-02-05,Core,LATAM,price_down_10,165.0,148.5,158,23463.0,12670.02
PI0000084,2024-02-05,Core,APAC,control,165.0,165.0,184,30360.0,16394.4
PI0000085,2024-02-05,Add-on,North America,price_up_10,92.0,101.2,200,20240.0,12144.0
PI0000086,2024-02-05,Add-on,EMEA,price_down_10,92.0,82.8,179,14821.2,8892.72
PI0000087,2024-02-05,Add-on,LATAM,price_down_10,92.0,82.8,109,9025.2,5415.12
PI0000088,2024-02-05,Add-on,APAC,price_down_10,92.0,82.8,170,14076.0,8445.6
PI0000089,2024-02-05,Premium,North America,price_down_10,305.0,274.5,121,33214.5,12621.51
PI0000090,2024-02-05,Premium,EMEA,price_up_10,305.0,335.5,69,23149.5,8796.81
PI0000091,2024-02-05,Premium,LATAM,price_down_10,305.0,274.5,69,18940.5,7197.39
PI0000092,2024-02-05,Premium,APAC,price_down_10,305.0,274.5,81,22234.5,8449.11
PI0000093,2024-02-05,Services,North America,control,388.0,388.0,82,31816.0,9862.96
PI0000094,2024-02-05,Services,EMEA,control,388.0,388.0,51,19788.0,6134.28
PI0000095,2024-02-05,Services,LATAM,price_up_10,388.0,426.8,30,12804.0,3969.24
PI0000096,2024-02-05,Services,APAC,control,388.0,388.0,44,17072.0,5292.32
PI0000097,2024-02-12,Core,North America,control,165.0,165.0,307,50655.0,27353.7
PI0000098,2024-02-12,Core,EMEA,control,165.0,165.0,223,36795.0,19869.3
PI0000099,2024-02-12,Core,LATAM,price_down_10,165.0,148.5,172,25542.0,13792.68
PI0000100,2024-02-12,Core,APAC,price_down_10,165.0,148.5,204,30294.0,16358.76
PI0000101,2024-02-12,Add-on,North America,price_up_10,92.0,101.2,172,17406.4,10443.84
PI0000102,2024-02-12,Add-on,EMEA,price_up_10,92.0,101.2,168,17001.6,10200.96
PI0000103,2024-02-12,Add-on,LATAM,price_up_10,92.0,101.2,121,12245.2,7347.12
PI0000104,2024-02-12,Add-on,APAC,control,92.0,92.0,140,12880.0,7728.0
PI0000105,2024-02-12,Premium,North America,control,305.0,305.0,112,34160.0,12980.8
PI0000106,2024-02-12,Premium,EMEA,price_down_10,305.0,274.5,100,27450.0,10431.0
PI0000107,2024-02-12,Premium,LATAM,price_up_10,305.0,335.5,47,15768.5,5992.03
PI0000108,2024-02-12,Premium,APAC,price_up_10,305.0,335.5,59,19794.5,7521.91
PI0000109,2024-02-12,Services,North America,control,388.0,388.0,65,25220.0,7818.2
PI0000110,2024-02-12,Services,EMEA,price_down_10,388.0,349.2,52,18158.4,5629.1
PI0000111,2024-02-12,Services,LATAM,price_up_10,388.0,426.8,36,15364.8,4763.09
PI0000112,2024-02-12,Services,APAC,price_down_10,388.0,349.2,52,18158.4,5629.1
PI0000113,2024-02-19,Core,North America,price_down_10,165.0,148.5,368,54648.0,29509.92
PI0000114,2024-02-19,Core,EMEA,control,165.0,165.0,254,41910.0,22631.4
PI0000115,2024-02-19,Core,LATAM,control,165.0,165.0,161,26565.0,14345.1
PI0000116,2024-02-19,Core,APAC,control,165.0,165.0,194,32010.0,17285.4
PI0000117,2024-02-19,Add-on,North America,price_down_10,92.0,82.8,209,17305.2,10383.12
PI0000118,2024-02-19,Add-on,EMEA,price_down_10,92.0,82.8,194,16063.2,9637.92
PI0000119,2024-02-19,Add-on,LATAM,price_up_10,92.0,101.2,112,11334.4,6800.64
PI0000120,2024-02-19,Add-on,APAC,price_down_10,92.0,82.8,176,14572.8,8743.68
PI0000121,2024-02-19,Premium,North America,price_down_10,305.0,274.5,136,37332.0,14186.16
PI0000122,2024-02-19,Premium,EMEA,control,305.0,305.0,85,25925.0,9851.5
PI0000123,2024-02-19,Premium,LATAM,price_down_10,305.0,274.5,62,17019.0,6467.22
PI0000124,2024-02-19,Premium,APAC,price_down_10,305.0,274.5,78,21411.0,8136.18
PI0000125,2024-02-19,Services,North America,price_up_10,388.0,426.8,73,31156.4,9658.48
PI0000126,2024-02-19,Services,EMEA,price_up_10,388.0,426.8,54,23047.2,7144.63
PI0000127,2024-02-19,Services,LATAM,price_up_10,388.0,426.8,40,17072.0,5292.32
PI0000128,2024-02-19,Services,APAC,price_up_10,388.0,426.8,49,20913.2,6483.09
PI0000129,2024-02-26,Core,North America,control,165.0,165.0,268,44220.0,23878.8
PI0000130,2024-02-26,Core,EMEA,control,165.0,165.0,280,46200.0,24948.0
PI0000131,2024-02-26,Core,LATAM,control,165.0,165.0,189,31185.0,16839.9
PI0000132,2024-02-26,Core,APAC,price_down_10,165.0,148.5,229,34006.5,18363.51
PI0000133,2024-02-26,Add-on,North America,control,92.0,92.0,192,17664.0,10598.4
PI0000134,2024-02-26,Add-on,EMEA,price_down_10,92.0,82.8,197,16311.6,9786.96
PI0000135,2024-02-26,Add-on,LATAM,price_down_10,92.0,82.8,122,10101.6,6060.96
PI0000136,2024-02-26,Add-on,APAC,price_down_10,92.0,82.8,149,12337.2,7402.32
PI0000137,2024-02-26,Premium,North America,price_up_10,305.0,335.5,97,32543.5,12366.53
PI0000138,2024-02-26,Premium,EMEA,price_up_10,305.0,335.5,80,26840.0,10199.2
PI0000139,2024-02-26,Premium,LATAM,control,305.0,305.0,79,24095.0,9156.1
PI0000140,2024-02-26,Premium,APAC,price_up_10,305.0,335.5,76,25498.0,9689.24
PI0000141,2024-02-26,Services,North America,price_up_10,388.0,426.8,72,30729.6,9526.18
PI0000142,2024-02-26,Services,EMEA,price_down_10,388.0,349.2,62,21650.4,6711.62
PI0000143,2024-02-26,Services,LATAM,price_up_10,388.0,426.8,38,16218.4,5027.7
PI0000144,2024-02-26,Services,APAC,price_up_10,388.0,426.8,48,20486.4,6350.78
PI0000145,2024-03-04,Core,North America,price_up_10,165.0,181.5,249,45193.5,24404.49
PI0000146,2024-03-04,Core,EMEA,price_down_10,165.0,148.5,280,41580.0,22453.2
PI0000147,2024-03-04,Core,LATAM,price_down_10,165.0,148.5,210,31185.0,16839.9
PI0000148,2024-03-04,Core,APAC,price_down_10,165.0,148.5,245,36382.5,19646.55
PI0000149,2024-03-04,Add-on,North America,price_up_10,92.0,101.2,209,21150.8,12690.48
PI0000150,2024-03-04,Add-on,EMEA,price_up_10,92.0,101.2,136,13763.2,8257.92
PI0000151,2024-03-04,Add-on,LATAM,price_down_10,92.0,82.8,123,10184.4,6110.64
PI0000152,2024-03-04,Add-on,APAC,control,92.0,92.0,140,12880.0,7728.0
PI0000153,2024-03-04,Premium,North America,price_down_10,305.0,274.5,91,24979.5,9492.21
PI0000154,2024-03-04,Premium,EMEA,price_up_10,305.0,335.5,103,34556.5,13131.47
PI0000155,2024-03-04,Premium,LATAM,control,305.0,305.0,56,17080.0,6490.4
PI0000156,2024-03-04,Premium,APAC,control,305.0,305.0,68,20740.0,7881.2
PI0000157,2024-03-04,Services,North America,price_down_10,388.0,349.2,80,27936.0,8660.16
PI0000158,2024-03-04,Services,EMEA,price_down_10,388.0,349.2,68,23745.6,7361.14
PI0000159,2024-03-04,Services,LATAM,control,388.0,388.0,28,10864.0,3367.84
PI0000160,2024-03-04,Services,APAC,price_down_10,388.0,349.2,59,20602.8,6386.87
PI0000161,2024-03-11,Core,North America,price_up_10,165.0,181.5,254,46101.0,24894.54
PI0000162,2024-03-11,Core,EMEA,price_up_10,165.0,181.5,229,41563.5,22444.29
PI0000163,2024-03-11,Core,LATAM,control,165.0,165.0,150,24750.0,13365.0
PI0000164,2024-03-11,Core,APAC,control,165.0,165.0,225,37125.0,20047.5
PI0000165,2024-03-11,Add-on,North America,control,92.0,92.0,177,16284.0,9770.4
PI0000166,2024-03-11,Add-on,EMEA,control,92.0,92.0,153,14076.0,8445.6
PI0000167,2024-03-11,Add-on,LATAM,price_down_10,92.0,82.8,124,10267.2,6160.32
PI0000168,2024-03-11,Add-on,APAC,price_down_10,92.0,82.8,157,12999.6,7799.76
PI0000169,2024-03-11,Premium,North America,price_up_10,305.0,335.5,107,35898.5,13641.43
PI0000170,2024-03-11,Premium,EMEA,price_up_10,305.0,335.5,91,30530.5,11601.59
PI0000171,2024-03-11,Premium,LATAM,price_down_10,305.0,274.5,65,17842.5,6780.15
PI0000172,2024-03-11,Premium,APAC,price_up_10,305.0,335.5,64,21472.0,8159.36
PI0000173,2024-03-11,Services,North America,price_up_10,388.0,426.8,67,28595.6,8864.64
PI0000174,2024-03-11,Services,EMEA,control,388.0,388.0,54,20952.0,6495.12
PI0000175,2024-03-11,Services,LATAM,control,388.0,388.0,29,11252.0,3488.12
PI0000176,2024-03-11,Services,APAC,price_up_10,388.0,426.8,44,18779.2,5821.55
PI0000177,2024-03-18,Core,North America,price_down_10,165.0,148.5,364,54054.0,29189.16
PI0000178,2024-03-18,Core,EMEA,control,165.0,165.0,287,47355.0,25571.7
PI0000179,2024-03-18,Core,LATAM,control,165.0,165.0,131,21615.0,11672.1
PI0000180,2024-03-18,Core,APAC,price_down_10,165.0,148.5,208,30888.0,16679.52
PI0000181,2024-03-18,Add-on,North America,price_up_10,92.0,101.2,149,15078.8,9047.28
PI0000182,2024-03-18,Add-on,EMEA,control,92.0,92.0,176,16192.0,9715.2
PI0000183,2024-03-18,Add-on,LATAM,control,92.0,92.0,107,9844.0,5906.4
PI0000184,2024-03-18,Add-on,APAC,price_up_10,92.0,101.2,124,12548.8,7529.28
PI0000185,2024-03-18,Premium,North America,price_down_10,305.0,274.5,97,26626.5,10118.07
PI0000186,2024-03-18,Premium,EMEA,price_up_10,305.0,335.5,86,28853.0,10964.14
PI0000187,2024-03-18,Premium,LATAM,price_down_10,305.0,274.5,56,15372.0,5841.36
PI0000188,2024-03-18,Premium,APAC,control,305.0,305.0,65,19825.0,7533.5
PI0000189,2024-03-18,Services,North America,control,388.0,388.0,74,28712.0,8900.72
PI0000190,2024-03-18,Services,EMEA,control,388.0,388.0,102,39576.0,12268.56
PI0000191,2024-03-18,Services,LATAM,price_down_10,388.0,349.2,38,13269.6,4113.58
PI0000192,2024-03-18,Services,APAC,price_down_10,388.0,349.2,52,18158.4,5629.1
PI0000193,2024-03-25,Core,North America,control,165.0,165.0,331,54615.0,29492.1
PI0000194,2024-03-25,Core,EMEA,price_up_10,165.0,181.5,242,43923.0,23718.42
PI0000195,2024-03-25,Core,LATAM,price_down_10,165.0,148.5,187,27769.5,14995.53
PI0000196,2024-03-25,Core,APAC,price_up_10,165.0,181.5,177,32125.5,17347.77
PI0000197,2024-03-25,Add-on,North America,price_down_10,92.0,82.8,244,20203.2,12121.92
PI0000198,2024-03-25,Add-on,EMEA,price_down_10,92.0,82.8,190,15732.0,9439.2
PI0000199,2024-03-25,Add-on,LATAM,control,92.0,92.0,92,8464.0,5078.4
PI0000200,2024-03-25,Add-on,APAC,price_down_10,92.0,82.8,154,12751.2,7650.72
PI0000201,2024-03-25,Premium,North America,control,305.0,305.0,120,36600.0,13908.0
PI0000202,2024-03-25,Premium,EMEA,control,305.0,305.0,95,28975.0,11010.5
PI0000203,2024-03-25,Premium,LATAM,price_down_10,305.0,274.5,52,14274.0,5424.12
PI0000204,2024-03-25,Premium,APAC,price_up_10,305.0,335.5,73,24491.5,9306.77
PI0000205,2024-03-25,Services,North America,price_down_10,388.0,349.2,70,24444.0,7577.64
PI0000206,2024-03-25,Services,EMEA,price_up_10,388.0,426.8,64,27315.2,8467.71
PI0000207,2024-03-25,Services,LATAM,price_up_10,388.0,426.8,33,14084.4,4366.16
PI0000208,2024-03-25,Services,APAC,control,388.0,388.0,53,20564.0,6374.84
PI0000209,2024-04-01,Core,North America,control,165.0,165.0,330,54450.0,29403.0
PI0000210,2024-04-01,Core,EMEA,price_down_10,165.0,148.5,305,45292.5,24457.95
PI0000211,2024-04-01,Core,LATAM,price_down_10,165.0,148.5,181,26878.5,14514.39
PI0000212,2024-04-01,Core,APAC,control,165.0,165.0,225,37125.0,20047.5
PI0000213,2024-04-01,Add-on,North America,price_down_10,92.0,82.8,217,17967.6,10780.56
PI0000214,2024-04-01,Add-on,EMEA,control,92.0,92.0,166,15272.0,9163.2
PI0000215,2024-04-01,Add-on,LATAM,control,92.0,92.0,145,13340.0,8004.0
PI0000216,2024-04-01,Add-on,APAC,control,92.0,92.0,131,12052.0,7231.2
PI0000217,2024-04-01,Premium,North America,price_up_10,305.0,335.5,103,34556.5,13131.47
PI0000218,2024-04-01,Premium,EMEA,price_down_10,305.0,274.5,117,32116.5,12204.27
PI0000219,2024-04-01,Premium,LATAM,price_down_10,305.0,274.5,79,21685.5,8240.49
PI0000220,2024-04-01,Premium,APAC,price_down_10,305.0,274.5,82,22509.0,8553.42
PI0000221,2024-04-01,Services,North America,control,388.0,388.0,55,21340.0,6615.4
PI0000222,2024-04-01,Services,EMEA,price_down_10,388.0,349.2,67,23396.4,7252.88
PI0000223,2024-04-01,Services,LATAM,price_down_10,388.0,349.2,40,13968.0,4330.08
PI0000224,2024-04-01,Services,APAC,price_down_10,388.0,349.2,53,18507.6,5737.36
PI0000225,2024-04-08,Core,North America,price_up_10,165.0,181.5,307,55720.5,30089.07
PI0000226,2024-04-08,Core,EMEA,price_down_10,165.0,148.5,302,44847.0,24217.38
PI0000227,2024-04-08,Core,LATAM,price_down_10,165.0,148.5,183,27175.5,14674.77
PI0000228,2024-04-08,Core,APAC,control,165.0,165.0,204,33660.0,18176.4
PI0000229,2024-04-08,Add-on,North America,price_up_10,92.0,101.2,183,18519.6,11111.76
PI0000230,2024-04-08,Add-on,EMEA,control,92.0,92.0,192,17664.0,10598.4
PI0000231,2024-04-08,Add-on,LATAM,price_down_10,92.0,82.8,111,9190.8,5514.48
PI0000232,2024-04-08,Add-on,APAC,control,92.0,92.0,181,16652.0,9991.2
PI0000233,2024-04-08,Premium,North America,price_up_10,305.0,335.5,93,31201.5,11856.57
PI0000234,2024-04-08,Premium,EMEA,price_up_10,305.0,335.5,79,26504.5,10071.71
PI0000235,2024-04-08,Premium,LATAM,control,305.0,305.0,60,18300.0,6954.0
PI0000236,2024-04-08,Premium,APAC,price_down_10,305.0,274.5,73,20038.5,7614.63
PI0000237,2024-04-08,Services,North America,control,388.0,388.0,68,26384.0,8179.04
PI0000238,2024-04-08,Services,EMEA,price_up_10,388.0,426.8,51,21766.8,6747.71
PI0000239,2024-04-08,Services,LATAM,price_up_10,388.0,426.8,45,19206.0,5953.86
PI0000240,2024-04-08,Services,APAC,control,388.0,388.0,43,16684.0,5172.04
PI0000241,2024-04-15,Core,North America,price_up_10,165.0,181.5,242,43923.0,23718.42
PI0000242,2024-04-15,Core,EMEA,control,165.0,165.0,298,49170.0,26551.8
PI0000243,2024-04-15,Core,LATAM,price_down_10,165.0,148.5,190,28215.0,15236.1
PI0000244,2024-04-15,Core,APAC,price_down_10,165.0,148.5,237,35194.5,19005.03
PI0000245,2024-04-15,Add-on,North America,price_up_10,92.0,101.2,182,18418.4,11051.04
PI0000246,2024-04-15,Add-on,EMEA,price_down_10,92.0,82.8,189,15649.2,9389.52
PI0000247,2024-04-15,Add-on,LATAM,price_up_10,92.0,101.2,76,7691.2,4614.72
PI0000248,2024-04-15,Add-on,APAC,price_up_10,92.0,101.2,146,14775.2,8865.12
PI0000249,2024-04-15,Premium,North America,control,305.0,305.0,106,32330.0,12285.4
PI0000250,2024-04-15,Premium,EMEA,price_up_10,305.0,335.5,84,28182.0,10709.16
PI0000251,2024-04-15,Premium,LATAM,price_up_10,305.0,335.5,56,18788.0,7139.44
PI0000252,2024-04-15,Premium,APAC,price_down_10,305.0,274.5,84,23058.0,8762.04
PI0000253,2024-04-15,Services,North America,price_up_10,388.0,426.8,69,29449.2,9129.25
PI0000254,2024-04-15,Services,EMEA,price_up_10,388.0,426.8,55,23474.0,7276.94
PI0000255,2024-04-15,Services,LATAM,control,388.0,388.0,45,17460.0,5412.6
PI0000256,2024-04-15,Services,APAC,control,388.0,388.0,41,15908.0,4931.48
PI0000257,2024-04-22,Core,North America,price_up_10,165.0,181.5,295,53542.5,28912.95
PI0000258,2024-04-22,Core,EMEA,price_up_10,165.0,181.5,215,39022.5,21072.15
PI0000259,2024-04-22,Core,LATAM,price_down_10,165.0,148.5,190,28215.0,15236.1
PI0000260,2024-04-22,Core,APAC,price_up_10,165.0,181.5,168,30492.0,16465.68
PI0000261,2024-04-22,Add-on,North America,control,92.0,92.0,232,21344.0,12806.4
PI0000262,2024-04-22,Add-on,EMEA,price_up_10,92.0,101.2,152,15382.4,9229.44
PI0000263,2024-04-22,Add-on,LATAM,price_down_10,92.0,82.8,148,12254.4,7352.64
PI0000264,2024-04-22,Add-on,APAC,price_down_10,92.0,82.8,143,11840.4,7104.24
PI0000265,2024-04-22,Premium,North America,control,305.0,305.0,118,35990.0,13676.2
PI0000266,2024-04-22,Premium,EMEA,price_down_10,305.0,274.5,94,25803.0,9805.14
PI0000267,2024-04-22,Premium,LATAM,price_up_10,305.0,335.5,57,19123.5,7266.93
PI0000268,2024-04-22,Premium,APAC,control,305.0,305.0,52,15860.0,6026.8
PI0000269,2024-04-22,Services,North America,price_down_10,388.0,349.2,71,24793.2,7685.89
PI0000270,2024-04-22,Services,EMEA,price_up_10,388.0,426.8,53,22620.4,7012.32
PI0000271,2024-04-22,Services,LATAM,price_down_10,388.0,349.2,42,14666.4,4546.58
PI0000272,2024-04-22,Services,APAC,price_up_10,388.0,426.8,39,16645.2,5160.01
PI0000273,2024-04-29,Core,North America,price_up_10,165.0,181.5,296,53724.0,29010.96
PI0000274,2024-04-29,Core,EMEA,price_up_10,165.0,181.5,210,38115.0,20582.1
PI0000275,2024-04-29,Core,LATAM,control,165.0,165.0,150,24750.0,13365.0
PI0000276,2024-04-29,Core,APAC,price_up_10,165.0,181.5,153,27769.5,14995.53
PI0000277,2024-04-29,Add-on,North America,price_up_10,92.0,101.2,175,17710.0,10626.0
PI0000278,2024-04-29,Add-on,EMEA,price_down_10,92.0,82.8,214,17719.2,10631.52
PI0000279,2024-04-29,Add-on,LATAM,control,92.0,92.0,89,8188.0,4912.8
PI0000280,2024-04-29,Add-on,APAC,price_up_10,92.0,101.2,106,10727.2,6436.32
PI0000281,2024-04-29,Premium,North America,control,305.0,305.0,109,33245.0,12633.1
PI0000282,2024-04-29,Premium,EMEA,control,305.0,305.0,89,27145.0,10315.1
PI0000283,2024-04-29,Premium,LATAM,price_up_10,305.0,335.5,48,16104.0,6119.52
PI0000284,2024-04-29,Premium,APAC,control,305.0,305.0,77,23485.0,8924.3
PI0000285,2024-04-29,Services,North America,price_down_10,388.0,349.2,96,33523.2,10392.19
PI0000286,2024-04-29,Services,EMEA,price_up_10,388.0,426.8,60,25608.0,7938.48
PI0000287,2024-04-29,Services,LATAM,price_up_10,388.0,426.8,37,15791.6,4895.4
PI0000288,2024-04-29,Services,APAC,price_down_10,388.0,349.2,72,25142.4,7794.14
PI0000289,2024-05-06,Core,North America,price_down_10,165.0,148.5,362,53757.0,29028.78
PI0000290,2024-05-06,Core,EMEA,price_up_10,165.0,181.5,193,35029.5,18915.93
PI0000291,2024-05-06,Core,LATAM,control,165.0,165.0,178,29370.0,15859.8
PI0000292,2024-05-06,Core,APAC,control,165.0,165.0,200,33000.0,17820.0
PI0000293,2024-05-06,Add-on,North America,price_up_10,92.0,101.2,192,19430.4,11658.24
PI0000294,2024-05-06,Add-on,EMEA,price_up_10,92.0,101.2,177,17912.4,10747.44
PI0000295,2024-05-06,Add-on,LATAM,price_up_10,92.0,101.2,71,7185.2,4311.12
PI0000296,2024-05-06,Add-on,APAC,control,92.0,92.0,162,14904.0,8942.4
PI0000297,2024-05-06,Premium,North America,price_up_10,305.0,335.5,107,35898.5,13641.43
PI0000298,2024-05-06,Premium,EMEA,price_up_10,305.0,335.5,98,32879.0,12494.02
PI0000299,2024-05-06,Premium,LATAM,price_up_10,305.0,335.5,65,21807.5,8286.85
PI0000300,2024-05-06,Premium,APAC,price_down_10,305.0,274.5,93,25528.5,9700.83
PI0000301,2024-05-06,Services,North America,price_down_10,388.0,349.2,73,25491.6,7902.4
PI0000302,2024-05-06,Services,EMEA,control,388.0,388.0,60,23280.0,7216.8
PI0000303,2024-05-06,Services,LATAM,control,388.0,388.0,40,15520.0,4811.2
PI0000304,2024-05-06,Services,APAC,price_down_10,388.0,349.2,56,19555.2,6062.11
PI0000305,2024-05-13,Core,North America,price_down_10,165.0,148.5,355,52717.5,28467.45
PI0000306,2024-05-13,Core,EMEA,price_down_10,165.0,148.5,273,40540.5,21891.87
PI0000307,2024-05-13,Core,LATAM,control,165.0,165.0,148,24420.0,13186.8
PI0000308,2024-05-13,Core,APAC,price_up_10,165.0,181.5,201,36481.5,19700.01
PI0000309,2024-05-13,Add-on,North America,price_down_10,92.0,82.8,270,22356.0,13413.6
PI0000310,2024-05-13,Add-on,EMEA,price_down_10,92.0,82.8,182,15069.6,9041.76
PI0000311,2024-05-13,Add-on,LATAM,price_up_10,92.0,101.2,94,9512.8,5707.68
PI0000312,2024-05-13,Add-on,APAC,price_down_10,92.0,82.8,170,14076.0,8445.6
PI0000313,2024-05-13,Premium,North America,price_down_10,305.0,274.5,109,29920.5,11369.79
PI0000314,2024-05-13,Premium,EMEA,price_down_10,305.0,274.5,83,22783.5,8657.73
PI0000315,2024-05-13,Premium,LATAM,control,305.0,305.0,65,19825.0,7533.5
PI0000316,2024-05-13,Premium,APAC,control,305.0,305.0,80,24400.0,9272.0
PI0000317,2024-05-13,Services,North America,price_down_10,388.0,349.2,67,23396.4,7252.88
PI0000318,2024-05-13,Services,EMEA,price_down_10,388.0,349.2,46,16063.2,4979.59
PI0000319,2024-05-13,Services,LATAM,price_up_10,388.0,426.8,38,16218.4,5027.7
PI0000320,2024-05-13,Services,APAC,price_up_10,388.0,426.8,53,22620.4,7012.32
PI0000321,2024-05-20,Core,North America,price_up_10,165.0,181.5,251,45556.5,24600.51
PI0000322,2024-05-20,Core,EMEA,price_up_10,165.0,181.5,211,38296.5,20680.11
PI0000323,2024-05-20,Core,LATAM,price_down_10,165.0,148.5,176,26136.0,14113.44
PI0000324,2024-05-20,Core,APAC,price_up_10,165.0,181.5,173,31399.5,16955.73
PI0000325,2024-05-20,Add-on,North America,price_down_10,92.0,82.8,281,23266.8,13960.08
PI0000326,2024-05-20,Add-on,EMEA,price_down_10,92.0,82.8,186,15400.8,9240.48
PI0000327,2024-05-20,Add-on,LATAM,control,92.0,92.0,120,11040.0,6624.0
PI0000328,2024-05-20,Add-on,APAC,control,92.0,92.0,114,10488.0,6292.8
PI0000329,2024-05-20,Premium,North America,control,305.0,305.0,88,26840.0,10199.2
PI0000330,2024-05-20,Premium,EMEA,price_down_10,305.0,274.5,79,21685.5,8240.49
PI0000331,2024-05-20,Premium,LATAM,control,305.0,305.0,53,16165.0,6142.7
PI0000332,2024-05-20,Premium,APAC,control,305.0,305.0,75,22875.0,8692.5
PI0000333,2024-05-20,Services,North America,price_down_10,388.0,349.2,76,26539.2,8227.15
PI0000334,2024-05-20,Services,EMEA,price_up_10,388.0,426.8,47,20059.6,6218.48
PI0000335,2024-05-20,Services,LATAM,control,388.0,388.0,32,12416.0,3848.96
PI0000336,2024-05-20,Services,APAC,price_down_10,388.0,349.2,49,17110.8,5304.35
PI0000337,2024-05-27,Core,North America,price_up_10,165.0,181.5,254,46101.0,24894.54
PI0000338,2024-05-27,Core,EMEA,price_up_10,165.0,181.5,236,42834.0,23130.36
PI0000339,2024-05-27,Core,LATAM,control,165.0,165.0,138,22770.0,12295.8
PI0000340,2024-05-27,Core,APAC,control,165.0,165.0,187,30855.0,16661.7
PI0000341,2024-05-27,Add-on,North America,price_down_10,92.0,82.8,222,18381.6,11028.96
PI0000342,2024-05-27,Add-on,EMEA,control,92.0,92.0,203,18676.0,11205.6
PI0000343,2024-05-27,Add-on,LATAM,price_down_10,92.0,82.8,105,8694.0,5216.4
PI0000344,2024-05-27,Add-on,APAC,price_up_10,92.0,101.2,96,9715.2,5829.12
PI0000345,2024-05-27,Premium,North America,control,305.0,305.0,92,28060.0,10662.8
PI0000346,2024-05-27,Premium,EMEA,control,305.0,305.0,92,28060.0,10662.8
PI0000347,2024-05-27,Premium,LATAM,price_down_10,305.0,274.5,43,11803.5,4485.33
PI0000348,2024-05-27,Premium,APAC,control,305.0,305.0,78,23790.0,9040.2
PI0000349,2024-05-27,Services,North America,price_up_10,388.0,426.8,67,28595.6,8864.64
PI0000350,2024-05-27,Services,EMEA,control,388.0,388.0,52,20176.0,6254.56
PI0000351,2024-05-27,Services,LATAM,price_up_10,388.0,426.8,33,14084.4,4366.16
PI0000352,2024-05-27,Services,APAC,price_up_10,388.0,426.8,41,17498.8,5424.63
PI0000353,2024-06-03,Core,North America,price_up_10,165.0,181.5,251,45556.5,24600.51
PI0000354,2024-06-03,Core,EMEA,price_down_10,165.0,148.5,238,35343.0,19085.22
PI0000355,2024-06-03,Core,LATAM,price_down_10,165.0,148.5,142,21087.0,11386.98
PI0000356,2024-06-03,Core,APAC,price_down_10,165.0,148.5,216,32076.0,17321.04
PI0000357,2024-06-03,Add-on,North America,price_up_10,92.0,101.2,144,14572.8,8743.68
PI0000358,2024-06-03,Add-on,EMEA,price_down_10,92.0,82.8,210,17388.0,10432.8
PI0000359,2024-06-03,Add-on,LATAM,price_down_10,92.0,82.8,109,9025.2,5415.12
PI0000360,2024-06-03,Add-on,APAC,price_up_10,92.0,101.2,117,11840.4,7104.24
PI0000361,2024-06-03,Premium,North America,control,305.0,305.0,108,32940.0,12517.2
PI0000362,2024-06-03,Premium,EMEA,control,305.0,305.0,90,27450.0,10431.0
PI0000363,2024-06-03,Premium,LATAM,price_down_10,305.0,274.5,50,13725.0,5215.5
PI0000364,2024-06-03,Premium,APAC,control,305.0,305.0,63,19215.0,7301.7
PI0000365,2024-06-03,Services,North America,control,388.0,388.0,66,25608.0,7938.48
PI0000366,2024-06-03,Services,EMEA,price_down_10,388.0,349.2,60,20952.0,6495.12
PI0000367,2024-06-03,Services,LATAM,control,388.0,388.0,28,10864.0,3367.84
PI0000368,2024-06-03,Services,APAC,price_up_10,388.0,426.8,42,17925.6,5556.94
PI0000369,2024-06-10,Core,North America,price_down_10,165.0,148.5,368,54648.0,29509.92
PI0000370,2024-06-10,Core,EMEA,price_up_10,165.0,181.5,189,34303.5,18523.89
PI0000371,2024-06-10,Core,LATAM,price_down_10,165.0,148.5,182,27027.0,14594.58
PI0000372,2024-06-10,Core,APAC,price_down_10,165.0,148.5,248,36828.0,19887.12
PI0000373,2024-06-10,Add-on,North America,price_up_10,92.0,101.2,156,15787.2,9472.32
PI0000374,2024-06-10,Add-on,EMEA,price_down_10,92.0,82.8,168,13910.4,8346.24
PI0000375,2024-06-10,Add-on,LATAM,price_up_10,92.0,101.2,67,6780.4,4068.24
PI0000376,2024-06-10,Add-on,APAC,price_up_10,92.0,101.2,82,8298.4,4979.04
PI0000377,2024-06-10,Premium,North America,price_down_10,305.0,274.5,130,35685.0,13560.3
PI0000378,2024-06-10,Premium,EMEA,price_up_10,305.0,335.5,75,25162.5,9561.75
PI0000379,2024-06-10,Premium,LATAM,control,305.0,305.0,37,11285.0,4288.3
PI0000380,2024-06-10,Premium,APAC,control,305.0,305.0,65,19825.0,7533.5
PI0000381,2024-06-10,Services,North America,price_up_10,388.0,426.8,77,32863.6,10187.72
PI0000382,2024-06-10,Services,EMEA,price_up_10,388.0,426.8,44,18779.2,5821.55
PI0000383,2024-06-10,Services,LATAM,price_up_10,388.0,426.8,21,8962.8,2778.47
PI0000384,2024-06-10,Services,APAC,price_up_10,388.0,426.8,41,17498.8,5424.63
PI0000385,2024-06-17,Core,North America,control,165.0,165.0,238,39270.0,21205.8
PI0000386,2024-06-17,Core,EMEA,control,165.0,165.0,210,34650.0,18711.0
PI0000387,2024-06-17,Core,LATAM,control,165.0,165.0,169,27885.0,15057.9
PI0000388,2024-06-17,Core,APAC,price_up_10,165.0,181.5,171,31036.5,16759.71
PI0000389,2024-06-17,Add-on,North America,price_down_10,92.0,82.8,204,16891.2,10134.72
PI0000390,2024-06-17,Add-on,EMEA,price_down_10,92.0,82.8,210,17388.0,10432.8
PI0000391,2024-06-17,Add-on,LATAM,price_up_10,92.0,101.2,86,8703.2,5221.92
PI0000392,2024-06-17,Add-on,APAC,price_up_10,92.0,101.2,95,9614.0,5768.4
PI0000393,2024-06-17,Premium,North America,price_down_10,305.0,274.5,109,29920.5,11369.79
PI0000394,2024-06-17,Premium,EMEA,price_up_10,305.0,335.5,99,33214.5,12621.51
PI0000395,2024-06-17,Premium,LATAM,price_down_10,305.0,274.5,55,15097.5,5737.05
PI0000396,2024-06-17,Premium,APAC,control,305.0,305.0,59,17995.0,6838.1
PI0000397,2024-06-17,Services,North America,price_down_10,388.0,349.2,76,26539.2,8227.15
PI0000398,2024-06-17,Services,EMEA,price_down_10,388.0,349.2,45,15714.0,4871.34
PI0000399,2024-06-17,Services,LATAM,price_up_10,388.0,426.8,32,13657.6,4233.86
PI0000400,2024-06-17,Services,APAC,price_down_10,388.0,349.2,55,19206.0,5953.86
PI0000401,2024-06-24,Core,North America,price_down_10,165.0,148.5,330,49005.0,26462.7
PI0000402,2024-06-24,Core,EMEA,price_up_10,165.0,181.5,195,35392.5,19111.95
PI0000403,2024-06-24,Core,LATAM,price_down_10,165.0,148.5,174,25839.0,13953.06
PI0000404,2024-06-24,Core,APAC,price_down_10,165.0,148.5,160,23760.0,12830.4
PI0000405,2024-06-24,Add-on,North America,price_down_10,92.0,82.8,222,18381.6,11028.96
PI0000406,2024-06-24,Add-on,EMEA,price_up_10,92.0,101.2,142,14370.4,8622.24
PI0000407,2024-06-24,Add-on,LATAM,price_down_10,92.0,82.8,132,10929.6,6557.76
PI0000408,2024-06-24,Add-on,APAC,price_up_10,92.0,101.2,87,8804.4,5282.64
PI0000409,2024-06-24,Premium,North America,price_up_10,305.0,335.5,103,34556.5,13131.47
PI0000410,2024-06-24,Premium,EMEA,control,305.0,305.0,87,26535.0,10083.3
PI0000411,2024-06-24,Premium,LATAM,price_down_10,305.0,274.5,56,15372.0,5841.36
PI0000412,2024-06-24,Premium,APAC,price_up_10,305.0,335.5,64,21472.0,8159.36
PI0000413,2024-06-24,Services,North America,price_down_10,388.0,349.2,71,24793.2,7685.89
PI0000414,2024-06-24,Services,EMEA,control,388.0,388.0,41,15908.0,4931.48
PI0000415,2024-06-24,Services,LATAM,price_down_10,388.0,349.2,39,13618.8,4221.83
PI0000416,2024-06-24,Services,APAC,price_up_10,388.0,426.8,40,17072.0,5292.32
PI0000417,2024-07-01,Core,North America,price_up_10,165.0,181.5,204,37026.0,19994.04
PI0000418,2024-07-01,Core,EMEA,price_down_10,165.0,148.5,231,34303.5,18523.89
PI0000419,2024-07-01,Core,LATAM,price_up_10,165.0,181.5,138,25047.0,13525.38
PI0000420,2024-07-01,Core,APAC,price_down_10,165.0,148.5,242,35937.0,19405.98
PI0000421,2024-07-01,Add-on,North America,price_down_10,92.0,82.8,220,18216.0,10929.6
PI0000422,2024-07-01,Add-on,EMEA,price_up_10,92.0,101.2,106,10727.2,6436.32
PI0000423,2024-07-01,Add-on,LATAM,control,92.0,92.0,89,8188.0,4912.8
PI0000424,2024-07-01,Add-on,APAC,price_down_10,92.0,82.8,113,9356.4,5613.84
PI0000425,2024-07-01,Premium,North America,price_up_10,305.0,335.5,92,30866.0,11729.08
PI0000426,2024-07-01,Premium,EMEA,price_down_10,305.0,274.5,107,29371.5,11161.17
PI0000427,2024-07-01,Premium,LATAM,price_up_10,305.0,335.5,44,14762.0,5609.56
PI0000428,2024-07-01,Premium,APAC,price_up_10,305.0,335.5,56,18788.0,7139.44
PI0000429,2024-07-01,Services,North America,price_up_10,388.0,426.8,65,27742.0,8600.02
PI0000430,2024-07-01,Services,EMEA,price_up_10,388.0,426.8,54,23047.2,7144.63
PI0000431,2024-07-01,Services,LATAM,price_up_10,388.0,426.8,35,14938.0,4630.78
PI0000432,2024-07-01,Services,APAC,price_down_10,388.0,349.2,45,15714.0,4871.34
PI0000433,2024-07-08,Core,North America,price_up_10,165.0,181.5,224,40656.0,21954.24
PI0000434,2024-07-08,Core,EMEA,control,165.0,165.0,181,29865.0,16127.1
PI0000435,2024-07-08,Core,LATAM,control,165.0,165.0,136,22440.0,12117.6
PI0000436,2024-07-08,Core,APAC,price_down_10,165.0,148.5,173,25690.5,13872.87
PI0000437,2024-07-08,Add-on,North America,price_up_10,92.0,101.2,152,15382.4,9229.44
PI0000438,2024-07-08,Add-on,EMEA,price_up_10,92.0,101.2,130,13156.0,7893.6
PI0000439,2024-07-08,Add-on,LATAM,price_up_10,92.0,101.2,96,9715.2,5829.12
PI0000440,2024-07-08,Add-on,APAC,control,92.0,92.0,113,10396.0,6237.6
PI0000441,2024-07-08,Premium,North America,price_down_10,305.0,274.5,106,29097.0,11056.86
PI0000442,2024-07-08,Premium,EMEA,price_up_10,305.0,335.5,96,32208.0,12239.04
PI0000443,2024-07-08,Premium,LATAM,control,305.0,305.0,56,17080.0,6490.4
PI0000444,2024-07-08,Premium,APAC,price_down_10,305.0,274.5,76,20862.0,7927.56
PI0000445,2024-07-08,Services,North America,price_down_10,388.0,349.2,82,28634.4,8876.66
PI0000446,2024-07-08,Services,EMEA,price_down_10,388.0,349.2,47,16412.4,5087.84
PI0000447,2024-07-08,Services,LATAM,control,388.0,388.0,43,16684.0,5172.04
PI0000448,2024-07-08,Services,APAC,price_down_10,388.0,349.2,46,16063.2,4979.59
PI0000449,2024-07-15,Core,North America,price_down_10,165.0,148.5,296,43956.0,23736.24
PI0000450,2024-07-15,Core,EMEA,price_down_10,165.0,148.5,213,31630.5,17080.47
PI0000451,2024-07-15,Core,LATAM,price_up_10,165.0,181.5,136,24684.0,13329.36
PI0000452,2024-07-15,Core,APAC,control,165.0,165.0,172,28380.0,15325.2
PI0000453,2024-07-15,Add-on,North America,price_down_10,92.0,82.8,207,17139.6,10283.76
PI0000454,2024-07-15,Add-on,EMEA,price_up_10,92.0,101.2,105,10626.0,6375.6
PI0000455,2024-07-15,Add-on,LATAM,price_up_10,92.0,101.2,84,8500.8,5100.48
PI0000456,2024-07-15,Add-on,APAC,price_up_10,92.0,101.2,124,12548.8,7529.28
PI0000457,2024-07-15,Premium,North America,control,305.0,305.0,88,26840.0,10199.2
PI0000458,2024-07-15,Premium,EMEA,price_up_10,305.0,335.5,68,22814.0,8669.32
PI0000459,2024-07-15,Premium,LATAM,control,305.0,305.0,81,24705.0,9387.9
PI0000460,2024-07-15,Premium,APAC,price_up_10,305.0,335.5,62,20801.0,7904.38
PI0000461,2024-07-15,Services,North America,price_down_10,388.0,349.2,52,18158.4,5629.1
PI0000462,2024-07-15,Services,EMEA,price_up_10,388.0,426.8,35,14938.0,4630.78
PI0000463,2024-07-15,Services,LATAM,price_down_10,388.0,349.2,26,9079.2,2814.55
PI0000464,2024-07-15,Services,APAC,control,388.0,388.0,36,13968.0,4330.08
PI0000465,2024-07-22,Core,North America,price_down_10,165.0,148.5,311,46183.5,24939.09
PI0000466,2024-07-22,Core,EMEA,price_down_10,165.0,148.5,236,35046.0,18924.84
PI0000467,2024-07-22,Core,LATAM,price_up_10,165.0,181.5,113,20509.5,11075.13
PI0000468,2024-07-22,Core,APAC,control,165.0,165.0,180,29700.0,16038.0
PI0000469,2024-07-22,Add-on,North America,price_up_10,92.0,101.2,111,11233.2,6739.92
PI0000470,2024-07-22,Add-on,EMEA,price_up_10,92.0,101.2,138,13965.6,8379.36
PI0000471,2024-07-22,Add-on,LATAM,price_up_10,92.0,101.2,74,7488.8,4493.28
PI0000472,2024-07-22,Add-on,APAC,control,92.0,92.0,108,9936.0,5961.6
PI0000473,2024-07-22,Premium,North America,price_up_10,305.0,335.5,70,23485.0,8924.3
PI0000474,2024-07-22,Premium,EMEA,price_up_10,305.0,335.5,82,27511.0,10454.18
PI0000475,2024-07-22,Premium,LATAM,price_up_10,305.0,335.5,52,17446.0,6629.48
PI0000476,2024-07-22,Premium,APAC,price_down_10,305.0,274.5,60,16470.0,6258.6
PI0000477,2024-07-22,Services,North America,price_down_10,388.0,349.2,58,20253.6,6278.62
PI0000478,2024-07-22,Services,EMEA,control,388.0,388.0,35,13580.0,4209.8
PI0000479,2024-07-22,Services,LATAM,price_down_10,388.0,349.2,41,14317.2,4438.33
PI0000480,2024-07-22,Services,APAC,control,388.0,388.0,39,15132.0,4690.92
PI0000481,2024-07-29,Core,North America,price_down_10,165.0,148.5,300,44550.0,24057.0
PI0000482,2024-07-29,Core,EMEA,price_down_10,165.0,148.5,219,32521.5,17561.61
PI0000483,2024-07-29,Core,LATAM,control,165.0,165.0,129,21285.0,11493.9
PI0000484,2024-07-29,Core,APAC,control,165.0,165.0,152,25080.0,13543.2
PI0000485,2024-07-29,Add-on,North America,price_up_10,92.0,101.2,155,15686.0,9411.6
PI0000486,2024-07-29,Add-on,EMEA,price_down_10,92.0,82.8,185,15318.0,9190.8
PI0000487,2024-07-29,Add-on,LATAM,price_up_10,92.0,101.2,66,6679.2,4007.52
PI0000488,2024-07-29,Add-on,APAC,control,92.0,92.0,105,9660.0,5796.0
PI0000489,2024-07-29,Premium,North America,control,305.0,305.0,105,32025.0,12169.5
PI0000490,2024-07-29,Premium,EMEA,price_up_10,305.0,335.5,58,19459.0,7394.42
PI0000491,2024-07-29,Premium,LATAM,price_down_10,305.0,274.5,68,18666.0,7093.08
PI0000492,2024-07-29,Premium,APAC,price_down_10,305.0,274.5,74,20313.0,7718.94
PI0000493,2024-07-29,Services,North America,price_up_10,388.0,426.8,61,26034.8,8070.79
PI0000494,2024-07-29,Services,EMEA,control,388.0,388.0,47,18236.0,5653.16
PI0000495,2024-07-29,Services,LATAM,control,388.0,388.0,18,6984.0,2165.04
PI0000496,2024-07-29,Services,APAC,price_down_10,388.0,349.2,46,16063.2,4979.59
PI0000497,2024-08-05,Core,North America,control,165.0,165.0,292,48180.0,26017.2
PI0000498,2024-08-05,Core,EMEA,price_up_10,165.0,181.5,207,37570.5,20288.07
PI0000499,2024-08-05,Core,LATAM,price_down_10,165.0,148.5,169,25096.5,13552.11
PI0000500,2024-08-05,Core,APAC,control,165.0,165.0,175,28875.0,15592.5
PI0000501,2024-08-05,Add-on,North America,price_up_10,92.0,101.2,149,15078.8,9047.28
PI0000502,2024-08-05,Add-on,EMEA,price_up_10,92.0,101.2,106,10727.2,6436.32
PI0000503,2024-08-05,Add-on,LATAM,price_up_10,92.0,101.2,62,6274.4,3764.64
PI0000504,2024-08-05,Add-on,APAC,price_down_10,92.0,82.8,162,13413.6,8048.16
PI0000505,2024-08-05,Premium,North America,price_down_10,305.0,274.5,120,32940.0,12517.2
PI0000506,2024-08-05,Premium,EMEA,price_down_10,305.0,274.5,80,21960.0,8344.8
PI0000507,2024-08-05,Premium,LATAM,control,305.0,305.0,42,12810.0,4867.8
PI0000508,2024-08-05,Premium,APAC,price_down_10,305.0,274.5,55,15097.5,5737.05
PI0000509,2024-08-05,Services,North America,price_up_10,388.0,426.8,44,18779.2,5821.55
PI0000510,2024-08-05,Services,EMEA,control,388.0,388.0,49,19012.0,5893.72
PI0000511,2024-08-05,Services,LATAM,price_up_10,388.0,426.8,29,12377.2,3836.93
PI0000512,2024-08-05,Services,APAC,control,388.0,388.0,33,12804.0,3969.24
PI0000513,2024-08-12,Core,North America,control,165.0,165.0,256,42240.0,22809.6
PI0000514,2024-08-12,Core,EMEA,price_up_10,165.0,181.5,190,34485.0,18621.9
PI0000515,2024-08-12,Core,LATAM,price_down_10,165.0,148.5,159,23611.5,12750.21
PI0000516,2024-08-12,Core,APAC,price_down_10,165.0,148.5,182,27027.0,14594.58
PI0000517,2024-08-12,Add-on,North America,price_up_10,92.0,101.2,168,17001.6,10200.96
PI0000518,2024-08-12,Add-on,EMEA,price_up_10,92.0,101.2,122,12346.4,7407.84
PI0000519,2024-08-12,Add-on,LATAM,control,92.0,92.0,86,7912.0,4747.2
PI0000520,2024-08-12,Add-on,APAC,control,92.0,92.0,95,8740.0,5244.0
PI0000521,2024-08-12,Premium,North America,price_down_10,305.0,274.5,74,20313.0,7718.94
PI0000522,2024-08-12,Premium,EMEA,control,305.0,305.0,80,24400.0,9272.0
PI0000523,2024-08-12,Premium,LATAM,price_up_10,305.0,335.5,43,14426.5,5482.07
PI0000524,2024-08-12,Premium,APAC,price_up_10,305.0,335.5,54,18117.0,6884.46
PI0000525,2024-08-12,Services,North America,control,388.0,388.0,57,22116.0,6855.96
PI0000526,2024-08-12,Services,EMEA,price_up_10,388.0,426.8,41,17498.8,5424.63
PI0000527,2024-08-12,Services,LATAM,price_down_10,388.0,349.2,36,12571.2,3897.07
PI0000528,2024-08-12,Services,APAC,price_up_10,388.0,426.8,44,18779.2,5821.55
PI0000529,2024-08-19,Core,North America,price_down_10,165.0,148.5,303,44995.5,24297.57
PI0000530,2024-08-19,Core,EMEA,price_up_10,165.0,181.5,168,30492.0,16465.68
PI0000531,2024-08-19,Core,LATAM,price_up_10,165.0,181.5,118,21417.0,11565.18
PI0000532,2024-08-19,Core,APAC,price_down_10,165.0,148.5,234,34749.0,18764.46
PI0000533,2024-08-19,Add-on,North America,control,92.0,92.0,168,15456.0,9273.6
PI0000534,2024-08-19,Add-on,EMEA,price_down_10,92.0,82.8,193,15980.4,9588.24
PI0000535,2024-08-19,Add-on,LATAM,price_down_10,92.0,82.8,101,8362.8,5017.68
PI0000536,2024-08-19,Add-on,APAC,price_up_10,92.0,101.2,95,9614.0,5768.4
PI0000537,2024-08-19,Premium,North America,price_up_10,305.0,335.5,76,25498.0,9689.24
PI0000538,2024-08-19,Premium,EMEA,price_up_10,305.0,335.5,66,22143.0,8414.34
PI0000539,2024-08-19,Premium,LATAM,price_down_10,305.0,274.5,38,10431.0,3963.78
PI0000540,2024-08-19,Premium,APAC,control,305.0,305.0,59,17995.0,6838.1
PI0000541,2024-08-19,Services,North America,price_up_10,388.0,426.8,49,20913.2,6483.09
PI0000542,2024-08-19,Services,EMEA,price_up_10,388.0,426.8,43,18352.4,5689.24
PI0000543,2024-08-19,Services,LATAM,control,388.0,388.0,21,8148.0,2525.88
PI0000544,2024-08-19,Services,APAC,price_down_10,388.0,349.2,32,11174.4,3464.06
PI0000545,2024-08-26,Core,North America,price_up_10,165.0,181.5,233,42289.5,22836.33
PI0000546,2024-08-26,Core,EMEA,price_up_10,165.0,181.5,187,33940.5,18327.87
PI0000547,2024-08-26,Core,LATAM,price_down_10,165.0,148.5,174,25839.0,13953.06
PI0000548,2024-08-26,Core,APAC,price_up_10,165.0,181.5,166,30129.0,16269.66
PI0000549,2024-08-26,Add-on,North America,price_down_10,92.0,82.8,190,15732.0,9439.2
PI0000550,2024-08-26,Add-on,EMEA,control,92.0,92.0,163,14996.0,8997.6
PI0000551,2024-08-26,Add-on,LATAM,price_down_10,92.0,82.8,113,9356.4,5613.84
PI0000552,2024-08-26,Add-on,APAC,price_up_10,92.0,101.2,96,9715.2,5829.12
PI0000553,2024-08-26,Premium,North America,price_down_10,305.0,274.5,74,20313.0,7718.94
PI0000554,2024-08-26,Premium,EMEA,price_up_10,305.0,335.5,52,17446.0,6629.48
PI0000555,2024-08-26,Premium,LATAM,price_up_10,305.0,335.5,50,16775.0,6374.5
PI0000556,2024-08-26,Premium,APAC,control,305.0,305.0,59,17995.0,6838.1
PI0000557,2024-08-26,Services,North America,control,388.0,388.0,55,21340.0,6615.4
PI0000558,2024-08-26,Services,EMEA,price_down_10,388.0,349.2,41,14317.2,4438.33
PI0000559,2024-08-26,Services,LATAM,price_down_10,388.0,349.2,31,10825.2,3355.81
PI0000560,2024-08-26,Services,APAC,price_down_10,388.0,349.2,49,17110.8,5304.35
PI0000561,2024-09-02,Core,North America,price_down_10,165.0,148.5,268,39798.0,21490.92
PI0000562,2024-09-02,Core,EMEA,price_down_10,165.0,148.5,226,33561.0,18122.94
PI0000563,2024-09-02,Core,LATAM,price_up_10,165.0,181.5,135,24502.5,13231.35
PI0000564,2024-09-02,Core,APAC,control,165.0,165.0,163,26895.0,14523.3
PI0000565,2024-09-02,Add-on,North America,price_up_10,92.0,101.2,143,14471.6,8682.96
PI0000566,2024-09-02,Add-on,EMEA,price_up_10,92.0,101.2,94,9512.8,5707.68
PI0000567,2024-09-02,Add-on,LATAM,price_up_10,92.0,101.2,63,6375.6,3825.36
PI0000568,2024-09-02,Add-on,APAC,price_down_10,92.0,82.8,126,10432.8,6259.68
PI0000569,2024-09-02,Premium,North America,control,305.0,305.0,102,31110.0,11821.8
PI0000570,2024-09-02,Premium,EMEA,control,305.0,305.0,83,25315.0,9619.7
PI0000571,2024-09-02,Premium,LATAM,price_up_10,305.0,335.5,37,12413.5,4717.13
PI0000572,2024-09-02,Premium,APAC,control,305.0,305.0,69,21045.0,7997.1
PI0000573,2024-09-02,Services,North America,control,388.0,388.0,53,20564.0,6374.84
PI0000574,2024-09-02,Services,EMEA,control,388.0,388.0,50,19400.0,6014.0
PI0000575,2024-09-02,Services,LATAM,control,388.0,388.0,26,10088.0,3127.28
PI0000576,2024-09-02,Services,APAC,price_down_10,388.0,349.2,40,13968.0,4330.08
PI0000577,2024-09-09,Core,North America,price_up_10,165.0,181.5,230,41745.0,22542.3
PI0000578,2024-09-09,Core,EMEA,price_down_10,165.0,148.5,201,29848.5,16118.19
PI0000579,2024-09-09,Core,LATAM,price_down_10,165.0,148.5,150,22275.0,12028.5
PI0000580,2024-09-09,Core,APAC,price_down_10,165.0,148.5,169,25096.5,13552.11
PI0000581,2024-09-09,Add-on,North America,price_down_10,92.0,82.8,163,13496.4,8097.84
PI0000582,2024-09-09,Add-on,EMEA,price_up_10,92.0,101.2,102,10322.4,6193.44
PI0000583,2024-09-09,Add-on,LATAM,control,92.0,92.0,55,5060.0,3036.0
PI0000584,2024-09-09,Add-on,APAC,control,92.0,92.0,122,11224.0,6734.4
PI0000585,2024-09-09,Premium,North America,price_up_10,305.0,335.5,84,28182.0,10709.16
PI0000586,2024-09-09,Premium,EMEA,control,305.0,305.0,80,24400.0,9272.0
PI0000587,2024-09-09,Premium,LATAM,control,305.0,305.0,36,10980.0,4172.4
PI0000588,2024-09-09,Premium,APAC,price_up_10,305.0,335.5,43,14426.5,5482.07
PI0000589,2024-09-09,Services,North America,price_down_10,388.0,349.2,56,19555.2,6062.11
PI0000590,2024-09-09,Services,EMEA,price_up_10,388.0,426.8,53,22620.4,7012.32
PI0000591,2024-09-09,Services,LATAM,price_down_10,388.0,349.2,28,9777.6,3031.06
PI0000592,2024-09-09,Services,APAC,control,388.0,388.0,39,15132.0,4690.92
PI0000593,2024-09-16,Core,North America,price_down_10,165.0,148.5,229,34006.5,18363.51
PI0000594,2024-09-16,Core,EMEA,control,165.0,165.0,207,34155.0,18443.7
PI0000595,2024-09-16,Core,LATAM,price_up_10,165.0,181.5,111,20146.5,10879.11
PI0000596,2024-09-16,Core,APAC,price_up_10,165.0,181.5,133,24139.5,13035.33
PI0000597,2024-09-16,Add-on,North America,control,92.0,92.0,179,16468.0,9880.8
PI0000598,2024-09-16,Add-on,EMEA,price_down_10,92.0,82.8,175,14490.0,8694.0
PI0000599,2024-09-16,Add-on,LATAM,control,92.0,92.0,88,8096.0,4857.6
PI0000600,2024-09-16,Add-on,APAC,price_down_10,92.0,82.8,143,11840.4,7104.24
PI0000601,2024-09-16,Premium,North America,price_down_10,305.0,274.5,80,21960.0,8344.8
PI0000602,2024-09-16,Premium,EMEA,control,305.0,305.0,57,17385.0,6606.3
PI0000603,2024-09-16,Premium,LATAM,control,305.0,305.0,43,13115.0,4983.7
PI0000604,2024-09-16,Premium,APAC,control,305.0,305.0,55,16775.0,6374.5
PI0000605,2024-09-16,Services,North America,control,388.0,388.0,46,17848.0,5532.88
PI0000606,2024-09-16,Services,EMEA,price_down_10,388.0,349.2,53,18507.6,5737.36
PI0000607,2024-09-16,Services,LATAM,price_up_10,388.0,426.8,39,16645.2,5160.01
PI0000608,2024-09-16,Services,APAC,price_up_10,388.0,426.8,37,15791.6,4895.4
PI0000609,2024-09-23,Core,North America,price_up_10,165.0,181.5,245,44467.5,24012.45
PI0000610,2024-09-23,Core,EMEA,price_up_10,165.0,181.5,198,35937.0,19405.98
PI0000611,2024-09-23,Core,LATAM,control,165.0,165.0,135,22275.0,12028.5
PI0000612,2024-09-23,Core,APAC,price_down_10,165.0,148.5,170,25245.0,13632.3
PI0000613,2024-09-23,Add-on,North America,control,92.0,92.0,155,14260.0,8556.0
PI0000614,2024-09-23,Add-on,EMEA,price_up_10,92.0,101.2,113,11435.6,6861.36
PI0000615,2024-09-23,Add-on,LATAM,price_down_10,92.0,82.8,81,6706.8,4024.08
PI0000616,2024-09-23,Add-on,APAC,control,92.0,92.0,126,11592.0,6955.2
PI0000617,2024-09-23,Premium,North America,price_down_10,305.0,274.5,88,24156.0,9179.28
PI0000618,2024-09-23,Premium,EMEA,price_down_10,305.0,274.5,89,24430.5,9283.59
PI0000619,2024-09-23,Premium,LATAM,price_down_10,305.0,274.5,54,14823.0,5632.74
PI0000620,2024-09-23,Premium,APAC,price_down_10,305.0,274.5,66,18117.0,6884.46
PI0000621,2024-09-23,Services,North America,price_down_10,388.0,349.2,52,18158.4,5629.1
PI0000622,2024-09-23,Services,EMEA,control,388.0,388.0,66,25608.0,7938.48
PI0000623,2024-09-23,Services,LATAM,price_up_10,388.0,426.8,26,11096.8,3440.01
PI0000624,2024-09-23,Services,APAC,control,388.0,388.0,47,18236.0,5653.16
PI0000625,2024-09-30,Core,North America,price_up_10,165.0,181.5,214,38841.0,20974.14
PI0000626,2024-09-30,Core,EMEA,price_up_10,165.0,181.5,176,31944.0,17249.76
PI0000627,2024-09-30,Core,LATAM,price_down_10,165.0,148.5,150,22275.0,12028.5
PI0000628,2024-09-30,Core,APAC,control,165.0,165.0,144,23760.0,12830.4
PI0000629,2024-09-30,Add-on,North America,control,92.0,92.0,133,12236.0,7341.6
PI0000630,2024-09-30,Add-on,EMEA,price_up_10,92.0,101.2,124,12548.8,7529.28
PI0000631,2024-09-30,Add-on,LATAM,control,92.0,92.0,93,8556.0,5133.6
PI0000632,2024-09-30,Add-on,APAC,control,92.0,92.0,106,9752.0,5851.2
PI0000633,2024-09-30,Premium,North America,control,305.0,305.0,86,26230.0,9967.4
PI0000634,2024-09-30,Premium,EMEA,price_up_10,305.0,335.5,68,22814.0,8669.32
PI0000635,2024-09-30,Premium,LATAM,control,305.0,305.0,41,12505.0,4751.9
PI0000636,2024-09-30,Premium,APAC,control,305.0,305.0,64,19520.0,7417.6
PI0000637,2024-09-30,Services,North America,price_up_10,388.0,426.8,53,22620.4,7012.32
PI0000638,2024-09-30,Services,EMEA,price_down_10,388.0,349.2,58,20253.6,6278.62
PI0000639,2024-09-30,Services,LATAM,price_up_10,388.0,426.8,35,14938.0,4630.78
PI0000640,2024-09-30,Services,APAC,price_down_10,388.0,349.2,48,16761.6,5196.1
PI0000641,2024-10-07,Core,North America,price_down_10,165.0,148.5,258,38313.0,20689.02
PI0000642,2024-10-07,Core,EMEA,price_down_10,165.0,148.5,264,39204.0,21170.16
PI0000643,2024-10-07,Core,LATAM,price_down_10,165.0,148.5,150,22275.0,12028.5
PI0000644,2024-10-07,Core,APAC,price_up_10,165.0,181.5,120,21780.0,11761.2
PI0000645,2024-10-07,Add-on,North America,price_down_10,92.0,82.8,202,16725.6,10035.36
PI0000646,2024-10-07,Add-on,EMEA,control,92.0,92.0,119,10948.0,6568.8
PI0000647,2024-10-07,Add-on,LATAM,price_down_10,92.0,82.8,87,7203.6,4322.16
PI0000648,2024-10-07,Add-on,APAC,price_up_10,92.0,101.2,88,8905.6,5343.36
PI0000649,2024-10-07,Premium,North America,price_up_10,305.0,335.5,95,31872.5,12111.55
PI0000650,2024-10-07,Premium,EMEA,control,305.0,305.0,70,21350.0,8113.0
PI0000651,2024-10-07,Premium,LATAM,control,305.0,305.0,53,16165.0,6142.7
PI0000652,2024-10-07,Premium,APAC,control,305.0,305.0,62,18910.0,7185.8
PI0000653,2024-10-07,Services,North America,price_down_10,388.0,349.2,46,16063.2,4979.59
PI0000654,2024-10-07,Services,EMEA,price_down_10,388.0,349.2,50,17460.0,5412.6
PI0000655,2024-10-07,Services,LATAM,price_up_10,388.0,426.8,33,14084.4,4366.16
PI0000656,2024-10-07,Services,APAC,price_up_10,388.0,426.8,42,17925.6,5556.94
PI0000657,2024-10-14,Core,North America,price_down_10,165.0,148.5,273,40540.5,21891.87
PI0000658,2024-10-14,Core,EMEA,price_up_10,165.0,181.5,188,34122.0,18425.88
PI0000659,2024-10-14,Core,LATAM,price_down_10,165.0,148.5,129,19156.5,10344.51
PI0000660,2024-10-14,Core,APAC,price_up_10,165.0,181.5,142,25773.0,13917.42
PI0000661,2024-10-14,Add-on,North America,control,92.0,92.0,144,13248.0,7948.8
PI0000662,2024-10-14,Add-on,EMEA,control,92.0,92.0,123,11316.0,6789.6
PI0000663,2024-10-14,Add-on,LATAM,control,92.0,92.0,112,10304.0,6182.4
PI0000664,2024-10-14,Add-on,APAC,control,92.0,92.0,111,10212.0,6127.2
PI0000665,2024-10-14,Premium,North America,price_down_10,305.0,274.5,96,26352.0,10013.76
PI0000666,2024-10-14,Premium,EMEA,control,305.0,305.0,71,21655.0,8228.9
PI0000667,2024-10-14,Premium,LATAM,control,305.0,305.0,48,14640.0,5563.2
PI0000668,2024-10-14,Premium,APAC,control,305.0,305.0,60,18300.0,6954.0
PI0000669,2024-10-14,Services,North America,control,388.0,388.0,57,22116.0,6855.96
PI0000670,2024-10-14,Services,EMEA,control,388.0,388.0,41,15908.0,4931.48
PI0000671,2024-10-14,Services,LATAM,control,388.0,388.0,36,13968.0,4330.08
PI0000672,2024-10-14,Services,APAC,price_down_10,388.0,349.2,41,14317.2,4438.33
PI0000673,2024-10-21,Core,North America,control,165.0,165.0,226,37290.0,20136.6
PI0000674,2024-10-21,Core,EMEA,control,165.0,165.0,211,34815.0,18800.1
PI0000675,2024-10-21,Core,LATAM,price_down_10,165.0,148.5,145,21532.5,11627.55
PI0000676,2024-10-21,Core,APAC,price_down_10,165.0,148.5,196,29106.0,15717.24
PI0000677,2024-10-21,Add-on,North America,price_down_10,92.0,82.8,172,14241.6,8544.96
PI0000678,2024-10-21,Add-on,EMEA,price_down_10,92.0,82.8,173,14324.4,8594.64
PI0000679,2024-10-21,Add-on,LATAM,price_down_10,92.0,82.8,99,8197.2,4918.32
PI0000680,2024-10-21,Add-on,APAC,price_down_10,92.0,82.8,136,11260.8,6756.48
PI0000681,2024-10-21,Premium,North America,price_down_10,305.0,274.5,94,25803.0,9805.14
PI0000682,2024-10-21,Premium,EMEA,price_down_10,305.0,274.5,92,25254.0,9596.52
PI0000683,2024-10-21,Premium,LATAM,control,305.0,305.0,48,14640.0,5563.2
PI0000684,2024-10-21,Premium,APAC,price_down_10,305.0,274.5,66,18117.0,6884.46
PI0000685,2024-10-21,Services,North America,price_down_10,388.0,349.2,58,20253.6,6278.62
PI0000686,2024-10-21,Services,EMEA,price_up_10,388.0,426.8,47,20059.6,6218.48
PI0000687,2024-10-21,Services,LATAM,control,388.0,388.0,45,17460.0,5412.6
PI0000688,2024-10-21,Services,APAC,price_up_10,388.0,426.8,37,15791.6,4895.4
PI0000689,2024-10-28,Core,North America,price_up_10,165.0,181.5,248,45012.0,24306.48
PI0000690,2024-10-28,Core,EMEA,price_down_10,165.0,148.5,294,43659.0,23575.86
PI0000691,2024-10-28,Core,LATAM,price_up_10,165.0,181.5,111,20146.5,10879.11
PI0000692,2024-10-28,Core,APAC,control,165.0,165.0,155,25575.0,13810.5
PI0000693,2024-10-28,Add-on,North America,price_up_10,92.0,101.2,122,12346.4,7407.84
PI0000694,2024-10-28,Add-on,EMEA,control,92.0,92.0,130,11960.0,7176.0
PI0000695,2024-10-28,Add-on,LATAM,price_up_10,92.0,101.2,69,6982.8,4189.68
PI0000696,2024-10-28,Add-on,APAC,control,92.0,92.0,115,10580.0,6348.0
PI0000697,2024-10-28,Premium,North America,price_down_10,305.0,274.5,100,27450.0,10431.0
PI0000698,2024-10-28,Premium,EMEA,price_down_10,305.0,274.5,75,20587.5,7823.25
PI0000699,2024-10-28,Premium,LATAM,control,305.0,305.0,45,13725.0,5215.5
PI0000700,2024-10-28,Premium,APAC,control,305.0,305.0,60,18300.0,6954.0
PI0000701,2024-10-28,Services,North America,price_up_10,388.0,426.8,47,20059.6,6218.48
PI0000702,2024-10-28,Services,EMEA,price_down_10,388.0,349.2,66,23047.2,7144.63
PI0000703,2024-10-28,Services,LATAM,control,388.0,388.0,38,14744.0,4570.64
PI0000704,2024-10-28,Services,APAC,price_up_10,388.0,426.8,36,15364.8,4763.09
PI0000705,2024-11-04,Core,North America,price_down_10,165.0,148.5,279,41431.5,22373.01
PI0000706,2024-11-04,Core,EMEA,price_up_10,165.0,181.5,199,36118.5,19503.99
PI0000707,2024-11-04,Core,LATAM,control,165.0,165.0,119,19635.0,10602.9
PI0000708,2024-11-04,Core,APAC,control,165.0,165.0,173,28545.0,15414.3
PI0000709,2024-11-04,Add-on,North America,price_up_10,92.0,101.2,139,14066.8,8440.08
PI0000710,2024-11-04,Add-on,EMEA,price_up_10,92.0,101.2,111,11233.2,6739.92
PI0000711,2024-11-04,Add-on,LATAM,control,92.0,92.0,90,8280.0,4968.0
PI0000712,2024-11-04,Add-on,APAC,price_up_10,92.0,101.2,81,8197.2,4918.32
PI0000713,2024-11-04,Premium,North America,price_up_10,305.0,335.5,86,28853.0,10964.14
PI0000714,2024-11-04,Premium,EMEA,control,305.0,305.0,79,24095.0,9156.1
PI0000715,2024-11-04,Premium,LATAM,price_up_10,305.0,335.5,47,15768.5,5992.03
PI0000716,2024-11-04,Premium,APAC,price_down_10,305.0,274.5,63,17293.5,6571.53
PI0000717,2024-11-04,Services,North America,price_down_10,388.0,349.2,46,16063.2,4979.59
PI0000718,2024-11-04,Services,EMEA,price_down_10,388.0,349.2,37,12920.4,4005.32
PI0000719,2024-11-04,Services,LATAM,price_up_10,388.0,426.8,28,11950.4,3704.62
PI0000720,2024-11-04,Services,APAC,control,388.0,388.0,19,7372.0,2285.32
PI0000721,2024-11-11,Core,North America,control,165.0,165.0,226,37290.0,20136.6
PI0000722,2024-11-11,Core,EMEA,control,165.0,165.0,255,42075.0,22720.5
PI0000723,2024-11-11,Core,LATAM,control,165.0,165.0,129,21285.0,11493.9
PI0000724,2024-11-11,Core,APAC,price_up_10,165.0,181.5,133,24139.5,13035.33
PI0000725,2024-11-11,Add-on,North America,price_up_10,92.0,101.2,123,12447.6,7468.56
PI0000726,2024-11-11,Add-on,EMEA,price_up_10,92.0,101.2,130,13156.0,7893.6
PI0000727,2024-11-11,Add-on,LATAM,control,92.0,92.0,82,7544.0,4526.4
PI0000728,2024-11-11,Add-on,APAC,price_up_10,92.0,101.2,92,9310.4,5586.24
PI0000729,2024-11-11,Premium,North America,price_down_10,305.0,274.5,112,30744.0,11682.72
PI0000730,2024-11-11,Premium,EMEA,price_down_10,305.0,274.5,93,25528.5,9700.83
PI0000731,2024-11-11,Premium,LATAM,price_up_10,305.0,335.5,29,9729.5,3697.21
PI0000732,2024-11-11,Premium,APAC,price_up_10,305.0,335.5,58,19459.0,7394.42
PI0000733,2024-11-11,Services,North America,price_up_10,388.0,426.8,53,22620.4,7012.32
PI0000734,2024-11-11,Services,EMEA,price_down_10,388.0,349.2,58,20253.6,6278.62
PI0000735,2024-11-11,Services,LATAM,control,388.0,388.0,34,13192.0,4089.52
PI0000736,2024-11-11,Services,APAC,price_up_10,388.0,426.8,32,13657.6,4233.86
PI0000737,2024-11-18,Core,North America,price_down_10,165.0,148.5,332,49302.0,26623.08
PI0000738,2024-11-18,Core,EMEA,control,165.0,165.0,225,37125.0,20047.5
PI0000739,2024-11-18,Core,LATAM,price_up_10,165.0,181.5,122,22143.0,11957.22
PI0000740,2024-11-18,Core,APAC,control,165.0,165.0,193,31845.0,17196.3
PI0000741,2024-11-18,Add-on,North America,control,92.0,92.0,153,14076.0,8445.6
PI0000742,2024-11-18,Add-on,EMEA,price_down_10,92.0,82.8,165,13662.0,8197.2
PI0000743,2024-11-18,Add-on,LATAM,price_up_10,92.0,101.2,89,9006.8,5404.08
PI0000744,2024-11-18,Add-on,APAC,price_up_10,92.0,101.2,123,12447.6,7468.56
PI0000745,2024-11-18,Premium,North America,control,305.0,305.0,92,28060.0,10662.8
PI0000746,2024-11-18,Premium,EMEA,price_down_10,305.0,274.5,77,21136.5,8031.87
PI0000747,2024-11-18,Premium,LATAM,control,305.0,305.0,58,17690.0,6722.2
PI0000748,2024-11-18,Premium,APAC,price_up_10,305.0,335.5,49,16439.5,6247.01
PI0000749,2024-11-18,Services,North America,price_down_10,388.0,349.2,44,15364.8,4763.09
PI0000750,2024-11-18,Services,EMEA,control,388.0,388.0,57,22116.0,6855.96
PI0000751,2024-11-18,Services,LATAM,control,388.0,388.0,29,11252.0,3488.12
PI0000752,2024-11-18,Services,APAC,price_up_10,388.0,426.8,25,10670.0,3307.7
PI0000753,2024-11-25,Core,North America,control,165.0,165.0,257,42405.0,22898.7
PI0000754,2024-11-25,Core,EMEA,price_up_10,165.0,181.5,184,33396.0,18033.84
PI0000755,2024-11-25,Core,LATAM,price_down_10,165.0,148.5,143,21235.5,11467.17
PI0000756,2024-11-25,Core,APAC,price_up_10,165.0,181.5,191,34666.5,18719.91
PI0000757,2024-11-25,Add-on,North America,price_up_10,92.0,101.2,151,15281.2,9168.72
PI0000758,2024-11-25,Add-on,EMEA,price_up_10,92.0,101.2,123,12447.6,7468.56
PI0000759,2024-11-25,Add-on,LATAM,control,92.0,92.0,66,6072.0,3643.2
PI0000760,2024-11-25,Add-on,APAC,control,92.0,92.0,93,8556.0,5133.6
PI0000761,2024-11-25,Premium,North America,price_up_10,305.0,335.5,80,26840.0,10199.2
PI0000762,2024-11-25,Premium,EMEA,price_up_10,305.0,335.5,73,24491.5,9306.77
PI0000763,2024-11-25,Premium,LATAM,price_up_10,305.0,335.5,44,14762.0,5609.56
PI0000764,2024-11-25,Premium,APAC,control,305.0,305.0,66,20130.0,7649.4
PI0000765,2024-11-25,Services,North America,price_up_10,388.0,426.8,73,31156.4,9658.48
PI0000766,2024-11-25,Services,EMEA,control,388.0,388.0,36,13968.0,4330.08
PI0000767,2024-11-25,Services,LATAM,price_down_10,388.0,349.2,33,11523.6,3572.32
PI0000768,2024-11-25,Services,APAC,control,388.0,388.0,34,13192.0,4089.52
PI0000769,2024-12-02,Core,North America,price_down_10,165.0,148.5,279,41431.5,22373.01
PI0000770,2024-12-02,Core,EMEA,price_up_10,165.0,181.5,200,36300.0,19602.0
PI0000771,2024-12-02,Core,LATAM,control,165.0,165.0,160,26400.0,14256.0
PI0000772,2024-12-02,Core,APAC,control,165.0,165.0,200,33000.0,17820.0
PI0000773,2024-12-02,Add-on,North America,price_down_10,92.0,82.8,201,16642.8,9985.68
PI0000774,2024-12-02,Add-on,EMEA,price_down_10,92.0,82.8,135,11178.0,6706.8
PI0000775,2024-12-02,Add-on,LATAM,price_down_10,92.0,82.8,136,11260.8,6756.48
PI0000776,2024-12-02,Add-on,APAC,price_up_10,92.0,101.2,95,9614.0,5768.4
PI0000777,2024-12-02,Premium,North America,control,305.0,305.0,94,28670.0,10894.6
PI0000778,2024-12-02,Premium,EMEA,control,305.0,305.0,66,20130.0,7649.4
PI0000779,2024-12-02,Premium,LATAM,control,305.0,305.0,43,13115.0,4983.7
PI0000780,2024-12-02,Premium,APAC,control,305.0,305.0,64,19520.0,7417.6
PI0000781,2024-12-02,Services,North America,control,388.0,388.0,60,23280.0,7216.8
PI0000782,2024-12-02,Services,EMEA,price_up_10,388.0,426.8,49,20913.2,6483.09
PI0000783,2024-12-02,Services,LATAM,price_down_10,388.0,349.2,37,12920.4,4005.32
PI0000784,2024-12-02,Services,APAC,price_up_10,388.0,426.8,54,23047.2,7144.63
PI0000785,2024-12-09,Core,North America,price_up_10,165.0,181.5,243,44104.5,23816.43
PI0000786,2024-12-09,Core,EMEA,price_down_10,165.0,148.5,297,44104.5,23816.43
PI0000787,2024-12-09,Core,LATAM,control,165.0,165.0,154,25410.0,13721.4
PI0000788,2024-12-09,Core,APAC,control,165.0,165.0,190,31350.0,16929.0
PI0000789,2024-12-09,Add-on,North America,control,92.0,92.0,202,18584.0,11150.4
PI0000790,2024-12-09,Add-on,EMEA,price_down_10,92.0,82.8,173,14324.4,8594.64
PI0000791,2024-12-09,Add-on,LATAM,control,92.0,92.0,106,9752.0,5851.2
PI0000792,2024-12-09,Add-on,APAC,price_up_10,92.0,101.2,103,10423.6,6254.16
PI0000793,2024-12-09,Premium,North America,control,305.0,305.0,98,29890.0,11358.2
PI0000794,2024-12-09,Premium,EMEA,control,305.0,305.0,54,16470.0,6258.6
PI0000795,2024-12-09,Premium,LATAM,price_up_10,305.0,335.5,49,16439.5,6247.01
PI0000796,2024-12-09,Premium,APAC,price_down_10,305.0,274.5,73,20038.5,7614.63
PI0000797,2024-12-09,Services,North America,price_down_10,388.0,349.2,77,26888.4,8335.4
PI0000798,2024-12-09,Services,EMEA,price_up_10,388.0,426.8,45,19206.0,5953.86
PI0000799,2024-12-09,Services,LATAM,control,388.0,388.0,33,12804.0,3969.24
PI0000800,2024-12-09,Services,APAC,price_down_10,388.0,349.2,49,17110.8,5304.35
PI0000801,2024-12-16,Core,North America,price_down_10,165.0,148.5,341,50638.5,27344.79
PI0000802,2024-12-16,Core,EMEA,control,165.0,165.0,229,37785.0,20403.9
PI0000803,2024-12-16,Core,LATAM,price_down_10,165.0,148.5,158,23463.0,12670.02
PI0000804,2024-12-16,Core,APAC,control,165.0,165.0,163,26895.0,14523.3
PI0000805,2024-12-16,Add-on,North America,price_down_10,92.0,82.8,220,18216.0,10929.6
PI0000806,2024-12-16,Add-on,EMEA,control,92.0,92.0,160,14720.0,8832.0
PI0000807,2024-12-16,Add-on,LATAM,price_up_10,92.0,101.2,82,8298.4,4979.04
PI0000808,2024-12-16,Add-on,APAC,price_up_10,92.0,101.2,104,10524.8,6314.88
PI0000809,2024-12-16,Premium,North America,price_up_10,305.0,335.5,77,25833.5,9816.73
PI0000810,2024-12-16,Premium,EMEA,price_up_10,305.0,335.5,60,20130.0,7649.4
PI0000811,2024-12-16,Premium,LATAM,price_down_10,305.0,274.5,64,17568.0,6675.84
PI0000812,2024-12-16,Premium,APAC,price_up_10,305.0,335.5,52,17446.0,6629.48
PI0000813,2024-12-16,Services,North America,price_up_10,388.0,426.8,65,27742.0,8600.02
PI0000814,2024-12-16,Services,EMEA,price_down_10,388.0,349.2,44,15364.8,4763.09
PI0000815,2024-12-16,Services,LATAM,price_down_10,388.0,349.2,39,13618.8,4221.83
PI0000816,2024-12-16,Services,APAC,price_down_10,388.0,349.2,50,17460.0,5412.6
PI0000817,2024-12-23,Core,North America,control,165.0,165.0,277,45705.0,24680.7
PI0000818,2024-12-23,Core,EMEA,price_down_10,165.0,148.5,222,32967.0,17802.18
PI0000819,2024-12-23,Core,LATAM,price_up_10,165.0,181.5,109,19783.5,10683.09
PI0000820,2024-12-23,Core,APAC,price_down_10,165.0,148.5,174,25839.0,13953.06
PI0000821,2024-12-23,Add-on,North America,control,92.0,92.0,170,15640.0,9384.0
PI0000822,2024-12-23,Add-on,EMEA,control,92.0,92.0,147,13524.0,8114.4
PI0000823,2024-12-23,Add-on,LATAM,control,92.0,92.0,85,7820.0,4692.0
PI0000824,2024-12-23,Add-on,APAC,control,92.0,92.0,134,12328.0,7396.8
PI0000825,2024-12-23,Premium,North America,price_down_10,305.0,274.5,93,25528.5,9700.83
PI0000826,2024-12-23,Premium,EMEA,price_down_10,305.0,274.5,80,21960.0,8344.8
PI0000827,2024-12-23,Premium,LATAM,control,305.0,305.0,52,15860.0,6026.8
PI0000828,2024-12-23,Premium,APAC,price_up_10,305.0,335.5,56,18788.0,7139.44
PI0000829,2024-12-23,Services,North America,price_up_10,388.0,426.8,79,33717.2,10452.33
PI0000830,2024-12-23,Services,EMEA,price_down_10,388.0,349.2,63,21999.6,6819.88
PI0000831,2024-12-23,Services,LATAM,price_down_10,388.0,349.2,28,9777.6,3031.06
PI0000832,2024-12-23,Services,APAC,control,388.0,388.0,41,15908.0,4931.48
PI0000833,2024-12-30,Core,North America,price_up_10,165.0,181.5,240,43560.0,23522.4
PI0000834,2024-12-30,Core,EMEA,control,165.0,165.0,223,36795.0,19869.3
PI0000835,2024-12-30,Core,LATAM,price_down_10,165.0,148.5,144,21384.0,11547.36
PI0000836,2024-12-30,Core,APAC,price_up_10,165.0,181.5,155,28132.5,15191.55
PI0000837,2024-12-30,Add-on,North America,price_down_10,92.0,82.8,202,16725.6,10035.36
PI0000838,2024-12-30,Add-on,EMEA,price_down_10,92.0,82.8,175,14490.0,8694.0
PI0000839,2024-12-30,Add-on,LATAM,control,92.0,92.0,93,8556.0,5133.6
PI0000840,2024-12-30,Add-on,APAC,price_down_10,92.0,82.8,161,13330.8,7998.48
PI0000841,2024-12-30,Premium,North America,control,305.0,305.0,90,27450.0,10431.0
PI0000842,2024-12-30,Premium,EMEA,control,305.0,305.0,62,18910.0,7185.8
PI0000843,2024-12-30,Premium,LATAM,control,305.0,305.0,48,14640.0,5563.2
PI0000844,2024-12-30,Premium,APAC,control,305.0,305.0,81,24705.0,9387.9
PI0000845,2024-12-30,Services,North America,price_up_10,388.0,426.8,61,26034.8,8070.79
PI0000846,2024-12-30,Services,EMEA,price_up_10,388.0,426.8,47,20059.6,6218.48
PI0000847,2024-12-30,Services,LATAM,control,388.0,388.0,22,8536.0,2646.16
PI0000848,2024-12-30,Services,APAC,price_down_10,388.0,349.2,49,17110.8,5304.35
PI0000849,2025-01-06,Core,North America,price_up_10,165.0,181.5,228,41382.0,22346.28
PI0000850,2025-01-06,Core,EMEA,control,165.0,165.0,248,40920.0,22096.8
PI0000851,2025-01-06,Core,LATAM,control,165.0,165.0,146,24090.0,13008.6
PI0000852,2025-01-06,Core,APAC,price_up_10,165.0,181.5,153,27769.5,14995.53
PI0000853,2025-01-06,Add-on,North America,price_up_10,92.0,101.2,189,19126.8,11476.08
PI0000854,2025-01-06,Add-on,EMEA,control,92.0,92.0,167,15364.0,9218.4
PI0000855,2025-01-06,Add-on,LATAM,price_down_10,92.0,82.8,102,8445.6,5067.36
PI0000856,2025-01-06,Add-on,APAC,price_down_10,92.0,82.8,171,14158.8,8495.28
PI0000857,2025-01-06,Premium,North America,price_down_10,305.0,274.5,108,29646.0,11265.48
PI0000858,2025-01-06,Premium,EMEA,price_up_10,305.0,335.5,75,25162.5,9561.75
PI0000859,2025-01-06,Premium,LATAM,price_up_10,305.0,335.5,49,16439.5,6247.01
PI0000860,2025-01-06,Premium,APAC,price_up_10,305.0,335.5,62,20801.0,7904.38
PI0000861,2025-01-06,Services,North America,control,388.0,388.0,62,24056.0,7457.36
PI0000862,2025-01-06,Services,EMEA,control,388.0,388.0,64,24832.0,7697.92
PI0000863,2025-01-06,Services,LATAM,price_down_10,388.0,349.2,47,16412.4,5087.84
PI0000864,2025-01-06,Services,APAC,price_down_10,388.0,349.2,48,16761.6,5196.1
PI0000865,2025-01-13,Core,North America,price_down_10,165.0,148.5,337,50044.5,27024.03
PI0000866,2025-01-13,Core,EMEA,price_up_10,165.0,181.5,195,35392.5,19111.95
PI0000867,2025-01-13,Core,LATAM,price_down_10,165.0,148.5,159,23611.5,12750.21
PI0000868,2025-01-13,Core,APAC,control,165.0,165.0,167,27555.0,14879.7
PI0000869,2025-01-13,Add-on,North America,control,92.0,92.0,183,16836.0,10101.6
PI0000870,2025-01-13,Add-on,EMEA,price_down_10,92.0,82.8,173,14324.4,8594.64
PI0000871,2025-01-13,Add-on,LATAM,control,92.0,92.0,111,10212.0,6127.2
PI0000872,2025-01-13,Add-on,APAC,price_up_10,92.0,101.2,95,9614.0,5768.4
PI0000873,2025-01-13,Premium,North America,control,305.0,305.0,78,23790.0,9040.2
PI0000874,2025-01-13,Premium,EMEA,price_up_10,305.0,335.5,87,29188.5,11091.63
PI0000875,2025-01-13,Premium,LATAM,control,305.0,305.0,54,16470.0,6258.6
PI0000876,2025-01-13,Premium,APAC,control,305.0,305.0,64,19520.0,7417.6
PI0000877,2025-01-13,Services,North America,control,388.0,388.0,61,23668.0,7337.08
PI0000878,2025-01-13,Services,EMEA,price_up_10,388.0,426.8,40,17072.0,5292.32
PI0000879,2025-01-13,Services,LATAM,price_down_10,388.0,349.2,37,12920.4,4005.32
PI0000880,2025-01-13,Services,APAC,price_up_10,388.0,426.8,39,16645.2,5160.01
PI0000881,2025-01-20,Core,North America,control,165.0,165.0,250,41250.0,22275.0
PI0000882,2025-01-20,Core,EMEA,price_down_10,165.0,148.5,305,45292.5,24457.95
PI0000883,2025-01-20,Core,LATAM,price_down_10,165.0,148.5,164,24354.0,13151.16
PI0000884,2025-01-20,Core,APAC,price_up_10,165.0,181.5,168,30492.0,16465.68
PI0000885,2025-01-20,Add-on,North America,control,92.0,92.0,223,20516.0,12309.6
PI0000886,2025-01-20,Add-on,EMEA,price_down_10,92.0,82.8,171,14158.8,8495.28
PI0000887,2025-01-20,Add-on,LATAM,price_down_10,92.0,82.8,110,9108.0,5464.8
PI0000888,2025-01-20,Add-on,APAC,price_down_10,92.0,82.8,147,12171.6,7302.96
PI0000889,2025-01-20,Premium,North America,price_up_10,305.0,335.5,103,34556.5,13131.47
PI0000890,2025-01-20,Premium,EMEA,price_up_10,305.0,335.5,73,24491.5,9306.77
PI0000891,2025-01-20,Premium,LATAM,price_down_10,305.0,274.5,55,15097.5,5737.05
PI0000892,2025-01-20,Premium,APAC,price_up_10,305.0,335.5,55,18452.5,7011.95
PI0000893,2025-01-20,Services,North America,price_up_10,388.0,426.8,45,19206.0,5953.86
PI0000894,2025-01-20,Services,EMEA,price_down_10,388.0,349.2,49,17110.8,5304.35
PI0000895,2025-01-20,Services,LATAM,control,388.0,388.0,30,11640.0,3608.4
PI0000896,2025-01-20,Services,APAC,price_up_10,388.0,426.8,39,16645.2,5160.01
PI0000897,2025-01-27,Core,North America,control,165.0,165.0,265,43725.0,23611.5
PI0000898,2025-01-27,Core,EMEA,price_down_10,165.0,148.5,301,44698.5,24137.19
PI0000899,2025-01-27,Core,LATAM,control,165.0,165.0,158,26070.0,14077.8
PI0000900,2025-01-27,Core,APAC,price_down_10,165.0,148.5,217,32224.5,17401.23
PI0000901,2025-01-27,Add-on,North America,price_down_10,92.0,82.8,238,19706.4,11823.84
PI0000902,2025-01-27,Add-on,EMEA,price_up_10,92.0,101.2,149,15078.8,9047.28
PI0000903,2025-01-27,Add-on,LATAM,price_down_10,92.0,82.8,99,8197.2,4918.32
PI0000904,2025-01-27,Add-on,APAC,control,92.0,92.0,132,12144.0,7286.4
PI0000905,2025-01-27,Premium,North America,price_down_10,305.0,274.5,110,30195.0,11474.1
PI0000906,2025-01-27,Premium,EMEA,price_down_10,305.0,274.5,97,26626.5,10118.07
PI0000907,2025-01-27,Premium,LATAM,price_up_10,305.0,335.5,38,12749.0,4844.62
PI0000908,2025-01-27,Premium,APAC,price_down_10,305.0,274.5,73,20038.5,7614.63
PI0000909,2025-01-27,Services,North America,control,388.0,388.0,54,20952.0,6495.12
PI0000910,2025-01-27,Services,EMEA,price_up_10,388.0,426.8,48,20486.4,6350.78
PI0000911,2025-01-27,Services,LATAM,control,388.0,388.0,33,12804.0,3969.24
PI0000912,2025-01-27,Services,APAC,control,388.0,388.0,45,17460.0,5412.6
PI0000913,2025-02-03,Core,North America,price_down_10,165.0,148.5,371,55093.5,29750.49
PI0000914,2025-02-03,Core,EMEA,control,165.0,165.0,308,50820.0,27442.8
PI0000915,2025-02-03,Core,LATAM,control,165.0,165.0,150,24750.0,13365.0
PI0000916,2025-02-03,Core,APAC,control,165.0,165.0,189,31185.0,16839.9
PI0000917,2025-02-03,Add-on,North America,control,92.0,92.0,181,16652.0,9991.2
PI0000918,2025-02-03,Add-on,EMEA,control,92.0,92.0,164,15088.0,9052.8
PI0000919,2025-02-03,Add-on,LATAM,price_up_10,92.0,101.2,99,10018.8,6011.28
PI0000920,2025-02-03,Add-on,APAC,price_down_10,92.0,82.8,129,10681.2,6408.72
PI0000921,2025-02-03,Premium,North America,price_up_10,305.0,335.5,85,28517.5,10836.65
PI0000922,2025-02-03,Premium,EMEA,price_up_10,305.0,335.5,98,32879.0,12494.02
PI0000923,2025-02-03,Premium,LATAM,control,305.0,305.0,57,17385.0,6606.3
PI0000924,2025-02-03,Premium,APAC,price_down_10,305.0,274.5,83,22783.5,8657.73
PI0000925,2025-02-03,Services,North America,price_down_10,388.0,349.2,60,20952.0,6495.12
PI0000926,2025-02-03,Services,EMEA,price_down_10,388.0,349.2,60,20952.0,6495.12
PI0000927,2025-02-03,Services,LATAM,price_down_10,388.0,349.2,43,15015.6,4654.84
PI0000928,2025-02-03,Services,APAC,price_up_10,388.0,426.8,45,19206.0,5953.86
PI0000929,2025-02-10,Core,North America,control,165.0,165.0,315,51975.0,28066.5
PI0000930,2025-02-10,Core,EMEA,price_up_10,165.0,181.5,214,38841.0,20974.14
PI0000931,2025-02-10,Core,LATAM,control,165.0,165.0,161,26565.0,14345.1
PI0000932,2025-02-10,Core,APAC,price_up_10,165.0,181.5,148,26862.0,14505.48
PI0000933,2025-02-10,Add-on,North America,price_down_10,92.0,82.8,215,17802.0,10681.2
PI0000934,2025-02-10,Add-on,EMEA,price_up_10,92.0,101.2,135,13662.0,8197.2
PI0000935,2025-02-10,Add-on,LATAM,price_down_10,92.0,82.8,123,10184.4,6110.64
PI0000936,2025-02-10,Add-on,APAC,price_up_10,92.0,101.2,118,11941.6,7164.96
PI0000937,2025-02-10,Premium,North America,price_up_10,305.0,335.5,103,34556.5,13131.47
PI0000938,2025-02-10,Premium,EMEA,control,305.0,305.0,85,25925.0,9851.5
PI0000939,2025-02-10,Premium,LATAM,control,305.0,305.0,69,21045.0,7997.1
PI0000940,2025-02-10,Premium,APAC,control,305.0,305.0,66,20130.0,7649.4
PI0000941,2025-02-10,Services,North America,price_down_10,388.0,349.2,74,25840.8,8010.65
PI0000942,2025-02-10,Services,EMEA,price_up_10,388.0,426.8,55,23474.0,7276.94
PI0000943,2025-02-10,Services,LATAM,price_down_10,388.0,349.2,28,9777.6,3031.06
PI0000944,2025-02-10,Services,APAC,control,388.0,388.0,59,22892.0,7096.52
PI0000945,2025-02-17,Core,North America,price_up_10,165.0,181.5,280,50820.0,27442.8
PI0000946,2025-02-17,Core,EMEA,price_down_10,165.0,148.5,311,46183.5,24939.09
PI0000947,2025-02-17,Core,LATAM,control,165.0,165.0,181,29865.0,16127.1
PI0000948,2025-02-17,Core,APAC,price_down_10,165.0,148.5,214,31779.0,17160.66
PI0000949,2025-02-17,Add-on,North America,price_up_10,92.0,101.2,174,17608.8,10565.28
PI0000950,2025-02-17,Add-on,EMEA,control,92.0,92.0,166,15272.0,9163.2
PI0000951,2025-02-17,Add-on,LATAM,control,92.0,92.0,96,8832.0,5299.2
PI0000952,2025-02-17,Add-on,APAC,price_up_10,92.0,101.2,94,9512.8,5707.68
PI0000953,2025-02-17,Premium,North America,price_up_10,305.0,335.5,98,32879.0,12494.02
PI0000954,2025-02-17,Premium,EMEA,price_up_10,305.0,335.5,99,33214.5,12621.51
PI0000955,2025-02-17,Premium,LATAM,control,305.0,305.0,59,17995.0,6838.1
PI0000956,2025-02-17,Premium,APAC,price_up_10,305.0,335.5,82,27511.0,10454.18
PI0000957,2025-02-17,Services,North America,control,388.0,388.0,75,29100.0,9021.0
PI0000958,2025-02-17,Services,EMEA,price_down_10,388.0,349.2,58,20253.6,6278.62
PI0000959,2025-02-17,Services,LATAM,price_up_10,388.0,426.8,34,14511.2,4498.47
PI0000960,2025-02-17,Services,APAC,price_up_10,388.0,426.8,35,14938.0,4630.78
PI0000961,2025-02-24,Core,North America,price_up_10,165.0,181.5,282,51183.0,27638.82
PI0000962,2025-02-24,Core,EMEA,price_up_10,165.0,181.5,201,36481.5,19700.01
PI0000963,2025-02-24,Core,LATAM,price_down_10,165.0,148.5,220,32670.0,17641.8
PI0000964,2025-02-24,Core,APAC,control,165.0,165.0,160,26400.0,14256.0
PI0000965,2025-02-24,Add-on,North America,control,92.0,92.0,176,16192.0,9715.2
PI0000966,2025-02-24,Add-on,EMEA,control,92.0,92.0,197,18124.0,10874.4
PI0000967,2025-02-24,Add-on,LATAM,price_up_10,92.0,101.2,91,9209.2,5525.52
PI0000968,2025-02-24,Add-on,APAC,price_down_10,92.0,82.8,171,14158.8,8495.28
PI0000969,2025-02-24,Premium,North America,control,305.0,305.0,105,32025.0,12169.5
PI0000970,2025-02-24,Premium,EMEA,control,305.0,305.0,109,33245.0,12633.1
PI0000971,2025-02-24,Premium,LATAM,price_down_10,305.0,274.5,64,17568.0,6675.84
PI0000972,2025-02-24,Premium,APAC,price_up_10,305.0,335.5,67,22478.5,8541.83
PI0000973,2025-02-24,Services,North America,control,388.0,388.0,95,36860.0,11426.6
PI0000974,2025-02-24,Services,EMEA,price_up_10,388.0,426.8,63,26888.4,8335.4
PI0000975,2025-02-24,Services,LATAM,price_up_10,388.0,426.8,39,16645.2,5160.01
PI0000976,2025-02-24,Services,APAC,price_down_10,388.0,349.2,65,22698.0,7036.38
PI0000977,2025-03-03,Core,North America,control,165.0,165.0,312,51480.0,27799.2
PI0000978,2025-03-03,Core,EMEA,price_up_10,165.0,181.5,199,36118.5,19503.99
PI0000979,2025-03-03,Core,LATAM,control,165.0,165.0,146,24090.0,13008.6
PI0000980,2025-03-03,Core,APAC,price_down_10,165.0,148.5,194,28809.0,15556.86
PI0000981,2025-03-03,Add-on,North America,control,92.0,92.0,206,18952.0,11371.2
PI0000982,2025-03-03,Add-on,EMEA,control,92.0,92.0,175,16100.0,9660.0
PI0000983,2025-03-03,Add-on,LATAM,price_down_10,92.0,82.8,118,9770.4,5862.24
PI0000984,2025-03-03,Add-on,APAC,price_up_10,92.0,101.2,130,13156.0,7893.6
PI0000985,2025-03-03,Premium,North America,control,305.0,305.0,100,30500.0,11590.0
PI0000986,2025-03-03,Premium,EMEA,control,305.0,305.0,110,33550.0,12749.0
PI0000987,2025-03-03,Premium,LATAM,price_down_10,305.0,274.5,54,14823.0,5632.74
PI0000988,2025-03-03,Premium,APAC,control,305.0,305.0,65,19825.0,7533.5
PI0000989,2025-03-03,Services,North America,price_down_10,388.0,349.2,75,26190.0,8118.9
PI0000990,2025-03-03,Services,EMEA,control,388.0,388.0,75,29100.0,9021.0
PI0000991,2025-03-03,Services,LATAM,price_down_10,388.0,349.2,38,13269.6,4113.58
PI0000992,2025-03-03,Services,APAC,control,388.0,388.0,44,17072.0,5292.32
PI0000993,2025-03-10,Core,North America,price_down_10,165.0,148.5,366,54351.0,29349.54
PI0000994,2025-03-10,Core,EMEA,price_up_10,165.0,181.5,239,43378.5,23424.39
PI0000995,2025-03-10,Core,LATAM,control,165.0,165.0,133,21945.0,11850.3
PI0000996,2025-03-10,Core,APAC,price_down_10,165.0,148.5,221,32818.5,17721.99
PI0000997,2025-03-10,Add-on,North America,price_up_10,92.0,101.2,188,19025.6,11415.36
PI0000998,2025-03-10,Add-on,EMEA,price_down_10,92.0,82.8,160,13248.0,7948.8
PI0000999,2025-03-10,Add-on,LATAM,price_down_10,92.0,82.8,143,11840.4,7104.24
PI0001000,2025-03-10,Add-on,APAC,price_up_10,92.0,101.2,138,13965.6,8379.36
PI0001001,2025-03-10,Premium,North America,control,305.0,305.0,104,31720.0,12053.6
PI0001002,2025-03-10,Premium,EMEA,control,305.0,305.0,100,30500.0,11590.0
PI0001003,2025-03-10,Premium,LATAM,price_down_10,305.0,274.5,54,14823.0,5632.74
PI0001004,2025-03-10,Premium,APAC,price_up_10,305.0,335.5,74,24827.0,9434.26
PI0001005,2025-03-10,Services,North America,price_up_10,388.0,426.8,56,23900.8,7409.25
PI0001006,2025-03-10,Services,EMEA,price_down_10,388.0,349.2,61,21301.2,6603.37
PI0001007,2025-03-10,Services,LATAM,price_down_10,388.0,349.2,41,14317.2,4438.33
PI0001008,2025-03-10,Services,APAC,price_down_10,388.0,349.2,56,19555.2,6062.11
PI0001009,2025-03-17,Core,North America,control,165.0,165.0,316,52140.0,28155.6
PI0001010,2025-03-17,Core,EMEA,price_up_10,165.0,181.5,195,35392.5,19111.95
PI0001011,2025-03-17,Core,LATAM,price_down_10,165.0,148.5,168,24948.0,13471.92
PI0001012,2025-03-17,Core,APAC,price_down_10,165.0,148.5,203,30145.5,16278.57
PI0001013,2025-03-17,Add-on,North America,price_up_10,92.0,101.2,167,16900.4,10140.24
PI0001014,2025-03-17,Add-on,EMEA,price_up_10,92.0,101.2,132,13358.4,8015.04
PI0001015,2025-03-17,Add-on,LATAM,price_down_10,92.0,82.8,110,9108.0,5464.8
PI0001016,2025-03-17,Add-on,APAC,price_up_10,92.0,101.2,120,12144.0,7286.4
PI0001017,2025-03-17,Premium,North America,price_up_10,305.0,335.5,126,42273.0,16063.74
PI0001018,2025-03-17,Premium,EMEA,price_up_10,305.0,335.5,102,34221.0,13003.98
PI0001019,2025-03-17,Premium,LATAM,price_down_10,305.0,274.5,66,18117.0,6884.46
PI0001020,2025-03-17,Premium,APAC,control,305.0,305.0,80,24400.0,9272.0
PI0001021,2025-03-17,Services,North America,price_down_10,388.0,349.2,70,24444.0,7577.64
PI0001022,2025-03-17,Services,EMEA,price_up_10,388.0,426.8,58,24754.4,7673.86
PI0001023,2025-03-17,Services,LATAM,price_down_10,388.0,349.2,37,12920.4,4005.32
PI0001024,2025-03-17,Services,APAC,price_up_10,388.0,426.8,49,20913.2,6483.09
PI0001025,2025-03-24,Core,North America,price_down_10,165.0,148.5,391,58063.5,31354.29
PI0001026,2025-03-24,Core,EMEA,price_up_10,165.0,181.5,247,44830.5,24208.47
PI0001027,2025-03-24,Core,LATAM,control,165.0,165.0,168,27720.0,14968.8
PI0001028,2025-03-24,Core,APAC,price_down_10,165.0,148.5,191,28363.5,15316.29
PI0001029,2025-03-24,Add-on,North America,price_down_10,92.0,82.8,245,20286.0,12171.6
PI0001030,2025-03-24,Add-on,EMEA,price_down_10,92.0,82.8,231,19126.8,11476.08
PI0001031,2025-03-24,Add-on,LATAM,price_down_10,92.0,82.8,124,10267.2,6160.32
PI0001032,2025-03-24,Add-on,APAC,control,92.0,92.0,161,14812.0,8887.2
PI0001033,2025-03-24,Premium,North America,control,305.0,305.0,121,36905.0,14023.9
PI0001034,2025-03-24,Premium,EMEA,price_down_10,305.0,274.5,82,22509.0,8553.42
PI0001035,2025-03-24,Premium,LATAM,control,305.0,305.0,65,19825.0,7533.5
PI0001036,2025-03-24,Premium,APAC,price_down_10,305.0,274.5,89,24430.5,9283.59
PI0001037,2025-03-24,Services,North America,price_up_10,388.0,426.8,60,25608.0,7938.48
PI0001038,2025-03-24,Services,EMEA,price_down_10,388.0,349.2,69,24094.8,7469.39
PI0001039,2025-03-24,Services,LATAM,control,388.0,388.0,33,12804.0,3969.24
PI0001040,2025-03-24,Services,APAC,price_up_10,388.0,426.8,59,25181.2,7806.17
PI0001041,2025-03-31,Core,North America,price_down_10,165.0,148.5,395,58657.5,31675.05
PI0001042,2025-03-31,Core,EMEA,price_down_10,165.0,148.5,321,47668.5,25740.99
PI0001043,2025-03-31,Core,LATAM,price_up_10,165.0,181.5,116,21054.0,11369.16
PI0001044,2025-03-31,Core,APAC,price_up_10,165.0,181.5,197,35755.5,19307.97
PI0001045,2025-03-31,Add-on,North America,price_down_10,92.0,82.8,273,22604.4,13562.64
PI0001046,2025-03-31,Add-on,EMEA,price_up_10,92.0,101.2,171,17305.2,10383.12
PI0001047,2025-03-31,Add-on,LATAM,price_down_10,92.0,82.8,152,12585.6,7551.36
PI0001048,2025-03-31,Add-on,APAC,price_up_10,92.0,101.2,113,11435.6,6861.36
PI0001049,2025-03-31,Premium,North America,control,305.0,305.0,99,30195.0,11474.1
PI0001050,2025-03-31,Premium,EMEA,control,305.0,305.0,102,31110.0,11821.8
PI0001051,2025-03-31,Premium,LATAM,price_down_10,305.0,274.5,55,15097.5,5737.05
PI0001052,2025-03-31,Premium,APAC,control,305.0,305.0,58,17690.0,6722.2
PI0001053,2025-03-31,Services,North America,price_up_10,388.0,426.8,69,29449.2,9129.25
PI0001054,2025-03-31,Services,EMEA,price_down_10,388.0,349.2,76,26539.2,8227.15
PI0001055,2025-03-31,Services,LATAM,control,388.0,388.0,34,13192.0,4089.52
PI0001056,2025-03-31,Services,APAC,price_up_10,388.0,426.8,40,17072.0,5292.32
PI0001057,2025-04-07,Core,North America,control,165.0,165.0,238,39270.0,21205.8
PI0001058,2025-04-07,Core,EMEA,price_up_10,165.0,181.5,229,41563.5,22444.29
PI0001059,2025-04-07,Core,LATAM,price_up_10,165.0,181.5,126,22869.0,12349.26
PI0001060,2025-04-07,Core,APAC,price_up_10,165.0,181.5,141,25591.5,13819.41
PI0001061,2025-04-07,Add-on,North America,price_up_10,92.0,101.2,165,16698.0,10018.8
PI0001062,2025-04-07,Add-on,EMEA,price_down_10,92.0,82.8,211,17470.8,10482.48
PI0001063,2025-04-07,Add-on,LATAM,control,92.0,92.0,107,9844.0,5906.4
PI0001064,2025-04-07,Add-on,APAC,price_up_10,92.0,101.2,117,11840.4,7104.24
PI0001065,2025-04-07,Premium,North America,price_up_10,305.0,335.5,114,38247.0,14533.86
PI0001066,2025-04-07,Premium,EMEA,control,305.0,305.0,109,33245.0,12633.1
PI0001067,2025-04-07,Premium,LATAM,price_down_10,305.0,274.5,60,16470.0,6258.6
PI0001068,2025-04-07,Premium,APAC,price_up_10,305.0,335.5,64,21472.0,8159.36
PI0001069,2025-04-07,Services,North America,price_up_10,388.0,426.8,71,30302.8,9393.87
PI0001070,2025-04-07,Services,EMEA,control,388.0,388.0,54,20952.0,6495.12
PI0001071,2025-04-07,Services,LATAM,price_up_10,388.0,426.8,29,12377.2,3836.93
PI0001072,2025-04-07,Services,APAC,control,388.0,388.0,39,15132.0,4690.92
PI0001073,2025-04-14,Core,North America,price_down_10,165.0,148.5,391,58063.5,31354.29
PI0001074,2025-04-14,Core,EMEA,price_down_10,165.0,148.5,296,43956.0,23736.24
PI0001075,2025-04-14,Core,LATAM,price_down_10,165.0,148.5,187,27769.5,14995.53
PI0001076,2025-04-14,Core,APAC,control,165.0,165.0,217,35805.0,19334.7
PI0001077,2025-04-14,Add-on,North America,price_down_10,92.0,82.8,230,19044.0,11426.4
PI0001078,2025-04-14,Add-on,EMEA,control,92.0,92.0,163,14996.0,8997.6
PI0001079,2025-04-14,Add-on,LATAM,price_up_10,92.0,101.2,91,9209.2,5525.52
PI0001080,2025-04-14,Add-on,APAC,price_up_10,92.0,101.2,132,13358.4,8015.04
PI0001081,2025-04-14,Premium,North America,price_down_10,305.0,274.5,138,37881.0,14394.78
PI0001082,2025-04-14,Premium,EMEA,price_down_10,305.0,274.5,86,23607.0,8970.66
PI0001083,2025-04-14,Premium,LATAM,control,305.0,305.0,65,19825.0,7533.5
PI0001084,2025-04-14,Premium,APAC,control,305.0,305.0,86,26230.0,9967.4
PI0001085,2025-04-14,Services,North America,control,388.0,388.0,55,21340.0,6615.4
PI0001086,2025-04-14,Services,EMEA,price_down_10,388.0,349.2,53,18507.6,5737.36
PI0001087,2025-04-14,Services,LATAM,price_down_10,388.0,349.2,43,15015.6,4654.84
PI0001088,2025-04-14,Services,APAC,price_up_10,388.0,426.8,36,15364.8,4763.09
PI0001089,2025-04-21,Core,North America,control,165.0,165.0,350,57750.0,31185.0
PI0001090,2025-04-21,Core,EMEA,price_down_10,165.0,148.5,285,42322.5,22854.15
PI0001091,2025-04-21,Core,LATAM,control,165.0,165.0,146,24090.0,13008.6
PI0001092,2025-04-21,Core,APAC,price_down_10,165.0,148.5,206,30591.0,16519.14
PI0001093,2025-04-21,Add-on,North America,price_down_10,92.0,82.8,194,16063.2,9637.92
PI0001094,2025-04-21,Add-on,EMEA,price_down_10,92.0,82.8,191,15814.8,9488.88
PI0001095,2025-04-21,Add-on,LATAM,price_up_10,92.0,101.2,88,8905.6,5343.36
PI0001096,2025-04-21,Add-on,APAC,control,92.0,92.0,157,14444.0,8666.4
PI0001097,2025-04-21,Premium,North America,price_up_10,305.0,335.5,89,29859.5,11346.61
PI0001098,2025-04-21,Premium,EMEA,price_up_10,305.0,335.5,88,29524.0,11219.12
PI0001099,2025-04-21,Premium,LATAM,control,305.0,305.0,73,22265.0,8460.7
PI0001100,2025-04-21,Premium,APAC,control,305.0,305.0,64,19520.0,7417.6
PI0001101,2025-04-21,Services,North America,price_down_10,388.0,349.2,57,19904.4,6170.36
PI0001102,2025-04-21,Services,EMEA,price_down_10,388.0,349.2,54,18856.8,5845.61
PI0001103,2025-04-21,Services,LATAM,price_down_10,388.0,349.2,41,14317.2,4438.33
PI0001104,2025-04-21,Services,APAC,price_down_10,388.0,349.2,51,17809.2,5520.85
PI0001105,2025-04-28,Core,North America,price_up_10,165.0,181.5,299,54268.5,29304.99
PI0001106,2025-04-28,Core,EMEA,price_up_10,165.0,181.5,194,35211.0,19013.94
PI0001107,2025-04-28,Core,LATAM,control,165.0,165.0,173,28545.0,15414.3
PI0001108,2025-04-28,Core,APAC,price_down_10,165.0,148.5,220,32670.0,17641.8
PI0001109,2025-04-28,Add-on,North America,price_down_10,92.0,82.8,199,16477.2,9886.32
PI0001110,2025-04-28,Add-on,EMEA,control,92.0,92.0,164,15088.0,9052.8
PI0001111,2025-04-28,Add-on,LATAM,price_up_10,92.0,101.2,107,10828.4,6497.04
PI0001112,2025-04-28,Add-on,APAC,price_down_10,92.0,82.8,146,12088.8,7253.28
PI0001113,2025-04-28,Premium,North America,price_up_10,305.0,335.5,103,34556.5,13131.47
PI0001114,2025-04-28,Premium,EMEA,price_up_10,305.0,335.5,100,33550.0,12749.0
PI0001115,2025-04-28,Premium,LATAM,price_up_10,305.0,335.5,59,19794.5,7521.91
PI0001116,2025-04-28,Premium,APAC,price_up_10,305.0,335.5,56,18788.0,7139.44
PI0001117,2025-04-28,Services,North America,price_up_10,388.0,426.8,61,26034.8,8070.79
PI0001118,2025-04-28,Services,EMEA,price_up_10,388.0,426.8,58,24754.4,7673.86
PI0001119,2025-04-28,Services,LATAM,control,388.0,388.0,35,13580.0,4209.8
PI0001120,2025-04-28,Services,APAC,price_down_10,388.0,349.2,44,15364.8,4763.09
PI0001121,2025-05-05,Core,North America,price_down_10,165.0,148.5,359,53311.5,28788.21
PI0001122,2025-05-05,Core,EMEA,price_up_10,165.0,181.5,252,45738.0,24698.52
PI0001123,2025-05-05,Core,LATAM,price_up_10,165.0,181.5,131,23776.5,12839.31
PI0001124,2025-05-05,Core,APAC,control,165.0,165.0,222,36630.0,19780.2
PI0001125,2025-05-05,Add-on,North America,control,92.0,92.0,218,20056.0,12033.6
PI0001126,2025-05-05,Add-on,EMEA,control,92.0,92.0,170,15640.0,9384.0
PI0001127,2025-05-05,Add-on,LATAM,price_up_10,92.0,101.2,79,7994.8,4796.88
PI0001128,2025-05-05,Add-on,APAC,price_down_10,92.0,82.8,156,12916.8,7750.08
PI0001129,2025-05-05,Premium,North America,control,305.0,305.0,112,34160.0,12980.8
PI0001130,2025-05-05,Premium,EMEA,price_up_10,305.0,335.5,88,29524.0,11219.12
PI0001131,2025-05-05,Premium,LATAM,price_down_10,305.0,274.5,77,21136.5,8031.87
PI0001132,2025-05-05,Premium,APAC,control,305.0,305.0,67,20435.0,7765.3
PI0001133,2025-05-05,Services,North America,price_up_10,388.0,426.8,62,26461.6,8203.1
PI0001134,2025-05-05,Services,EMEA,price_down_10,388.0,349.2,62,21650.4,6711.62
PI0001135,2025-05-05,Services,LATAM,price_up_10,388.0,426.8,41,17498.8,5424.63
PI0001136,2025-05-05,Services,APAC,price_up_10,388.0,426.8,61,26034.8,8070.79
PI0001137,2025-05-12,Core,North America,control,165.0,165.0,301,49665.0,26819.1
PI0001138,2025-05-12,Core,EMEA,price_down_10,165.0,148.5,321,47668.5,25740.99
PI0001139,2025-05-12,Core,LATAM,price_up_10,165.0,181.5,140,25410.0,13721.4
PI0001140,2025-05-12,Core,APAC,price_down_10,165.0,148.5,238,35343.0,19085.22
PI0001141,2025-05-12,Add-on,North America,control,92.0,92.0,197,18124.0,10874.4
PI0001142,2025-05-12,Add-on,EMEA,price_up_10,92.0,101.2,123,12447.6,7468.56
PI0001143,2025-05-12,Add-on,LATAM,price_down_10,92.0,82.8,130,10764.0,6458.4
PI0001144,2025-05-12,Add-on,APAC,price_up_10,92.0,101.2,118,11941.6,7164.96
PI0001145,2025-05-12,Premium,North America,price_down_10,305.0,274.5,95,26077.5,9909.45
PI0001146,2025-05-12,Premium,EMEA,control,305.0,305.0,94,28670.0,10894.6
PI0001147,2025-05-12,Premium,LATAM,price_down_10,305.0,274.5,63,17293.5,6571.53
PI0001148,2025-05-12,Premium,APAC,price_down_10,305.0,274.5,63,17293.5,6571.53
PI0001149,2025-05-12,Services,North America,price_up_10,388.0,426.8,61,26034.8,8070.79
PI0001150,2025-05-12,Services,EMEA,price_down_10,388.0,349.2,74,25840.8,8010.65
PI0001151,2025-05-12,Services,LATAM,price_down_10,388.0,349.2,34,11872.8,3680.57
PI0001152,2025-05-12,Services,APAC,price_up_10,388.0,426.8,42,17925.6,5556.94
PI0001153,2025-05-19,Core,North America,price_up_10,165.0,181.5,297,53905.5,29108.97
PI0001154,2025-05-19,Core,EMEA,price_up_10,165.0,181.5,286,51909.0,28030.86
PI0001155,2025-05-19,Core,LATAM,price_up_10,165.0,181.5,131,23776.5,12839.31
PI0001156,2025-05-19,Core,APAC,price_down_10,165.0,148.5,250,37125.0,20047.5
PI0001157,2025-05-19,Add-on,North America,price_down_10,92.0,82.8,234,19375.2,11625.12
PI0001158,2025-05-19,Add-on,EMEA,control,92.0,92.0,150,13800.0,8280.0
PI0001159,2025-05-19,Add-on,LATAM,price_up_10,92.0,101.2,81,8197.2,4918.32
PI0001160,2025-05-19,Add-on,APAC,price_up_10,92.0,101.2,118,11941.6,7164.96
PI0001161,2025-05-19,Premium,North America,control,305.0,305.0,85,25925.0,9851.5
PI0001162,2025-05-19,Premium,EMEA,price_down_10,305.0,274.5,91,24979.5,9492.21
PI0001163,2025-05-19,Premium,LATAM,control,305.0,305.0,47,14335.0,5447.3
PI0001164,2025-05-19,Premium,APAC,price_up_10,305.0,335.5,81,27175.5,10326.69
PI0001165,2025-05-19,Services,North America,price_down_10,388.0,349.2,94,32824.8,10175.69
PI0001166,2025-05-19,Services,EMEA,price_up_10,388.0,426.8,59,25181.2,7806.17
PI0001167,2025-05-19,Services,LATAM,price_down_10,388.0,349.2,40,13968.0,4330.08
PI0001168,2025-05-19,Services,APAC,control,388.0,388.0,38,14744.0,4570.64
PI0001169,2025-05-26,Core,North America,control,165.0,165.0,285,47025.0,25393.5
PI0001170,2025-05-26,Core,EMEA,price_down_10,165.0,148.5,261,38758.5,20929.59
PI0001171,2025-05-26,Core,LATAM,price_down_10,165.0,148.5,160,23760.0,12830.4
PI0001172,2025-05-26,Core,APAC,price_down_10,165.0,148.5,228,33858.0,18283.32
PI0001173,2025-05-26,Add-on,North America,control,92.0,92.0,217,19964.0,11978.4
PI0001174,2025-05-26,Add-on,EMEA,price_down_10,92.0,82.8,165,13662.0,8197.2
PI0001175,2025-05-26,Add-on,LATAM,price_down_10,92.0,82.8,157,12999.6,7799.76
PI0001176,2025-05-26,Add-on,APAC,price_up_10,92.0,101.2,110,11132.0,6679.2
PI0001177,2025-05-26,Premium,North America,price_up_10,305.0,335.5,97,32543.5,12366.53
PI0001178,2025-05-26,Premium,EMEA,price_up_10,305.0,335.5,67,22478.5,8541.83
PI0001179,2025-05-26,Premium,LATAM,price_up_10,305.0,335.5,44,14762.0,5609.56
PI0001180,2025-05-26,Premium,APAC,control,305.0,305.0,64,19520.0,7417.6
PI0001181,2025-05-26,Services,North America,price_down_10,388.0,349.2,89,31078.8,9634.43
PI0001182,2025-05-26,Services,EMEA,price_up_10,388.0,426.8,51,21766.8,6747.71
PI0001183,2025-05-26,Services,LATAM,price_down_10,388.0,349.2,38,13269.6,4113.58
PI0001184,2025-05-26,Services,APAC,price_up_10,388.0,426.8,40,17072.0,5292.32
PI0001185,2025-06-02,Core,North America,price_down_10,165.0,148.5,318,47223.0,25500.42
PI0001186,2025-06-02,Core,EMEA,control,165.0,165.0,278,45870.0,24769.8
PI0001187,2025-06-02,Core,LATAM,control,165.0,165.0,155,25575.0,13810.5
PI0001188,2025-06-02,Core,APAC,price_up_10,165.0,181.5,153,27769.5,14995.53
PI0001189,2025-06-02,Add-on,North America,price_up_10,92.0,101.2,146,14775.2,8865.12
PI0001190,2025-06-02,Add-on,EMEA,price_up_10,92.0,101.2,166,16799.2,10079.52
PI0001191,2025-06-02,Add-on,LATAM,price_down_10,92.0,82.8,123,10184.4,6110.64
PI0001192,2025-06-02,Add-on,APAC,control,92.0,92.0,127,11684.0,7010.4
PI0001193,2025-06-02,Premium,North America,price_up_10,305.0,335.5,90,30195.0,11474.1
PI0001194,2025-06-02,Premium,EMEA,price_up_10,305.0,335.5,74,24827.0,9434.26
PI0001195,2025-06-02,Premium,LATAM,price_down_10,305.0,274.5,61,16744.5,6362.91
PI0001196,2025-06-02,Premium,APAC,control,305.0,305.0,58,17690.0,6722.2
PI0001197,2025-06-02,Services,North America,price_down_10,388.0,349.2,61,21301.2,6603.37
PI0001198,2025-06-02,Services,EMEA,control,388.0,388.0,56,21728.0,6735.68
PI0001199,2025-06-02,Services,LATAM,control,388.0,388.0,40,15520.0,4811.2
PI0001200,2025-06-02,Services,APAC,price_down_10,388.0,349.2,44,15364.8,4763.09
PI0001201,2025-06-09,Core,North America,price_up_10,165.0,181.5,283,51364.5,27736.83
PI0001202,2025-06-09,Core,EMEA,price_down_10,165.0,148.5,235,34897.5,18844.65
PI0001203,2025-06-09,Core,LATAM,control,165.0,165.0,135,22275.0,12028.5
PI0001204,2025-06-09,Core,APAC,control,165.0,165.0,199,32835.0,17730.9
PI0001205,2025-06-09,Add-on,North America,control,92.0,92.0,191,17572.0,10543.2
PI0001206,2025-06-09,Add-on,EMEA,price_down_10,92.0,82.8,209,17305.2,10383.12
PI0001207,2025-06-09,Add-on,LATAM,price_up_10,92.0,101.2,87,8804.4,5282.64
PI0001208,2025-06-09,Add-on,APAC,price_down_10,92.0,82.8,130,10764.0,6458.4
PI0001209,2025-06-09,Premium,North America,price_down_10,305.0,274.5,109,29920.5,11369.79
PI0001210,2025-06-09,Premium,EMEA,price_up_10,305.0,335.5,79,26504.5,10071.71
PI0001211,2025-06-09,Premium,LATAM,price_down_10,305.0,274.5,57,15646.5,5945.67
PI0001212,2025-06-09,Premium,APAC,control,305.0,305.0,53,16165.0,6142.7
PI0001213,2025-06-09,Services,North America,price_down_10,388.0,349.2,79,27586.8,8551.91
PI0001214,2025-06-09,Services,EMEA,control,388.0,388.0,62,24056.0,7457.36
PI0001215,2025-06-09,Services,LATAM,control,388.0,388.0,36,13968.0,4330.08
PI0001216,2025-06-09,Services,APAC,price_up_10,388.0,426.8,45,19206.0,5953.86
PI0001217,2025-06-16,Core,North America,control,165.0,165.0,270,44550.0,24057.0
PI0001218,2025-06-16,Core,EMEA,price_up_10,165.0,181.5,210,38115.0,20582.1
PI0001219,2025-06-16,Core,LATAM,price_down_10,165.0,148.5,134,19899.0,10745.46
PI0001220,2025-06-16,Core,APAC,price_up_10,165.0,181.5,172,31218.0,16857.72
PI0001221,2025-06-16,Add-on,North America,price_down_10,92.0,82.8,244,20203.2,12121.92
PI0001222,2025-06-16,Add-on,EMEA,price_up_10,92.0,101.2,146,14775.2,8865.12
PI0001223,2025-06-16,Add-on,LATAM,control,92.0,92.0,82,7544.0,4526.4
PI0001224,2025-06-16,Add-on,APAC,price_up_10,92.0,101.2,103,10423.6,6254.16
PI0001225,2025-06-16,Premium,North America,price_down_10,305.0,274.5,105,28822.5,10952.55
PI0001226,2025-06-16,Premium,EMEA,control,305.0,305.0,80,24400.0,9272.0
PI0001227,2025-06-16,Premium,LATAM,price_down_10,305.0,274.5,56,15372.0,5841.36
PI0001228,2025-06-16,Premium,APAC,control,305.0,305.0,67,20435.0,7765.3
PI0001229,2025-06-16,Services,North America,control,388.0,388.0,73,28324.0,8780.44
PI0001230,2025-06-16,Services,EMEA,control,388.0,388.0,49,19012.0,5893.72
PI0001231,2025-06-16,Services,LATAM,price_down_10,388.0,349.2,34,11872.8,3680.57
PI0001232,2025-06-16,Services,APAC,price_up_10,388.0,426.8,45,19206.0,5953.86
PI0001233,2025-06-23,Core,North America,control,165.0,165.0,285,47025.0,25393.5
PI0001234,2025-06-23,Core,EMEA,price_down_10,165.0,148.5,257,38164.5,20608.83
PI0001235,2025-06-23,Core,LATAM,price_down_10,165.0,148.5,163,24205.5,13070.97
PI0001236,2025-06-23,Core,APAC,control,165.0,165.0,163,26895.0,14523.3
PI0001237,2025-06-23,Add-on,North America,price_up_10,92.0,101.2,114,11536.8,6922.08
PI0001238,2025-06-23,Add-on,EMEA,price_down_10,92.0,82.8,231,19126.8,11476.08
PI0001239,2025-06-23,Add-on,LATAM,price_up_10,92.0,101.2,80,8096.0,4857.6
PI0001240,2025-06-23,Add-on,APAC,control,92.0,92.0,164,15088.0,9052.8
PI0001241,2025-06-23,Premium,North America,price_up_10,305.0,335.5,79,26504.5,10071.71
PI0001242,2025-06-23,Premium,EMEA,price_down_10,305.0,274.5,81,22234.5,8449.11
PI0001243,2025-06-23,Premium,LATAM,price_down_10,305.0,274.5,56,15372.0,5841.36
PI0001244,2025-06-23,Premium,APAC,price_up_10,305.0,335.5,57,19123.5,7266.93
PI0001245,2025-06-23,Services,North America,price_down_10,388.0,349.2,69,24094.8,7469.39
PI0001246,2025-06-23,Services,EMEA,price_down_10,388.0,349.2,58,20253.6,6278.62
PI0001247,2025-06-23,Services,LATAM,control,388.0,388.0,50,19400.0,6014.0
PI0001248,2025-06-23,Services,APAC,price_down_10,388.0,349.2,47,16412.4,5087.84
PI0001249,2025-06-30,Core,North America,price_up_10,165.0,181.5,267,48460.5,26168.67
PI0001250,2025-06-30,Core,EMEA,price_down_10,165.0,148.5,253,37570.5,20288.07
PI0001251,2025-06-30,Core,LATAM,price_down_10,165.0,148.5,192,28512.0,15396.48
PI0001252,2025-06-30,Core,APAC,control,165.0,165.0,195,32175.0,17374.5
PI0001253,2025-06-30,Add-on,North America,price_down_10,92.0,82.8,212,17553.6,10532.16
PI0001254,2025-06-30,Add-on,EMEA,price_down_10,92.0,82.8,203,16808.4,10085.04
PI0001255,2025-06-30,Add-on,LATAM,price_up_10,92.0,101.2,74,7488.8,4493.28
PI0001256,2025-06-30,Add-on,APAC,price_down_10,92.0,82.8,149,12337.2,7402.32
PI0001257,2025-06-30,Premium,North America,price_down_10,305.0,274.5,108,29646.0,11265.48
PI0001258,2025-06-30,Premium,EMEA,control,305.0,305.0,76,23180.0,8808.4
PI0001259,2025-06-30,Premium,LATAM,price_up_10,305.0,335.5,43,14426.5,5482.07
PI0001260,2025-06-30,Premium,APAC,control,305.0,305.0,61,18605.0,7069.9
PI0001261,2025-06-30,Services,North America,price_up_10,388.0,426.8,74,31583.2,9790.79
PI0001262,2025-06-30,Services,EMEA,control,388.0,388.0,53,20564.0,6374.84
PI0001263,2025-06-30,Services,LATAM,price_up_10,388.0,426.8,28,11950.4,3704.62
PI0001264,2025-06-30,Services,APAC,control,388.0,388.0,44,17072.0,5292.32
PI0001265,2025-07-07,Core,North America,price_up_10,165.0,181.5,250,45375.0,24502.5
PI0001266,2025-07-07,Core,EMEA,price_down_10,165.0,148.5,261,38758.5,20929.59
PI0001267,2025-07-07,Core,LATAM,price_down_10,165.0,148.5,133,19750.5,10665.27
PI0001268,2025-07-07,Core,APAC,price_up_10,165.0,181.5,123,22324.5,12055.23
PI0001269,2025-07-07,Add-on,North America,control,92.0,92.0,175,16100.0,9660.0
PI0001270,2025-07-07,Add-on,EMEA,control,92.0,92.0,169,15548.0,9328.8
PI0001271,2025-07-07,Add-on,LATAM,control,92.0,92.0,79,7268.0,4360.8
PI0001272,2025-07-07,Add-on,APAC,control,92.0,92.0,146,13432.0,8059.2
PI0001273,2025-07-07,Premium,North America,control,305.0,305.0,94,28670.0,10894.6
PI0001274,2025-07-07,Premium,EMEA,price_down_10,305.0,274.5,92,25254.0,9596.52
PI0001275,2025-07-07,Premium,LATAM,price_up_10,305.0,335.5,43,14426.5,5482.07
PI0001276,2025-07-07,Premium,APAC,price_up_10,305.0,335.5,53,17781.5,6756.97
PI0001277,2025-07-07,Services,North America,price_up_10,388.0,426.8,51,21766.8,6747.71
PI0001278,2025-07-07,Services,EMEA,price_down_10,388.0,349.2,63,21999.6,6819.88
PI0001279,2025-07-07,Services,LATAM,control,388.0,388.0,23,8924.0,2766.44
PI0001280,2025-07-07,Services,APAC,control,388.0,388.0,33,12804.0,3969.24
PI0001281,2025-07-14,Core,North America,price_down_10,165.0,148.5,343,50935.5,27505.17
PI0001282,2025-07-14,Core,EMEA,control,165.0,165.0,280,46200.0,24948.0
PI0001283,2025-07-14,Core,LATAM,price_up_10,165.0,181.5,118,21417.0,11565.18
PI0001284,2025-07-14,Core,APAC,control,165.0,165.0,183,30195.0,16305.3
PI0001285,2025-07-14,Add-on,North America,price_down_10,92.0,82.8,224,18547.2,11128.32
PI0001286,2025-07-14,Add-on,EMEA,price_up_10,92.0,101.2,136,13763.2,8257.92
PI0001287,2025-07-14,Add-on,LATAM,price_down_10,92.0,82.8,125,10350.0,6210.0
PI0001288,2025-07-14,Add-on,APAC,control,92.0,92.0,105,9660.0,5796.0
PI0001289,2025-07-14,Premium,North America,price_down_10,305.0,274.5,98,26901.0,10222.38
PI0001290,2025-07-14,Premium,EMEA,price_down_10,305.0,274.5,80,21960.0,8344.8
PI0001291,2025-07-14,Premium,LATAM,control,305.0,305.0,53,16165.0,6142.7
PI0001292,2025-07-14,Premium,APAC,price_up_10,305.0,335.5,55,18452.5,7011.95
PI0001293,2025-07-14,Services,North America,price_down_10,388.0,349.2,51,17809.2,5520.85
PI0001294,2025-07-14,Services,EMEA,price_up_10,388.0,426.8,53,22620.4,7012.32
PI0001295,2025-07-14,Services,LATAM,control,388.0,388.0,41,15908.0,4931.48
PI0001296,2025-07-14,Services,APAC,price_up_10,388.0,426.8,29,12377.2,3836.93
PI0001297,2025-07-21,Core,North America,price_down_10,165.0,148.5,291,43213.5,23335.29
PI0001298,2025-07-21,Core,EMEA,price_up_10,165.0,181.5,238,43197.0,23326.38
PI0001299,2025-07-21,Core,LATAM,price_up_10,165.0,181.5,118,21417.0,11565.18
PI0001300,2025-07-21,Core,APAC,price_up_10,165.0,181.5,154,27951.0,15093.54
PI0001301,2025-07-21,Add-on,North America,price_up_10,92.0,101.2,166,16799.2,10079.52
PI0001302,2025-07-21,Add-on,EMEA,control,92.0,92.0,134,12328.0,7396.8
PI0001303,2025-07-21,Add-on,LATAM,price_down_10,92.0,82.8,92,7617.6,4570.56
PI0001304,2025-07-21,Add-on,APAC,price_up_10,92.0,101.2,103,10423.6,6254.16
PI0001305,2025-07-21,Premium,North America,price_up_10,305.0,335.5,78,26169.0,9944.22
PI0001306,2025-07-21,Premium,EMEA,control,305.0,305.0,61,18605.0,7069.9
PI0001307,2025-07-21,Premium,LATAM,control,305.0,305.0,46,14030.0,5331.4
PI0001308,2025-07-21,Premium,APAC,price_up_10,305.0,335.5,50,16775.0,6374.5
PI0001309,2025-07-21,Services,North America,control,388.0,388.0,58,22504.0,6976.24
PI0001310,2025-07-21,Services,EMEA,price_up_10,388.0,426.8,56,23900.8,7409.25
PI0001311,2025-07-21,Services,LATAM,control,388.0,388.0,32,12416.0,3848.96
PI0001312,2025-07-21,Services,APAC,control,388.0,388.0,34,13192.0,4089.52
PI0001313,2025-07-28,Core,North America,control,165.0,165.0,246,40590.0,21918.6
PI0001314,2025-07-28,Core,EMEA,price_down_10,165.0,148.5,255,37867.5,20448.45
PI0001315,2025-07-28,Core,LATAM,price_up_10,165.0,181.5,106,19239.0,10389.06
PI0001316,2025-07-28,Core,APAC,control,165.0,165.0,168,27720.0,14968.8
PI0001317,2025-07-28,Add-on,North America,price_down_10,92.0,82.8,194,16063.2,9637.92
PI0001318,2025-07-28,Add-on,EMEA,price_up_10,92.0,101.2,121,12245.2,7347.12
PI0001319,2025-07-28,Add-on,LATAM,control,92.0,92.0,86,7912.0,4747.2
PI0001320,2025-07-28,Add-on,APAC,control,92.0,92.0,98,9016.0,5409.6
PI0001321,2025-07-28,Premium,North America,price_down_10,305.0,274.5,119,32665.5,12412.89
PI0001322,2025-07-28,Premium,EMEA,price_up_10,305.0,335.5,80,26840.0,10199.2
PI0001323,2025-07-28,Premium,LATAM,price_up_10,305.0,335.5,37,12413.5,4717.13
PI0001324,2025-07-28,Premium,APAC,control,305.0,305.0,57,17385.0,6606.3
PI0001325,2025-07-28,Services,North America,control,388.0,388.0,62,24056.0,7457.36
PI0001326,2025-07-28,Services,EMEA,price_down_10,388.0,349.2,53,18507.6,5737.36
PI0001327,2025-07-28,Services,LATAM,price_up_10,388.0,426.8,35,14938.0,4630.78
PI0001328,2025-07-28,Services,APAC,price_up_10,388.0,426.8,46,19632.8,6086.17
PI0001329,2025-08-04,Core,North America,price_down_10,165.0,148.5,251,37273.5,20127.69
PI0001330,2025-08-04,Core,EMEA,price_up_10,165.0,181.5,175,31762.5,17151.75
PI0001331,2025-08-04,Core,LATAM,control,165.0,165.0,125,20625.0,11137.5
PI0001332,2025-08-04,Core,APAC,price_up_10,165.0,181.5,164,29766.0,16073.64
PI0001333,2025-08-04,Add-on,North America,price_up_10,92.0,101.2,168,17001.6,10200.96
PI0001334,2025-08-04,Add-on,EMEA,control,92.0,92.0,180,16560.0,9936.0
PI0001335,2025-08-04,Add-on,LATAM,price_up_10,92.0,101.2,95,9614.0,5768.4
PI0001336,2025-08-04,Add-on,APAC,control,92.0,92.0,99,9108.0,5464.8
PI0001337,2025-08-04,Premium,North America,price_down_10,305.0,274.5,90,24705.0,9387.9
PI0001338,2025-08-04,Premium,EMEA,price_down_10,305.0,274.5,82,22509.0,8553.42
PI0001339,2025-08-04,Premium,LATAM,control,305.0,305.0,60,18300.0,6954.0
PI0001340,2025-08-04,Premium,APAC,price_down_10,305.0,274.5,67,18391.5,6988.77
PI0001341,2025-08-04,Services,North America,control,388.0,388.0,46,17848.0,5532.88
PI0001342,2025-08-04,Services,EMEA,price_down_10,388.0,349.2,43,15015.6,4654.84
PI0001343,2025-08-04,Services,LATAM,price_up_10,388.0,426.8,16,6828.8,2116.93
PI0001344,2025-08-04,Services,APAC,price_up_10,388.0,426.8,34,14511.2,4498.47
PI0001345,2025-08-11,Core,North America,control,165.0,165.0,235,38775.0,20938.5
PI0001346,2025-08-11,Core,EMEA,price_down_10,165.0,148.5,295,43807.5,23656.05
PI0001347,2025-08-11,Core,LATAM,price_down_10,165.0,148.5,174,25839.0,13953.06
PI0001348,2025-08-11,Core,APAC,control,165.0,165.0,158,26070.0,14077.8
PI0001349,2025-08-11,Add-on,North America,price_down_10,92.0,82.8,201,16642.8,9985.68
PI0001350,2025-08-11,Add-on,EMEA,price_down_10,92.0,82.8,149,12337.2,7402.32
PI0001351,2025-08-11,Add-on,LATAM,control,92.0,92.0,91,8372.0,5023.2
PI0001352,2025-08-11,Add-on,APAC,price_up_10,92.0,101.2,110,11132.0,6679.2
PI0001353,2025-08-11,Premium,North America,price_down_10,305.0,274.5,115,31567.5,11995.65
PI0001354,2025-08-11,Premium,EMEA,control,305.0,305.0,66,20130.0,7649.4
PI0001355,2025-08-11,Premium,LATAM,price_up_10,305.0,335.5,35,11742.5,4462.15
PI0001356,2025-08-11,Premium,APAC,price_up_10,305.0,335.5,45,15097.5,5737.05
PI0001357,2025-08-11,Services,North America,control,388.0,388.0,62,24056.0,7457.36
PI0001358,2025-08-11,Services,EMEA,control,388.0,388.0,34,13192.0,4089.52
PI0001359,2025-08-11,Services,LATAM,price_up_10,388.0,426.8,31,13230.8,4101.55
PI0001360,2025-08-11,Services,APAC,price_down_10,388.0,349.2,41,14317.2,4438.33
PI0001361,2025-08-18,Core,North America,control,165.0,165.0,190,31350.0,16929.0
PI0001362,2025-08-18,Core,EMEA,price_down_10,165.0,148.5,270,40095.0,21651.3
PI0001363,2025-08-18,Core,LATAM,control,165.0,165.0,158,26070.0,14077.8
PI0001364,2025-08-18,Core,APAC,price_down_10,165.0,148.5,163,24205.5,13070.97
PI0001365,2025-08-18,Add-on,North America,control,92.0,92.0,180,16560.0,9936.0
PI0001366,2025-08-18,Add-on,EMEA,control,92.0,92.0,115,10580.0,6348.0
PI0001367,2025-08-18,Add-on,LATAM,control,92.0,92.0,82,7544.0,4526.4
PI0001368,2025-08-18,Add-on,APAC,price_up_10,92.0,101.2,80,8096.0,4857.6
PI0001369,2025-08-18,Premium,North America,control,305.0,305.0,72,21960.0,8344.8
PI0001370,2025-08-18,Premium,EMEA,price_up_10,305.0,335.5,92,30866.0,11729.08
PI0001371,2025-08-18,Premium,LATAM,price_down_10,305.0,274.5,50,13725.0,5215.5
PI0001372,2025-08-18,Premium,APAC,control,305.0,305.0,51,15555.0,5910.9
PI0001373,2025-08-18,Services,North America,price_down_10,388.0,349.2,60,20952.0,6495.12
PI0001374,2025-08-18,Services,EMEA,control,388.0,388.0,52,20176.0,6254.56
PI0001375,2025-08-18,Services,LATAM,control,388.0,388.0,27,10476.0,3247.56
PI0001376,2025-08-18,Services,APAC,price_down_10,388.0,349.2,50,17460.0,5412.6
PI0001377,2025-08-25,Core,North America,control,165.0,165.0,315,51975.0,28066.5
PI0001378,2025-08-25,Core,EMEA,price_down_10,165.0,148.5,201,29848.5,16118.19
PI0001379,2025-08-25,Core,LATAM,price_down_10,165.0,148.5,155,23017.5,12429.45
PI0001380,2025-08-25,Core,APAC,control,165.0,165.0,149,24585.0,13275.9
PI0001381,2025-08-25,Add-on,North America,price_up_10,92.0,101.2,151,15281.2,9168.72
PI0001382,2025-08-25,Add-on,EMEA,price_up_10,92.0,101.2,94,9512.8,5707.68
PI0001383,2025-08-25,Add-on,LATAM,control,92.0,92.0,84,7728.0,4636.8
PI0001384,2025-08-25,Add-on,APAC,price_up_10,92.0,101.2,82,8298.4,4979.04
PI0001385,2025-08-25,Premium,North America,control,305.0,305.0,70,21350.0,8113.0
PI0001386,2025-08-25,Premium,EMEA,control,305.0,305.0,81,24705.0,9387.9
PI0001387,2025-08-25,Premium,LATAM,control,305.0,305.0,59,17995.0,6838.1
PI0001388,2025-08-25,Premium,APAC,price_up_10,305.0,335.5,81,27175.5,10326.69
PI0001389,2025-08-25,Services,North America,control,388.0,388.0,62,24056.0,7457.36
PI0001390,2025-08-25,Services,EMEA,price_up_10,388.0,426.8,59,25181.2,7806.17
PI0001391,2025-08-25,Services,LATAM,control,388.0,388.0,25,9700.0,3007.0
PI0001392,2025-08-25,Services,APAC,price_down_10,388.0,349.2,45,15714.0,4871.34
PI0001393,2025-09-01,Core,North America,price_up_10,165.0,181.5,227,41200.5,22248.27
PI0001394,2025-09-01,Core,EMEA,price_up_10,165.0,181.5,203,36844.5,19896.03
PI0001395,2025-09-01,Core,LATAM,control,165.0,165.0,134,22110.0,11939.4
PI0001396,2025-09-01,Core,APAC,price_down_10,165.0,148.5,191,28363.5,15316.29
PI0001397,2025-09-01,Add-on,North America,price_down_10,92.0,82.8,183,15152.4,9091.44
PI0001398,2025-09-01,Add-on,EMEA,price_up_10,92.0,101.2,124,12548.8,7529.28
PI0001399,2025-09-01,Add-on,LATAM,price_up_10,92.0,101.2,72,7286.4,4371.84
PI0001400,2025-09-01,Add-on,APAC,price_down_10,92.0,82.8,108,8942.4,5365.44
PI0001401,2025-09-01,Premium,North America,price_down_10,305.0,274.5,73,20038.5,7614.63
PI0001402,2025-09-01,Premium,EMEA,price_up_10,305.0,335.5,50,16775.0,6374.5
PI0001403,2025-09-01,Premium,LATAM,price_down_10,305.0,274.5,45,12352.5,4693.95
PI0001404,2025-09-01,Premium,APAC,control,305.0,305.0,52,15860.0,6026.8
PI0001405,2025-09-01,Services,North America,price_up_10,388.0,426.8,56,23900.8,7409.25
PI0001406,2025-09-01,Services,EMEA,control,388.0,388.0,51,19788.0,6134.28
PI0001407,2025-09-01,Services,LATAM,price_down_10,388.0,349.2,28,9777.6,3031.06
PI0001408,2025-09-01,Services,APAC,price_down_10,388.0,349.2,45,15714.0,4871.34
PI0001409,2025-09-08,Core,North America,price_down_10,165.0,148.5,279,41431.5,22373.01
PI0001410,2025-09-08,Core,EMEA,price_up_10,165.0,181.5,191,34666.5,18719.91
PI0001411,2025-09-08,Core,LATAM,price_down_10,165.0,148.5,132,19602.0,10585.08
PI0001412,2025-09-08,Core,APAC,control,165.0,165.0,151,24915.0,13454.1
PI0001413,2025-09-08,Add-on,North America,price_down_10,92.0,82.8,173,14324.4,8594.64
PI0001414,2025-09-08,Add-on,EMEA,price_down_10,92.0,82.8,135,11178.0,6706.8
PI0001415,2025-09-08,Add-on,LATAM,price_up_10,92.0,101.2,65,6578.0,3946.8
PI0001416,2025-09-08,Add-on,APAC,control,92.0,92.0,87,8004.0,4802.4
PI0001417,2025-09-08,Premium,North America,price_up_10,305.0,335.5,66,22143.0,8414.34
PI0001418,2025-09-08,Premium,EMEA,price_down_10,305.0,274.5,92,25254.0,9596.52
PI0001419,2025-09-08,Premium,LATAM,price_down_10,305.0,274.5,56,15372.0,5841.36
PI0001420,2025-09-08,Premium,APAC,price_up_10,305.0,335.5,41,13755.5,5227.09
PI0001421,2025-09-08,Services,North America,price_down_10,388.0,349.2,57,19904.4,6170.36
PI0001422,2025-09-08,Services,EMEA,control,388.0,388.0,50,19400.0,6014.0
PI0001423,2025-09-08,Services,LATAM,control,388.0,388.0,26,10088.0,3127.28
PI0001424,2025-09-08,Services,APAC,control,388.0,388.0,37,14356.0,4450.36
PI0001425,2025-09-15,Core,North America,price_up_10,165.0,181.5,266,48279.0,26070.66
PI0001426,2025-09-15,Core,EMEA,price_up_10,165.0,181.5,163,29584.5,15975.63
PI0001427,2025-09-15,Core,LATAM,price_down_10,165.0,148.5,146,21681.0,11707.74
PI0001428,2025-09-15,Core,APAC,price_up_10,165.0,181.5,150,27225.0,14701.5
PI0001429,2025-09-15,Add-on,North America,price_up_10,92.0,101.2,131,13257.2,7954.32
PI0001430,2025-09-15,Add-on,EMEA,price_up_10,92.0,101.2,152,15382.4,9229.44
PI0001431,2025-09-15,Add-on,LATAM,price_down_10,92.0,82.8,119,9853.2,5911.92
PI0001432,2025-09-15,Add-on,APAC,price_up_10,92.0,101.2,108,10929.6,6557.76
PI0001433,2025-09-15,Premium,North America,price_up_10,305.0,335.5,82,27511.0,10454.18
PI0001434,2025-09-15,Premium,EMEA,price_down_10,305.0,274.5,73,20038.5,7614.63
PI0001435,2025-09-15,Premium,LATAM,price_down_10,305.0,274.5,36,9882.0,3755.16
PI0001436,2025-09-15,Premium,APAC,price_down_10,305.0,274.5,74,20313.0,7718.94
PI0001437,2025-09-15,Services,North America,price_up_10,388.0,426.8,43,18352.4,5689.24
PI0001438,2025-09-15,Services,EMEA,control,388.0,388.0,46,17848.0,5532.88
PI0001439,2025-09-15,Services,LATAM,price_up_10,388.0,426.8,21,8962.8,2778.47
PI0001440,2025-09-15,Services,APAC,control,388.0,388.0,43,16684.0,5172.04
PI0001441,2025-09-22,Core,North America,price_up_10,165.0,181.5,176,31944.0,17249.76
PI0001442,2025-09-22,Core,EMEA,price_up_10,165.0,181.5,226,41019.0,22150.26
PI0001443,2025-09-22,Core,LATAM,control,165.0,165.0,89,14685.0,7929.9
PI0001444,2025-09-22,Core,APAC,price_down_10,165.0,148.5,193,28660.5,15476.67
PI0001445,2025-09-22,Add-on,North America,control,92.0,92.0,184,16928.0,10156.8
PI0001446,2025-09-22,Add-on,EMEA,control,92.0,92.0,135,12420.0,7452.0
PI0001447,2025-09-22,Add-on,LATAM,price_down_10,92.0,82.8,112,9273.6,5564.16
PI0001448,2025-09-22,Add-on,APAC,price_down_10,92.0,82.8,114,9439.2,5663.52
PI0001449,2025-09-22,Premium,North America,price_down_10,305.0,274.5,95,26077.5,9909.45
PI0001450,2025-09-22,Premium,EMEA,price_up_10,305.0,335.5,58,19459.0,7394.42
PI0001451,2025-09-22,Premium,LATAM,control,305.0,305.0,51,15555.0,5910.9
PI0001452,2025-09-22,Premium,APAC,price_down_10,305.0,274.5,48,13176.0,5006.88
PI0001453,2025-09-22,Services,North America,price_down_10,388.0,349.2,59,20602.8,6386.87
PI0001454,2025-09-22,Services,EMEA,price_up_10,388.0,426.8,44,18779.2,5821.55
PI0001455,2025-09-22,Services,LATAM,price_down_10,388.0,349.2,34,11872.8,3680.57
PI0001456,2025-09-22,Services,APAC,price_down_10,388.0,349.2,35,12222.0,3788.82
PI0001457,2025-09-29,Core,North America,price_up_10,165.0,181.5,237,43015.5,23228.37
PI0001458,2025-09-29,Core,EMEA,price_up_10,165.0,181.5,165,29947.5,16171.65
PI0001459,2025-09-29,Core,LATAM,price_up_10,165.0,181.5,119,21598.5,11663.19
PI0001460,2025-09-29,Core,APAC,control,165.0,165.0,171,28215.0,15236.1
PI0001461,2025-09-29,Add-on,North America,price_down_10,92.0,82.8,195,16146.0,9687.6
PI0001462,2025-09-29,Add-on,EMEA,price_down_10,92.0,82.8,173,14324.4,8594.64
PI0001463,2025-09-29,Add-on,LATAM,control,92.0,92.0,73,6716.0,4029.6
PI0001464,2025-09-29,Add-on,APAC,control,92.0,92.0,105,9660.0,5796.0
PI0001465,2025-09-29,Premium,North America,price_down_10,305.0,274.5,95,26077.5,9909.45
PI0001466,2025-09-29,Premium,EMEA,control,305.0,305.0,69,21045.0,7997.1
PI0001467,2025-09-29,Premium,LATAM,control,305.0,305.0,47,14335.0,5447.3
PI0001468,2025-09-29,Premium,APAC,control,305.0,305.0,70,21350.0,8113.0
PI0001469,2025-09-29,Services,North America,price_up_10,388.0,426.8,52,22193.6,6880.02
PI0001470,2025-09-29,Services,EMEA,price_down_10,388.0,349.2,56,19555.2,6062.11
PI0001471,2025-09-29,Services,LATAM,control,388.0,388.0,24,9312.0,2886.72
PI0001472,2025-09-29,Services,APAC,price_up_10,388.0,426.8,33,14084.4,4366.16
PI0001473,2025-10-06,Core,North America,control,165.0,165.0,224,36960.0,19958.4
PI0001474,2025-10-06,Core,EMEA,price_down_10,165.0,148.5,213,31630.5,17080.47
PI0001475,2025-10-06,Core,LATAM,control,165.0,165.0,129,21285.0,11493.9
PI0001476,2025-10-06,Core,APAC,price_up_10,165.0,181.5,145,26317.5,14211.45
PI0001477,2025-10-06,Add-on,North America,price_down_10,92.0,82.8,237,19623.6,11774.16
PI0001478,2025-10-06,Add-on,EMEA,price_down_10,92.0,82.8,147,12171.6,7302.96
PI0001479,2025-10-06,Add-on,LATAM,price_up_10,92.0,101.2,69,6982.8,4189.68
PI0001480,2025-10-06,Add-on,APAC,price_up_10,92.0,101.2,103,10423.6,6254.16
PI0001481,2025-10-06,Premium,North America,price_down_10,305.0,274.5,84,23058.0,8762.04
PI0001482,2025-10-06,Premium,EMEA,control,305.0,305.0,78,23790.0,9040.2
PI0001483,2025-10-06,Premium,LATAM,price_up_10,305.0,335.5,38,12749.0,4844.62
PI0001484,2025-10-06,Premium,APAC,price_down_10,305.0,274.5,76,20862.0,7927.56
PI0001485,2025-10-06,Services,North America,price_down_10,388.0,349.2,58,20253.6,6278.62
PI0001486,2025-10-06,Services,EMEA,control,388.0,388.0,54,20952.0,6495.12
PI0001487,2025-10-06,Services,LATAM,price_up_10,388.0,426.8,26,11096.8,3440.01
PI0001488,2025-10-06,Services,APAC,control,388.0,388.0,40,15520.0,4811.2
PI0001489,2025-10-13,Core,North America,control,165.0,165.0,243,40095.0,21651.3
PI0001490,2025-10-13,Core,EMEA,price_up_10,165.0,181.5,185,33577.5,18131.85
PI0001491,2025-10-13,Core,LATAM,price_up_10,165.0,181.5,104,18876.0,10193.04
PI0001492,2025-10-13,Core,APAC,control,165.0,165.0,161,26565.0,14345.1
PI0001493,2025-10-13,Add-on,North America,control,92.0,92.0,150,13800.0,8280.0
PI0001494,2025-10-13,Add-on,EMEA,price_up_10,92.0,101.2,119,12042.8,7225.68
PI0001495,2025-10-13,Add-on,LATAM,price_down_10,92.0,82.8,129,10681.2,6408.72
PI0001496,2025-10-13,Add-on,APAC,price_down_10,92.0,82.8,140,11592.0,6955.2
PI0001497,2025-10-13,Premium,North America,price_up_10,305.0,335.5,81,27175.5,10326.69
PI0001498,2025-10-13,Premium,EMEA,price_up_10,305.0,335.5,56,18788.0,7139.44
PI0001499,2025-10-13,Premium,LATAM,control,305.0,305.0,56,17080.0,6490.4
PI0001500,2025-10-13,Premium,APAC,control,305.0,305.0,64,19520.0,7417.6
PI0001501,2025-10-13,Services,North America,control,388.0,388.0,56,21728.0,6735.68
PI0001502,2025-10-13,Services,EMEA,control,388.0,388.0,52,20176.0,6254.56
PI0001503,2025-10-13,Services,LATAM,price_up_10,388.0,426.8,29,12377.2,3836.93
PI0001504,2025-10-13,Services,APAC,control,388.0,388.0,40,15520.0,4811.2
PI0001505,2025-10-20,Core,North America,price_up_10,165.0,181.5,215,39022.5,21072.15
PI0001506,2025-10-20,Core,EMEA,control,165.0,165.0,205,33825.0,18265.5
PI0001507,2025-10-20,Core,LATAM,control,165.0,165.0,135,22275.0,12028.5
PI0001508,2025-10-20,Core,APAC,price_down_10,165.0,148.5,191,28363.5,15316.29
PI0001509,2025-10-20,Add-on,North America,control,92.0,92.0,178,16376.0,9825.6
PI0001510,2025-10-20,Add-on,EMEA,control,92.0,92.0,162,14904.0,8942.4
PI0001511,2025-10-20,Add-on,LATAM,price_down_10,92.0,82.8,96,7948.8,4769.28
PI0001512,2025-10-20,Add-on,APAC,control,92.0,92.0,101,9292.0,5575.2
PI0001513,2025-10-20,Premium,North America,control,305.0,305.0,81,24705.0,9387.9
PI0001514,2025-10-20,Premium,EMEA,price_up_10,305.0,335.5,57,19123.5,7266.93
PI0001515,2025-10-20,Premium,LATAM,price_down_10,305.0,274.5,54,14823.0,5632.74
PI0001516,2025-10-20,Premium,APAC,price_up_10,305.0,335.5,55,18452.5,7011.95
PI0001517,2025-10-20,Services,North America,price_up_10,388.0,426.8,48,20486.4,6350.78
PI0001518,2025-10-20,Services,EMEA,control,388.0,388.0,52,20176.0,6254.56
PI0001519,2025-10-20,Services,LATAM,price_up_10,388.0,426.8,31,13230.8,4101.55
PI0001520,2025-10-20,Services,APAC,price_down_10,388.0,349.2,36,12571.2,3897.07
PI0001521,2025-10-27,Core,North America,price_up_10,165.0,181.5,273,49549.5,26756.73
PI0001522,2025-10-27,Core,EMEA,control,165.0,165.0,209,34485.0,18621.9
PI0001523,2025-10-27,Core,LATAM,price_up_10,165.0,181.5,134,24321.0,13133.34
PI0001524,2025-10-27,Core,APAC,price_up_10,165.0,181.5,133,24139.5,13035.33
PI0001525,2025-10-27,Add-on,North America,price_down_10,92.0,82.8,176,14572.8,8743.68
PI0001526,2025-10-27,Add-on,EMEA,price_down_10,92.0,82.8,157,12999.6,7799.76
PI0001527,2025-10-27,Add-on,LATAM,price_down_10,92.0,82.8,98,8114.4,4868.64
PI0001528,2025-10-27,Add-on,APAC,control,92.0,92.0,103,9476.0,5685.6
PI0001529,2025-10-27,Premium,North America,control,305.0,305.0,92,28060.0,10662.8
PI0001530,2025-10-27,Premium,EMEA,price_up_10,305.0,335.5,73,24491.5,9306.77
PI0001531,2025-10-27,Premium,LATAM,price_up_10,305.0,335.5,35,11742.5,4462.15
PI0001532,2025-10-27,Premium,APAC,price_down_10,305.0,274.5,51,13999.5,5319.81
PI0001533,2025-10-27,Services,North America,price_down_10,388.0,349.2,63,21999.6,6819.88
PI0001534,2025-10-27,Services,EMEA,price_up_10,388.0,426.8,51,21766.8,6747.71
PI0001535,2025-10-27,Services,LATAM,price_down_10,388.0,349.2,24,8380.8,2598.05
PI0001536,2025-10-27,Services,APAC,price_up_10,388.0,426.8,44,18779.2,5821.55
PI0001537,2025-11-03,Core,North America,control,165.0,165.0,249,41085.0,22185.9
PI0001538,2025-11-03,Core,EMEA,price_up_10,165.0,181.5,204,37026.0,19994.04
PI0001539,2025-11-03,Core,LATAM,control,165.0,165.0,119,19635.0,10602.9
PI0001540,2025-11-03,Core,APAC,price_up_10,165.0,181.5,124,22506.0,12153.24
PI0001541,2025-11-03,Add-on,North America,control,92.0,92.0,153,14076.0,8445.6
PI0001542,2025-11-03,Add-on,EMEA,price_up_10,92.0,101.2,133,13459.6,8075.76
PI0001543,2025-11-03,Add-on,LATAM,price_down_10,92.0,82.8,96,7948.8,4769.28
PI0001544,2025-11-03,Add-on,APAC,price_up_10,92.0,101.2,105,10626.0,6375.6
PI0001545,2025-11-03,Premium,North America,control,305.0,305.0,82,25010.0,9503.8
PI0001546,2025-11-03,Premium,EMEA,price_up_10,305.0,335.5,67,22478.5,8541.83
PI0001547,2025-11-03,Premium,LATAM,price_up_10,305.0,335.5,45,15097.5,5737.05
PI0001548,2025-11-03,Premium,APAC,price_down_10,305.0,274.5,63,17293.5,6571.53
PI0001549,2025-11-03,Services,North America,control,388.0,388.0,62,24056.0,7457.36
PI0001550,2025-11-03,Services,EMEA,price_up_10,388.0,426.8,30,12804.0,3969.24
PI0001551,2025-11-03,Services,LATAM,price_up_10,388.0,426.8,36,15364.8,4763.09
PI0001552,2025-11-03,Services,APAC,price_up_10,388.0,426.8,31,13230.8,4101.55
PI0001553,2025-11-10,Core,North America,price_up_10,165.0,181.5,234,42471.0,22934.34
PI0001554,2025-11-10,Core,EMEA,control,165.0,165.0,221,36465.0,19691.1
PI0001555,2025-11-10,Core,LATAM,price_down_10,165.0,148.5,174,25839.0,13953.06
PI0001556,2025-11-10,Core,APAC,price_down_10,165.0,148.5,190,28215.0,15236.1
PI0001557,2025-11-10,Add-on,North America,price_down_10,92.0,82.8,232,19209.6,11525.76
PI0001558,2025-11-10,Add-on,EMEA,price_down_10,92.0,82.8,157,12999.6,7799.76
PI0001559,2025-11-10,Add-on,LATAM,control,92.0,92.0,90,8280.0,4968.0
PI0001560,2025-11-10,Add-on,APAC,control,92.0,92.0,122,11224.0,6734.4
PI0001561,2025-11-10,Premium,North America,control,305.0,305.0,76,23180.0,8808.4
PI0001562,2025-11-10,Premium,EMEA,control,305.0,305.0,75,22875.0,8692.5
PI0001563,2025-11-10,Premium,LATAM,control,305.0,305.0,50,15250.0,5795.0
PI0001564,2025-11-10,Premium,APAC,price_up_10,305.0,335.5,48,16104.0,6119.52
PI0001565,2025-11-10,Services,North America,control,388.0,388.0,61,23668.0,7337.08
PI0001566,2025-11-10,Services,EMEA,control,388.0,388.0,52,20176.0,6254.56
PI0001567,2025-11-10,Services,LATAM,control,388.0,388.0,31,12028.0,3728.68
PI0001568,2025-11-10,Services,APAC,price_up_10,388.0,426.8,46,19632.8,6086.17
PI0001569,2025-11-17,Core,North America,price_up_10,165.0,181.5,226,41019.0,22150.26
PI0001570,2025-11-17,Core,EMEA,control,165.0,165.0,185,30525.0,16483.5
PI0001571,2025-11-17,Core,LATAM,price_down_10,165.0,148.5,188,27918.0,15075.72
PI0001572,2025-11-17,Core,APAC,control,165.0,165.0,178,29370.0,15859.8
PI0001573,2025-11-17,Add-on,North America,control,92.0,92.0,193,17756.0,10653.6
PI0001574,2025-11-17,Add-on,EMEA,price_up_10,92.0,101.2,134,13560.8,8136.48
PI0001575,2025-11-17,Add-on,LATAM,control,92.0,92.0,96,8832.0,5299.2
PI0001576,2025-11-17,Add-on,APAC,control,92.0,92.0,95,8740.0,5244.0
PI0001577,2025-11-17,Premium,North America,price_down_10,305.0,274.5,85,23332.5,8866.35
PI0001578,2025-11-17,Premium,EMEA,control,305.0,305.0,85,25925.0,9851.5
PI0001579,2025-11-17,Premium,LATAM,price_down_10,305.0,274.5,55,15097.5,5737.05
PI0001580,2025-11-17,Premium,APAC,price_down_10,305.0,274.5,58,15921.0,6049.98
PI0001581,2025-11-17,Services,North America,price_up_10,388.0,426.8,62,26461.6,8203.1
PI0001582,2025-11-17,Services,EMEA,price_up_10,388.0,426.8,42,17925.6,5556.94
PI0001583,2025-11-17,Services,LATAM,control,388.0,388.0,20,7760.0,2405.6
PI0001584,2025-11-17,Services,APAC,price_down_10,388.0,349.2,36,12571.2,3897.07
PI0001585,2025-11-24,Core,North America,price_down_10,165.0,148.5,268,39798.0,21490.92
PI0001586,2025-11-24,Core,EMEA,price_up_10,165.0,181.5,206,37389.0,20190.06
PI0001587,2025-11-24,Core,LATAM,price_down_10,165.0,148.5,122,18117.0,9783.18
PI0001588,2025-11-24,Core,APAC,price_down_10,165.0,148.5,199,29551.5,15957.81
PI0001589,2025-11-24,Add-on,North America,price_up_10,92.0,101.2,202,20442.4,12265.44
PI0001590,2025-11-24,Add-on,EMEA,price_down_10,92.0,82.8,149,12337.2,7402.32
PI0001591,2025-11-24,Add-on,LATAM,price_up_10,92.0,101.2,76,7691.2,4614.72
PI0001592,2025-11-24,Add-on,APAC,price_down_10,92.0,82.8,143,11840.4,7104.24
PI0001593,2025-11-24,Premium,North America,control,305.0,305.0,89,27145.0,10315.1
PI0001594,2025-11-24,Premium,EMEA,price_down_10,305.0,274.5,86,23607.0,8970.66
PI0001595,2025-11-24,Premium,LATAM,control,305.0,305.0,53,16165.0,6142.7
PI0001596,2025-11-24,Premium,APAC,price_down_10,305.0,274.5,60,16470.0,6258.6
PI0001597,2025-11-24,Services,North America,control,388.0,388.0,60,23280.0,7216.8
PI0001598,2025-11-24,Services,EMEA,price_down_10,388.0,349.2,54,18856.8,5845.61
PI0001599,2025-11-24,Services,LATAM,control,388.0,388.0,26,10088.0,3127.28
PI0001600,2025-11-24,Services,APAC,price_up_10,388.0,426.8,25,10670.0,3307.7
PI0001601,2025-12-01,Core,North America,price_up_10,165.0,181.5,251,45556.5,24600.51
PI0001602,2025-12-01,Core,EMEA,control,165.0,165.0,236,38940.0,21027.6
PI0001603,2025-12-01,Core,LATAM,price_down_10,165.0,148.5,138,20493.0,11066.22
PI0001604,2025-12-01,Core,APAC,price_down_10,165.0,148.5,169,25096.5,13552.11
PI0001605,2025-12-01,Add-on,North America,price_down_10,92.0,82.8,209,17305.2,10383.12
PI0001606,2025-12-01,Add-on,EMEA,price_up_10,92.0,101.2,149,15078.8,9047.28
PI0001607,2025-12-01,Add-on,LATAM,price_down_10,92.0,82.8,113,9356.4,5613.84
PI0001608,2025-12-01,Add-on,APAC,price_down_10,92.0,82.8,162,13413.6,8048.16
PI0001609,2025-12-01,Premium,North America,control,305.0,305.0,73,22265.0,8460.7
PI0001610,2025-12-01,Premium,EMEA,price_up_10,305.0,335.5,107,35898.5,13641.43
PI0001611,2025-12-01,Premium,LATAM,control,305.0,305.0,42,12810.0,4867.8
PI0001612,2025-12-01,Premium,APAC,control,305.0,305.0,79,24095.0,9156.1
PI0001613,2025-12-01,Services,North America,control,388.0,388.0,51,19788.0,6134.28
PI0001614,2025-12-01,Services,EMEA,control,388.0,388.0,41,15908.0,4931.48
PI0001615,2025-12-01,Services,LATAM,control,388.0,388.0,39,15132.0,4690.92
PI0001616,2025-12-01,Services,APAC,price_up_10,388.0,426.8,32,13657.6,4233.86
PI0001617,2025-12-08,Core,North America,price_down_10,165.0,148.5,305,45292.5,24457.95
PI0001618,2025-12-08,Core,EMEA,price_down_10,165.0,148.5,236,35046.0,18924.84
PI0001619,2025-12-08,Core,LATAM,price_up_10,165.0,181.5,130,23595.0,12741.3
PI0001620,2025-12-08,Core,APAC,control,165.0,165.0,165,27225.0,14701.5
PI0001621,2025-12-08,Add-on,North America,control,92.0,92.0,143,13156.0,7893.6
PI0001622,2025-12-08,Add-on,EMEA,price_up_10,92.0,101.2,117,11840.4,7104.24
PI0001623,2025-12-08,Add-on,LATAM,price_down_10,92.0,82.8,110,9108.0,5464.8
PI0001624,2025-12-08,Add-on,APAC,control,92.0,92.0,116,10672.0,6403.2
PI0001625,2025-12-08,Premium,North America,price_up_10,305.0,335.5,87,29188.5,11091.63
PI0001626,2025-12-08,Premium,EMEA,control,305.0,305.0,76,23180.0,8808.4
PI0001627,2025-12-08,Premium,LATAM,price_down_10,305.0,274.5,61,16744.5,6362.91
PI0001628,2025-12-08,Premium,APAC,control,305.0,305.0,63,19215.0,7301.7
PI0001629,2025-12-08,Services,North America,price_down_10,388.0,349.2,51,17809.2,5520.85
PI0001630,2025-12-08,Services,EMEA,price_down_10,388.0,349.2,60,20952.0,6495.12
PI0001631,2025-12-08,Services,LATAM,price_down_10,388.0,349.2,39,13618.8,4221.83
PI0001632,2025-12-08,Services,APAC,control,388.0,388.0,37,14356.0,4450.36
PI0001633,2025-12-15,Core,North America,price_up_10,165.0,181.5,232,42108.0,22738.32
PI0001634,2025-12-15,Core,EMEA,control,165.0,165.0,226,37290.0,20136.6
PI0001635,2025-12-15,Core,LATAM,price_down_10,165.0,148.5,179,26581.5,14354.01
PI0001636,2025-12-15,Core,APAC,price_up_10,165.0,181.5,165,29947.5,16171.65
PI0001637,2025-12-15,Add-on,North America,control,92.0,92.0,167,15364.0,9218.4
PI0001638,2025-12-15,Add-on,EMEA,price_down_10,92.0,82.8,178,14738.4,8843.04
PI0001639,2025-12-15,Add-on,LATAM,control,92.0,92.0,81,7452.0,4471.2
PI0001640,2025-12-15,Add-on,APAC,control,92.0,92.0,121,11132.0,6679.2
PI0001641,2025-12-15,Premium,North America,control,305.0,305.0,89,27145.0,10315.1
PI0001642,2025-12-15,Premium,EMEA,price_up_10,305.0,335.5,75,25162.5,9561.75
PI0001643,2025-12-15,Premium,LATAM,price_up_10,305.0,335.5,44,14762.0,5609.56
PI0001644,2025-12-15,Premium,APAC,price_up_10,305.0,335.5,60,20130.0,7649.4
PI0001645,2025-12-15,Services,North America,control,388.0,388.0,57,22116.0,6855.96
PI0001646,2025-12-15,Services,EMEA,price_up_10,388.0,426.8,49,20913.2,6483.09
PI0001647,2025-12-15,Services,LATAM,price_down_10,388.0,349.2,29,10126.8,3139.31
PI0001648,2025-12-15,Services,APAC,price_down_10,388.0,349.2,44,15364.8,4763.09
PI0001649,2025-12-22,Core,North America,price_up_10,165.0,181.5,210,38115.0,20582.1
PI0001650,2025-12-22,Core,EMEA,price_up_10,165.0,181.5,233,42289.5,22836.33
PI0001651,2025-12-22,Core,LATAM,price_down_10,165.0,148.5,184,27324.0,14754.96
PI0001652,2025-12-22,Core,APAC,price_up_10,165.0,181.5,166,30129.0,16269.66
PI0001653,2025-12-22,Add-on,North America,price_down_10,92.0,82.8,192,15897.6,9538.56
PI0001654,2025-12-22,Add-on,EMEA,price_down_10,92.0,82.8,179,14821.2,8892.72
PI0001655,2025-12-22,Add-on,LATAM,control,92.0,92.0,109,10028.0,6016.8
PI0001656,2025-12-22,Add-on,APAC,price_down_10,92.0,82.8,118,9770.4,5862.24
PI0001657,2025-12-22,Premium,North America,price_up_10,305.0,335.5,99,33214.5,12621.51
PI0001658,2025-12-22,Premium,EMEA,control,305.0,305.0,97,29585.0,11242.3
PI0001659,2025-12-22,Premium,LATAM,price_down_10,305.0,274.5,62,17019.0,6467.22
PI0001660,2025-12-22,Premium,APAC,price_down_10,305.0,274.5,73,20038.5,7614.63
PI0001661,2025-12-22,Services,North America,control,388.0,388.0,53,20564.0,6374.84
PI0001662,2025-12-22,Services,EMEA,control,388.0,388.0,49,19012.0,5893.72
PI0001663,2025-12-22,Services,LATAM,price_up_10,388.0,426.8,24,10243.2,3175.39
PI0001664,2025-12-22,Services,APAC,price_up_10,388.0,426.8,51,21766.8,6747.71
PI0001665,2025-12-29,Core,North America,control,165.0,165.0,272,44880.0,24235.2
PI0001666,2025-12-29,Core,EMEA,price_up_10,165.0,181.5,217,39385.5,21268.17
PI0001667,2025-12-29,Core,LATAM,control,165.0,165.0,137,22605.0,12206.7
PI0001668,2025-12-29,Core,APAC,control,165.0,165.0,198,32670.0,17641.8
PI0001669,2025-12-29,Add-on,North America,price_down_10,92.0,82.8,237,19623.6,11774.16
PI0001670,2025-12-29,Add-on,EMEA,price_down_10,92.0,82.8,155,12834.0,7700.4
PI0001671,2025-12-29,Add-on,LATAM,control,92.0,92.0,106,9752.0,5851.2
PI0001672,2025-12-29,Add-on,APAC,control,92.0,92.0,113,10396.0,6237.6
PI0001673,2025-12-29,Premium,North America,control,305.0,305.0,100,30500.0,11590.0
PI0001674,2025-12-29,Premium,EMEA,control,305.0,305.0,84,25620.0,9735.6
PI0001675,2025-12-29,Premium,LATAM,price_down_10,305.0,274.5,63,17293.5,6571.53
PI0001676,2025-12-29,Premium,APAC,price_down_10,305.0,274.5,60,16470.0,6258.6
PI0001677,2025-12-29,Services,North America,price_down_10,388.0,349.2,73,25491.6,7902.4
PI0001678,2025-12-29,Services,EMEA,price_down_10,388.0,349.2,70,24444.0,7577.64
PI0001679,2025-12-29,Services,LATAM,control,388.0,388.0,39,15132.0,4690.92
PI0001680,2025-12-29,Services,APAC,price_down_10,388.0,349.2,47,16412.4,5087.84
